# timestamp tx ty tz qx qy qz qw
1644767900.480952 2.56902720109714 2.447285519438848 1.075535852134928 -0.3022634830399127 -0.636440619977146 0.6424561655878477 0.3013794897455471
1644767900.487545 2.571913516251101 2.447244201392066 1.0778472181151253 -0.3025331323030525 -0.6364981483294381 0.6421057546927018 0.301733995963937
1644767900.494142 2.5741206644820718 2.446791349411778 1.0797723592083686 -0.3013113373554289 -0.6351162468605019 0.6436344511911711 0.30261018612503127
1644767900.5008 2.577858336053322 2.4473003080791385 1.0824282869280384 -0.30284533659342355 -0.6362246645304168 0.6415535999556371 0.30316875241435
1644767900.507343 2.5807458357271877 2.4471470578928987 1.0846032285063205 -0.3034769533642022 -0.6352206429018986 0.6414850355112236 0.30478324908587695
1644767900.5139892 2.584113492811565 2.4474162336719782 1.087073284896917 -0.30452865857334416 -0.6357435485148932 0.640239146150159 0.305263279074184
1644767900.520571 2.586632557216017 2.447220552389807 1.089283009910503 -0.30451296926640964 -0.6351596827156823 0.640372858672423 0.3062124583502273
1644767900.5271418 2.5900687332595695 2.447368964675589 1.091621935149667 -0.3055711287245498 -0.6347710045637007 0.6395023762587967 0.307779428561017
1644767900.533737 2.593434476163136 2.447690225208899 1.0941487013768325 -0.30662252668290135 -0.635686254650868 0.6379763403091709 0.3080117697243313
1644767900.5403452 2.595934709681345 2.447620765497007 1.0963271799725387 -0.30605304714688836 -0.635048190271716 0.6383374792233396 0.3091439733719203
1644767900.546977 2.5996617555027473 2.4479931490233025 1.098922519031413 -0.30754300004076174 -0.635957021779647 0.636459235295541 0.3096692613224084
1644767900.553552 2.6024064034807983 2.4480921471535386 1.1011615042841199 -0.30701694537120194 -0.6355161559710115 0.6366262946110468 0.31075095592798346
1644767900.5601768 2.6054476478214763 2.448239945899513 1.1035541422850064 -0.30721920419961574 -0.6355665172743987 0.6361411210818929 0.31144094882920736
1644767900.5667598 2.6087230124454592 2.448612282943852 1.106069414669368 0.3077630906147805 0.6363834173277777 -0.6350521250913734 -0.31145851328435814
1644767900.5733492 2.6115814567612867 2.448665538371861 1.108228163183145 0.3079352936738405 0.6354910335435918 -0.6351955600594643 -0.3128150072832959
1644767900.579966 2.6137560943336755 2.448500959832023 1.1102243465401307 -0.3068527743210797 -0.6338431379896577 0.6366801534517152 0.31420065860754
1644767900.59323 2.6205893627480186 2.4493707191669403 1.11523190094552 0.3098732450316505 0.6348553399592323 -0.6340813533314694 -0.31444826339210397
1644767900.5997639 2.6241169861026177 2.4499018132633243 1.1175976456363115 0.3107359370640102 0.6348965558432946 -0.6334464158150219 -0.3147932934570076
1644767900.612951 2.6273875513730034 2.4501736622383246 1.120041999082243 0.3118665422691399 0.6349029433635888 -0.6332837775334683 -0.3139885264084445
1644767900.6195579 2.6297951644639572 2.4503486322072634 1.121955866358428 -0.3116572607504601 -0.6334755588454101 0.6338192203067997 0.3159922584256527
1644767900.6261399 2.632314433978328 2.4503647897423977 1.1240335915468724 -0.31223292600746083 -0.631833076574166 0.6343947157313927 0.3175536517856017
1644767900.6327412 2.636066438092069 2.4509905092697135 1.1265953501733446 -0.3133974722053896 -0.6329638962077722 0.6336723222929621 0.31559071051583387
1644767900.6393468 2.6389356208518318 2.4513632311244 1.1287230303171287 -0.314663872127843 -0.6319298577387641 0.632991218460332 0.31776216583968864
1644767900.645941 2.6433764884877213 2.4518300641442847 1.1314221439145487 0.3179311432020663 0.6321183833450019 -0.6316324870578937 -0.3168377060514456
1644767900.652541 2.645789789757808 2.4525893081438483 1.133410732037956 0.31731493067053235 0.6316481739128768 -0.6315185354333954 -0.3186153498513683
1644767900.659168 2.6485543764344373 2.4528790086578085 1.1355541101527127 -0.31702363868173705 -0.6309755405159265 0.6327096324659165 0.31787386868289225
1644767900.665748 2.651270322548835 2.452674269290592 1.137557248243991 -0.3170515761319669 -0.6291555983053015 0.6343807983807281 0.318122532287916
1644767900.6723788 2.6536356057065418 2.4533499257181584 1.139524170306182 -0.31744249344533615 -0.6281803437454005 0.6338090414056411 0.32078845941722495
1644767900.678954 2.6573142231307494 2.453332462741265 1.1416717758524515 -0.31971751665322173 -0.6258885998518341 0.6342979735541674 0.32203980972794427
1644767900.685587 2.661259577430833 2.454844110656829 1.1441817266175147 -0.3200176459853422 -0.6284420332034449 0.6323687398692626 0.32055969773785237
1644767900.6921432 2.6638627959688 2.4551782559722564 1.146006873110392 -0.31917822392407974 -0.6274571221382487 0.6336859692139004 0.32072464935267786
1644767900.6987479 2.665920827902415 2.4548144792975415 1.1478074357523094 -0.3197842376716358 -0.6248851513851383 0.63480861253369 0.3229148018598299
1644767900.705346 2.6708098798013435 2.4567488204599 1.1503673592651922 -0.3208050769615576 -0.6282361171986439 0.631630987719899 0.3216289289419047
1644767900.711966 2.6732532562311015 2.4567535519139243 1.1521340415646002 -0.3203118193956586 -0.6264885025249439 0.6331623652448211 0.322517148520041
1644767900.71854 2.675742487419017 2.457540886794808 1.15397943730924 -0.3193913846154094 -0.6267689618179371 0.6327352875222507 0.323720983787292
1644767900.725145 2.678772622024141 2.4580972592026593 1.1560529067174432 -0.31958861723300497 -0.6269414968481476 0.6323702371314174 0.32390547773949885
1644767900.731745 2.6812886715503876 2.458666552322373 1.1577976375562233 -0.3191674968421273 -0.6261482975179585 0.6320042194583163 0.32655847797168847
1644767900.738341 2.6860129075754333 2.460138788273486 1.160291312360355 -0.3211934758930106 -0.6280427086443626 0.6292279024901082 0.3262954745856459
1644767900.744941 2.6880118607616 2.4605355389427124 1.1619448844110891 -0.3196033905433562 -0.6272403419612027 0.6302708278626467 0.3273855680822799
1644767900.751542 2.691295183422758 2.4614868064279376 1.1639465246272669 -0.3198029883601438 -0.6273707616705586 0.6293554396613414 0.3286991207012645
1644767900.7581398 2.6937150662674587 2.461991271762343 1.1656320457855212 -0.31919785331014605 -0.6264913584913552 0.629858935392837 0.32999762145176764
1644767900.764739 2.6978061050534436 2.4634184859530426 1.16771599772575 -0.3211134733150955 -0.6267554627137477 0.6273526345024039 0.3324030068201831
1644767900.7713459 2.6996677331448837 2.463787996693572 1.1692274637590931 -0.31980179380910667 -0.6250700021326238 0.6288897437991997 0.33393321272945353
1644767900.7779672 2.7026658963704033 2.464727143878533 1.1709527564604714 -0.31930275194636293 -0.6251152427823345 0.6290183639484634 0.33408378687993384
1644767900.784555 2.7052308086157364 2.4653500607968866 1.172392211431586 -0.3188379079226594 -0.6229862833285366 0.6300713606165375 0.33651144929262317
1644767900.791146 2.7086989957074716 2.4667029186142955 1.1743171130205405 -0.31998726673836414 -0.6238502038973419 0.6282897239486747 0.3371504896133255
1644767900.797743 2.7119015417657915 2.467852808136824 1.1761084112736777 -0.3206175097868126 -0.623928879542742 0.6275656546329258 0.33775415461199626
1644767900.80438 2.71507435163667 2.468926779672426 1.1777829583762958 -0.32137261092065345 -0.6241769912036877 0.6267686704281765 0.3380578561607434
1644767900.810942 2.718049998425138 2.469940503298881 1.179548098532731 -0.3220039215498246 -0.623805677951066 0.626514250485513 0.33861369321921087
1644767900.817554 2.720795195684294 2.4709283875840806 1.1809202387121285 -0.32109500793638945 -0.6234122624929666 0.627668194573281 0.33806378824911315
1644767900.8241751 2.7239452241693147 2.4720111396959212 1.182630558457831 -0.3221484658480737 -0.6236333852429033 0.6269266847286505 0.3380297161404032
1644767900.830751 2.7269638386597572 2.47320956633277 1.1841463585487464 -0.32284939981672706 -0.6235775052595567 0.6262682701987183 0.3386838769009758
1644767900.837343 2.7294713064620075 2.4741124577057167 1.1854947931364932 -0.3227141321925723 -0.6221281992629302 0.6270781136535469 0.3399772054347639
1644767900.843947 2.733113986193367 2.4757732180175895 1.1872682789070423 -0.3239916248981944 -0.6236913366985244 0.6256014485282532 0.33861595285913476
1644767900.850576 2.736265541980451 2.4770023651543 1.1889511863687634 -0.32531990755790247 -0.6238559015227715 0.6246478555251289 0.3387996069765771
1644767900.8571699 2.738108856292475 2.477618587771039 1.1898562559093337 -0.3241391254326848 -0.62148174416633 0.6268445294983334 0.3402345630483646
1644767900.8637388 2.7418011651541434 2.479359291062906 1.1916675973769602 -0.3252669146831797 -0.6229643137683101 0.6253589496220033 0.3391791307428884
1644767900.8703449 2.7447742408638547 2.4805467331999744 1.1931708617265728 -0.325941720987299 -0.6229932607221347 0.6250783805848791 0.33899529454108257
1644767900.8769448 2.7475306206078223 2.481838955097122 1.194566002060368 -0.3255477685389545 -0.6225730958678972 0.6255467782700175 0.3392815748573992
1644767900.883544 2.750873319463073 2.4834249846687464 1.196170167687474 -0.3262122120784251 -0.6229611790019572 0.6247147876912864 0.33946396831111375
1644767900.890201 2.753444736982198 2.484620207888152 1.197474436077841 -0.32547902840253484 -0.6221790074594042 0.6257656300312704 0.33966664597748286
1644767900.896744 2.756818096590741 2.4861954505329216 1.1991024758365374 -0.3262582255820997 -0.6227971107384012 0.6247729957211368 0.3396136210023939
1644767900.903379 2.759776068603349 2.487619660963377 1.2004766869681665 -0.3259263117924527 -0.6225314517658197 0.6249869008924495 0.34002547938805405
1644767900.909944 2.7624055396951026 2.488863191544552 1.2017245549597442 -0.3253584300757379 -0.6217739719536289 0.6257784572512312 0.3404992064111211
1644767900.9165802 2.765588641237266 2.4905116435490084 1.2032373976835529 -0.3256126400665259 -0.6218484744840478 0.625179536385742 0.34121964657978765
1644767900.92318 2.7683619734304314 2.491754067955739 1.2044919159107343 -0.3258168251664552 -0.6210501553172484 0.6252758904158014 0.3423003193195424
1644767900.9297411 2.771459169684537 2.493273244341067 1.2060164886382023 -0.32601621370501066 -0.6211992498314766 0.6247091761027412 0.3428742320009672
1644767900.936352 2.774293562784787 2.494874744211861 1.207124863188059 -0.3250059419281566 -0.6206300914132244 0.6254992150432064 0.3434232045629848
1644767900.942942 2.7775182845160398 2.496573347562634 1.2084246875060976 -0.32429099672656514 -0.6214711405303573 0.6251137496548933 0.3432799897596441
1644767900.94959 2.7801691645385613 2.498153370827223 1.2096578037359331 -0.3251037027833972 -0.6203725864354008 0.624806547855323 0.34505305016755405
1644767900.9561422 2.782787341264622 2.4995020279042786 1.2108353495506543 -0.3248592378403398 -0.6193043014507975 0.6254366318439585 0.3460592648847052
1644767900.962744 2.7858871666204705 2.5013053551078235 1.2120909661755312 -0.3246368965644132 -0.6198281010493849 0.6249790706233752 0.3461568508965072
1644767900.969342 2.789003313148781 2.502888840459251 1.2133032749014239 -0.3246377566527048 -0.6197802336857843 0.6247363040693787 0.34667955146804524
1644767900.975945 2.7923983288132206 2.5046910638953572 1.2146425211298315 -0.3251168945936498 -0.6209631895211396 0.6234899784597617 0.34635728871256183
1644767900.9825768 2.794617469799373 2.506199312265925 1.2157291158525685 -0.32418369778810824 -0.6197243692219497 0.6244819495845374 0.34766121593664956
1644767900.98915 2.7973324217768294 2.5077454090638995 1.2168724330857428 -0.32451232413310727 -0.6191084393031081 0.6246484181993239 0.3481525445442413
1644767900.995745 2.80016303631326 2.509426241175787 1.2178020011338748 -0.3239183739267125 -0.6191255238220064 0.6252761505023839 0.3475479827257703
1644767901.002353 2.803435225239805 2.5114126735361344 1.2189370550322258 -0.32466634288858104 -0.620396025902186 0.6243674693173697 0.34621542898316304
1644767901.009006 2.8057651332818025 2.512873634951792 1.2197108461748045 -0.32480308577504097 -0.6188436686727679 0.6252562965724758 0.34725978624642806
1644767901.015588 2.8085823224356994 2.514483624004079 1.2207419289037624 -0.32618099330488165 -0.6183630920070806 0.6245737954726805 0.34805167183174157
1644767901.022146 2.8115402938865546 2.5163305997320426 1.2216968263951662 -0.32751254486784326 -0.6184362796055941 0.623392890319546 0.34878759025165246
1644767901.028754 2.814399620718296 2.517936553082165 1.2227264875428867 -0.32917930849823346 -0.618119206683005 0.6224456556701766 0.3494715206804597
1644767901.035347 2.817395911213861 2.519747717574032 1.223702180815828 -0.33053163724149665 -0.6181851291442102 0.6216424529839188 0.3495082290080667
1644767901.041965 2.8201553977661975 2.521512638255947 1.224623680785822 -0.3315417977287672 -0.618068369677064 0.6211804811643316 0.34957924865580386
1644767901.048547 2.8231059680365393 2.5232218000800275 1.225509158618644 -0.33222543298464285 -0.6180597850788243 0.621285617064537 0.34875767538800634
1644767901.055151 2.826124380326847 2.5249717377741145 1.2264139559384912 -0.333314947489403 -0.6181387883910703 0.6207984708359655 0.3484454372108229
1644767901.061742 2.8287125568958413 2.526644368949878 1.2272511286397396 -0.33411884489433036 -0.6175628120083058 0.6203474203180932 0.34949849421485196
1644767901.075045 2.834317927260829 2.5301180170566995 1.228849362378115 -0.33430047466312485 -0.617487631251477 0.6208434185072542 0.34857572967052336
1644767901.0816052 2.8373314186463423 2.5318347532219843 1.2297065434234078 -0.33442191020523726 -0.617746020126594 0.621239082030808 0.3472941154871097
1644767901.088171 2.8402193062867607 2.5335908381785686 1.2304632396738788 -0.33432649046638296 -0.6177426333256527 0.6214913225893883 0.3469406091279867
1644767901.0947452 2.843092067894124 2.5353756026491348 1.2311861967567856 -0.33405790929795587 -0.6176895331954769 0.6217714561073056 0.3467918591082754
1644767901.101345 2.845770730612765 2.5370862972572836 1.2318387993780002 -0.3341006832040205 -0.6171765184013038 0.6217127357565164 0.3477679648883679
1644767901.107948 2.84888662872475 2.538856421564243 1.2325631319230526 -0.3338952438312047 -0.6173696444534943 0.6220283788415553 0.3470572101616044
1644767901.114578 2.85172603974365 2.5406111036220076 1.2332479890913108 -0.3339032127150945 -0.6172571733056843 0.6218059022462075 0.3476477905170008
1644767901.121185 2.854797869445229 2.5423893550844503 1.233936943217302 -0.33403827352453236 -0.6173157944591839 0.6214780816365271 0.34799994583680416
1644767901.127745 2.857631323017898 2.5441687087078524 1.234551742835402 -0.3336287300064441 -0.6172899056832227 0.6213906650084743 0.3485943992935101
1644767901.13434 2.8606560568623323 2.545895009565994 1.2352040155997304 -0.3338507242339458 -0.6173029732401887 0.620874579135933 0.3492775652897719
1644767901.14094 2.8636924990160013 2.5477461711365117 1.2358720466178463 -0.333714061448908 -0.6176239329327664 0.620265145809807 0.34992302304716955
1644767901.147543 2.8666453111902115 2.5495596979745896 1.2365251871591492 -0.3336816274847172 -0.6177416047502927 0.6195643917979419 0.35098603464912326
1644767901.154141 2.869674535582749 2.5514334746667626 1.2371492885904627 -0.33338417049859326 -0.6181040426744321 0.6189780015599953 0.3516645145059207
1644767901.1607418 2.872599772642453 2.5532431510694233 1.2377461741119415 -0.332973259974805 -0.6182942038997242 0.6184774374005907 0.3525990218623212
1644767901.167362 2.875625625046287 2.555019621483135 1.2383875973554717 0.3331525678918759 0.6184316677900974 -0.617670390851428 -0.35360225757393554
1644767901.173938 2.878511164019385 2.5567447167015853 1.2388969879632181 0.3328316646645543 0.6183593251222844 -0.6173817653567981 -0.3545338198986498
1644767901.180546 2.881491565918945 2.5585494832319635 1.2394602701120445 0.33329464878378706 0.6182281342013124 -0.6162047587418441 -0.35637053778682465
1644767901.1871412 2.884492584729527 2.5603452320166 1.2400460691644621 0.3330026139934281 0.618515082317199 -0.616051972624651 -0.35640971434877977
1644767901.193778 2.8872688468867183 2.5617160797043192 1.240553554143211 0.3342406051643503 0.6173195836785196 -0.6155661762363245 -0.3581586575163907
1644767901.200376 2.8903536777827994 2.5635679467200982 1.2411125989536473 0.3346715605646531 0.6176052309776676 -0.6147590922574695 -0.3586496585850531
1644767901.206944 2.8934589851636328 2.565657844398983 1.2415938301514169 0.3344521404634895 0.6184516005927473 -0.6137368664952085 -0.35914628051276837
1644767901.213589 2.8964761432072894 2.5673508703800416 1.242096676256268 0.3351102545151102 0.6184872463961218 -0.6131740859263712 -0.35943262999651165
1644767901.220147 2.899401647569693 2.569042632253691 1.2426323060411792 0.3353480884600529 0.61861124381126 -0.6131611949589139 -0.3590191192697526
1644767901.226777 2.9021833886215243 2.5706792206591653 1.2430461609290882 0.3360442986179962 0.6182525406051723 -0.6124598988502252 -0.360181239435174
1644767901.233341 2.9053553482616055 2.572453820157444 1.2435532157582923 0.33660856285562496 0.61887573840379 -0.6118645867694906 -0.35959533149322886
1644767901.246569 2.908184215689465 2.5736461903459382 1.2441197314989838 0.3383067464472894 0.6180071969243566 -0.6116322053869574 -0.359890685309325
1644767901.2532039 2.9141241072295703 2.5771320858598012 1.2450481730100829 0.3390614057041905 0.6188200121640939 -0.6106835512524174 -0.3593943950906314
1644767901.266339 2.916903852885587 2.5786005322648284 1.2455349191652658 0.33977466992222816 0.6186723085306476 -0.6104847284170861 -0.3593128531528561
1644767901.272969 2.9212755523484937 2.5807627704587683 1.2465493026758998 0.342638827227523 0.6204964201531743 -0.6072603880038918 -0.3589111940587825
1644767901.279571 2.9225755071350563 2.5816197818045703 1.246556362159898 0.3407457225793907 0.6190388275003708 -0.6096948401820327 -0.3591032134808548
1644767901.28614 2.9257602192992507 2.5830980326986435 1.2470764407393793 0.341892023430895 0.6191523043165216 -0.6089532223458604 -0.35907640858589723
1644767901.292737 2.9284298658334365 2.5840888349788638 1.247567049764998 0.34359567003203456 0.6180556946792771 -0.6085600693507559 -0.3600048174690148
1644767901.299341 2.9309635293336433 2.5852265928399976 1.2480352353138073 0.34345365997639205 0.6179537555458565 -0.6089743505713859 -0.35961451573898884
1644767901.305962 2.934237841642493 2.5871319831838315 1.248609079238343 0.3428062405150713 0.6199335217494574 -0.608249350316313 -0.35804832031378797
1644767901.312553 2.9372646345506834 2.5884018697565465 1.249110748656731 0.34315617772264184 0.6201823288236558 -0.6078481820517074 -0.3579635254518521
1644767901.3191411 2.9400116989867744 2.589618685785153 1.249573304249071 0.3437954897023627 0.620275796343113 -0.6069116685161853 -0.35877627270769946
1644767901.3257449 2.94429886882149 2.591372105159278 1.2507380003256927 0.3454305365478209 0.6226219850636772 -0.6045792571465007 -0.35707578851588
1644767901.3323781 2.946947754941522 2.5921567818418088 1.2513120119071046 0.3466392230745398 0.6216160119286943 -0.6042719142809346 -0.3581757204579039
1644767901.338945 2.948795012060257 2.593158871989278 1.2513393043572245 0.34415086761650293 0.6214589014084467 -0.6060583915757118 -0.3578293710739754
1644767901.345579 2.951262434150039 2.5941754094546594 1.2518581174476546 0.34354745968990075 0.6213927847633544 -0.6063772729494386 -0.3579837295613727
1644767901.3521721 2.9544056430478753 2.5953199781105707 1.2524603887068695 0.34415193571722763 0.6214613826406561 -0.6058126291718359 -0.3582399365827507
1644767901.358738 2.9582429627457953 2.5963694333469935 1.2536106658132924 0.34709104365585713 0.621294336929835 -0.6037049493221465 -0.3592507158931409
1644767901.365343 2.960995171143517 2.5974555175269907 1.25418870979794 0.34710612573984767 0.6210909008139166 -0.6036382652011651 -0.3596997516580989
1644767901.371937 2.9626074538353064 2.598299375788103 1.2542419729260323 0.34421494318435103 0.6202417354377968 -0.6060819974922769 -0.3598339383845848
1644767901.378578 2.9665734467279306 2.599287056380377 1.255367500508715 0.34736536857431805 0.6198117249112298 -0.6040536880684693 -0.36095634126383647
1644767901.385212 2.968169642997862 2.6001188152902706 1.2554800916189695 0.3447187730008275 0.6189320522718316 -0.6064385614995809 -0.3610041869993909
1644767901.391776 2.97121514853685 2.6010129364843086 1.2561128567365942 0.34532658720422155 0.6183797072099471 -0.6064219401848412 -0.3613974609754848
1644767901.3983738 2.973719701648933 2.601876325096378 1.2566803281315657 0.34502114091343533 0.6177129638028265 -0.6069066580355146 -0.3620152565571894
1644767901.4049768 2.976576699359366 2.6027052799785415 1.2573347454946906 0.3450860662863982 0.6171590587263055 -0.6073325205831944 -0.36218387385872575
1644767901.411577 2.9793531475386263 2.6034722768501397 1.258007077732301 0.34549092707607393 0.6164883222372423 -0.6075034607807546 -0.36265323889609147
1644767901.4181418 2.9836733801191477 2.6048693470752387 1.2592104854521655 0.34769565836178323 0.6178093753646627 -0.6051398705021969 -0.3622494468446604
1644767901.424777 2.9850186392241986 2.6050276710536706 1.2593616775542271 0.3457002660720424 0.6157656123563642 -0.6080788783489407 -0.36271715854090186
1644767901.431363 2.9877276672859425 2.60566998335309 1.260049492875577 0.3462787007546562 0.6149242429756616 -0.6080425258500232 -0.3636525350697619
1644767901.437941 2.991072925110811 2.606555286343639 1.2608855938000567 0.346939734027038 0.6152943640093834 -0.6080068358963622 -0.36245406433119204
1644767901.444545 2.9936004668358582 2.6072094636419663 1.2616142952693752 0.3466622577448403 0.6147721379301863 -0.6087252273944447 -0.36239992925330755
1644767901.451179 2.9962361649581988 2.607795279041966 1.2623859515370852 0.3466388304304815 0.6140568054911674 -0.6092707377437969 -0.36271820533865007
1644767901.457744 2.9993432248855196 2.608533443931813 1.2631873334844195 0.3476350015960564 0.6138252606217833 -0.6089857316771138 -0.3626354341527386
1644767901.4643798 3.003776205488579 2.609725074365236 1.2645612186371218 0.35052628862465557 0.6152611733756587 -0.6065036695995093 -0.36157693409631914
1644767901.470944 3.007347734431858 2.6106873169415397 1.265588309133486 0.35198412376485916 0.6156438189170672 -0.6055003795677603 -0.3611907363878644
1644767901.477549 3.0075813635268873 2.6102770322855577 1.265589814280359 0.3488310560377442 0.6125558549262483 -0.6098577962954157 -0.3621675579186312
1644767901.4841442 3.010493218977796 2.6108230311933167 1.2664644413720172 0.34967526622119055 0.6124800301639275 -0.6096803605660331 -0.361780159683669
1644767901.4907799 3.0136500053228445 2.6115400118422643 1.2674291697919442 0.35095376194621447 0.6124466559001545 -0.609083133096533 -0.36160464266648834
1644767901.497344 3.016460766259744 2.6120474222242995 1.2683773594973213 0.35128675928992276 0.6124466805181815 -0.6090995734197566 -0.3612534370400619
1644767901.503957 3.0207501049252756 2.6132295576409343 1.2698382330628608 0.3540543205050337 0.6140145573637247 -0.6062632100771941 -0.3606607095119128
1644767901.510546 3.02178434331703 2.613169637123979 1.2703681611124273 0.35185396288654835 0.612441252352112 -0.6091417306409157 -0.3606389427838819
1644767901.5171468 3.0246487588704287 2.6137130245843023 1.271430418886746 0.3526093996563183 0.6126100846979168 -0.6088759635706029 -0.3600627019683871
1644767901.5237482 3.027795158343127 2.614356195221309 1.2726000357150602 0.35375878349890816 0.6128965584652131 -0.6080346952548334 -0.35986929352439856
1644767901.5303738 3.0306864350715785 2.615018599965917 1.2738356382291092 0.35431834129640793 0.613212730764625 -0.6077568703455813 -0.35924897553330304
1644767901.53695 3.0355636319267565 2.6162876815354164 1.2755654122645417 0.3570748890860441 0.6154987015456513 -0.6043345035230818 -0.35838286648274276
1644767901.5435488 3.0377746089297317 2.616489613725961 1.2765754192306096 0.35703942457687105 0.6148564566745515 -0.6049277748362337 -0.35851969111338866
1644767901.550148 3.0388504622798025 2.6165077896932396 1.2772856867113278 0.3560317486636594 0.6124915500130618 -0.6074531401044223 -0.35929905718679445
1644767901.5567832 3.041683410238787 2.6171505920208347 1.2785352028875434 0.3567090090827035 0.6125433273663632 -0.6068895923292356 -0.3594912981352861
1644767901.563353 3.0442749738120383 2.617750891223779 1.2798825520416022 0.3567608119300304 0.6126418910778201 -0.6068328695687887 -0.3593676819687238
1644767901.569941 3.0488844699710493 2.618847579191875 1.2817829982845552 0.35995819085578695 0.6142086695763558 -0.6035192366237934 -0.3590848556345512
1644767901.576544 3.0521529781867907 2.619437652112741 1.28311939623035 0.3600487446585767 0.6152306168135925 -0.6025731702044341 -0.3588333227827524
1644767901.5831628 3.0525923301323052 2.618820669753085 1.283878011776796 0.3595252145084407 0.611043630360227 -0.6057321089587121 -0.36118621883293667
1644767901.589744 3.055932883322646 2.6200758187270328 1.2854547764889113 0.35903790665190594 0.6130948946563733 -0.6046148819458922 -0.360065172558158
1644767901.5963478 3.0605758857059424 2.621160124131452 1.287404193201418 0.36199424812774106 0.6145957797975033 -0.6013168828836267 -0.3600690996851768
1644767901.602946 3.0618004468532156 2.6216549586853275 1.2882603803380235 0.35869853480595415 0.6140341031032427 -0.60405352102388 -0.3597449006427552
1644767901.609566 3.0642992375066243 2.6215324045065524 1.2893877791670785 0.3588454537760876 0.6128958166598732 -0.6042162007394213 -0.3612631086645792
1644767901.616151 3.067356854326978 2.622286205532961 1.2910572062866104 0.3606618903354308 0.6128284325411488 -0.603022458833821 -0.36156300061318725
1644767901.62274 3.0701680621696146 2.6231908493076186 1.2926662996695701 0.36113614564223495 0.6133885379029925 -0.6021867108608414 -0.361532736812951
1644767901.6293519 3.074876598265548 2.6241046762238724 1.2947273699794724 0.3649613492930379 0.6146858564683791 -0.5983132250294239 -0.3619191291129878
1644767901.6359448 3.0759385146030636 2.6238316441250897 1.2954821805979488 0.36334732714839635 0.6126511592372857 -0.6006209426222532 -0.36316853468091853
1644767901.642545 3.0789255254286285 2.6247074623004276 1.296920132729697 0.36307690523664515 0.6135187005090724 -0.5999763601179803 -0.3630398312828402
1644767901.6491451 3.0822768190360326 2.625348059589371 1.2984241237099252 0.3631433540702855 0.6146750400410361 -0.5991898795961541 -0.3623155543703457
1644767901.6557498 3.084622315348022 2.62570115520392 1.2997002121646921 0.3625029635930844 0.6144387979092255 -0.5994425094150881 -0.36293921257336675
1644767901.662341 3.0871450637681006 2.625702844353866 1.3009882747079693 0.3630739803706206 0.6137176550445291 -0.5991912123170592 -0.36400194114417256
1644767901.668981 3.092077853473936 2.626200172775166 1.3031634351997372 0.3682160649614646 0.6142165320797088 -0.5949856222031077 -0.3648927660450742
1644767901.675616 3.0948377612188525 2.6272533919910543 1.3045260736823612 0.3654660561542376 0.6164105463729466 -0.5955699362144825 -0.3629995038466475
1644767901.682156 3.09796042683561 2.627471847883129 1.3059718076461184 0.3673314900866276 0.6158561059517633 -0.5941126560093237 -0.3644428569442548
1644767901.6887538 3.100442443156142 2.627486808962141 1.307129926068316 0.36621032034338613 0.6157378843365512 -0.5949097975205173 -0.3644706171195946
1644767901.695395 3.1038019087560387 2.6280709028570444 1.3085862336530965 0.3668875885996226 0.6163575639527152 -0.5937943425012342 -0.3645609820534147
1644767901.701967 3.1063728227044223 2.6281076189363017 1.3100960643596615 0.3690784274288229 0.6153739325239395 -0.592570475212066 -0.36599981854909514
1644767901.708547 3.109636062853641 2.62855781636344 1.311451688289024 0.3689868094790098 0.6161370845647585 -0.5919052428961026 -0.3658846795243657
1644767901.721815 3.1151380772012582 2.6287544375743277 1.3143680138849492 0.3719746062643627 0.6155600576059963 -0.589435743292709 -0.3678122377723628
1644767901.728344 3.117866969819189 2.6286948014262195 1.315699412327476 0.37251749539615847 0.6159210474060816 -0.5887406415853649 -0.3677717981988442
1644767901.734945 3.120330342142609 2.6285026694245186 1.3170052496191231 0.37374252994659046 0.6153596120945247 -0.5873866116359612 -0.36962904585811523
1644767901.741575 3.1235441364396115 2.628822102270529 1.3186290230160733 0.37426828800945133 0.6168386627676011 -0.5860870443374315 -0.36869344758456774
1644767901.748149 3.126205948184619 2.628750827654344 1.3199888035931375 0.3742400005564162 0.6177421329473017 -0.5854437132105559 -0.3682314509111141
1644767901.754744 3.128648533898875 2.6282345816333157 1.321334209896585 0.3753557363566707 0.6172940786279864 -0.5843404165620677 -0.3695970934470869
1644767901.761344 3.131440202756679 2.628053871196107 1.3228321883530412 0.37550153651365387 0.6181988566084103 -0.5835883841101512 -0.369124565812184
1644767901.7679482 3.1342631854589444 2.6281036408241323 1.324310226154728 0.37526176849409326 0.619593441332442 -0.5826295292425232 -0.3685444741911714
1644767901.774542 3.136469864345541 2.6272952642379312 1.3256000181306418 0.3763130531200773 0.6188767827198295 -0.5817365355461683 -0.370084044955672
1644767901.781176 3.1392508400093506 2.6269563871317145 1.3270868856862346 0.3764867019558049 0.6197839566331268 -0.5812166285312018 -0.36920512446955095
1644767901.787741 3.141877240255622 2.626554254392775 1.3286139578804117 0.3776650028472812 0.6200827659522145 -0.5794572946310147 -0.37026385718266586
1644767901.794345 3.1444845268168846 2.6260088507901105 1.3300677943282408 0.3783446627291466 0.6204808626148877 -0.5785520724814674 -0.37031864064106845
1644767901.8009422 3.1469544717631273 2.6255941323562317 1.3314634196140263 0.3780705826342478 0.6212254754591066 -0.578271983732968 -0.36978729318002257
1644767901.807561 3.149297004070291 2.6246688982555546 1.332845375422206 0.3795964184777197 0.6208639520125921 -0.5770466677307373 -0.3707442696626237
1644767901.8141189 3.151535163976429 2.6235346566386637 1.3342222484297426 0.3814322108605018 0.6202027403206276 -0.5753839674360112 -0.37254656962112487
1644767901.820742 3.153843725623274 2.6222826768079677 1.3357093154820598 0.38335864633240846 0.6195956094576511 -0.574315657095797 -0.3732272706094781
1644767901.8273358 3.156473266576517 2.6215983689148277 1.3371949403893146 0.38387285370372404 0.6210648728173227 -0.5725742776767134 -0.37293209504394365
1644767901.833942 3.158619052358587 2.620306498228028 1.3386682567727277 0.38534956427755024 0.6208437124660325 -0.5713186554282611 -0.3737023071187676
1644767901.840544 3.1610696153130227 2.6192575345136095 1.3401586692101162 0.3848125025713152 0.6225216969789051 -0.5705205400822477 -0.37268217543057935
1644767901.847141 3.1632047499159506 2.6181377487527295 1.3416523214471923 0.38605564649702695 0.6231157671288838 -0.5688285972091315 -0.3729897863182977
1644767901.853736 3.1657871309685475 2.617248003914734 1.3432896941655694 0.3860975489358536 0.6251990100203527 -0.5676659956778906 -0.37122739962362167
1644767901.860373 3.167678861310296 2.615419240850529 1.3447001631612114 0.3872352255046088 0.6250645269155969 -0.5663757510619495 -0.3722382483286644
1644767901.866943 3.1702319811075843 2.614412277817994 1.3464213453221998 0.38632723301245037 0.6275845877103997 -0.5657997877480406 -0.3698095354300681
1644767901.873549 3.171988777940458 2.6123363102360004 1.3477691375260363 0.38832305055305605 0.6270496172109536 -0.5644487702552492 -0.37069010111268014
1644767901.886857 3.1754285465451284 2.608923075685306 1.350634804736831 0.38778650134139886 0.6289572930652646 -0.5631439298512222 -0.3700038175254888
1644767901.893343 3.1776810928963646 2.6068072362792374 1.352245929352792 0.38968466314340716 0.629346377876976 -0.5613695870134315 -0.37004431200314536
1644767901.899953 3.1793204636465937 2.6044948329044604 1.3536500475720477 0.39205056690567774 0.6287174135417533 -0.5591510523934233 -0.37196842620744486
1644767901.906543 3.1808443535960103 2.602033343673673 1.3550119140459878 0.39215972388377335 0.628878414520776 -0.5586593290247029 -0.372319835228393
1644767901.913153 3.1830308725582594 2.600473831479543 1.3567299290594836 0.3931179353872945 0.6307071486340782 -0.5565065385012302 -0.37143890186098455
1644767901.926346 3.1844517043208276 2.5972885814000652 1.358185447979119 0.3958338090100818 0.6289992422744475 -0.5549553085680624 -0.3737643561916526
1644767901.9329438 3.1863242024705096 2.595388636057239 1.3596666858008397 0.395273715905909 0.631002702798898 -0.5536139669174658 -0.3729684036503491
1644767901.939543 3.1875939814807865 2.5922409180945225 1.3610523144770845 0.39574888567231853 0.6303919948142948 -0.552984828858662 -0.37442773089203
1644767901.946144 3.189141413678785 2.589569602651454 1.362367522339918 0.3973504108271741 0.6305303318435839 -0.5512014996484541 -0.37512756319480983
1644767901.952744 3.1904651141447844 2.586325696880374 1.363880589204296 0.39786254458400555 0.6301893268292147 -0.5510051526207 -0.3754460881566641
1644767901.95935 3.1922795242484407 2.583980447691985 1.3652226474062765 0.39818834323892854 0.632012091706951 -0.5490902613942055 -0.3748416455103846
1644767901.965952 3.1939427418378386 2.5813346373551807 1.366764273705116 0.3987100731310219 0.6334094684216274 -0.5473845560380843 -0.37442283318054925
1644767901.972555 3.194884439181145 2.577711674095863 1.3678877231942235 0.39854927930161266 0.6330725213807495 -0.5472202366236546 -0.3754028733589753
1644767901.97918 3.195703626730293 2.573619233777247 1.3691138973316683 0.4003965117757053 0.6318119064190818 -0.5469165387579752 -0.3760030159065132
1644767901.9857411 3.197398934767466 2.5711493471907487 1.3705366757360176 0.3997328812004848 0.6345901049087832 -0.5452583039566657 -0.374435631853311
1644767901.992348 3.1982749260239918 2.5673192832767753 1.3717410875314984 0.4004795430549628 0.6345353792138246 -0.545245413356554 -0.3737486570904042
1644767901.99897 3.199519795586494 2.563983503296111 1.372963057936347 0.40062004594020184 0.6360838904231502 -0.5440804421465928 -0.37266205804990915
1644767902.005553 3.2001627681752707 2.5602958437725416 1.3739284037408348 0.4005477958716569 0.6363096431115581 -0.5445842917892818 -0.3716167816901095
1644767902.012144 3.2014260219995716 2.557206376872756 1.375258866155 0.4000155940728727 0.6385361637385616 -0.5443372955751531 -0.36872155629849585
1644767902.0187461 3.2031113488462606 2.5530149103289306 1.376664097241068 0.40343174718891806 0.6398276744064697 -0.5420583180158927 -0.36610894795548393
1644767902.025343 3.202266574046071 2.549636379090164 1.3769960718627345 0.4002331417337432 0.6390718636804547 -0.5454345948891078 -0.3659253327948082
1644767902.031947 3.20327715722554 2.545552530802887 1.3779543171404502 0.40223527938128645 0.6390736215097746 -0.5450818107660764 -0.3642486686170821
1644767902.0385869 3.203216299573855 2.5405945974465896 1.3785242195636018 0.4048835565775372 0.636485383881775 -0.545838284116298 -0.36471342694425873
1644767902.0451798 3.203625810547085 2.536844260041991 1.3790969097366954 0.40525461716606354 0.6367448838364614 -0.5461420165044233 -0.3633912511895695
1644767902.051748 3.20483602162259 2.5330186337498137 1.380217137551348 0.4072938130974282 0.6385426151531743 -0.5445344278333052 -0.36035669649716984
1644767902.058343 3.203891563936094 2.5285761539248868 1.3800603996348337 0.407344134853212 0.6356171468395705 -0.5479405982381936 -0.36030865389429456
1644767902.064951 3.203915683814988 2.5245243579184065 1.380384142377324 0.4079105283430965 0.6352705506758591 -0.5491846530350931 -0.35837996337845424
1644767902.071551 3.203728280783596 2.519850540862263 1.3806206908546148 0.4094536482706134 0.6339509917897869 -0.5505855208260559 -0.35680394077453736
1644767902.0781481 3.2025659481669666 2.5147943470366427 1.3803970534102337 0.41044892563428875 0.6310640494091176 -0.5523337262640418 -0.35807390802134326
1644767902.084747 3.202363846903696 2.5104989046662003 1.3804090862748 0.4113102319928829 0.6304198461173584 -0.553985011589051 -0.3556612775446932
1644767902.091378 3.202007119871625 2.5058369997486016 1.3801283324119005 0.4125037662679155 0.6291372332554318 -0.5555892778640629 -0.35404397948958893
1644767902.097943 3.2005772069754306 2.501128902002845 1.3799043771647004 0.41511264378184093 0.6268191259875553 -0.5559228421155166 -0.3545824503115834
1644767902.104539 3.2000371962433207 2.496259594846952 1.3794052623192712 0.41677511584930516 0.6257248779909209 -0.5564498850184174 -0.3537372832294028
1644767902.111169 3.1988528970235177 2.4913184252179015 1.3785466979597714 0.4154831304630416 0.625088088871178 -0.5588986544060565 -0.35252036548764065
1644767902.1177442 3.1977036749590515 2.486645385167927 1.3780652122107915 0.41494291542593903 0.6250260019001772 -0.5619199587925873 -0.3484399523833414
1644767902.124344 3.196396533992425 2.4816658937936795 1.3771360853862138 0.4160082836365182 0.6239710612768602 -0.5620085606773166 -0.348917179700748
1644767902.130974 3.194957851378708 2.476937494819754 1.376343710686116 0.41585794666808545 0.6237513839628775 -0.5635136617638838 -0.347056623081192
1644767902.137555 3.193770827398541 2.4723347151865522 1.375653280639804 0.41628918778175783 0.6245735993899739 -0.5649348320949924 -0.34272342788134064
1644767902.14414 3.1913325164158195 2.467281344269787 1.374292563181074 0.41618484958249574 0.623626236621997 -0.5654040583140368 -0.34379978590742827
1644767902.1507578 3.1887537803742965 2.462400129199186 1.372966648546861 0.41302400961814617 0.6230178395885303 -0.5696022948883663 -0.34177881714639086
1644767902.157345 3.187772990446262 2.4577765937612286 1.372218888819629 0.41412197964833114 0.6250820572802055 -0.5686396140182033 -0.33826615203147586
1644767902.16396 3.186468876742062 2.4533226337870997 1.3712279023986738 0.41388819183178605 0.6262563846063133 -0.5701077709845356 -0.3338806178018135
1644767902.1705432 3.1828365091751394 2.4478953155825054 1.3692899985012414 0.41225965614710797 0.6232727191726387 -0.5735661590341831 -0.33555113633067324
1644767902.177165 3.180202490883496 2.4429147596661362 1.367665679167646 0.4124866681794688 0.6227945391817787 -0.5731675217726934 -0.33683870938478633
1644767902.183742 3.177988609323745 2.438116326828908 1.3661887265170933 0.4124394080686293 0.622914369542382 -0.5737090569059526 -0.3357513746057107
1644767902.190352 3.1755427683597612 2.4333674156205003 1.364686764192526 0.41322598406656363 0.6228876104657343 -0.5737082039804559 -0.33483398652991375
1644767902.196945 3.1728451617300597 2.4286958404178605 1.363071128054277 0.41132188560207594 0.6236406922312331 -0.5763710643179543 -0.33118368364205003
1644767902.203545 3.171355335203875 2.4239344610294236 1.3617098409398836 0.41366413837465804 0.6254073892142096 -0.5729910619159452 -0.33079971405154723
1644767902.210185 3.1686204693002176 2.4187531379481535 1.3600580087992813 0.4137850084176019 0.6241269634678461 -0.573973854736392 -0.33136259111605043
1644767902.216754 3.164153470768801 2.414099535684289 1.3575184915904581 0.41016508403472673 0.6235138852343903 -0.5788530547472697 -0.3285174971625249
1644767902.2233448 3.162589537315935 2.4092524709049403 1.356251788742568 0.41289464736969644 0.62423114771609 -0.5769522382033109 -0.32707668472356993
1644767902.2299562 3.1593691029152615 2.404309680521691 1.3542101774581614 0.4126646869221802 0.6241463287377337 -0.5778684083968225 -0.32590930423368886
1644767902.236541 3.155467343741071 2.4000592428886858 1.3518556797006696 0.41102204533602543 0.6261254763836033 -0.5790121227062681 -0.3221371711385596
1644767902.243142 3.1524700754892243 2.3950383726315905 1.3499181966200449 0.4118588000147545 0.6249253332318093 -0.5793113263834346 -0.32286012924673285
1644767902.2497432 3.1486640623347073 2.3894982559112083 1.3476266388213594 0.4119641009193804 0.6242228660457219 -0.5805026968598253 -0.3219434586155427
1644767902.256341 3.1422114625739836 2.3846970210302376 1.3441392981494042 0.40733460593119775 0.6226752582426739 -0.5854293497998947 -0.3219100492530963
1644767902.262945 3.1398527083066985 2.3803008907283 1.3424712395808343 0.4095967685850873 0.62433892572162 -0.5832969918143087 -0.31968044515193283
1644767902.2695522 3.134449770100087 2.3752124180686756 1.3394452526164502 0.4074971467415933 0.6231965063022216 -0.5861816801736588 -0.3193161957713667
1644767902.276146 3.1305251767186593 2.3701675089284913 1.337059190291426 0.4081378716419285 0.622772863458592 -0.586475069370615 -0.3187852633344224
1644767902.282778 3.1267986631700286 2.365777201310988 1.334892770864948 0.4086349208609787 0.6239108742266436 -0.5860661759474757 -0.31666818858727447
1644767902.2893498 3.1224680107971676 2.360797394115237 1.3323103165208139 0.408839026369455 0.6234787336189863 -0.5868393332459285 -0.3158229855286826
1644767902.296033 3.118744344178356 2.356265416059631 1.3302438498397473 0.4098142641718744 0.6242125274839431 -0.585959917880049 -0.3147404465120086
1644767902.302559 3.114304443912712 2.3518781383079417 1.3276890282414264 0.40891201959498397 0.6244537559948409 -0.5870797736455847 -0.3133454782323547
1644767902.309155 3.110023725822357 2.346592456650974 1.325259856612987 0.4100605400768531 0.6235124609920283 -0.5874408083272915 -0.31304221573209245
1644767902.3157399 3.1060426057688804 2.3422830916245148 1.3230874126224614 0.41091144925558876 0.62515212820209 -0.5864981344142793 -0.3104128081167016
1644767902.32235 3.1011776429644353 2.3371725920872355 1.3203441121540205 0.4119838506580334 0.6220015006052021 -0.5880956950965261 -0.3122923482428376
1644767902.32894 3.0962427308645655 2.332734863856588 1.3178006036517371 0.4118373105305637 0.6213506229462867 -0.5886907014858227 -0.3126601005065144
1644767902.3355489 3.091108972818744 2.327961747950307 1.3150424883838663 0.41251521707988703 0.6198282845121926 -0.58956223672102 -0.31314542451515154
1644767902.3421419 3.087021516328268 2.3235375897840336 1.312890560541097 0.41374869231444117 0.6198921109298585 -0.5889437786681988 -0.31255502078034014
1644767902.34875 3.0818784561861587 2.3188637929935716 1.310078405408018 0.41332034705187276 0.6188403226698345 -0.5901030664133082 -0.3130190988912599
1644767902.3553438 3.077120212943535 2.3146015756418086 1.3076236373441212 0.41370939041215465 0.6186718076609921 -0.5900204955543232 -0.3129938968350318
1644767902.36197 3.0716772216155097 2.3102675028331694 1.3049347656404398 0.4133866089157476 0.6180549553882267 -0.5907998675348922 -0.3131687540127595
1644767902.368552 3.0671540250500082 2.305888750679573 1.302579565967251 0.4143352451578359 0.6178859471681232 -0.5903388401831791 -0.3131181141868091
1644767902.3751419 3.0619473159347375 2.3017896290292152 1.2999621167190778 0.41388472326138437 0.6181323273400595 -0.5904004421420178 -0.3131115657558007
1644767902.3817458 3.0563613680772916 2.297394622738202 1.2970518199312606 0.4138948780399424 0.6169527843522165 -0.5914006560868023 -0.313536604291184
1644767902.3883462 3.0511682379882 2.293322034467538 1.2944778121623972 0.415125247077105 0.6164512931470428 -0.5908166741209944 -0.31399699916720203
1644767902.394946 3.04716684533286 2.2897495159371934 1.2922552778117167 0.41875969120512263 0.6163494317604761 -0.5877579582162089 -0.31510931939884557
1644767902.401551 3.0435288412168426 2.285871988287122 1.2907022011521272 0.42309647315275994 0.6175569112111098 -0.5837782451841567 -0.3143491601309207
1644767902.408156 3.0354970560611307 2.281409732469833 1.2864850663406369 0.41846311392567237 0.6151093223964211 -0.5885908093648826 -0.31636945945596556
1644767902.414783 3.0297621219292226 2.2776379202054793 1.2835154876691635 0.41970475775394417 0.6139572969008161 -0.5882765266213054 -0.31754485273887206
1644767902.4213812 3.024553703941442 2.273612276329563 1.2807026523894347 0.42186682871213355 0.6126999040949449 -0.5875153216740032 -0.31851622019423187
1644767902.427976 3.023672863195143 2.271196601653207 1.2800845856810552 0.4304096572547725 0.6159148650678621 -0.5780630163193671 -0.31818102985077906
1644767902.4345422 3.0135660932439197 2.2665226159776832 1.2749527966599525 0.42410185004473444 0.6111712901610074 -0.5864858230057345 -0.32037672598659267
1644767902.441139 3.009401557853476 2.263126602085854 1.2729157750841456 0.4262578515736975 0.6125864183779512 -0.5840225296641273 -0.3193108321699274
1644767902.447776 3.002148691702563 2.259012895379525 1.2692800542520462 0.42459461649091634 0.6101483440181013 -0.5871040310814754 -0.3205415317838059
1644767902.454339 2.996895241743837 2.255771773406028 1.2664659850470037 0.4251738681096176 0.6099809330277851 -0.5868452550619035 -0.3205661405904896
1644767902.46098 2.9903819587864606 2.2517378395353584 1.2632361812702502 0.4257296984989625 0.607532926076872 -0.5875555387081943 -0.32316575095645017
1644767902.467577 2.9820480160179614 2.248601024185838 1.2594176444769893 0.4205887164883157 0.6059406646166106 -0.5929594211963047 -0.3230166285575861
1644767902.474148 2.9755493860472897 2.2445095420763383 1.255943906657609 0.42050533505894605 0.6034319817635386 -0.5948202948813545 -0.32439725450631635
1644767902.480741 2.971092759085414 2.2421974620519296 1.2535520796137734 0.42248898707850063 0.6041824107332129 -0.5922365959281393 -0.32514941946841047
1644767902.487346 2.969726526123464 2.2384847986573924 1.2517654777934297 0.432330450731864 0.6036628766179711 -0.5847844609669383 -0.32666231714706834
1644767902.493943 2.9637329228635303 2.235221510823227 1.2486463673050998 0.4328113689802155 0.6029027567278675 -0.5847425420381822 -0.3275032136043934
1644767902.5072289 2.9514031082905605 2.2283572725581138 1.2419082819423923 0.43459050809158223 0.6000227370111562 -0.5848283639345896 -0.3302713713164851
1644767902.513757 2.945730805082621 2.2250652585771165 1.2387164381694897 0.43659688788001033 0.5991149790107458 -0.5837429273719198 -0.3311920082139434
1644767902.520344 2.939963651631871 2.2218666708957486 1.2355835357519662 0.43932266975299994 0.5980761033295904 -0.5819176212453147 -0.3326740027489163
1644767902.526979 2.9342459660802738 2.219449549885831 1.232628439374092 0.4404789730008333 0.5989302809255452 -0.580140454637599 -0.3327122970061228
1644767902.533581 2.9291591980337515 2.2160097532601872 1.229649767198605 0.4435638685875977 0.5983056502040179 -0.5777463498929937 -0.33390152057328676
1644767902.546741 2.9237742878191515 2.2130094259339383 1.2267581874986109 0.44551050017021054 0.5979798158508676 -0.5762362641445578 -0.3345024466676604
1644767902.5534751 2.9123415400732484 2.207241078617071 1.220468862173512 0.4473374238794672 0.5974534331107594 -0.5743422880385616 -0.33625756249498784
1644767902.5599518 2.909001586190174 2.2052447141441194 1.2183792970015574 0.45151756927330583 0.5990896494954767 -0.5686736319778413 -0.337392115730723
1644767902.573144 2.902701189723729 2.2018890308419223 1.2147589965495385 0.45093689855078073 0.5976342484375455 -0.5698740790717669 -0.3387216234038022
1644767902.579747 2.897623080731346 2.1994346120873542 1.2119363906676517 0.45227668636933466 0.5981886472756636 -0.5677496931834736 -0.3395232259364186
1644767902.586345 2.8904161104872776 2.1961616985254544 1.2079026821405965 0.4503637301171507 0.5961156911932234 -0.570117217880131 -0.34173758367718393
1644767902.592942 2.8863383850470945 2.1940224221498292 1.2054987472221572 0.4530380547738263 0.5977885275686741 -0.5661351195944146 -0.3419006581496411
1644767902.599543 2.8809534267873675 2.1911141064053026 1.2024275629692691 0.45388565643515477 0.5976490567908138 -0.5650217709372665 -0.342860676605616
1644767902.6061518 2.8734423200006947 2.1882548467015095 1.198625139525336 0.45062789896017763 0.5963406644101416 -0.568278606991006 -0.3440513395030951
1644767902.61279 2.8691071119898717 2.1855589751993447 1.1959472986518627 0.45359680944972336 0.596594759900756 -0.5656476306976911 -0.3440449996723708
1644767902.6193569 2.8618606548248713 2.1825453877624876 1.1921342307412004 0.4511405564618098 0.5953775985346338 -0.568577865625337 -0.3445525804009234
1644767902.625949 2.8583703912691147 2.180300404017995 1.1899326902869412 0.45581908055110115 0.5960052163499742 -0.5636757014572753 -0.34536370459785887
1644767902.632546 2.8521053322515755 2.1774618395157836 1.186486198412486 0.45540567189518033 0.5951930511916712 -0.5646674960677972 -0.34568942400780733
1644767902.639146 2.848013469369406 2.1753392323664067 1.184211786119112 0.45862486893948734 0.5960688757023249 -0.5609588577743366 -0.34596227947686775
1644767902.645744 2.8421555850013767 2.1729456938155294 1.1811175691858629 0.45834603998234325 0.5962327147389662 -0.5605703352079914 -0.3466784395917327
1644767902.65234 2.8371634730502864 2.1704443384145855 1.1784467512901136 0.46030878310688345 0.5963470572579979 -0.5584599146332326 -0.34728686184156304
1644767902.658966 2.831801861966227 2.167844813383639 1.175564243711985 0.46103636788268226 0.5963225907554789 -0.5574755714666012 -0.34794459161084934
1644767902.665545 2.826266468114989 2.1653819138904806 1.1727342083904226 0.4611427133672047 0.5962685011697066 -0.5572077836178855 -0.34832501204812394
1644767902.6721432 2.8210225662860045 2.1628833130277756 1.1699297520527565 0.46092957149905506 0.5969436344072578 -0.5567424807584003 -0.3481948433418701
1644767902.6787431 2.815487348255392 2.1602816240915512 1.1672016687742437 0.4600753883315548 0.5969476208153673 -0.5574891009133368 -0.34812305248196124
1644767902.6853461 2.8102209899268726 2.1579520750504138 1.164621459924567 0.458856998027342 0.597732818013706 -0.5580559406110335 -0.34747507357499613
1644767902.691942 2.804791500183698 2.155589771219513 1.1619769811787237 0.4574687873119763 0.5978570333462851 -0.5594417647679458 -0.34686291869396474
1644767902.698548 2.799621268451175 2.153033663779195 1.1595422573028407 0.4563897381661184 0.5978588982330781 -0.5607450534016076 -0.34617589545329736
1644767902.7051468 2.7945586644313627 2.1503442774450168 1.1569147708380085 0.4565234741299011 0.5962055358911541 -0.5617572794867944 -0.3472083243895832
1644767902.7117472 2.788791432436265 2.1477136212783776 1.154287631657881 0.4550258074929397 0.5952592729060711 -0.563403904540932 -0.34812859759830794
1644767902.718348 2.784433289535837 2.145887928909882 1.152257050833931 0.4559811350431252 0.5948174851211805 -0.5621320788564088 -0.3496862950615453
1644767902.724946 2.7797173624326112 2.1434105501015894 1.1500460035582574 0.45698175164883903 0.5931730519260654 -0.5615954144021513 -0.3520277658283725
1644767902.7316108 2.7749380672428687 2.141011697976332 1.1477525255947056 0.4580461589555108 0.5915872103299462 -0.5607805059545837 -0.3546028537103957
1644767902.7381601 2.7703278954836303 2.138963260692023 1.145684697187619 0.45865924051923096 0.5908069501099401 -0.5599416843494522 -0.35643202040089533
1644767902.744756 2.7661549354726884 2.1365070745539105 1.1438685198982215 0.45980667722845975 0.590023499826118 -0.5594748800747029 -0.35698395655266857
1644767902.7513442 2.7614925855986643 2.134090393542491 1.141653951958961 0.46003687146600314 0.5885989686590545 -0.5600767805651379 -0.35809345715169805
1644767902.7579432 2.7571572099477253 2.131940160145748 1.1397239325666735 0.4601988718879589 0.5881111526256445 -0.5604462765099132 -0.3581087302444417
1644767902.76458 2.7524217294854196 2.129312567221961 1.137727693616413 0.4595136853512569 0.5866389773169935 -0.5625507428306982 -0.3581035525096522
1644767902.771101 2.7480664213837374 2.126895971463983 1.1358709507669276 0.45940158289859295 0.5855515256037597 -0.564036214132205 -0.35769019955159487
1644767902.777743 2.7438561364430405 2.124511816195364 1.1340295452145948 0.45888704874881403 0.5842006245323335 -0.566086817109391 -0.3573201296734466
1644767902.784373 2.7394200233782144 2.122541265424753 1.1322247697677341 0.45777196217404886 0.5829000156213116 -0.5683363156974915 -0.3573035668972859
1644767902.7909482 2.7354693859375487 2.12024049303256 1.130429555789115 0.45768189622422534 0.5811503214984682 -0.5698218087641581 -0.3579026470706855
1644767902.797554 2.7319521837413077 2.118057109979771 1.128830284204824 0.4581682000422111 0.5796856099070244 -0.5703944747119005 -0.3587425859481247
1644767902.8041441 2.727887529378629 2.115865647422675 1.126890184781526 0.4574290889555182 0.577133568187435 -0.5720819622682813 -0.36110562701106913
1644767902.8107488 2.7244914416909527 2.113412115450688 1.1254138477617424 0.45782383104411867 0.575109859245146 -0.5729443511483745 -0.362464246488542
1644767902.817353 2.7205956718896434 2.111726934493702 1.1237090857665777 -0.45701119239934995 -0.5730706100466406 0.5737835292084479 0.36537986403361405
1644767902.823952 2.717312339521945 2.109486223042676 1.12234146741519 -0.45642607964671394 -0.571960557667078 0.5748974664219295 0.36609894750443767
1644767902.830553 2.7134491747689684 2.1079058946326246 1.1206494867725814 -0.454440343652529 -0.5701350497988306 0.5768131053580435 0.3683963906956166
1644767902.83714 2.711007239226756 2.1058863184201972 1.1196827407621153 -0.45457556758573225 -0.569697222737556 0.5769529395529135 0.3686877947318213
1644767902.843749 2.7080867842056024 2.1040458387318792 1.1185924049257234 -0.4535825603208383 -0.5690351520207314 0.578232530340461 0.3689284549745658
1644767902.850347 2.7046673686740306 2.102311032166979 1.1174532441063012 -0.4516785433562965 -0.5681792226444228 0.5800479970937592 0.36973291441605854
1644767902.856967 2.7020548193879126 2.100395602036158 1.1165097512467328 -0.4504008463666694 -0.5678360935552783 0.5816511554964077 0.36929987548443294
1644767902.863543 2.6995433528260584 2.098548965808029 1.115646040088245 -0.4490664167101949 -0.5671525850940107 0.5830665170402032 0.36974307158914
1644767902.870142 2.697051769785522 2.0967393777533068 1.114656361461067 -0.44795613999089506 -0.5653558770279036 0.5845654448015322 0.3714706279071845
1644767902.87674 2.6948502265251615 2.0953527249969426 1.1141443293352824 -0.4471021033641613 -0.565282858249107 0.5846867086616313 0.37241869360383145
1644767902.883345 2.692980269517803 2.0938306600903624 1.1135908293758086 -0.44652096498085475 -0.5645455150694281 0.5850388018644321 0.37367917912851284
1644767902.8899179 2.6913810080573817 2.092188534410297 1.1133505925476281 -0.4464304805552655 -0.5639189089304621 0.5847756475513323 0.3751424551148664
1644767902.896547 2.6892404164986545 2.0904865577030374 1.1130536398835624 -0.4450677637399421 -0.5633242001013646 0.5858280538607402 0.37601229284465854
1644767902.903177 2.688060102942316 2.0891071354130424 1.1130317164290835 -0.4446801908819884 -0.5632002200543037 0.5856591234753477 0.37691868492291375
1644767902.909745 2.6850787920845995 2.0873658316827273 1.1126909345624587 -0.4417252077289974 -0.5616183813861498 0.5881911732586577 0.3788059584788792
1644767902.916384 2.6838075877723453 2.0860187031264315 1.1129709565217674 -0.44069902748784695 -0.5619718382767964 0.5884695730196665 0.3790445625309174
1644767902.9229581 2.6824178279184223 2.084748074176993 1.1132683813177435 -0.4391326452670868 -0.5619174715764553 0.5893259485433554 0.37961222019720675
1644767902.929588 2.681115902719484 2.0834704476460275 1.1136925930001915 -0.43759533354693425 -0.5618413198135688 0.5901993388322858 0.3801429913916991
1644767902.9361532 2.6803888459339724 2.0825575746027143 1.1144308980892246 -0.43663479441103575 -0.5622460566066938 0.5902865488398845 0.3805134204360306
1644767902.942791 2.678749498046948 2.0811586955154993 1.1149047034033828 -0.4344327821465751 -0.5613890972576403 0.5920884531429117 0.38149828235124306
1644767902.949354 2.678321665557847 2.0803532099584197 1.115844986766856 -0.43373883929395973 -0.5618771005733458 0.5920415764230406 0.3816421007609495
1644767902.955942 2.67763845207087 2.0792857687910624 1.116815185272086 -0.4329831081089807 -0.5617409889567512 0.592626444676523 0.38179297414286273
1644767902.96255 2.6769330628715697 2.0783465827904153 1.117884641066522 -0.43217492602038754 -0.5615189593688481 0.593373528107333 0.3818748142650586
1644767902.969145 2.6759786474684435 2.0771660683352 1.1189190498715302 -0.43089121643814965 -0.56085260173746 0.594835279317532 0.382030479115444
1644767902.975779 2.675537148934304 2.0762932460414882 1.1202226589240798 -0.4297138992156991 -0.5610008777626952 0.5955781693573544 0.3819814816298768
1644767902.982344 2.675817222354692 2.0756671419888906 1.1218004204604777 -0.4297219071183143 -0.5617740830095856 0.5951107260828354 0.38156433616530633
1644767902.988982 2.67709179821599 2.0754336815338728 1.1237154114748635 -0.43181676789088236 -0.5625444197031416 0.5924701047108876 0.38217331494641765
1644767902.995542 2.6753834209083145 2.0743076354822145 1.1249503076812037 -0.4278290146590854 -0.5619600890839382 0.5960332125122205 0.38197756146058526
1644767903.002144 2.6749515455197828 2.074025440817597 1.126813178458506 -0.4257889222516771 -0.5629725417636402 0.5964772646871577 0.38207295744043335
1644767903.015407 2.6760350744951182 2.0726952347186716 1.1306395826666742 -0.42465607977619035 -0.5642218821157557 0.5966569518952711 0.3812094240226253
1644767903.0219562 2.676879487932869 2.0721829766863133 1.1326915853844757 -0.424790070245799 -0.5647717122152143 0.5963621097054437 0.3807069738900502
1644767903.028554 2.6776556170011614 2.071610295683122 1.134806293802662 -0.4242479668351702 -0.5653617759852462 0.5966228998944207 0.3800264254762054
1644767903.03515 2.6792537607399147 2.0715570737716282 1.13701301867503 -0.42552300352998373 -0.5654617552457549 0.5950116334796982 0.38097702563485186
1644767903.041775 2.6797222982512743 2.0709330808960926 1.1393042683969146 -0.422972901574512 -0.5670818544876601 0.5969471738942179 0.3783720513518785
1644767903.048358 2.6822976055496177 2.071145235171468 1.1419163594111121 -0.4247952991226365 -0.5684709588906449 0.5947838510353348 0.3776520428713202
1644767903.054956 2.683753296067306 2.0710854895496906 1.144412328856811 -0.42448816456866073 -0.5692884463890064 0.5944108086803225 0.3773533664516642
1644767903.0615602 2.684074893869976 2.071800008064509 1.146395197047052 -0.4224394679955944 -0.5697896806546239 0.5935340425009881 0.3802645780738101
1644767903.0681448 2.686313151068891 2.0706171564969154 1.1492579861845842 -0.42241345557644194 -0.5700700051486484 0.5961685609645632 0.37572505218226426
1644767903.074743 2.6889553518156646 2.0709841954800337 1.1521483164592659 -0.4226571496936811 -0.5721339717650251 0.5951092047249541 0.3739892482010158
1644767903.081342 2.690634848279548 2.070947745378315 1.1547422189636032 -0.4221292770065829 -0.5719618301630082 0.5958502541183265 0.37366871472864327
1644767903.087948 2.693006875299107 2.071474633128061 1.1575952047059774 -0.42166235183822565 -0.5736154264242845 0.595387003918574 0.3723972988187132
1644767903.094579 2.6955316273690584 2.071671530055128 1.160421999881515 -0.4218027462731542 -0.5746530200349406 0.5952093724071522 0.3709196307267576
1644767903.101155 2.6978049327001634 2.072057408203874 1.1632109772288093 -0.42149013173729977 -0.5750532529610043 0.5953470673498148 0.37043342747500035
1644767903.10774 2.7004676223865087 2.0728266182228947 1.166115597757096 -0.4211878681104122 -0.575962796453207 0.5950531021705312 0.36983604677746207
1644767903.114346 2.7018712738684503 2.0728258756802505 1.168504278814531 -0.41988346337382476 -0.5743375766854479 0.5972541319694192 0.37029842969747423
1644767903.120961 2.7046930306192385 2.0734092361979775 1.1716781446611493 -0.4186824667380769 -0.5764651945731307 0.5977479143767268 0.3675452996663934
1644767903.127548 2.7076078778941723 2.074281840552333 1.1746383648210323 -0.41847677963251784 -0.5769366401937344 0.5978096534465805 0.36693898844388245
1644767903.134149 2.709065465815169 2.0755968049160463 1.1773030393413675 -0.4150129966070726 -0.5775783265433286 0.6003605595905154 0.3656965013325767
1644767903.1407628 2.7139741605695606 2.0761058834231236 1.1807404768186232 -0.4180064128528178 -0.5778966910753062 0.5984595396989092 0.3648993109824371
1644767903.154038 2.7207371623230054 2.077917551211239 1.1866916929193034 -0.41732671531884263 -0.5784804357625686 0.6006864309650682 0.36107321417891003
1644767903.160547 2.7230701890084625 2.078520000590115 1.1892622479381232 -0.415252087865868 -0.5776395817159017 0.6037844399965234 0.35964134704018097
1644767903.167149 2.728034316571157 2.0802279032676974 1.1925916314258946 -0.41766618575103115 -0.5780090551136431 0.6022609496544938 0.3588056569128932
1644767903.1737401 2.7325763623448167 2.0816175966186554 1.195998020551581 -0.41841029845244015 -0.5790041689010381 0.6022964547545406 0.3562656684590683
1644767903.180342 2.7351245185678708 2.082347819993658 1.1986810399593317 -0.4159623301076054 -0.5785395606694543 0.6062389067328834 0.35318685440555847
1644767903.186953 2.7398524375436 2.083948234218578 1.202037387842317 -0.41718317447157494 -0.5789943808172914 0.6061849841206327 0.3510880246444764
1644767903.193554 2.7451962111991626 2.0857382729411875 1.2052282580768812 -0.420068281290886 -0.5796763706534858 0.6049493575980405 0.348645272292342
1644767903.200146 2.749053782524245 2.0872230024485003 1.2080968324467896 -0.4200344056670076 -0.5786109147901254 0.6066470568333943 0.3475042348798915
1644767903.206746 2.7527431532280846 2.088353145731828 1.211055715233606 -0.4195105212717341 -0.578245465447318 0.6090522480079089 0.3445253547956509
1644767903.2199821 2.7573403859042873 2.0900835406914577 1.2141374016542825 -0.41967087062020564 -0.5785825181908052 0.6097791401005364 0.34247235981593915
1644767903.226548 2.7618467905299897 2.091876484840721 1.2171917724436554 -0.4206130704826011 -0.5783512533834159 0.6102943254764691 0.34078529294598725
1644767903.233243 2.7741042063948687 2.096491730730764 1.2242191926312394 -0.4254107797027572 -0.5820925556883004 0.606193961055593 0.33574114944980327
1644767903.2463481 2.7791760434577815 2.0986202379870216 1.2274271910005903 -0.4255150680107738 -0.5828495301403248 0.6062219994609221 0.33424164312919774
1644767903.252955 2.7829293975441405 2.1001594648221427 1.230311947544274 -0.42299273875259985 -0.5817633552931103 0.6093245522782912 0.33369356684496315
1644767903.259547 2.7881396705505455 2.1022455079826425 1.2334260449224856 -0.42239029838809194 -0.5834786594522535 0.6094069160296013 0.3313028351185792
1644767903.266142 2.7935991341845785 2.104471379442202 1.2367135561925653 -0.42207572194501286 -0.5845997673740927 0.6093075195551408 0.3299072637181238
1644767903.272746 2.799200139015681 2.1068620637191793 1.2399164277992054 -0.42197856953341134 -0.5856814671037539 0.6088178789086738 0.32901584058041283
1644767903.2794182 2.804648525700781 2.109148213099869 1.2431007076426788 -0.4214568268288141 -0.586523912717777 0.6088327606074668 0.3281551318278005
1644767903.285985 2.806607771329713 2.1113694654201636 1.2451557617086013 -0.4147008382195655 -0.5850063469697901 0.6146032747075463 0.32871403248667
1644767903.2925692 2.815971158368883 2.1140455883580143 1.2493957147446697 -0.420686131688742 -0.5883023715289207 0.608389269734088 0.326780209950807
1644767903.299177 2.8227482616744393 2.116693873512361 1.2529770132761913 -0.4222529195719574 -0.5902376132074314 0.6059136272336004 0.3258681702080118
1644767903.305741 2.8277058602519176 2.1190558136293127 1.2557366472280422 -0.42116404595183754 -0.5890402493735151 0.6068569943560828 0.32768332862201616
1644767903.312379 2.8343560234871448 2.121683764966866 1.25919937423426 -0.42184245027227574 -0.5913121412628229 0.6051035090970429 0.325957022538476
1644767903.318944 2.839694977057409 2.123979169655235 1.2620958041995776 -0.4213194981443523 -0.5902928330410198 0.6057713038781973 0.3272379861832225
1644767903.325587 2.8462960809455726 2.1266103075200204 1.2655253431572397 -0.42167750625772377 -0.5920968256023864 0.6043512829707607 0.3261414029044011
1644767903.332144 2.853691122670568 2.12969648177521 1.2692254073286877 -0.42329961660448173 -0.5948645993033155 0.6016730273659013 0.3239480954097853
1644767903.338698 2.8601729679629972 2.1321948007771976 1.272740837639311 -0.42324014307164115 -0.5953326115198699 0.6010688397952872 0.32428750510805143
1644767903.345345 2.8663982403365718 2.134674097871907 1.275783972864992 -0.42292987533723925 -0.5963578161007578 0.6010713836195473 0.32280039249439463
1644767903.3519711 2.8727336333778086 2.1372603993579085 1.2790776395078625 -0.422342624982461 -0.5967925741449713 0.6010568041424372 0.32279297365722115
1644767903.358557 2.8798667288738984 2.1399061743651795 1.2826138204650903 -0.4229080870415424 -0.5983192546903967 0.5997176768239 0.3217153319278519
1644767903.3651452 2.887748502315768 2.1430497681975678 1.28656973996215 0.4240039034465726 0.6001684257683791 -0.597775576301831 -0.32044110821182875
1644767903.3717382 2.8931950767375887 2.145086811681487 1.2893461858566841 -0.42181385104633606 -0.5978967451681132 0.6007837246222825 0.32194834817614004
1644767903.3783412 2.8996913273959173 2.1475349848266814 1.2925421458466024 -0.42096198499294096 -0.5978497131838233 0.6009825595625823 0.32277851798077595
1644767903.384938 2.905864597927851 2.149835992768727 1.29555196116682 -0.4194806639668561 -0.5969149497081012 0.6024894398507039 0.32362671503377904
1644767903.391548 2.9134003972260722 2.1526264113649787 1.2991580990761122 -0.41970237808837535 -0.5974753776534633 0.6017420079863942 0.3236957892155564
1644767903.3981388 2.921382291289631 2.155439219906476 1.302826169953735 -0.41979819258208884 -0.5995507436798518 0.6005455181179988 0.32195143594192666
1644767903.404746 2.926873656553563 2.157368611922119 1.3054230758256615 -0.4174608411545897 -0.5960734940607592 0.6038238501395214 0.325298095757021
1644767903.41134 2.937123911546064 2.160870382342988 1.3098560518068023 0.42190792375247566 0.599195291109522 -0.5982706098525574 -0.3240841785248215
1644767903.417944 2.942091235998 2.162560144035035 1.3121424055932769 -0.41871395423893326 -0.5951526291161774 0.6026846744592972 0.32747881638729714
1644767903.424543 2.9498649508096846 2.165374552800624 1.3157380437957005 -0.4196327321334528 -0.5956338228659654 0.6011418829298778 0.3282627778351421
1644767903.4311419 2.9549319180049314 2.167018026195018 1.3180910993321477 -0.4161212757192423 -0.593060424316761 0.6050383657195819 0.3302276748925258
1644767903.4377458 2.963276427401126 2.170153210002232 1.3216261308421624 -0.4179069649629802 -0.5931594400661682 0.6028335868749588 0.3318231044782393
1644767903.4443479 2.9697320139345957 2.1719316474843096 1.3246023499029353 -0.4150224932194108 -0.5925246636498109 0.6060988183160364 0.33062716795119595
1644767903.4509509 2.976283769678694 2.173975312371713 1.327400477205112 -0.41422771127178604 -0.5909222787360626 0.6075939977717437 0.33174553825911796
1644767903.457549 2.983645741981018 2.176243868202951 1.3305147780140971 -0.414366196903702 -0.5903263021669074 0.6075406954225201 0.3327297555527053
1644767903.464145 2.9918823236506533 2.1788482584991757 1.3337861002367721 -0.4157130881324378 -0.5914041003910672 0.6060619929548025 0.3318312790000239
1644767903.4707441 2.9991371735066443 2.1810619379704677 1.3366667294727115 -0.415805514705946 -0.5906017869440563 0.6063484828588217 0.33262012476847147
1644767903.4773471 3.005899076215139 2.183200945987508 1.3395420137234828 -0.41631805411255596 -0.5892726396142144 0.6063514866505418 0.33432647954467926
1644767903.483943 3.0125919408070643 2.18509625076533 1.341948929082409 -0.41485851913889604 -0.5872501269004305 0.6078515895604871 0.3369650631547927
1644767903.49058 3.0199735115623487 2.187177766359544 1.344636396756372 -0.4146902986445884 -0.5872554877102864 0.6075480692165773 0.3377093638365908
1644767903.4971461 3.028056849015708 2.1898427105595486 1.3477439062879921 -0.4164554223907536 -0.5886598393316406 0.6055138987420358 0.3367441925370853
1644767903.503744 3.0341329431773705 2.191508209083054 1.3498625432306954 -0.41571709054049916 -0.5860030151680613 0.6063401162054225 0.3407795525321148
1644767903.510348 3.041246321837519 2.193510913370704 1.3524614166320907 -0.4150029678045933 -0.5857302108305096 0.6072914943423579 0.3404247483313177
1644767903.5169458 3.0483963662798477 2.1954719640921767 1.3549995090302258 -0.41629015902861427 -0.5849190258416961 0.6067219858730862 0.3412623338680212
1644767903.523551 3.055456999856962 2.1975950466061245 1.3573730486936118 -0.4163597797770631 -0.5848918059227667 0.6063261749401183 0.3419267852383514
1644767903.5301461 3.0633607799493228 2.199864513198257 1.3600886587819212 -0.4179213660905801 -0.586739235058949 0.6038961672190417 0.34115611507876753
1644767903.536742 3.0691325506795435 2.201247123450442 1.3618913800371606 -0.4166304947992723 -0.5836775891782768 0.605942212852098 0.3443440025518482
1644767903.543348 3.076281519292949 2.2031365885768763 1.3641050880773709 -0.41819940914235293 -0.5836146772833601 0.6038429448644786 0.34623135292277574
1644767903.549951 3.08333814716338 2.2050617441363562 1.3663120197201297 -0.4190808433327854 -0.5834648259149218 0.6032376643725964 0.3464731316199506
1644767903.556585 3.0924749967930567 2.20779464212756 1.3692071898644484 -0.4252039068853576 -0.5854042013118272 0.5974305276879115 0.3458028627821796
1644767903.563158 3.0970172955885573 2.208720719736553 1.3704501268216118 -0.42282736016834965 -0.5822394011732877 0.5994611823365598 0.35051370921721464
1644767903.569768 3.1035860412986005 2.210497534355984 1.3724084455906322 -0.4254828784008318 -0.5811758270101788 0.5974408828262824 0.3525090105005328
1644767903.576375 3.111541102221526 2.2124874292732737 1.3747993072778755 -0.4277684433288231 -0.5836295020736667 0.5939732384353129 0.3515476615063017
1644767903.5829492 3.1178264313530755 2.2141161571454266 1.376678589705279 -0.42957157734145374 -0.5829649388580194 0.591822213889517 0.3540704932565768
1644767903.589563 3.1262192836445877 2.216647289497065 1.3792113321601858 -0.4358720916824736 -0.5823800820802462 0.585836189884918 0.35727313994397736
1644767903.596149 3.130205609120149 2.216736914145305 1.3802902176906615 -0.43321083706358393 -0.5799030398195749 0.5906357592124133 0.35663627860443714
1644767903.602802 3.1388208048501474 2.2195244905979568 1.383171593675263 -0.4357023942951452 -0.5843519521341873 0.5850681777749996 0.35551470770538796
1644767903.60935 3.1467044938508484 2.2206999891726107 1.3850770903853264 0.4415282454328482 0.58339873680155 -0.5788923883185781 -0.35997485409062896
1644767903.615951 3.1490031204257054 2.221701443587839 1.3857373264713262 -0.4361311714701987 -0.5800584117569559 0.5839453596926021 0.3637703626852421
1644767903.622543 3.1554774435635506 2.223176393403763 1.3874949799212812 -0.43780097073761903 -0.5811928770324695 0.5820159463832979 0.36304529153660425
1644767903.6291451 3.1633524996216873 2.225417736701489 1.3898861502699373 0.4423746376673908 0.5820818403862288 -0.5766212197613463 -0.3646819785885187
1644767903.635762 3.1686623295689142 2.226038081591255 1.3912238183124068 0.4418564644426174 0.5809855979787945 -0.5776215965415542 -0.36547435401555434
1644767903.642378 3.1746690331954173 2.227348286920219 1.3929271202446254 0.44346705418374577 0.5807304121318075 -0.5758411830978813 -0.3667365840921649
1644767903.648959 3.1799796511507834 2.228310494293243 1.394341607259537 0.44533127415485685 0.5791342923021656 -0.5745391277195961 -0.3690364795662004
1644767903.655563 3.186294386925296 2.22964395429941 1.3959177244812908 0.4473929436802849 0.5779468497081399 -0.57263955984296 -0.3713497013602758
1644767903.662179 3.194120429856975 2.231554137018121 1.3986821517179582 0.45147205579507604 0.5817259735626851 -0.5673465992250974 -0.36862619558481446
1644767903.6687438 3.199174215555102 2.232927191931159 1.3999198328373306 0.451882913538128 0.5810691330873061 -0.5663287120267929 -0.3707180382095001
1644767903.67534 3.205196753599973 2.2338846761680857 1.4016969781458495 0.4539747525198374 0.5811055721445533 -0.5644127343290647 -0.3710270107617522
1644767903.681976 3.2097917891254055 2.2341252569712964 1.4030498294556426 0.45552430797115867 0.579870876438471 -0.5635162787770249 -0.3724196886494718
1644767903.688579 3.215322833104354 2.235308139202137 1.4047215349644664 0.45684627375001213 0.5799606075969935 -0.5619639925062065 -0.3730056402956197
1644767903.695176 3.219244796684315 2.23531032943812 1.405600091839457 0.4581650291437621 0.5778501891066032 -0.5617906567219628 -0.3749197446759622
1644767903.701746 3.223564172411347 2.2361538749168086 1.4071591717117593 0.45772199468031116 0.5783297255726201 -0.5619642494263185 -0.37446117450189137
1644767903.7083762 3.228101751570638 2.2362582128974386 1.4083868977781389 0.4594804516535755 0.5764524292264324 -0.561353935401163 -0.376113857734341
1644767903.7149792 3.2336230831587476 2.2377865900226763 1.4103231481168477 0.46107346818063616 0.577903483785447 -0.5589951543399639 -0.3754502199025726
1644767903.721578 3.2371681790447577 2.238126861864316 1.4111838038590456 0.461401704839577 0.5741187829537034 -0.5606766621223597 -0.3783349341050248
1644767903.728144 3.240911657248284 2.2384718212334103 1.4123946059202648 0.4607038004113652 0.5735817497704191 -0.5618913838343609 -0.378197906367872
1644767903.734745 3.2449588267874234 2.238630530189329 1.4136975773316856 0.46182619380183076 0.5726236431825603 -0.5617979294090064 -0.37841963610514495
1644767903.7413461 3.2488389809314704 2.238805233675329 1.4148617883693395 0.46194755503001184 0.5721146683132787 -0.5626021907198313 -0.37784614208148837
1644767903.747942 3.252778174460526 2.2393396725116728 1.416098449841904 0.46348084216491503 0.5712561917925132 -0.5616622427458982 -0.37866469793123864
1644767903.75458 3.2569786860536296 2.2395633232342593 1.4175269481983612 0.4646343809230379 0.5708375591245596 -0.5614434654943512 -0.37820660658898003
1644767903.761146 3.258530588939393 2.2387588280862225 1.4177965378402229 0.4633931073472758 0.5676141960177098 -0.5648392048900316 -0.37952235633013337
1644767903.767742 3.263663157236218 2.2397274592045915 1.4195788148585706 0.46473957901011237 0.5694923282310108 -0.5634229923780979 -0.37716004426755595
1644767903.774339 3.2671723649925863 2.239574140316882 1.4206587272077402 0.467342510455544 0.5685690087110233 -0.5621348861915935 -0.3772588347501408
1644767903.7809741 3.2694508727794807 2.238985894583621 1.4213252505481548 0.46724336228410657 0.5658039994542385 -0.5647430460858506 -0.3776431402236942
1644767903.787568 3.2734144658053466 2.2394996536002334 1.4226259457608714 0.46944234622916553 0.5665144653078543 -0.5629477661887671 -0.3765297239642187
1644767903.794166 3.27569620308298 2.2389520872735647 1.4232285176976112 -0.4701048398320653 -0.5644757624439566 0.5645270227797965 0.37640003999419336
1644767903.8007538 3.2792328371845985 2.2395186951655983 1.4245543434888195 0.4717412663251419 0.5648659758906864 -0.5638798212167563 -0.37473425712098
1644767903.807348 3.281910496722663 2.2391311299599987 1.425304831442043 0.4739865412706911 0.5635868918998419 -0.5632490637250122 -0.3747754374710451
1644767903.813946 3.284435974131881 2.2392766293707864 1.4261242823285016 0.47538504694534156 0.5630533412320118 -0.5628480193406669 -0.37440850397660264
1644767903.820586 3.2866208870757334 2.2390209438981374 1.4269349575871373 -0.47595507039240637 -0.5619401691428458 0.5640785396803532 0.3735030165073424
1644767903.833825 3.2910231926308255 2.2383909282658694 1.4283054599112692 -0.4796937938315208 -0.5610202580695168 0.5624401613351305 0.3725727085132214
1644767903.840378 3.2913508470132884 2.2372947594666597 1.4283653604115856 -0.47830043895436586 -0.5587396638870433 0.5662173040016647 0.3720696121588224
1644767903.846983 3.294814970743176 2.237860143793498 1.4296679663641187 -0.48172934922405 -0.560733423328764 0.5621066864348319 0.370877500854271
1644767903.853555 3.2963804461722326 2.2376378438056475 1.4302150337942665 -0.48181505904583966 -0.5608291683946898 0.5627972642488691 0.36957179765396403
1644767903.860181 3.2975699885367686 2.2371295766464736 1.4306098574438304 -0.4821922156355223 -0.560307548420903 0.5632555232525556 0.3691726298895219
1644767903.866743 3.298440250231051 2.2366351906902673 1.4308930291918658 -0.48276066501810694 -0.5595916194445497 0.563195865740359 0.36960648836882426
1644767903.880055 3.2994871875812697 2.2349569693520763 1.431072230525111 -0.48308220293620063 -0.557647712679683 0.5645821421694033 0.37000914904618465
1644767903.893143 3.300316722511635 2.23468197961126 1.4312694741694547 -0.48328367037726333 -0.5577486301450664 0.5645424692019158 0.3696543837857169
1644767903.899749 3.300403315871579 2.2339426306528174 1.4312301722415002 -0.4821074362660014 -0.556940029804084 0.5665125919705751 0.36939531751082416
1644767903.9063392 3.300346282515404 2.2332272425699395 1.4310619511711025 -0.481942164365683 -0.5563849120236837 0.5670306682128392 0.3696524289852978
1644767903.912944 3.3001221044571216 2.2324137917866476 1.4308486686595248 -0.4819477145513718 -0.5559413781770304 0.5673677663762349 0.3697952950678729
1644767903.919573 3.299754344646933 2.231612275718484 1.4305564850095118 -0.4824771024817011 -0.5556033987274627 0.5671621347968915 0.36992825977332844
1644767903.926147 3.2992332976063556 2.2310807577210716 1.4302304850722698 -0.482098624094248 -0.5558881377075899 0.5674590530494718 0.36953853657313973
1644767903.9327738 3.298654577421398 2.230190850468754 1.4297396362907817 -0.4824254551532245 -0.5562687639154478 0.5669989704367027 0.3692452565879324
1644767903.939344 3.2956011995853323 2.227899300876898 1.4282988756162964 -0.4809446706816456 -0.5532369654583289 0.5697932303680868 0.3714241387922994
1644767903.945943 3.2958253337699146 2.227696679812173 1.428263456662119 -0.4818318394999367 -0.55483179474309 0.5683123945138789 0.3701620977389929
1644767903.952576 3.2946340838006796 2.2265878601505635 1.427564475076246 -0.48127306276398923 -0.5554896854948663 0.5688409347512232 0.3690888679632392
1644767903.959145 3.292912338360742 2.2254220611164226 1.4264843529666984 -0.4815054436513285 -0.5558831502355542 0.5689664991192468 0.3679983392792046
1644767903.965744 3.290795023049894 2.2241260012053634 1.4254108435844315 -0.48094824359008537 -0.555665508823554 0.5697280941320321 0.3678772713912287
1644767903.97235 3.2862950446914403 2.2212681774336027 1.4233102763030367 -0.47739954996948053 -0.5532903070544998 0.5747121843531234 0.3683267487279126
1644767903.9789639 3.2861517474778363 2.2210313549852394 1.4228222073680228 -0.4807706680018943 -0.5566382123194621 0.5703414582023646 0.36568198708397925
1644767903.985584 3.283440003255618 2.2195242697049027 1.4215494640922834 -0.4798160902084352 -0.5570199690117866 0.5717860899421867 0.3640948873267032
1644767903.992175 3.2804424971944686 2.2182076112471716 1.4199290420493398 -0.4791052203623185 -0.5579683893129601 0.5725325613051728 0.36240184907483614
1644767903.998743 3.277452054224532 2.2162331634693397 1.4183449417651586 -0.47860186629067186 -0.5586444771321774 0.5733038203827889 0.3608026488909908
1644767904.0053499 3.2741338242052738 2.214659684603545 1.4165858331328716 -0.47800055357493837 -0.55970900188306 0.5740140232660075 0.35881533549305905
1644767904.011949 3.2703869483547914 2.2126114823971794 1.414627520668696 -0.47782780719168955 -0.5600104306231293 0.5748249942834466 0.35727352587969746
1644767904.0185459 3.2666328418412336 2.2105388470207123 1.4127039629553395 -0.4781375276379396 -0.5605816040530969 0.5748975657715834 0.3558437179924623
1644767904.025168 3.260885945321756 2.2077217352168383 1.4099347749336688 -0.4764224254302176 -0.5591344761001008 0.5781069880479001 0.3552208480508928
1644767904.031747 3.2586958567642874 2.2066199617896607 1.408512694430517 -0.47886909958897006 -0.5623867945031468 0.5750064579781339 0.3518127356840922
1644767904.038348 3.255433047262641 2.2044466004467864 1.40673168881711 -0.47977155810048594 -0.5657127202506216 0.5739129770665641 0.3470034862332958
1644767904.044946 3.248923133634389 2.20111946180404 1.4033216870117595 -0.4787545693540536 -0.5636440711394898 0.5771041334524 0.3464815850251761
1644767904.051543 3.244799304370887 2.1998693198107357 1.4011987947944284 -0.4803233664367319 -0.5649243845841757 0.574565622426367 0.3464439390657749
1644767904.058141 3.239846588993496 2.197539589545349 1.398906520724227 -0.480210854491521 -0.5658125202565364 0.5752813518401573 0.34395386403303346
1644767904.064748 3.2371258611367786 2.1947462079210176 1.3972515967984007 -0.48361678228739746 -0.5698809135309632 0.5716099967511611 0.33854354772960016
1644767904.07138 3.229584441069283 2.1926506441240123 1.3934269657449225 -0.47918990135726647 -0.5684854040933863 0.5757523964595921 0.3401612906862147
1644767904.077943 3.223691760722026 2.189923349896167 1.390409370630904 -0.4781908416175397 -0.5692824736690044 0.5764615268889735 0.33903131699785405
1644767904.084575 3.218153097441339 2.1875851110886635 1.3875370099845463 -0.47845127924739816 -0.5704093373004558 0.575766746972453 0.3379489412473031
1644767904.091145 3.2121861855256504 2.1848550930210044 1.3847284291919097 -0.4768582856066264 -0.5722520194505979 0.5769155837265583 0.33511414608223367
1644767904.097746 3.206871810629561 2.182701163637232 1.3817834436783385 -0.4770342940650269 -0.573979319851096 0.5756455514363411 0.3340918389279303
1644767904.104383 3.200315481302288 2.179460381139292 1.3785470679334417 -0.47617373892488685 -0.5744605016470911 0.5763061439424003 0.33335297325816465
1644767904.110985 3.193465032705312 2.176468803016951 1.3752396579570116 -0.4754138715057073 -0.5752048414428845 0.5762406602179471 0.3332670599611597
1644767904.1176162 3.187937710601307 2.174416350080734 1.3723939091802846 0.4746899187673517 0.5781761897857964 -0.5747157547837489 -0.33178772906357196
1644767904.1308138 3.174216016666819 2.1681669728271067 1.3658145367283252 0.4713374116538676 0.5808207906907265 -0.5763400981729443 -0.3291199895460849
1644767904.137343 3.1666535895025287 2.165057055434342 1.361936958979701 0.4692444356806475 0.5819501793266953 -0.577090077638621 -0.32880134672907285
1644767904.143977 3.1605353623027534 2.1622975803903954 1.3590538789701825 0.46935709439926226 0.5841421713385905 -0.5753506589559105 -0.32780038059016015
1644767904.1505868 3.1533030363504593 2.159226747174275 1.3557540510766695 0.4678367064045402 0.5860806131458124 -0.5755992109900169 -0.3260728047369068
1644767904.157141 3.146863584435056 2.1564490212746215 1.3526015561228615 0.4677691077152771 0.5877313401225129 -0.5742160939925799 -0.32563690898955355
1644767904.163759 3.139049675415744 2.153091058445657 1.3490062421309645 0.46669789792994065 0.5887129131571578 -0.5743092154636132 -0.32523638790346165
1644767904.170343 3.1310724801294314 2.1496722825651005 1.3452785781351744 0.4652099860396649 0.5892699620594406 -0.5749584203058395 -0.3252121283027903
1644767904.176951 3.124840304835083 2.1472987989446555 1.3424644537359804 0.46621296013419944 0.5910779885202735 -0.572164602521169 -0.32542212228994605
1644767904.183545 3.118654790891878 2.1449193939579274 1.3398435301367435 0.4664845785597028 0.5945742303556287 -0.5693219729063373 -0.3236444949065666
1644767904.190156 3.1115851415701905 2.1420021787996015 1.3365185966113402 0.46636995219677024 0.5959960470114888 -0.5681821976157174 -0.32319718159433786
1644767904.196758 3.1030876050999625 2.138307835269577 1.3328246288313736 0.46480206673140095 0.5959597479200712 -0.5693570977495344 -0.32345504094828503
1644767904.203348 3.095473036607833 2.135365372864577 1.3295102770979057 0.4635886338189886 0.5973396278242763 -0.569314469286035 -0.32272528495526887
1644767904.20994 3.088341160056478 2.132375116875853 1.3264605176173427 0.463429193972077 0.5988380714965478 -0.5684646744422794 -0.32167345197569064
1644767904.216594 3.0811091151014716 2.129200470996382 1.3233535242117411 0.4636135971219857 0.6002590217705562 -0.5673475426028367 -0.3207303735069027
1644767904.223142 3.073813402799556 2.126370039277019 1.3201331338419557 0.46342546233024257 0.6013611584843169 -0.5668353341915044 -0.3198420828064899
1644767904.229769 3.06622837440839 2.1231812271458774 1.3169329784176398 0.4624834243150684 0.6014007230843995 -0.5676951106013272 -0.3196062727204214
1644767904.236377 3.059989514074716 2.1208180320586325 1.3142877759184561 0.4648285141071211 0.6036233556668223 -0.5639440148150573 -0.3186535147916419
1644767904.242951 3.051844966368119 2.117308964994229 1.3108996234642647 0.4634407651105614 0.603299817819421 -0.5657482392613379 -0.3180888019197338
1644767904.249623 3.0448034272212317 2.114461746590661 1.307816347097182 0.4656338429871637 0.6036806539647643 -0.5629168232087731 -0.31918500975842107
1644767904.256187 3.0372754819881322 2.111431486826356 1.3046410411547364 0.46612111026855696 0.6040321260096022 -0.5621761737200652 -0.31911419311236416
1644767904.262794 3.030754492031298 2.1087214345706693 1.3019564258625098 0.46821226901266083 0.6052706504469944 -0.5592919220052158 -0.31877393958086314
1644767904.2693498 3.0233201078984866 2.1059794558612297 1.298918547260416 0.46917628394652955 0.6059311982388939 -0.5571081665750498 -0.31992348633463213
1644767904.275948 3.0153312715447287 2.1029517545491165 1.295698910880499 0.46843546148673854 0.6064143974857097 -0.5574854078222341 -0.31943618190559736
1644767904.282542 3.0083108131942007 2.100040457180195 1.2927377321970148 0.4692418863446217 0.6067957823033601 -0.5565503080447962 -0.3191586974670885
1644767904.289145 3.000333729647636 2.097391824605702 1.289808984425062 0.4686876248430295 0.6081927615466303 -0.5558344359235011 -0.3185611296271353
1644767904.295763 2.9929496129299604 2.094490610771662 1.2867348294416314 0.46884620381569736 0.6084331226340723 -0.5555543087549599 -0.31835726317155816
1644767904.302356 2.9857621180989318 2.091774482106503 1.2838275634579863 0.46868412656465264 0.6092147941819815 -0.555448481429461 -0.3172839288545132
1644767904.308969 2.978895865835068 2.0888798750444852 1.2808091383176268 0.4692821875669555 0.6090010931029 -0.5552053447488919 -0.3172358153681793
1644767904.31554 2.9717529147136887 2.0860693438725564 1.2779639490834886 0.46932293391502855 0.6094452358617187 -0.5549831526681827 -0.3167108363407901
1644767904.322148 2.9643505879542014 2.0835454975095953 1.2750583252253158 0.46893962768933845 0.6101496003212896 -0.5548078960112435 -0.3162290877831227
1644767904.328779 2.9577503439704405 2.0807847978236693 1.2724326955076308 0.4694982924405892 0.6103923669523379 -0.5540230728771233 -0.31630764234934383
1644767904.335364 2.9507804286226733 2.0781139980123933 1.2694957783860736 0.4698386889880268 0.6103488521949564 -0.5533802591935668 -0.31701078553649364
1644767904.3419561 2.943615995746043 2.075160314704842 1.2664559242392577 0.4697719306320373 0.6095947697933783 -0.5535732385138178 -0.3182213774463783
1644767904.348555 2.936580248520264 2.0727154409233797 1.26357669464356 0.4695897647547873 0.6098731912947184 -0.5527049490966244 -0.31946365417374883
1644767904.3551822 2.9295085034596573 2.0701052361292755 1.2606878687385328 0.46931074223018787 0.6096620969931901 -0.552312647034272 -0.32095149583583066
1644767904.361747 2.9226189731654015 2.067960802834309 1.2581029424724401 0.46937625213804013 0.6105267684253725 -0.5508036562613691 -0.32180425634963855
1644767904.368344 2.9162293712582175 2.0649873580892573 1.2553000965164542 0.4704501100619297 0.6099260174520961 -0.5501734284818657 -0.32245276171747983
1644767904.374959 2.908838281215056 2.0630815195565835 1.2524121102797132 0.4693956856451506 0.6101238400645834 -0.549450714080467 -0.32483862447577383
1644767904.381582 2.9018923745696292 2.0608599377379955 1.24965035096616 0.4688550782426645 0.6098641248660979 -0.5494424785965274 -0.3261184899023328
1644767904.388146 2.895083088027738 2.0585572142428306 1.2469710752164336 0.46955065394361567 0.6090742903875495 -0.5486278285112913 -0.327960097457424
1644767904.3947499 2.888611876339724 2.056464495644533 1.2441807904677793 0.46950215709799914 0.6093410616010512 -0.5476681291805571 -0.3291359681431711
1644767904.4013498 2.882167250551919 2.054744632893447 1.2417148222678145 0.4695911977627386 0.6098431503877761 -0.546460113955627 -0.33008539628873185
1644767904.4079769 2.875679944643392 2.0525403152215485 1.2388889994732473 0.4702469463526525 0.6090165306483111 -0.5459985139744115 -0.3314392044530796
1644767904.414578 2.8691550229328273 2.050704578728267 1.2361688435339753 0.4704888102532136 0.60849614678302 -0.5457062155563727 -0.3325313461072055
1644767904.421143 2.8634320510082816 2.0489690500969977 1.23378690140354 0.47159863738178065 0.6091129994605861 -0.5441035970185101 -0.3324559656237929
1644767904.4277482 2.8567286991047425 2.0470468606140013 1.2308128487502614 0.4715512407390363 0.6072771156921114 -0.5451072840295655 -0.3342328332808171
1644767904.434344 2.8514891481572593 2.0456419697877113 1.2286873202296407 0.47316428098075924 0.6085026709160632 -0.5431119452135472 -0.3329701563442221
1644767904.4475389 2.845119194593881 2.0440748980251633 1.225889944060639 0.4735552276673529 0.6070098541517568 -0.543441917291533 -0.33459666286215745
1644767904.454189 2.8326944583374587 2.0411602805205007 1.2203053798120216 0.4740226228224408 0.6040740403502329 -0.5450924371616159 -0.33655748553865233
1644767904.460744 2.82721652996497 2.039733924286612 1.2178643880074929 0.47563954346645576 0.6028792195715618 -0.5448247450081612 -0.33685211455488107
1644767904.467338 2.8216433868177133 2.0385802419493038 1.2153605532638692 0.4770790537538545 0.60153807582262 -0.5448726413613659 -0.33713639297535447
1644767904.473944 2.81626114896273 2.03740331741172 1.2128447304271852 0.4788179557379911 0.5999346376879215 -0.545046570887787 -0.33724707921563
1644767904.480543 2.8114659309297476 2.0363854496083906 1.210633747545014 0.481215291799433 0.5991195988488617 -0.5444189509018821 -0.3362961596801291
1644767904.487158 2.8060372844921493 2.0350636825822623 1.207880444348828 0.4828309522194885 0.5960060843597988 -0.5458962513024648 -0.33711710613719204
1644767904.493751 2.801071599992714 2.0341004610541273 1.2054137113845462 0.484907737572726 0.5937764087144258 -0.5463668178969796 -0.33730838536977525
1644767904.500382 2.796324393421291 2.033129627921 1.203005846631594 0.48796246668817783 0.5913919739737579 -0.5460079080307568 -0.3376731090154243
1644767904.506955 2.791742302771245 2.032242219715565 1.2006595884035196 0.49046790308524835 0.5890781803715174 -0.546046219802975 -0.3380255983276147
1644767904.5135622 2.7871897327791197 2.0313577528572413 1.198289371594449 0.4924877262476241 0.586794481803074 -0.5466795747423757 -0.3380371663675861
1644767904.520145 2.782665972893756 2.030663473265364 1.1960003572798128 0.4939619979097426 0.584748380733005 -0.5474097468334035 -0.33825007321916806
1644767904.5334349 2.773953551772577 2.0292486512885373 1.1915026787191403 0.4961228299300159 0.580682600716525 -0.549745461146627 -0.338303661523167
1644767904.5465431 2.7695901527393265 2.0287400761503185 1.18924920192522 0.49660953938993335 0.5785928517685904 -0.5513267972661425 -0.33859649224875726
1644767904.5531452 2.7654145119734794 2.028103362468423 1.1870314513852083 0.4970466593828642 0.5764998878881358 -0.5528676513657219 -0.33901253538647097
1644767904.559743 2.761029672333667 2.0278960786210014 1.184834600523898 0.49667120281191246 0.5746285746182099 -0.5547898601726089 -0.33959912007577125
1644767904.566368 2.75731249248378 2.0271435910022197 1.182721371912273 0.49771774110695716 0.572042115818776 -0.5559090638898765 -0.34060173965509427
1644767904.5729432 2.7532520932115014 2.0265616706022525 1.1805100598432243 0.49772590795678645 0.5693278747437218 -0.5577368963234652 -0.3421459155150047
1644767904.579544 2.7492572128340416 2.0263384612746345 1.178278106037243 0.49746358444864475 0.5669209892415829 -0.5591009463924367 -0.34429094681542477
1644767904.5861561 2.745762983984029 2.0258965506797817 1.1763442542304023 0.4978914811602093 0.5646445967975567 -0.5596631778195471 -0.3464928568097059
1644767904.59274 2.7411056778320977 2.0250889527681335 1.1737326336774985 -0.4968840926582745 -0.560916968495249 0.562001078025258 0.3501889622449979
1644767904.599343 2.7383401831050924 2.025240773086044 1.1720845190982512 -0.49754244843641626 -0.5596891681873798 0.5612003965084615 0.35249517608074654
1644767904.605987 2.734700592279298 2.0249237374085305 1.1700130099582622 -0.4969920508333104 -0.5574845832157523 0.561978133733991 0.3555131560437358
1644767904.612587 2.731594939366693 2.0247104172769204 1.168207278144291 -0.4969380196290407 -0.5561666326088418 0.5616125437149807 0.35822031972533397
1644767904.619148 2.727640007921324 2.024093422175854 1.1660189584486909 -0.4961957401559506 -0.5531571766352121 0.5626870028985127 0.36220082514818774
1644767904.6257448 2.725159986666585 2.0242973189467834 1.1644864665963635 -0.4960787527212141 -0.5530701185144755 0.561609131602481 0.3641615156288557
1644767904.6323452 2.721586147095663 2.023820185562949 1.1624705053031361 -0.495293995299386 -0.550291745227454 0.5625851563284171 0.3679129305631902
1644767904.638974 2.7181572303327073 2.0233723041133227 1.160637744756049 -0.49434866049139964 -0.5490763060739873 0.5631154064834378 0.370182228024514
1644767904.645563 2.715867649946803 2.023348290057196 1.1591977760463406 -0.4949327828689713 -0.5480092160966415 0.5621182315319058 0.37249122478662827
1644767904.652143 2.7121836541596003 2.0227626005401214 1.1573106432801614 -0.49362739726994137 -0.545980798229557 0.5635185111052744 0.37507736568395167
1644767904.658777 2.709986986421961 2.0227396424714583 1.1558881233173723 -0.49399682630334973 -0.5451138576552964 0.5629821844029174 0.376653935538101
1644767904.6653419 2.7064187743004458 2.022036322986151 1.1541141832755413 -0.49259283668371706 -0.543108131521703 0.5650119735663909 0.378347056255863
1644767904.6719801 2.704532204111227 2.0217384470255797 1.1530124123860372 -0.4934691450966826 -0.5423267956405501 0.5645662822310114 0.3789905668507524
1644767904.678585 2.7005984980093625 2.0210488501589476 1.1508628477915517 -0.49084002763649814 -0.5398078620706691 0.5681545137563268 0.3806350928494973
1644767904.685175 2.698445326044546 2.020646436078863 1.149660696598389 -0.4913924804980095 -0.5384568812814845 0.5684153528157647 0.3814457318830004
1644767904.691798 2.6956429749768196 2.020336755387629 1.1480743230705173 -0.4908914750251727 -0.5364788897702247 0.5694636306883404 0.3833095274385521
1644767904.698379 2.693245383782093 2.019712105010067 1.1466956399276684 -0.49134258403551545 -0.5345236964942207 0.5704466221258997 0.38400085508155624
1644767904.70498 2.6932510651193113 2.0196086065370573 1.1462989264450718 -0.495442982391415 -0.5344859393914668 0.5669400615432022 0.38397809417999823
1644767904.711552 2.69037536369159 2.0195375716793795 1.1446694865642955 -0.4953956301567794 -0.5317826861694869 0.5681833992216792 0.38594964463425413
1644767904.718147 2.6872669944140073 2.018730230176711 1.1431708269372745 -0.4960058565048285 -0.5285793751201384 0.5695563287483871 0.3875393394721786
1644767904.724758 2.685482622442252 2.018166979090299 1.1422682454193165 -0.49849948032956437 -0.526015451678724 0.5691740648159742 0.38838903708062755
1644767904.731349 2.6855669558060207 2.017883425603164 1.1421481085768996 -0.5035463047449785 -0.5252098687136175 0.5659669027705897 0.38765481900850024
1644767904.7379441 2.6822233625972896 2.017117659249216 1.1405917561971433 -0.5034831569501287 -0.521278668875243 0.5690463613358928 0.3885340053658837
1644767904.744541 2.6808582716094285 2.0165195549379 1.1400139221443384 -0.5062703127302991 -0.5188251740976765 0.5690164281558019 0.3882400176193085
1644767904.7511418 2.680205411337951 2.016983733738374 1.139641552996176 -0.5080457852495739 -0.5181486253527804 0.5690686326824732 0.3867447009261809
1644767904.757767 2.6789963062376256 2.0162894458523066 1.139271938595261 -0.5104699060524601 -0.5156210807649549 0.5701950920816429 0.3852688765287496
1644767904.764367 2.676606322350355 2.0150584819374235 1.1384195027099064 -0.5113303110544003 -0.5120538437438271 0.5730342647313831 0.3846725924601397
1644767904.770941 2.676697601126998 2.014837889483666 1.1385209763198285 -0.514268323238223 -0.5111456094609796 0.5729014405309679 0.3821534921600867
1644767904.777554 2.676191017039177 2.013996886932073 1.138555197384377 -0.5172582836985772 -0.5084899188899638 0.5734489812199398 0.38083756464412377
1644767904.7841432 2.6756470898327867 2.013438013571299 1.1385940288761671 -0.5196924045606227 -0.5057983239789305 0.5743352161063954 0.37977111340138214
1644767904.790745 2.6752906893457618 2.012803131388175 1.1387452928779256 -0.5221094033284461 -0.5034620515884558 0.5751169238163315 0.37837454388888514
1644767904.797376 2.6738623336448324 2.0131385151262133 1.1384002074526738 -0.5214237025653604 -0.5015934916897636 0.5780590148444722 0.3773169984771894
1644767904.803948 2.673408012331164 2.012744621789878 1.1385885925972639 -0.5231408461023991 -0.49922189851169463 0.5792809797233803 0.376209778380403
1644767904.810543 2.673056919818595 2.0122913455805658 1.1388901225911339 -0.5249067085733562 -0.49698686854156604 0.5806545544417622 0.3745884441844652
1644767904.817148 2.673476179993177 2.01121009268213 1.1397147282454563 -0.5286454667458722 -0.494543064275659 0.5803919437342128 0.3729683125157811
1644767904.823777 2.6734627281765793 2.010854536965167 1.1402072456546863 -0.5304398932279902 -0.4927665444124332 0.5811292528740837 0.3716215820954208
1644767904.8303528 2.673640505579573 2.010560738032193 1.1408398292390411 -0.5324950171144449 -0.49110811668190363 0.5817250710473321 0.36994182235492123
1644767904.836939 2.673816069200788 2.0103825403176914 1.141529298779686 -0.5344290471752571 -0.4894502045726266 0.582405977739926 0.36827507547876426
1644767904.843561 2.6741199213111986 2.0102377296451333 1.1423029105613018 -0.5362011912809845 -0.4880826605795214 0.5830860246979124 0.36643346766955276
1644767904.8501701 2.6745228996736707 2.0101459375099138 1.14314952587216 -0.5378762009272282 -0.48691406478769705 0.5836775489702642 0.3645867469640318
1644767904.8567748 2.674944751419432 2.010176109260495 1.1440157797042068 -0.5392532264185692 -0.4859860523164704 0.5842903277389171 0.3628049675405349
1644767904.863341 2.67537540883809 2.010302443142669 1.144933865242156 -0.5402152538705819 -0.48518850290483456 0.5853139034621682 0.3607858444092305
1644767904.869983 2.676501638794912 2.0104191602751307 1.146172189386802 -0.5419314123621548 -0.4847770590304134 0.5854955166454884 0.35846290505469125
1644767904.876578 2.677380309037675 2.0106621225740775 1.1473022317304162 -0.542677002908787 -0.4845680081436143 0.5864436660680384 0.3560596744687172
1644767904.8831859 2.6783058202792898 2.0109737961239103 1.1484941613891957 -0.5430108385659486 -0.48458113946553827 0.5877149874164374 0.35342698841382025
1644767904.889746 2.679170488750871 2.011354077823419 1.1496675913296415 -0.5426368305766394 -0.4846667668936431 0.5894929495935959 0.35091400607630463
1644767904.896383 2.679622800828514 2.012620023298367 1.150548871215684 -0.5401912541619625 -0.48549206756148683 0.5924797713884328 0.3485079656901496
1644767904.9029608 2.68238829060352 2.0124759659704745 1.152705935809428 -0.5429375907744819 -0.487346813987299 0.5910167332754996 0.3441080141364861
1644767904.909524 2.6834813725707196 2.013325041512359 1.153994878245905 -0.5416205106212223 -0.48828697487237255 0.592838783413574 0.3417080358287304
1644767904.9161448 2.684538914725613 2.0146123886511993 1.1551576470041534 -0.5396079242866042 -0.4894552532701416 0.594777667230322 0.33984634733267677
1644767904.9227462 2.686803280233046 2.014775570075212 1.1572136228590244 -0.5407068987884095 -0.4903784201101623 0.5946767008198309 0.3369330053176777
1644767904.92935 2.68834375659236 2.0158985622494807 1.1587253271383444 -0.5394998331695081 -0.49182726347839567 0.595424486231604 0.3354322481093748
1644767904.935953 2.690367223903562 2.016601429632803 1.1604847845593302 -0.5393212263438361 -0.4926820917367619 0.5956521660235867 0.33405778174075323
1644767904.942552 2.6932441098658857 2.0189212690112304 1.162281138765581 -0.5398017798939506 -0.4944215972319853 0.5932200752952578 0.335038099649147
1644767904.949146 2.6937497052347132 2.0200030050604862 1.163566884044992 -0.5351892999846821 -0.4965310971933807 0.5973691143229592 0.33193172265618637
1644767904.955741 2.6951733456353235 2.02103884200066 1.1650147628555845 -0.5334397660319777 -0.4969117902318028 0.5984253222172983 0.33227559186131084
1644767904.962344 2.6976439031272323 2.022541867631631 1.1669983532195545 -0.5327628825918354 -0.4990842729059444 0.5980700684766886 0.33074161327815604
1644767904.968943 2.700008478991232 2.0240879304692605 1.1688744230998311 -0.5313902380543318 -0.50127952571842 0.5982890273303051 0.32923052989562385
1644767904.9755409 2.7026084939529444 2.025570816099671 1.1709022756027978 -0.5304848828685864 -0.5032091742235723 0.5983464740187525 0.32763860758094876
1644767904.9821498 2.70533955595242 2.027261513289372 1.1730064348871463 -0.5288959545933763 -0.5061513614082522 0.5984389548388426 0.3254994674224403
1644767904.988745 2.7078884950505353 2.028883803075863 1.1750094115001852 -0.5271605404317299 -0.5080403277619275 0.5993072534940522 0.3237697716796529
1644767904.99537 2.7103151529544065 2.030697211250294 1.1771397072759928 -0.5248931694700015 -0.5102418176962759 0.6004017992383546 0.3219585307208743
1644767905.001962 2.7132969299218272 2.0325902226649664 1.1791499479305212 -0.5227269671532734 -0.5122256291691303 0.6016863327528783 0.31992845630606404
1644767905.0085728 2.7159448517958946 2.034191947100952 1.1813108907571563 -0.5207210028327682 -0.5136728014734159 0.602905320228516 0.31858164184581944
1644767905.015171 2.7188963453864634 2.0361431060511763 1.1834391245342157 -0.5185438554320458 -0.515142610095206 0.6043281358434454 0.3170600688785625
1644767905.02175 2.722045647843738 2.0381581480642637 1.1853957874678764 -0.5161590223902345 -0.5164593519292083 0.6058305293662193 0.31594013801052884
1644767905.028348 2.7250745930481615 2.040083820583065 1.187615879215969 -0.5140154727315611 -0.5177446342716495 0.6072442815455678 0.31461442931026057
1644767905.034948 2.728269455120462 2.0422340408633315 1.1896475318398008 -0.511650066497651 -0.5189279936710297 0.608730486627014 0.31364688203514446
1644767905.041556 2.7316885381244544 2.044313016639055 1.19165775400842 -0.5097432306218342 -0.5196444242302365 0.6100816112060053 0.31293945395639394
1644767905.048109 2.734781620630912 2.0462857117700803 1.1937850238998446 -0.5075528992452772 -0.5206544176586753 0.6113177667526921 0.3124082529168445
1644767905.0547478 2.738343165486308 2.048669469052924 1.1960162922924233 -0.5055098544491358 -0.5221354977108966 0.6124081365590724 0.31111065550268613
1644767905.0613492 2.7419436709242064 2.050787576109191 1.1980534345733573 -0.5036556159773808 -0.5229500504808239 0.6134458813296109 0.31070503158595125
1644767905.067949 2.74520884322953 2.0529451713952667 1.2002689642384374 -0.5013204370805032 -0.5243579162897875 0.6145013666931358 0.31002246198600364
1644767905.074542 2.7490343879953847 2.0554466082135128 1.20255165522261 -0.49911081798561563 -0.5262089860858892 0.6153814037665737 0.30870285267122155
1644767905.0811431 2.7525195766724844 2.057581239811668 1.2047364299297645 -0.4967562390975938 -0.5271282701216085 0.6169011179282982 0.30789815613603233
1644767905.08775 2.756655444276171 2.060016037697922 1.206923422373782 -0.4947436809030847 -0.5288307067320471 0.6174320315392997 0.30715417487541224
1644767905.1010299 2.7638916862362852 2.0648174664068057 1.2113483044211886 -0.4896723357217092 -0.5311413268293946 0.6201830966379925 0.3057485148263529
1644767905.1075468 2.767950428917848 2.0673021572984727 1.2136136312491197 -0.4876260155048528 -0.5323029984428079 0.6210527906962974 0.3052327918478136
1644767905.1141498 2.7737467907335147 2.0701286163965205 1.2163877122746158 -0.48821830353774187 -0.5357192582322431 0.6185920296143508 0.3033000064422455
1644767905.12077 2.7777670675547346 2.0727067450146603 1.2185382134715186 -0.4859639824364295 -0.5366855425902325 0.6193429431984452 0.30367943083928683
1644767905.12735 2.7818460722115077 2.0753326001633985 1.2207245764796864 -0.48366433947269866 -0.5375538246002518 0.6200886939436745 0.30429265663574445
1644767905.133953 2.7843875557200364 2.0774819162168163 1.222307626457958 -0.4792770191016879 -0.5355797861802243 0.623639364532112 0.30744285782612274
1644767905.140552 2.788440868310569 2.0801992343966322 1.2245837404607978 -0.4766714914240077 -0.5366982979003002 0.624288749043848 0.3082239451175048
1644767905.1471438 2.7930243563012964 2.083038867742613 1.2266368885040613 -0.47523795066948477 -0.5370178319634057 0.6240237279893437 0.31041010094124055
1644767905.153749 2.79704372553172 2.085617494736723 1.2287836423502734 -0.4721847508653928 -0.5377474493589456 0.6251363843732397 0.3115654517698906
1644767905.160348 2.8013810884121098 2.0885660322634885 1.230940479144977 -0.4692279263481538 -0.538610091637082 0.6257265292407093 0.31335272383706547
1644767905.166946 2.8038283866536884 2.0902803287178964 1.232221467192916 -0.4641570301272208 -0.5369141936629573 0.6294890944763807 0.3162660507296561
1644767905.1735811 2.808965022781732 2.093424416468613 1.2344678164380645 -0.4617676236107896 -0.5399351516803663 0.6289108003331553 0.31577071828279085
1644767905.186822 2.8163363812570874 2.098643675785903 1.238077780006987 -0.45402213277201703 -0.5388573056190876 0.6320271936515727 0.3225486960903259
1644767905.199946 2.821486509926318 2.1017155205993308 1.2402745941694198 -0.4516975935451399 -0.5416691638972222 0.631109640500871 0.3228989807674249
1644767905.2065458 2.8258265393656257 2.104553549135084 1.2421639309450658 -0.44891237987415017 -0.5423259849823231 0.6310067969544271 0.3258679164538331
1644767905.213144 2.829955293927102 2.1075538424611686 1.2439500730172226 -0.445659093363786 -0.5429973537646411 0.631012477303965 0.3291874170772108
1644767905.2197719 2.8329458501891756 2.10976163981304 1.2455869630116756 -0.44135057461827504 -0.5411395096645534 0.6329751339052037 0.33424468602133484
1644767905.226349 2.839116390489233 2.1127532443123163 1.2480891691916027 -0.44120970257281833 -0.5435330835447517 0.6298599025681457 0.3364247649206228
1644767905.232959 2.843235697516146 2.116444452106052 1.2497058974710706 -0.43686402999848134 -0.5464041378959081 0.6287009035769987 0.3395980351300079
1644767905.2395499 2.8487288733319684 2.119072830942567 1.2521235327192364 -0.4366860276942891 -0.5475934793063194 0.6265552375543161 0.3418691916806454
1644767905.246152 2.8499671449477453 2.1210613565846486 1.252904759740492 -0.42977132261549683 -0.5438472952312352 0.6312992519794601 0.34783230413212163
1644767905.2527518 2.854445025099797 2.1238932708888076 1.2546757329186973 -0.42739554540742064 -0.5451470907957497 0.6295643278303446 0.35184610871183114
1644767905.259382 2.85968996608874 2.1269731024520184 1.256684224675317 -0.42565146887814564 -0.5479646784233205 0.6272095882987728 0.35378374095088333
1644767905.2659478 2.864348170846649 2.1301091875660347 1.2586919718803724 -0.42353296827364545 -0.5480344719206258 0.6257921007275005 0.35869424791845916
1644767905.272546 2.8687402131239024 2.1329696761949704 1.260343352633243 -0.4204300599054962 -0.5491348474341006 0.6248099046459279 0.3623552004390674
1644767905.279147 2.87185718449429 2.135195546224671 1.2616221299373367 -0.41663033338766137 -0.5481167041435996 0.6251357386005291 0.3676844415807987
1644767905.285771 2.876234852288378 2.1380058886387974 1.2632869060805771 -0.41404188361532823 -0.5487568338939381 0.6240097787066394 0.3715458440247404
1644767905.292345 2.880843066960594 2.1409563483725087 1.264959635441618 -0.4116096361645615 -0.5498767718725479 0.6222476615923412 0.37552661821987937
1644767905.298951 2.889107056118375 2.144509958520087 1.2677933772363796 -0.415017094214373 -0.5553406154545042 0.6142318959831955 0.37692979213580924
1644767905.305587 2.8895433822960794 2.14641413433587 1.2681282749662788 -0.4070757519831825 -0.5508350092814415 0.618872994120364 0.38453300306667665
1644767905.312146 2.8950036127734027 2.1492564756856756 1.269866249349992 -0.40643940175320764 -0.5533676202132952 0.6156856138127027 0.38668054792005113
1644767905.3187451 2.8988912762711725 2.1517537448550774 1.2711738159021608 -0.4039858617984297 -0.5520154329737601 0.6147767424200732 0.39258533780705995
1644767905.325346 2.903891966839434 2.154551134860576 1.2729232186153983 -0.4029103531561012 -0.5539116908604919 0.6114764700556735 0.39615758421859654
1644767905.331946 2.9087507244095647 2.1572890132742653 1.2744484192054766 -0.40202705630223395 -0.5548110255121764 0.6086399372827758 0.40014461292035525
1644767905.338567 2.9142770871031867 2.1602114238653503 1.276035952551318 -0.4029817128232484 -0.555463455102344 0.6039440331786361 0.40536019220788877
1644767905.3451579 2.918744453923022 2.1627247474554676 1.2774984479889897 -0.4016709023855262 -0.5560211082760239 0.6014178373321951 0.4096301117541357
1644767905.351795 2.9222166020746148 2.1649551837460597 1.2788979123228486 -0.3986810905019893 -0.5563211867360136 0.5998402811889599 0.41442851464807856
1644767905.3583539 2.9301912526284863 2.168123129517913 1.2814379040324 -0.4027023821636986 -0.5604746476240481 0.5912687433668884 0.41725235762608315
1644767905.364972 2.9358168136665386 2.1709515858171406 1.2830145500154846 -0.4041142662624272 -0.5612805762962405 0.5856228939372125 0.4227302432128191
1644767905.371562 2.9371281106401432 2.1728105648467326 1.2834540373322634 -0.39852539365062817 -0.5591504832152934 0.5870735199980575 0.4288031163128622
1644767905.3781812 2.941633343236105 2.175386894308588 1.2849225101956332 -0.39756849050373044 -0.559952499063197 0.5829222257905399 0.43427336638276637
1644767905.384783 2.945612170313137 2.1776376253791336 1.2861520608524564 -0.39638336799239804 -0.5594460929719022 0.5795160515137121 0.4405231289348115
1644767905.391374 2.9500784785373746 2.1800480810424245 1.2875352954383423 -0.39519138429685846 -0.5606591349280176 0.5750654587102614 0.44585190606447994
1644767905.3979719 2.9550454944472406 2.1826051597089355 1.2889852236355877 -0.39491992425349454 -0.5615487235344253 0.5698862450278495 0.45158625369471567
1644767905.404576 2.958749301938733 2.184831290927152 1.2902558636782049 -0.39216509051046594 -0.5625362857369118 0.5664852471023892 0.4570044301849515
1644767905.411173 2.9638974910501927 2.187237135737696 1.2917375145674024 0.39188893225703664 0.5646270908276076 -0.5605133061565732 -0.4619996930936206
1644767905.417769 2.9693816333834167 2.1898635737684136 1.293153481145466 0.3924579907194248 0.5659895371308821 -0.5533353659038865 -0.4684571760478723
1644767905.42435 2.9739574045716117 2.1921954759751503 1.294396863165182 0.39114934149011255 0.5672250251187051 -0.5477243009969816 -0.4746110309464872
1644767905.430966 2.978930819008478 2.1946233296689166 1.2958213806802985 0.39021303666299834 0.5688799965518921 -0.5412534667830743 -0.48078445104739664
1644767905.437561 2.983409565906457 2.1966584268126805 1.2968034195789286 0.38912656003249746 0.5694581479423676 -0.5356120280159145 -0.487254785589971
1644767905.444157 2.9880005553613977 2.199037102902238 1.2979123565353503 0.38782018549967345 0.5705083313544566 -0.5295179475093879 -0.4936862788244476
1644767905.4507651 2.9918534201970814 2.2013170561231856 1.2988178566481756 0.3851177145661848 0.5717130309907293 -0.524498939007053 -0.4997289697281401
1644767905.4573529 2.9962567392504873 2.2035812562059647 1.2997178905873317 -0.3837102715799526 -0.5727172089862625 0.5185004138552637 0.5058828577998632
1644767905.4639518 3.001155008041427 2.205818720920885 1.3006087944354972 -0.38303636793275225 -0.5739395047297156 0.5116916783206108 0.5119052593492639
1644767905.4705532 3.0065444081049937 2.2078704802787845 1.301455671751682 -0.3835383313762951 -0.5753203360876392 0.5041228365241323 0.5174588415074498
1644767905.477143 3.0110041067789086 2.2099316197863534 1.302117718518711 -0.3823051112745477 -0.5765220656158788 0.4975384988539365 0.5233730916390411
1644767905.4837492 3.0148488576688965 2.2117959103531204 1.3025848951798649 -0.3803380640861498 -0.5768820340505565 0.4919301088019771 0.529673174464229
1644767905.490344 3.019298734188408 2.2135899959277885 1.3030331301677827 -0.3793097751476953 -0.5780036095312819 0.485937995883617 0.5346952207861433
1644767905.4969542 3.0239647539973507 2.2151156561427037 1.3034402575309967 -0.3790624512030933 -0.5795621643818967 0.4792505989242682 0.5392004972645167
1644767905.503546 3.0282284484140263 2.2168857357641065 1.3037513462248744 -0.37747489550056534 -0.5809860104228315 0.47357316727513066 0.5437787521636956
1644767905.5101519 3.0325843458131243 2.218350989733055 1.303939978887636 -0.37665317310811797 -0.5823430991647491 0.467850875679748 0.547835247881851
1644767905.516748 3.0367959618347755 2.2198115970473897 1.304040733010106 -0.37583270169414884 -0.583241508105824 0.46245461263774795 0.5520088455023962
1644767905.523366 3.0413197289360827 2.2209189566532612 1.3039870670869154 -0.3757692839402449 -0.5842439081120093 0.45696031798819625 0.5555562570828808
1644767905.529953 3.0456526032068894 2.2220003639439443 1.3038201699202272 -0.3754520157831106 -0.5853621587867048 0.4522871179617927 0.558410508756737
1644767905.5365481 3.04980317590725 2.222856012741713 1.3034670199748097 -0.37535868244954396 -0.5860982597049552 0.4476646907405406 0.5614178102677393
1644767905.543145 3.054032549434967 2.223319223159177 1.302877376637036 -0.3762467296594966 -0.5863201072841046 0.44312259076256527 0.5641883650849957
1644767905.549749 3.0580543803886604 2.223981372725586 1.3022381257828999 -0.37660281046269817 -0.5863520713333645 0.4391238547380524 0.567036808004238
1644767905.556351 3.062461497713779 2.224628350605647 1.3016515595278757 -0.37791331878399087 -0.5870734293071151 0.4346025677151214 0.5688987788277227
1644767905.56295 3.066567179424437 2.2248967951540166 1.3007905465475502 -0.379312882074674 -0.587140843433919 0.4306087384313817 0.5709312252977455
1644767905.5695639 3.070455665500313 2.2248456831174934 1.2997054990022028 -0.3810262960304035 -0.5868031257426075 0.42687595420177443 0.5729371990122937
1644767905.5761778 3.0746751087436355 2.2250083462783548 1.2988055409414385 -0.3828728299487706 -0.587185349937315 0.4229006652118427 0.5742610132526949
1644767905.582745 3.0788402523164944 2.2248280528239377 1.29777030940285 -0.3852849300581143 -0.5872716419303332 0.4187985031263806 0.575564463826566
1644767905.589365 3.082688070703138 2.224334938684893 1.2964481035846833 -0.38771987337763003 -0.5868196815052273 0.4154364839054053 0.5768254542344645
1644767905.595946 3.0865382507900017 2.22381468058499 1.2952003401195604 -0.39024207718043336 -0.5868208548507108 0.412072906457942 0.5775355785454229
1644767905.602571 3.0870314160154915 2.224269715032413 1.293261683403612 -0.38690056062844175 -0.5860675911156096 0.413809822668967 0.5793040714645137
1644767905.609182 3.0943746829073224 2.2224701939589595 1.2923197451637058 -0.3961870977809475 -0.5858209642658452 0.40491619179384186 0.579561505847636
1644767905.6157482 3.094335347342836 2.222424132131479 1.2905042039676937 -0.3919402522130343 -0.58569608424174 0.40795579351696526 0.5804430574506142
1644767905.622383 3.098601906093861 2.2207550200955133 1.2886806107700806 -0.3962339769087049 -0.5847359229073683 0.4047768220338252 0.5807213757571519
1644767905.6289642 3.1041434291584338 2.219297293105467 1.2869727777299709 -0.4030777728554092 -0.5838739455830696 0.3985880213206025 0.5811593124683141
1644767905.6355572 3.1088829852006903 2.2173153313368608 1.2853204266309113 -0.4082874536727039 -0.5830313843337965 0.39434550989488043 0.5812628139059752
1644767905.642146 3.114146282230045 2.2153781507729455 1.2836441428819119 -0.414496974203514 -0.5818742137961606 0.3893215453741437 0.5814141552856178
1644767905.648784 3.1206479261956317 2.2133047343262895 1.2831725665157072 -0.4209097511926248 -0.5839750249880791 0.3830291983150561 0.5788746562522551
1644767905.65538 3.1213113001663 2.211936327584649 1.2796326307488894 -0.420161229373051 -0.579856534316981 0.3851735586707894 0.5821266198606149
1644767905.661952 3.125093852974021 2.2093849486868047 1.2774877128995654 -0.42441081823238674 -0.5788711123253267 0.38191194387860034 0.582173497587551
1644767905.668549 3.1282774977128605 2.207875198403352 1.2756976962552022 -0.42585054385267007 -0.5787016042708217 0.38089130257659026 0.5819592569327029
1644767905.675157 3.1299044325690164 2.2051077975036244 1.2724941251743145 -0.4273319078284379 -0.5750955738469131 0.38117814315739257 0.5842557305064181
1644767905.681751 3.1385689722876706 2.202273018539004 1.2726986343074638 -0.43811629640935545 -0.5784117090029229 0.3704235869009849 0.5798960716644244
1644767905.688355 3.1395855971448454 2.2003979603019133 1.2694693148401022 -0.43720088852643496 -0.5755704201126894 0.37248119935081436 0.5820918129466985
1644767905.694965 3.1454061073182844 2.1964668086640495 1.2679143512468596 -0.44452817838595243 -0.5756415437093048 0.3678218818958614 0.5794287089890663
1644767905.7015538 3.149046910201588 2.1937904114359768 1.2659143705852771 -0.4483875583514054 -0.5740305693455993 0.36422901915867983 0.5803222049282099
1644767905.7081442 3.153199474652697 2.1905921542305906 1.2638154042592746 -0.4519228117030026 -0.5741917609377156 0.3624739068540655 0.5785165039704858
1644767905.7147672 3.1536140273253657 2.188151571770501 1.2602480687746205 -0.4508158865000237 -0.5707051005154284 0.36536644676805236 0.5810053959085049
1644767905.721348 3.1591474755098092 2.1838954755644626 1.2588863075054983 -0.4583289972865677 -0.5694972224615965 0.35941329641215697 0.5800247539194239
1644767905.7279518 3.1626129038353237 2.180181529208697 1.2565787683912322 -0.461572129462193 -0.5684966889935791 0.35835946117019163 0.5790857309980751
1644767905.73455 3.1648727232436134 2.176745597680382 1.2540223678516336 -0.46410764225024403 -0.5651491897899631 0.3568998533240998 0.5812332884094001
1644767905.741151 3.167436354298339 2.1727590496427354 1.2513046219286599 -0.4668582388945103 -0.5626642574084522 0.35716569310619445 0.5812780380511123
1644767905.7477498 3.1695605187343414 2.1687326183874305 1.2488356806512066 -0.4686121229096482 -0.5605439271014393 0.35681699078673706 0.5821288637052876
1644767905.75436 3.1702999716139755 2.165720424504312 1.2451028711312457 -0.4682940822641563 -0.5569312942923735 0.3606267638920795 0.5835030111892837
1644767905.7609558 3.172616064936898 2.1620977366558067 1.2428797291587874 -0.4697487680433513 -0.5554419260730151 0.3608432560127741 0.5836194004313311
1644767905.767551 3.177843715306049 2.156579375273613 1.2413978902818246 -0.47725601701990583 -0.5543567304094575 0.35606868954376336 0.5814890264677695
1644767905.7741709 3.174856439461598 2.155017384752994 1.2370686110076814 -0.46978594173559063 -0.5503362040151127 0.36522705184464177 0.585695710784024
1644767905.780752 3.179562173900296 2.149185092524442 1.2351718728099639 -0.4772839655088052 -0.547638272926366 0.3610520707173132 0.5847503825274439
1644767905.787353 3.1816674968110177 2.1451090236085966 1.2326537510998656 -0.47931259119358116 -0.5452830610292966 0.3612294570177217 0.585182290337337
1644767905.793952 3.185198611628913 2.139564095787541 1.2301049986919494 -0.4852892323007825 -0.5427251963228223 0.35909991537127345 0.5839436858404669
1644767905.80055 3.188337222296071 2.1341695360141073 1.2277165603032452 -0.49088764031272053 -0.5387211754965293 0.3565908707520293 0.5845090579879231
1644767905.807146 3.1901090594015957 2.130103643728975 1.2253104692414822 -0.4927479850249483 -0.5364991601072527 0.35692457818000345 0.5847837741322943
1644767905.81375 3.1913947098588227 2.1255141145085803 1.222816633724066 -0.49440069946372983 -0.533884122753215 0.3578632141170103 0.5852083651321816
1644767905.8203452 3.19551516955971 2.1201774964934708 1.2213966331174597 -0.5010735000044776 -0.5316043560992718 0.353531839323579 0.5842401428094328
1644767905.8269482 3.1965290989676896 2.1158057577378524 1.218998380935174 -0.5022268481068822 -0.5292012659293267 0.3547287958907466 0.5847057058552668
1644767905.8335822 3.198693378813497 2.1108834201127946 1.2168353314531672 -0.5058419390948324 -0.5265077927146159 0.35381788109342377 0.5845730925598083
1644767905.84018 3.20030305019489 2.1059793730224854 1.214520854925035 -0.5080659129612656 -0.5239736046585646 0.3548135211022565 0.584317820019535
1644767905.846763 3.2029268503319046 2.100139277036013 1.212341251337984 -0.5133138548437152 -0.52141569643584 0.35330527402270606 0.5829314919255835
1644767905.8533719 3.203559661679631 2.0955393191044496 1.2100210390957218 -0.5140539841687667 -0.518854624956981 0.3553603975517747 0.5833151783597791
1644767905.866645 3.203974125672572 2.085221751371291 1.2044192539690273 -0.5165679491169908 -0.5119054172925254 0.36076405353496777 0.5839168131751908
1644767905.8797429 3.206609882819182 2.080085492520704 1.2027042718857575 -0.5203367541664785 -0.5102535135479075 0.36013717050314165 0.5824014995208076
1644767905.886355 3.2080781025822613 2.0744624442020423 1.2006086166278649 -0.5234289199955415 -0.5075171754705156 0.3608596953228595 0.5815736688188089
1644767905.8929641 3.2088270886636767 2.0695370093717416 1.1984401904106403 -0.524870884688184 -0.504332901964594 0.3631225254014425 0.5816356872084192
1644767905.899543 3.210387059659434 2.0634804270062004 1.196403762055492 -0.528637167250595 -0.5015445476125507 0.3636387415720911 0.5803118697621953
1644767905.906174 3.2115193000908904 2.058387159372218 1.1944643183642891 -0.5312979505419595 -0.49897265588445977 0.3635801928021605 0.5801356785345323
1644767905.912749 3.212833538165234 2.0525064582233066 1.1924726801852574 -0.5344814878939362 -0.4960639192745746 0.36426945798841454 0.5792728015928054
1644767905.919345 3.2144928419357996 2.047178063641765 1.1907749388697584 -0.5373935126382622 -0.4939413217563959 0.36475347491136795 0.5780866918354923
1644767905.925975 3.2150440919710883 2.0415788839643616 1.1887425337214363 -0.5394650317798647 -0.49103092347754573 0.3660046748982409 0.5778459665340063
1644767905.9325728 3.2163380479809014 2.0360944126095717 1.1871407978077915 -0.5424650338764607 -0.48860513246734993 0.3669129244087723 0.5765160276750324
1644767905.939153 3.2175031805787704 2.0304620476432333 1.1854778573159352 -0.54539324057656 -0.4864685663623572 0.3676732634960435 0.5750740240639517
1644767905.9457438 3.218816922960554 2.0250100874468 1.1840358000574431 -0.5479347802109964 -0.4847685261935001 0.36832203896440563 0.5736766636141767
1644767905.9523551 3.2191535079555473 2.0193599579728105 1.1822352934103801 -0.5502315067681853 -0.48171194431833214 0.36928304633483416 0.5734354375571655
1644767905.9589481 3.220037075812692 2.0137784746028657 1.1807026938839864 -0.552887289284878 -0.47935931824708067 0.36979528949532364 0.5725214903123297
1644767905.965565 3.220739713388341 2.0081628470709316 1.1791597265411518 -0.5557646354949575 -0.4766179360662829 0.3700799558928166 0.5718400435404952
1644767905.972149 3.2223220760397897 2.0031462290468998 1.17813300199445 -0.5586598654402938 -0.4753438002047079 0.36972688853225466 0.5703056863531795
1644767905.9787579 3.2220952401433447 1.9971872286145453 1.1762458188389449 -0.5609684391007351 -0.47067046731703105 0.37096106912141275 0.5711134707570799
1644767905.985368 3.2223128689544964 1.9917796070437304 1.1747351980335872 -0.5631757637538517 -0.4672137959151565 0.3716227690451919 0.571349328818428
1644767905.991987 3.2241772888063536 1.9869725363912447 1.1737504520092623 -0.5656127329750407 -0.4667650227078795 0.37226376442153436 0.5688863098500906
1644767905.998583 3.2246597082303943 1.981548147045007 1.1723459099690172 -0.567699898226213 -0.4638669626113153 0.37387405598466006 0.5681211989577982
1644767906.005196 3.2250058013540115 1.9757542429766988 1.1711127954706742 -0.5709050641418154 -0.46019393828520516 0.37426908838190376 0.5676360709252409
1644767906.011745 3.225171855336318 1.970874427036798 1.1696182541368747 -0.5712023659692058 -0.45858991695830414 0.37729014998690846 0.5666344013733076
1644767906.018347 3.2258428810212565 1.96502838227769 1.1683320389941296 -0.573958520806551 -0.4554665344213372 0.37811659462252567 0.5658171114787443
1644767906.024964 3.226095748589759 1.9594735594309722 1.1671327126868871 -0.5757608446031619 -0.45288236553047123 0.37976042149375777 0.5649586932218932
1644767906.0315478 3.2257969478633575 1.95428535477262 1.165743248303989 -0.5760888141550515 -0.45094235656205384 0.3826195560759382 0.5642465570808115
1644767906.038167 3.2265242347189105 1.9487638192950587 1.1647312260350584 -0.5782891313766766 -0.4487008884624599 0.383485834364257 0.5631936740110042
1644767906.044769 3.2264474428448473 1.943108270943442 1.1634773235405333 -0.5797258773609643 -0.4460226030711543 0.3848956142826065 0.562882148237974
1644767906.051379 3.226073897345405 1.9378614863580308 1.1622042192746713 -0.5798932429586857 -0.44368514707634293 0.38708489204496693 0.5630556818041067
1644767906.057954 3.226038199258283 1.9323886407012065 1.1611503485037682 -0.5813687151911838 -0.4412120200135185 0.38810030085781 0.5627786289161045
1644767906.064546 3.2246175158349835 1.9262057022968428 1.1594533033932048 -0.5823319001904732 -0.4362327463269566 0.3896219020631499 0.5646100174724406
1644767906.0711522 3.2255676053825098 1.9214280956616767 1.158761948225211 -0.583526688028242 -0.4359562238265538 0.3896839438545461 0.5635461080978987
1644767906.0777469 3.2253728647107973 1.9161481492206183 1.1574204439411433 -0.583686251982192 -0.4339126298209633 0.3912150069212317 0.5638972023562164
1644767906.0843499 3.2248562868578983 1.9106513856897267 1.1561752535694367 -0.5841041813301022 -0.4314266529304022 0.3923480126064933 0.5645845278530391
1644767906.090944 3.2242173909853915 1.9050979480794876 1.155038393439769 -0.5846284296406828 -0.42879962604622324 0.393159217423775 0.5654781851635996
1644767906.0975611 3.223700456981972 1.899707531182278 1.1539229169283098 -0.5846748122303134 -0.4272030277104676 0.3942900829807992 0.5658512006113801
1644767906.104141 3.2230855377866208 1.8940162096926962 1.1530006513018412 -0.5856005483898059 -0.4255834728520636 0.39444532732404286 0.5660059146595908
1644767906.110806 3.223767055977304 1.887089170860235 1.1525655489357283 -0.5888669687024867 -0.42447851806876213 0.39281079531623014 0.5645816871359565
1644767906.1173382 3.2215326151069217 1.8830444269066606 1.1508422386130368 -0.585426098130713 -0.4236597947525298 0.39632807790525637 0.566314269919639
1644767906.1239622 3.2206259750355044 1.8766892842870033 1.1494411482812648 -0.5858180517662559 -0.42204015074192747 0.3976590393996806 0.5661853601794449
1644767906.1306229 3.2200173069543183 1.8716225835697076 1.1488752459088774 -0.5867023743006157 -0.42152048038986245 0.3967578090597274 0.5662889107555592
1644767906.137165 3.217700170773356 1.867128131306898 1.1474397662195872 -0.5835141854687768 -0.4218246013086882 0.40051496072236886 0.5667115900359654
1644767906.143748 3.2175934188503423 1.8606745257820063 1.1467029088307792 -0.5863202397816463 -0.420450726987337 0.3986648449012423 0.5661408378334853
1644767906.1503758 3.2157234578644176 1.8559579480529689 1.1455115856077311 -0.5843786885469454 -0.42062667516709806 0.4008388931610131 0.5664822737240987
1644767906.15694 3.2141302329807857 1.8503023785525863 1.1445080164647221 -0.584739432191122 -0.4197368820474007 0.4010541503323753 0.566617614118225
1644767906.16358 3.2127042638829115 1.845094435718765 1.143430806030749 -0.5835103415101143 -0.42110926897165085 0.40313542046393636 0.5653879744429183
1644767906.1701472 3.2112634284939974 1.8393514841641474 1.1424030972091626 -0.5847974693851883 -0.4193455293993498 0.4018277689753445 0.566299380579819
1644767906.176748 3.2098207649128674 1.8338917412935023 1.1413822137946155 -0.5849016559214354 -0.41941096710537545 0.4018898778043845 0.5660991520148918
1644767906.1833448 3.2067138726516413 1.8276844603623401 1.1399152504129544 -0.5846636959267643 -0.4169376894447342 0.40325257552946153 0.5672019635363686
1644767906.189945 3.2056082526457836 1.8232872942919713 1.1391410703760134 -0.5840360534847197 -0.4190647913031586 0.4031470075562984 0.5663552242462585
1644767906.196544 3.203784810882786 1.8179727088176316 1.1379748555611835 -0.5835781002344473 -0.4195338888826524 0.4034603864950818 0.5662570221330042
1644767906.2031438 3.2019484168459256 1.8126699996516646 1.136980476863156 -0.5835887965231821 -0.4198886206665595 0.403565772897505 0.5659076542718534
1644767906.209743 3.1990497626066277 1.8065032422039868 1.1353458187615895 -0.5838253662789719 -0.41793229531213133 0.4034664459386456 0.5671812834604673
1644767906.216344 3.1980040670969303 1.8009213489448612 1.1348271870750288 -0.5860581153873328 -0.4184348160369864 0.4014009621387887 0.5659722136658385
1644767906.222943 3.1947795449839465 1.7954849483225361 1.133176278449716 -0.5850505472949549 -0.4173396183055081 0.4027873830889691 0.5668378614220626
1644767906.229569 3.1946174144214203 1.790658789565856 1.132552207328393 -0.5869342082323962 -0.4198627490639372 0.3997946205553749 0.5651433638346033
1644767906.236143 3.192084783831668 1.7853950547811266 1.1314503572459729 -0.5877424122099898 -0.419419938731866 0.3994872050830444 0.5648494279587644
1644767906.242744 3.1898529559186732 1.7798667618905006 1.1303586936134418 -0.5890125738286539 -0.4189923681018693 0.3988236447937513 0.5643123949742697
1644767906.249344 3.1882790586199743 1.7743506153406943 1.129241628914873 -0.5911216231162685 -0.4187067606385523 0.39677423234626014 0.5637634416441248
1644767906.2559412 3.1855667371070018 1.7691302544807843 1.1280467141926243 -0.5920596216456683 -0.4184385356313416 0.3969613544117265 0.5628458294846849
1644767906.26254 3.1832668349031894 1.7637516516554874 1.1267978335173428 -0.5933952271292848 -0.41798719542379886 0.3965784066773897 0.5620442876098842
1644767906.269173 3.180970184430783 1.7582776393246233 1.1257027651515636 -0.5955995038295189 -0.4172930561276839 0.39566907974129484 0.5608680416677707
1644767906.2757518 3.1779481852905977 1.7521758063627464 1.1246036508438135 -0.5984579011795157 -0.41486843621537545 0.394909986581411 0.5601587120323691
1644767906.282347 3.174836563139808 1.746565561197197 1.1230128725955826 -0.6002516743053139 -0.4129587863297861 0.39499547992190975 0.5595898658674526
1644767906.2889721 3.173657321636936 1.741961890835516 1.1221814316174894 -0.6014392419739639 -0.4151597669521529 0.3951750370235931 0.5565509476283983
1644767906.295572 3.171309739547058 1.7362226605815083 1.121096343693973 -0.6034777898858604 -0.4150266433190783 0.395855384959547 0.5539539586457818
1644767906.3021429 3.1683082886123737 1.730850125370706 1.1198577972367976 -0.6053803161185732 -0.41304515927646634 0.3954720590826755 0.5536329355171462
1644767906.3087418 3.166176864330308 1.72520671935657 1.1186515155934684 -0.6066434375566081 -0.41363389645014165 0.39689152580333814 0.5507877761838493
1644767906.3153431 3.16341362830346 1.7195588718773096 1.1175036538619147 -0.6088054004811803 -0.41197907123027816 0.39649674730031526 0.5499262197237818
1644767906.321943 3.1608360658613512 1.714070041656492 1.1163088675286463 -0.6095635459660563 -0.4117270559310989 0.39812770316103696 0.5480936143182182
1644767906.328577 3.1570806092682417 1.7076492242275552 1.1148390311379266 -0.6114935440197066 -0.4079587245157848 0.39827777985436974 0.5486523389517336
1644767906.335181 3.154310012664578 1.702481405817673 1.1137365655203124 -0.6121038828555792 -0.407269378924742 0.39934753833440634 0.5477054600722638
1644767906.341741 3.1507336591244792 1.696300929880318 1.1122913431730233 -0.6129774256184003 -0.40445038293195623 0.3999400318189486 0.5483846052909989
1644767906.348335 3.148724768277672 1.690947706456079 1.1111995062247928 -0.6135359659074734 -0.4051451078802302 0.4007926437871089 0.5466219987914904
1644767906.354972 3.1456293549040852 1.685013768145596 1.1099231855832428 -0.6137791983424635 -0.4042221777536305 0.40223227693743446 0.5459742998763356
1644767906.361569 3.1424928261991645 1.679287317342105 1.1083660134616498 -0.6131494886542089 -0.40338478344733675 0.40338743088489826 0.5464486579194208
1644767906.368151 3.1391068297842915 1.6733217489635912 1.1070683623508542 -0.6134087704386008 -0.402219336963875 0.40431794337088395 0.5463290376982384
1644767906.374752 3.1359977808460675 1.66755474145164 1.1057278025544024 -0.6129656799788659 -0.40235845025352973 0.405440481435685 0.5458918757111981
1644767906.381366 3.1330870569380336 1.6612913551699107 1.1043424263064894 -0.6128430752065303 -0.4027239763936489 0.4070587276693877 0.5445541021059181
1644767906.387958 3.129524214446596 1.6554409535578014 1.1029765808458616 -0.613256311323449 -0.40119952028955214 0.4060855942466158 0.5459389708876939
1644767906.3945658 3.126157070676247 1.6492892095882392 1.1015180907934297 -0.6135050114582358 -0.4010202556793372 0.40677681257200643 0.5452762410435658
1644767906.401176 3.1229626416097025 1.6430814353821406 1.1002052317124655 -0.6138458942701689 -0.40096099511491423 0.40703743574199686 0.5447414322677604
1644767906.4077718 3.11874211504355 1.6385261691824544 1.0986918872003806 -0.6106387942101131 -0.40221574762208673 0.40849013322271255 0.5463311051092811
1644767906.4143732 3.1163686844344762 1.6307840528960154 1.0975739727568203 -0.6144334232862334 -0.4011215616390567 0.40715407046770874 0.5438730670743912
1644767906.421002 3.112890059367191 1.6246487558591627 1.096204365222142 -0.6145695362468402 -0.40098536180897154 0.4068680737114552 0.5440337613437453
1644767906.434262 3.106075047022379 1.6123799255966655 1.0934296716999132 -0.6143850841174662 -0.4015953797455052 0.4073689502598299 0.5434169007021241
1644767906.440783 3.102168417835513 1.6071283793125126 1.092327288249698 -0.6136749894222173 -0.40204315181361966 0.40731395781382046 0.543929178336639
1644767906.4473758 3.0979553258797714 1.6004673994050869 1.0906954751640658 -0.6136427616832759 -0.40090968811430416 0.4068957367855521 0.5451137666176439
1644767906.45394 3.0957927262139666 1.5935317099251645 1.0896224894618367 -0.616364906575895 -0.4013571129025625 0.4062653477324522 0.5421756256808761
1644767906.460544 3.0915107361123364 1.5887251230467285 1.0881580320474018 -0.6138054993398923 -0.4024506126885062 0.4074872710385704 0.5433504668477298
1644767906.4671419 3.08751279326571 1.5815236285213263 1.0871035481702507 -0.6162728278627171 -0.40043154680784737 0.40631499980881136 0.5429268925665487
1644767906.473762 3.08435704668913 1.5761302560762631 1.0859600210299738 -0.6157867803106366 -0.4020668943610472 0.4071173027361292 0.5416674960305266
1644767906.4803681 3.0807163869186924 1.5698800700738087 1.084685840941881 -0.6165422424060484 -0.40164721539542425 0.4070223717231738 0.5411906165753926
1644767906.4869719 3.077779639724565 1.5636502672971657 1.083480271115252 -0.6170487826276074 -0.402665205318044 0.40718732734509405 0.5397306569707137
1644767906.493547 3.0740923763512598 1.5571761629746248 1.0827013697469263 -0.6196175510247189 -0.40129240891270235 0.4059795787045402 0.5387191088859149
1644767906.5001442 3.0708475933638804 1.5512166258769433 1.0813591287319577 -0.6191790460001682 -0.40233982806827423 0.4066814261150822 0.537911971085994
1644767906.513403 3.0641308854815477 1.5385474659776566 1.0795041727147456 -0.6226736769704467 -0.40155451676830467 0.4056413897138069 0.5352436136004053
1644767906.519941 3.0605328895515442 1.5325813790080471 1.0785099278256614 -0.623800046788207 -0.40110130570181607 0.40542730185059483 0.5344334123667897
1644767906.533173 3.0570788889911404 1.526542286115319 1.0775541019459476 -0.6250024496110419 -0.4007718079013704 0.40516580179354844 0.5334732496395247
1644767906.539745 3.0538659476447063 1.5199572994839685 1.0768229666480689 -0.6278768355788995 -0.3995924515106761 0.40371675606210444 0.5320794290352657
1644767906.546342 3.0505570104177204 1.51399413591429 1.0759676017859494 -0.629490756997254 -0.39950747968882994 0.4034182547214974 0.530460195740467
1644767906.5529559 3.046681241133409 1.5082426035392822 1.0751595678806654 -0.6302996129086748 -0.39911929448914474 0.4033421172913789 0.5298494852958651
1644767906.559565 3.0434889488216177 1.5018618863030369 1.0746029857960269 -0.6325995795849062 -0.3984578882416176 0.4024640612142627 0.5282716960950121
1644767906.566169 3.0396419778929524 1.4962468260070891 1.0739034456610168 -0.6330198990193986 -0.39827187920765494 0.4029081530833168 0.527569374670964
1644767906.5727732 3.0363561274588493 1.4900489229303417 1.0734731885719244 -0.6348652707165025 -0.3981502747053386 0.40278965446690074 0.5255303722492737
1644767906.579392 3.0336359581568155 1.4839975632998277 1.0731496785554333 -0.6365432782525826 -0.3988317348742549 0.4035403337506623 0.522398539360923
1644767906.5859442 3.0293838907938113 1.4781846153414921 1.0724685826312186 -0.6368176736779815 -0.39713482088787866 0.40388866310635996 0.5230873010019635
1644767906.592556 3.0251552229415166 1.4716126686652082 1.0722082319023079 -0.6382279571562179 -0.3959106164147402 0.40479275798814923 0.5215955180181823
1644767906.599178 3.0220943466281702 1.4664748966162113 1.0718635052982646 -0.6389000450725321 -0.395574773493347 0.404606421658084 0.5211718149104749
1644767906.605746 3.018624332298594 1.4611512748596966 1.0715872458673077 -0.6383440234163054 -0.39650832227497584 0.4065872794824688 0.5195997838902824
1644767906.6123369 3.0155192816484906 1.45506666648917 1.071484604107366 -0.640179737039261 -0.3951839820309327 0.40575906150495455 0.5189974592162313
1644767906.618944 3.011703688140017 1.449827683312019 1.0712511889938492 -0.6397364165008622 -0.3947176185607778 0.4070509772388081 0.5188872459683208
1644767906.6255722 3.00879298241461 1.4443811897875811 1.0710808635527416 -0.6398353921525318 -0.39494858214482914 0.40722175417047235 0.5184553466973544
1644767906.632145 3.0053074554190724 1.43867385036613 1.071289364004989 -0.6413319325161498 -0.3932393278666971 0.40695582261670643 0.5181142448162425
1644767906.638773 3.0025549120920023 1.4331869802213706 1.071384235235796 -0.6417151908652934 -0.3931430102925793 0.40689691521533755 0.5177588884964386
1644767906.645383 2.9988191470634424 1.4279580482735275 1.071376931299599 -0.6421234586002963 -0.3908832643852598 0.4063609299139002 0.5193820287017125
1644767906.651977 2.9954405576149847 1.4224946309255944 1.0718493866348648 -0.6434777356717971 -0.3887788817582325 0.40587278620698874 0.5196671225232092
1644767906.658543 2.9929229734804905 1.4174141984822026 1.071922207942705 -0.6423227785750724 -0.3896523978500206 0.40775578855909883 0.5189669076884192
1644767906.665173 2.9899632801798295 1.4116549671445313 1.0726432720871308 -0.6449402367488786 -0.38674084410889353 0.4062265258757637 0.519097974417015
1644767906.671742 2.986999712298587 1.4071138360567002 1.0727176963351082 -0.6432604682014096 -0.38718697520891915 0.4077512172846948 0.5196540341641747
1644767906.6783721 2.983899457636232 1.4016682247184553 1.073375824045673 -0.6446295890643434 -0.3849698216534928 0.4075992484647438 0.5197238690126693
1644767906.684961 2.98207771023205 1.3950768141810908 1.0741635110528407 -0.6478675168258397 -0.38296796382621456 0.4067573239410644 0.517832887355927
1644767906.6915479 2.977841172221538 1.3916756135247814 1.0742741390991604 -0.6452717241140704 -0.3819692970003539 0.4084336819728801 0.5204853366049904
1644767906.698147 2.975626285165917 1.3859985923204914 1.0751173988557112 -0.6477881995297078 -0.380098240848485 0.4073071915494132 0.5196110627471932
1644767906.704741 2.9723473538434355 1.381998666091674 1.0752992400509287 -0.64581897654502 -0.3801906270407088 0.40952458085516724 0.5202516290460334
1644767906.71135 2.9702738778150275 1.376352216346057 1.0762807029530759 -0.6487128326846567 -0.3785585875467613 0.40869787171246236 0.5184884969265238
1644767906.7179542 2.9669881060022867 1.3724215894513399 1.0767488345354326 -0.6476374147744066 -0.37810317977237057 0.41003739447473925 0.519107236932845
1644767906.7245498 2.964215450268306 1.3678210878455883 1.0774397535698734 -0.6483087580020471 -0.3769795047158691 0.4103792116495938 0.518816300064882
1644767906.7311392 2.9614042901766657 1.3634437935863564 1.078066496098344 -0.6486421505457631 -0.37583621774665515 0.41103923463430475 0.5187064116066031
1644767906.737751 2.9584574422427927 1.3588757244427596 1.0786625522767432 -0.6491036904983444 -0.3742877076752864 0.4115953287797097 0.5188078380575284
1644767906.744402 2.955409853883452 1.3532236747088064 1.0794772738217422 -0.6520500055969637 -0.3703051409969941 0.4100787510357202 0.5191719796912208
1644767906.7509508 2.9527132756869965 1.3491834688947015 1.0800402937979938 -0.6514889201497536 -0.36961435436327505 0.4107914807331792 0.5198045911738406
1644767906.757596 2.9504926909506075 1.3458437878442864 1.0807079354549272 -0.6507766023903704 -0.36997161413293617 0.411799237595186 0.5196455220106336
1644767906.7641878 2.9476437120773866 1.340605540712598 1.0815100250196705 -0.6524279155319197 -0.3668762774440074 0.4107535556202219 0.5205962794899117
1644767906.770742 2.9448761621033217 1.336516211162436 1.0822302781928834 -0.6530193508890675 -0.36501189863565936 0.41048421954616365 0.521377065413834
1644767906.777363 2.942545328594676 1.3323688238923748 1.0827510397441489 -0.6528909598887287 -0.36383357468046695 0.410620750723113 0.5222532813562446
1644767906.783977 2.940589315607298 1.3283793896334248 1.083826828235855 -0.6533472843538153 -0.3649693194606647 0.4094725142689159 0.521791444668402
1644767906.7905579 2.938288943018042 1.3239815434039788 1.084501452365128 -0.6542173912386713 -0.3632555561448829 0.4091181767872738 0.5221747097943508
1644767906.797152 2.935386099541636 1.3203006137065352 1.0850873130988448 -0.6541596966375607 -0.36136911586176435 0.4085594344089848 0.5239904125810988
1644767906.803749 2.9339290428463105 1.3149181268707664 1.0860592969973557 -0.6568524886481132 -0.36011814372945034 0.40796450647020255 0.5219425882934758
1644767906.81038 2.9317483696749846 1.3107758533170004 1.0870143304301718 -0.6579461080584024 -0.35938987655005356 0.40702308406504273 0.5218020377589686
1644767906.81696 2.928637462951965 1.3068022414010425 1.0870981600031357 -0.6568450720301174 -0.3562493030332859 0.40897555962616694 0.523812254074907
1644767906.823542 2.9262152187980512 1.302809479509649 1.0878453170658817 -0.6573837390462216 -0.3551679608104678 0.40818794522299595 0.5244848117898525
1644767906.830168 2.9230362266977177 1.3003054200048396 1.0880585442860606 -0.653997930452477 -0.35536549307223414 0.40950780342036586 0.5275458765969961
1644767906.836761 2.9212861308722933 1.2952605667494594 1.0889063741918792 -0.6560649032410538 -0.3531348593415309 0.408661692799784 0.5271332435184067
1644767906.843363 2.9207291143759173 1.290682476126122 1.0906703776427642 -0.6585300955266088 -0.3543338946086287 0.4066241576363783 0.5248252495291457
1644767906.849969 2.9167401574731593 1.2873983955146295 1.0903425521706038 -0.655418406994934 -0.35195842973519154 0.40928748784368 0.5282375708473751
1644767906.8565462 2.9164875948784585 1.282886186679526 1.092187979680128 -0.6584138365802873 -0.352856841169855 0.4059670920108834 0.5264724041465023
1644767906.8631501 2.9124192456054936 1.2798173020506292 1.0918330360639221 -0.6548654794267188 -0.3504810813201782 0.40871895776591277 0.5303416542896784
1644767906.869744 2.910145398495868 1.2755325927299355 1.0924746254703939 -0.6548961650228101 -0.3491185681584336 0.4097718510390539 0.5303898716431668
1644767906.876348 2.9080882403563453 1.2716365151981528 1.0932360994769592 -0.6548927021113834 -0.3483590507898616 0.40964178594270073 0.5309938517949553
1644767906.8829389 2.906051401153044 1.2678668395173092 1.0939055395666508 -0.654626584822595 -0.34738797252557035 0.40942178559724507 0.5321266441205432
1644767906.889597 2.903991379554065 1.2640144886064857 1.094585312848421 -0.654375756760211 -0.3462570861623117 0.40960392630723474 0.5330312008184076
1644767906.896193 2.903794903596123 1.2593717514163725 1.096246604492236 -0.6573399324537114 -0.3464274949813244 0.4072791505917056 0.5310511004834315
1644767906.902754 2.901885687249135 1.255483779159958 1.0969714022128891 -0.6573216031363351 -0.34554412513678784 0.4071474943791414 0.531749605352941
1644767906.909346 2.900452329991359 1.2519167931218225 1.0978530026776825 -0.6571662492259172 -0.34528142290268615 0.40591705670902306 0.5330516146723832
1644767906.9159832 2.898211142025327 1.2479311789497516 1.0985725648264992 -0.6572068152979037 -0.3436492741148106 0.40591299026798405 0.5340583612428049
1644767906.922548 2.896320149927589 1.2441109621488293 1.0991799572324805 -0.6567509777112593 -0.3431416303725714 0.40621282463577496 0.5347171226709106
1644767906.929143 2.89429688914972 1.2400020457825587 1.09977291813708 -0.6567159229199984 -0.34185349994982256 0.40668646662693486 0.5352248544311166
1644767906.93574 2.892333853078773 1.2360154066214852 1.1005296135830596 -0.6566401039024826 -0.34100655934450697 0.40628567669751947 0.5361618784619852
1644767906.942366 2.890862147448624 1.2321192153355844 1.1013113395002323 -0.6564397263823807 -0.34051400639556917 0.4060164536943665 0.536923717512576
1644767906.948975 2.8889030322030624 1.2283679970718744 1.101839653564814 -0.6558101674153429 -0.33945291192552357 0.40584692053944726 0.5384909171332847
1644767906.9555478 2.8867580784175106 1.224607561239119 1.1023297749742822 -0.6550526666545369 -0.33892693804515467 0.40571212239273646 0.5398439181640164
1644767906.9621608 2.8854843363943563 1.220573833478513 1.1032204720850587 -0.655319932730105 -0.33841635465880204 0.4045485016624616 0.5407125379102622
1644767906.9687412 2.884006136754395 1.2166540953135774 1.103866737422768 -0.6551805956244996 -0.33807877104651385 0.4037820515322563 0.5416644107420729
1644767906.9753962 2.8823836893789863 1.213255491471534 1.104571028463237 -0.6542461842582502 -0.33781459279400355 0.4023324524186913 0.5440321807282292
1644767906.981963 2.880511356789948 1.2090634583424724 1.1051184064652784 -0.6540617918704653 -0.33672628092177315 0.40217670312661197 0.5450429502450972
1644767906.9885461 2.879045625336052 1.2049186216172176 1.105887660202566 -0.6543467875363276 -0.33585032456805053 0.400687101880887 0.546336791149363
1644767906.995148 2.877536925688569 1.2010501914225071 1.1064975633864282 -0.6538893870953655 -0.33525351028199385 0.3996900773231585 0.547978955596931
1644767907.001751 2.876058886076274 1.197143328349135 1.1071281770653247 -0.653628955725911 -0.33438159364960207 0.398449447801102 0.5497231406910337
1644767907.008351 2.874492838590197 1.1930093893013092 1.1078344024538238 -0.6534511029901169 -0.3332928024671014 0.3975278004633307 0.5512608881534475
1644767907.014949 2.8734138173560915 1.1894572745857837 1.1086336438308393 -0.6530025483590857 -0.3330249639376754 0.3951284730859494 0.5536739719646289
1644767907.021562 2.8717033984535476 1.1850827138247886 1.1091460171660077 -0.6529432535463738 -0.3318735125372971 0.39520818318167683 0.5543780519659349
1644767907.028148 2.870188229628375 1.1808847970660277 1.1099146273047709 -0.6532898468478479 -0.33066577081133325 0.39379187328749077 0.5556974732154782
1644767907.034755 2.8691285222567853 1.1765580656368524 1.110737576895562 -0.6537281572673884 -0.32984145313135604 0.39248946043613475 0.5565926783159574
1644767907.0413451 2.86752649249761 1.1726053443646638 1.1113305072004374 -0.6536775539186469 -0.3284927068105513 0.39161841481784293 0.5580613182233596
1644767907.0479438 2.8664722700625123 1.1682036626366652 1.1120453897197022 -0.6542443459430729 -0.3273793549790848 0.39065991409673967 0.5587229938349217
1644767907.054541 2.8655159987176377 1.1643068974479456 1.1130021548461384 -0.6545330154375858 -0.32653403336646225 0.3884233339566648 0.5604363044947646
1644767907.061174 2.8644238837167 1.1596564666333904 1.1137579684126242 -0.6557959105275765 -0.3248268143413107 0.38707941815603586 0.560881600194949
1644767907.067764 2.8623847742292194 1.1551853130818146 1.114457408470189 -0.6559172735960194 -0.32302441644874286 0.38713894087406775 0.5617389083766416
1644767907.074344 2.861437630403762 1.1506533466489937 1.1152763681830438 -0.6565830423889543 -0.32209614482745424 0.38600813428485414 0.5622719836228636
1644767907.0809479 2.860217550705327 1.1462586302269169 1.1161203171893808 -0.6570516822726756 -0.3210754136137316 0.3850550264581798 0.562961527091747
1644767907.087549 2.858649632554723 1.1418373353056588 1.116972211220515 -0.6578216743758961 -0.3194057019478922 0.38381535998740834 0.5638579779804543
1644767907.094142 2.8575763882309766 1.1374012929482205 1.1178186247458817 -0.6582390518522705 -0.31887182005999304 0.38275423024986455 0.5643942228174348
1644767907.100746 2.856583960719657 1.132842709287008 1.1187469955029778 -0.6589125306245188 -0.3179779247816939 0.38169842785971975 0.5648275581150458
1644767907.107344 2.852853583335727 1.1294033694077383 1.1187318550688354 -0.6567300771509805 -0.31423331569859686 0.38131456439021616 0.5697029518780139
1644767907.1139698 2.8524439691286427 1.1251185235371817 1.119696393698536 -0.6566357334971826 -0.3153635570000011 0.3820153783949127 0.5687170588467526
1644767907.120544 2.8506157724531267 1.1203208974182748 1.1206799688371156 -0.658169690096933 -0.31229335112424295 0.3792560862823276 0.5704819456449013
1644767907.127149 2.8500915078738256 1.1159576680175205 1.1217250281266025 -0.6589300795115303 -0.3130682111352018 0.37882492228287934 0.5694651644485059
1644767907.1337442 2.84892736253494 1.1115498198762392 1.1226808413020934 -0.6596498010143114 -0.3121626899224604 0.3771729525037581 0.5702250459118389
1644767907.147016 2.8469606209738365 1.1027048108796258 1.1246655707373652 -0.6610253685287831 -0.3105344552337523 0.3743504069849077 0.5713799479726333
1644767907.153567 2.84581273548347 1.0981262333457182 1.125793025263094 -0.6622053309561887 -0.30952298726903005 0.3723872961137459 0.5718449073165165
1644767907.166862 2.844031039796866 1.088868109232263 1.128282751558425 -0.6649678706353573 -0.30756288895030237 0.3672237120646025 0.5730349354778874
1644767907.173387 2.843230992467134 1.0844086397064352 1.1294574106189412 -0.6662283197084307 -0.3077975760742814 0.365153720178833 0.5727674541986023
1644767907.18661 2.8412380456346757 1.0761175731651318 1.1321339419586265 -0.6672020164675788 -0.3079236542296958 0.36034773115803354 0.5746072228617133
1644767907.199865 2.838880911298673 1.0673531155907645 1.1347851142101313 -0.6685333957359144 -0.3067077675167183 0.3560732142777052 0.5763720738826595
1644767907.2129438 2.8383967841423066 1.0626130754709466 1.1364136988323683 -0.6695521567364817 -0.3079600888236921 0.35533173105915294 0.5749775467643697
1644767907.219564 2.8364035189888517 1.05757713913193 1.1377792374301896 -0.6710798565249814 -0.3051037217347979 0.35325250048154 0.5759996509506299
1644767907.226143 2.8362479300219468 1.053239430642179 1.1393636425326592 -0.6715638436089097 -0.30728787879816205 0.3537990542411541 0.5739354666180807
1644767907.23279 2.8346704101420146 1.0490380332899245 1.1409544860391982 -0.6723244015354497 -0.3054327744507825 0.3512360118757637 0.5756070431674917
1644767907.2393768 2.8341300983335667 1.0452824900814914 1.1424107843918374 -0.6715047233600547 -0.30647410771363326 0.35120380306200716 0.5760297690236074
1644767907.246003 2.832624750246964 1.0402079159601783 1.144074115269686 -0.6737710425105338 -0.303773316679953 0.3497404942745285 0.5757041851070346
1644767907.2525492 2.832350780964047 1.036430953520999 1.1457285368517571 -0.673509128987891 -0.30511696215366335 0.35003011453947463 0.5751237822374304
1644767907.259159 2.831016552939031 1.0319163730893182 1.1474440772570254 -0.6749036918730834 -0.30165486927894153 0.34677263563952915 0.5772845997608906
1644767907.265749 2.8296743933112336 1.0281701216954506 1.1489479750991776 -0.6752019763591874 -0.2997183429704803 0.34540494781900877 0.5787625177328202
1644767907.272344 2.82886999070836 1.0241073169393564 1.150642736038464 -0.6752790146946344 -0.2986340377712454 0.34436194190981545 0.5798535883971407
1644767907.2789571 2.8275838731367258 1.0205120216386971 1.151940441780299 -0.6740361877726674 -0.2971478985785065 0.3440477878689134 0.5822445878293172
1644767907.285598 2.8272749340067542 1.0159296212449216 1.1540200305659603 -0.6767691296302218 -0.2953262229192527 0.34146212757663436 0.5815231224308353
1644767907.292184 2.8273726554207275 1.0121252914892915 1.1559317786067609 -0.6763786039492256 -0.2969826023069306 0.3423046807243171 0.5806377790964745
1644767907.2987468 2.826627003615776 1.008208140470581 1.157672567615151 -0.6769551357594459 -0.2957363971486409 0.34085314391094884 0.5814554165684406
1644767907.305343 2.824947305973864 1.0044586635623813 1.1592169430308468 -0.6777108314184941 -0.29172576715563536 0.3375268585297159 0.5845333949694872
1644767907.311978 2.823920051097666 1.0006454610331592 1.1608153639108891 -0.6780022718333087 -0.2904619779302374 0.33705228652783953 0.5850980554382516
1644767907.3185542 2.824614007216846 0.996783341859493 1.163043796656066 -0.6787859239768216 -0.2931032026118129 0.3365794376397934 0.5831413197406166
1644767907.325144 2.822776609541398 0.9933099317133453 1.1644355556019144 -0.6792001474867504 -0.28887561317779725 0.33352797134435114 0.5865122490116488
1644767907.331773 2.8219996317600358 0.9895977186662763 1.1661509861391093 -0.6793760122930107 -0.28905856256695317 0.3340548539196179 0.5859183410755279
1644767907.338343 2.821546700323621 0.985946257204208 1.1679960365471063 -0.6804100232647383 -0.28801905333610384 0.33172761634356723 0.5865521775368792
1644767907.3449442 2.8209923468642457 0.9823313899549881 1.1698017638691205 -0.6814609905618867 -0.2873106599932097 0.3306111397878425 0.5863099197833557
1644767907.351549 2.8202657585238553 0.9790211183854196 1.171473877628322 -0.6818902164927997 -0.2864885822930825 0.32972969965898824 0.5867092904995319
1644767907.358141 2.819811911166393 0.9757901591057953 1.1732823030700503 -0.6832521830067904 -0.2853930182529495 0.3275172394850354 0.5868978750258369
1644767907.364753 2.8195540763266034 0.9723055778091316 1.1748509640650882 -0.6833231662096956 -0.28570511650193214 0.3282541635602011 0.5862515251198177
1644767907.371347 2.8186895485254744 0.9686509334340206 1.1766243730781112 -0.6851047580778781 -0.28328517521191154 0.32602387940267813 0.5865907822631166
1644767907.3779461 2.818719447905353 0.9654259146113706 1.1783754413833758 -0.6857295738033303 -0.28375093254591904 0.32610438844787754 0.585590015173156
1644767907.384566 2.818087533382765 0.9620850388254547 1.1799328195141228 -0.6863308359141477 -0.2828894426617557 0.32556121504901847 0.5856047861332633
1644767907.3911538 2.8171416293361915 0.9588037680774735 1.181321332075815 -0.6867932162115048 -0.2808761251785102 0.3246715006926949 0.5865250437032319
1644767907.3977401 2.815783229060866 0.955687008813447 1.1827402348872404 -0.6873714081629289 -0.27814901315015966 0.3227211251080899 0.5882210819123418
1644767907.404345 2.814922301398568 0.9523779907342588 1.1841531841549273 -0.6879989567039465 -0.27641635863923947 0.3218336529499236 0.5887903617812491
1644767907.410943 2.8143593619617655 0.9489145068449321 1.185721238387422 -0.6894575753346021 -0.2753880206458595 0.3203193698997824 0.5883915829210079
1644767907.417558 2.8143108455590986 0.9462308725789744 1.1871598412148594 -0.6891346108145979 -0.2763508370233887 0.32106418642835854 0.5879123271736766
1644767907.424147 2.8137371059157923 0.943170549254081 1.1884318874135005 -0.6896476919010299 -0.2750425494413143 0.3196217065603456 0.5887096031100222
1644767907.430773 2.8139885216287386 0.9394778528475459 1.1902129713289464 -0.6918082058763475 -0.27410048878147125 0.31705362752750954 0.588002307540479
1644767907.43737 2.812360048563791 0.9370201710125712 1.1911094864826635 -0.691264465002361 -0.2722102738297379 0.3164954662683875 0.5898179343757991
1644767907.4439528 2.812357382276761 0.9332966613023961 1.192642952030834 -0.693023663903974 -0.270959109146989 0.3144714504361942 0.5894120344756074
1644767907.45055 2.810501560795297 0.9310726104780859 1.193373505909247 -0.6921568023605724 -0.2690741127359331 0.31386488478770697 0.5916134893716504
1644767907.457147 2.809623470641983 0.9283508618510103 1.1943161001712352 -0.691957336752958 -0.2680755400797675 0.3129846281398303 0.5927651516345428
1644767907.463744 2.808551455924148 0.9255318880935801 1.1951303062526162 -0.6929954524523133 -0.26592157295566676 0.3109137751616046 0.5936118687512651
1644767907.4703639 2.8080386227246987 0.9219881177556416 1.1964187107566944 -0.6937628688006339 -0.2652393701971421 0.3099434867870688 0.5935282634976858
1644767907.476949 2.8069782463400093 0.9194384456359482 1.1972025216353048 -0.6944873315556073 -0.2636837889643868 0.3081465014610057 0.5943090898698059
1644767907.483579 2.805623965056028 0.9167625011913438 1.1978631957002428 -0.6933404893985995 -0.2628932451142813 0.30834315566291404 0.5958943762197221
1644767907.490152 2.8047106010049725 0.9141287567912237 1.1987187665240484 -0.694521973017647 -0.26207033900695015 0.3065400125839713 0.5958113124457357
1644767907.496748 2.804452817808152 0.9103175859768278 1.2000000113721452 -0.6961813121672449 -0.26131846499192884 0.30494320026958827 0.5950238304473996
1644767907.50338 2.8026011852283568 0.9082221973988919 1.2002827598325645 -0.6952712923579262 -0.25972381408621453 0.3046055103682768 0.5969558331697165
1644767907.509949 2.8013273687720064 0.905328657276435 1.2008545329909701 -0.6956419922948928 -0.2579786814471699 0.3036807627345411 0.5977512541451161
1644767907.516542 2.7998999980417745 0.9028567859636312 1.2012518020939709 -0.6957087702533751 -0.25691056728576617 0.3029047522340773 0.5985268379732385
1644767907.5231419 2.7986855868121725 0.8999342310934769 1.2018707274293305 -0.6964017566267059 -0.2557354351938883 0.3021094778174822 0.5986261323469526
1644767907.529741 2.797518714637839 0.8972390156981533 1.2024091196314584 -0.6973604573798499 -0.2548416447367676 0.3006834276159414 0.5986093316085955
1644767907.536341 2.796168463432008 0.8944814702319067 1.2028851370971025 -0.6979028259612291 -0.2537415858897558 0.29989295771685703 0.5988410937020434
1644767907.542946 2.7945514268864238 0.8917248552167177 1.2031702880256376 -0.6980371437350036 -0.2519801074308709 0.2991668109546445 0.599790774567324
1644767907.549551 2.7934285690640195 0.8887053745341826 1.2037681267080214 -0.6991797355693742 -0.2511308512301323 0.2978081052812596 0.5994921742646122
1644767907.55618 2.7916117103211233 0.8864181500588362 1.2038534775119045 -0.6985995186418668 -0.2501710917408891 0.29740257307433327 0.6007697126748759
1644767907.562767 2.7902300289528164 0.8835360936649272 1.2042640465639536 -0.6993781854702751 -0.24934954150771937 0.29603366634749423 0.6008814037360567
1644767907.5693812 2.788332606081789 0.8811886884575735 1.204247709347015 -0.6990613190752918 -0.24829349871682327 0.29534915699467434 0.6020231721852015
1644767907.575944 2.7866969334543312 0.8786426446971012 1.2044375020849047 -0.6993966734524248 -0.24768172425862253 0.29410772563871646 0.6024934236225563
1644767907.582551 2.7849794083770885 0.8761360113619971 1.2045681360566276 -0.6997146044012896 -0.2471403787996588 0.29267018229572056 0.6030461316948051
1644767907.589141 2.7831941658014308 0.8734640511108588 1.2046662863149724 -0.7002370579624044 -0.24627869818937428 0.29119275533805367 0.6035073098504096
1644767907.5957792 2.7813629938940854 0.8712060914110763 1.204564561476275 -0.6998614451069991 -0.24578443604056283 0.29039793443988277 0.6045265920657371
1644767907.6023371 2.7794011645003964 0.8684244574306346 1.2046446844234757 -0.701261662917921 -0.24481998419506532 0.2878734959752823 0.6045027278122922
1644767907.60898 2.77751479292766 0.8660187981801496 1.2045137572493712 -0.70115448245598 -0.24415748177681978 0.2870629752279725 0.6052798571831847
1644767907.615544 2.775514733135527 0.8636097009724282 1.204366315958113 -0.7015229733603567 -0.24373407612707626 0.28525615267401927 0.605877560786037
1644767907.622144 2.773415309114359 0.8612114358764724 1.204219358881142 -0.7018762822204491 -0.24310880984855146 0.28352716704547687 0.6065307208888896
1644767907.628775 2.7711266692657133 0.8588570334160786 1.2041573653743913 -0.7026071202454399 -0.2427152706084754 0.2820252723704387 0.6065425168071212
1644767907.635353 2.7688726760254414 0.8563153272354872 1.2038046621015595 -0.7029318410432296 -0.24182115483470107 0.2806215308437385 0.6071740584075636
1644767907.641943 2.766475139997788 0.8539874914579465 1.2035186069973227 -0.7033104845959062 -0.24130337822377557 0.27904133494067623 0.6076696310712406
1644767907.6485498 2.764065804693444 0.8514883777536479 1.2032984983742523 -0.703955845334072 -0.24053701715288828 0.27771232556513203 0.6078350968187326
1644767907.655145 2.761654119538514 0.8489508363461125 1.2031293189158188 -0.7049533115501457 -0.24017245229646167 0.27623047307757176 0.6074983857806266
1644767907.6617448 2.759177597208269 0.8465252022343702 1.2028692511060086 -0.7057293579768389 -0.2394981799963945 0.2744705452684879 0.6076611431037405
1644767907.668342 2.7565125854291783 0.8443589473167125 1.202339297497133 -0.7055758040413145 -0.2384912088701462 0.2733222100452894 0.6087522865957383
1644767907.674945 2.7538826632168 0.8421837117652351 1.2019159235794443 -0.7059695872448928 -0.2377785222686696 0.27180894538225026 0.609251891767353
1644767907.681548 2.7515975823751493 0.8394856224532377 1.2016350314026192 -0.7065456069165557 -0.2379894332271737 0.2716245969702152 0.608583536773446
1644767907.6881752 2.7488800516473133 0.8372070772037192 1.2012584162086595 -0.706944765400388 -0.23729420128562378 0.2705101552815861 0.6088878214509227
1644767907.694776 2.745640815310744 0.834695448686124 1.200811296952439 -0.7077020009690985 -0.23488963195186635 0.2682789341391399 0.6099267410800968
1644767907.7013462 2.742958220046768 0.8324174275381755 1.2003603439509076 -0.7079954102114359 -0.2340858165112838 0.2669371749832862 0.6104836927233758
1644767907.707936 2.740715418155826 0.8296710644071316 1.2000951034193237 -0.7087561327534653 -0.2346899258289963 0.26650733948678024 0.6095561887921349
1644767907.714544 2.7375033506410835 0.827276371990184 1.1996011219571043 -0.709316106394836 -0.2326816302010878 0.26436959326637827 0.6106047148142376
1644767907.7211678 2.734545871235617 0.825041015256837 1.1991379600033198 -0.709381405193792 -0.23181805069951916 0.2631007685799201 0.6114048566024686
1644767907.72778 2.731476358516858 0.8226292667414479 1.198668105960615 -0.7095845768159199 -0.23032263991982568 0.26133129076815653 0.6124922549896871
1644767907.734347 2.728833926837813 0.8201181336614551 1.1983516903267837 -0.7099341909747959 -0.23060004567107045 0.2608523120183322 0.6121867186872404
1644767907.740982 2.7259973690196126 0.8174767136813927 1.1979362838230014 -0.7104993571949707 -0.22966201436312972 0.2592716888178401 0.6125551286614972
1644767907.74757 2.7230385144878513 0.8151877085921856 1.1974953498001117 -0.7106093350402531 -0.22917579387948442 0.2581480169571345 0.6130839670482298
1644767907.754146 2.7202447024208958 0.8122489700077915 1.1972227169387433 -0.7132358553528627 -0.22845766115902963 0.2550583473441381 0.6115934418589346
1644767907.760746 2.717656345957964 0.8097557455631398 1.196884603558528 -0.7137767699585421 -0.22816417111263673 0.25367131777956653 0.6116488461422823
1644767907.7673442 2.7144559055039488 0.807295559350884 1.1964244459045303 -0.7142365997351404 -0.22669625385153655 0.2519724166111627 0.6123595800407656
1644767907.773939 2.712021982159897 0.8046721345877811 1.196181613623141 -0.714914578446198 -0.22763260063224308 0.25195413704474356 0.6112276486842655
1644767907.780575 2.708712599013421 0.8019923348267085 1.1958291173913471 -0.7159753307886156 -0.22532076627066006 0.24969995847343637 0.6117675105553321
1644767907.7871842 2.7058807175944004 0.7993383737654974 1.195573141935615 -0.7169348918660502 -0.22457430160758607 0.24857663525204152 0.6113754310184571
1644767907.793748 2.7034816301151947 0.7967633732471434 1.1953400436663517 -0.7176683974674993 -0.22514202945942285 0.24847255704816218 0.6103474651218416
1644767907.800338 2.6998723823031954 0.7944965333178794 1.1948588057629046 -0.7179683445328072 -0.2223498704593076 0.24646142443726887 0.6118318630461964
1644767907.806944 2.6970341016857975 0.7919854649224617 1.1946221374849981 -0.7178380975055294 -0.22137132225285616 0.24707390357313844 0.6120924572113042
1644767907.813547 2.694158135094887 0.7896205420348007 1.1945194722502588 -0.7189662931866211 -0.2204893603655312 0.24586094339549316 0.6115748567557888
1644767907.826884 2.688625149698007 0.783981383273266 1.194538563677544 -0.7229614647466108 -0.21815797689195135 0.24204994655627388 0.6092168973717917
1644767907.833345 2.6858204299699677 0.7814585231580194 1.194455854363195 -0.7228622784281765 -0.21663686760968606 0.24233944457491663 0.609761976134238
1644767907.846577 2.6831025931360117 0.7787903205905469 1.1945358874195586 -0.723846248324044 -0.21520040787288014 0.24143049917279616 0.6094638643625999
1644767907.853143 2.6804110673478587 0.7761701891075374 1.1946869034697554 -0.7247408526148165 -0.21387200871387546 0.2406724517305567 0.6091681102419347
1644767907.859746 2.67774741934228 0.773510668558583 1.1948567177281704 -0.7254930256404536 -0.21251927734152914 0.24000530544141016 0.6090094306361975
1644767907.8663511 2.675162174487407 0.7709106398265002 1.1950883358875906 -0.7261149891091256 -0.21103980887684437 0.23929422414750154 0.6090624765444528
1644767907.872946 2.672700395593167 0.7680582394735875 1.195345038945394 -0.7266042232604215 -0.20975606019036291 0.23919433786478198 0.6089616802315968
1644767907.879542 2.670436634108144 0.7653766350225722 1.1959303853378487 -0.727307075616849 -0.20878656136840393 0.2385960739227775 0.6086903937751703
1644767907.886144 2.667960057833188 0.762670364094598 1.1964011220739619 -0.7275734644950425 -0.20759224041721186 0.23861566934848655 0.608772944327168
1644767907.8927739 2.6657718863746 0.7597963437243176 1.1969925188738149 -0.727931680512543 -0.2065225699680669 0.23813871997336705 0.6088951542930685
1644767907.899345 2.6633459642985025 0.7572289258989643 1.1973985625656918 -0.7274345486901364 -0.20504531535726156 0.2377790765268445 0.6101278986789207
1644767907.905937 2.6612559362945447 0.754124690482457 1.1982221055241074 -0.7282012611935936 -0.2043650164022315 0.23836794641861483 0.6092110374782883
1644767907.912544 2.659130277790268 0.7514479122704459 1.1989133449777531 -0.7279427902380929 -0.20357155640438496 0.2385123698429887 0.6097289916495571
1644767907.919173 2.6568857708729348 0.7488984281542013 1.1995633898110567 -0.7273723776045422 -0.20242188647905543 0.23848318760318654 0.6108029755241106
1644767907.925746 2.6550372873402366 0.7458160238128739 1.2005889072463491 -0.7278870322644766 -0.20181267221339802 0.23900133427878464 0.6101884222427021
1644767907.932341 2.653157517499871 0.7428793858495386 1.2015159361142014 -0.7281380217458421 -0.2005837106152029 0.23859861099887206 0.6104519420415968
1644767907.938943 2.651293778052703 0.7402075542541562 1.2024830069029104 -0.7277484525284781 -0.19995246580437484 0.23904441322502928 0.6109487715495254
1644767907.9455528 2.6495547929600116 0.737087431595647 1.20368306213103 -0.7282686538584896 -0.19909577445117538 0.239631586320082 0.6103783668637496
1644767907.952148 2.647876928841245 0.7340886070474737 1.2048554354829233 -0.7284801635088451 -0.198018781800637 0.2395766488300862 0.6104979156732477
1644767907.9587462 2.6461447514911822 0.7313893224438315 1.2059655549040922 -0.7281303711855895 -0.1966390825388371 0.2392499519876258 0.6114885016794677
1644767907.965345 2.6445617326383464 0.728000592827772 1.2073584545706335 -0.7290474232180889 -0.19535697900222326 0.23989922455700446 0.610551719850391
1644767907.971943 2.642697962546445 0.7257471695616278 1.208312281222777 -0.7275336866522829 -0.19357335666571257 0.23968291921150148 0.613005533706033
1644767907.9785442 2.6414675610093563 0.7221570873254831 1.2099472508918705 -0.7286817376877552 -0.1927042913223009 0.23988830355834576 0.6118342531793276
1644767907.985142 2.6401067359198005 0.71883844210726 1.2114707413567058 -0.7295670136191895 -0.1912823479829053 0.24042607207451527 0.6110137230190603
1644767907.991743 2.638708228115845 0.7157596828130228 1.2129236675056871 -0.729512967773973 -0.189830889251968 0.24057097618565898 0.6114738458027951
1644767907.998364 2.6374229220871603 0.7125882387456844 1.2144889201024933 -0.7299047156675531 -0.1883560549046619 0.2404129615944462 0.6115245176740988
1644767908.0049438 2.6362991143738 0.7093816713981521 1.216110859222653 -0.7302078850710403 -0.18770088177253363 0.2410137957598028 0.6111273758199759
1644767908.0115771 2.634905782789704 0.7061462460815626 1.2176103332028345 -0.7303826162916353 -0.18614009571979717 0.24165882683643486 0.6111411595187017
1644767908.0181491 2.6336840983559457 0.7028762744896657 1.2192169130764607 -0.730653554241959 -0.1845888638914356 0.2416665067467584 0.6112848356850569
1644767908.0247738 2.632786369527345 0.6996541182275078 1.2210143085932874 -0.7309655186075278 -0.18435009068403702 0.24224088439899516 0.610756475420188
1644767908.031351 2.6315099344123754 0.6963900528448375 1.2225857969348684 -0.731300620482269 -0.18273764166395162 0.24239616741395814 0.6107783016215405
1644767908.03794 2.6302977537967283 0.6933475534616284 1.2242844138912257 -0.7311651420711616 -0.1813680490457358 0.24272222980987707 0.6112191064474161
1644767908.0445492 2.6292573463698394 0.6899746492663813 1.2258985909865818 -0.7310630887622814 -0.1799901137598521 0.24293421258054118 0.6116639160734105
1644767908.0511491 2.6282237334308904 0.6869681816405786 1.2275479927881616 -0.7309161059731918 -0.1789055095328309 0.24306045264128828 0.6121075388953598
1644767908.057753 2.6271810641404114 0.6837846621692812 1.229197863051313 -0.7307900109680658 -0.17784039951794295 0.24261022179995823 0.612746728603447
1644767908.0643451 2.626259841271941 0.6803647895149088 1.2309754187171231 -0.7312718153189042 -0.1766557314830894 0.24223924674019653 0.6126614469080343
1644767908.070956 2.6253781344724523 0.6768831026315368 1.2327282398872277 -0.7320775614767805 -0.1755445368175172 0.241142731076773 0.6124510288336651
1644767908.077569 2.624492451118909 0.6735247744748358 1.2344648702575372 -0.732126211216575 -0.17481440222431752 0.24091206995877884 0.6126923970379736
1644767908.084147 2.6233852517388954 0.6704242312798399 1.2359914781432364 -0.7317127085724422 -0.17351887892229587 0.2401013603598772 0.6138717302978456
1644767908.0907571 2.6225703717835693 0.6670309164600013 1.237748977749686 -0.7318445010945668 -0.17328925057979921 0.2395950474816534 0.6139774437665901
1644767908.097346 2.6217748483006273 0.6636535572889852 1.239475944777597 -0.731760405751969 -0.17314759231072402 0.2394334897968844 0.614180659509252
1644767908.1039848 2.620852573603971 0.6604599013113532 1.2411367196115952 -0.7311954938278832 -0.172506933316462 0.2392237678924333 0.6151147529000023
1644767908.110543 2.6199646743881244 0.6572265235339302 1.2427087172253146 -0.7308201061952089 -0.17213880911965174 0.2386199567193063 0.6158979789595574
1644767908.1171432 2.6192323502547072 0.6536639283166213 1.2444925672389158 -0.7313124573738919 -0.17177390336161044 0.23826874574242618 0.6155513040963063
1644767908.12374 2.6184108902334713 0.6501963066188199 1.2461102821254557 -0.731683814455164 -0.1714698910572999 0.23781841861051511 0.6153688471402655
1644767908.13038 2.617437149405201 0.646948396497184 1.2476341276666083 -0.7314736389765947 -0.17026972435181212 0.23735279816272295 0.6161313431802908
1644767908.136977 2.6167661411148724 0.64339260855324 1.2493483256599838 -0.7320388913123913 -0.17019689795333437 0.2371329388248435 0.6155644398131992
1644767908.143543 2.6158265474290507 0.6400206364240908 1.2509398213691694 -0.7319979447278845 -0.16931911959974993 0.23696664063166425 0.6159192283053093
1644767908.150198 2.6148039314422435 0.6367246084554364 1.2523737091584142 -0.7315758249480693 -0.16849170162367916 0.23763608002042397 0.6163895984039977
1644767908.15678 2.6140539720351157 0.6331882867323099 1.2540221548607464 -0.7318517940581039 -0.16808644928691532 0.23784623615473538 0.6160913565737687
1644767908.163369 2.6129355529121523 0.6299570829265845 1.2553814578651097 -0.7315360208176894 -0.16650918634721149 0.23787960597476618 0.6168813290466352
1644767908.169945 2.6121473525304935 0.6264444576707882 1.2569987517048822 -0.7317885856085873 -0.165922292786079 0.2378454601187456 0.6167530068740615
1644767908.176543 2.6111566490550624 0.6230517173853951 1.258507829394077 -0.7312479414389245 -0.1649174373474234 0.23906288710438406 0.6171931185553978
1644767908.183142 2.610276629389368 0.6194339085007105 1.2600189817755498 -0.7319316495684616 -0.16393283364347302 0.23902239479752482 0.6166604208899229
1644767908.18974 2.6092968700175905 0.6158631822759585 1.2614338435759354 -0.732139841452771 -0.1625983337159853 0.23942229201169415 0.6166113249280988
1644767908.196347 2.6082891702357136 0.6124718462512492 1.2628382812613612 -0.7322427490109668 -0.1611093261848789 0.23956297509458752 0.6168253539399534
1644767908.20294 2.60730152213691 0.6089517699619262 1.2642586435674212 -0.7324021292351853 -0.15984400625978365 0.2399164086883392 0.6168280112136136
1644767908.2095842 2.606290688930186 0.6051832255783114 1.2658113222783938 -0.7335619236008055 -0.15801238502059692 0.23995241558351568 0.6159070245388152
1644767908.2161741 2.605223941082074 0.6015658420673224 1.2672081398327588 -0.734044681128889 -0.15647129208396252 0.2403989909342514 0.6155509481122532
1644767908.2227788 2.604160458675899 0.5980894349990604 1.2685792838560837 -0.7343992996414624 -0.15483554145704725 0.24029775774420833 0.6155812298219588
1644767908.2293398 2.6029841720884095 0.59450331641238 1.270052142365247 -0.7349538618351139 -0.15313462988029292 0.2406029872807475 0.6152254028032864
1644767908.235945 2.6019459789307797 0.5904570473886599 1.2716404636272416 -0.7366262256798503 -0.151424605017381 0.24081340841813645 0.6135641387890357
1644767908.242538 2.6006325259644942 0.5870737489850091 1.2730867925068265 -0.7366660524145394 -0.14990844247957463 0.24064453547087902 0.6139546548425898
1644767908.249148 2.599851545935711 0.5830400822563443 1.2747696897752636 -0.7379892901598872 -0.1485848672495444 0.24034049126032409 0.6128054253992047
1644767908.255775 2.598601254251026 0.5791976653881522 1.276260514641761 -0.7386896842157876 -0.14722948704946462 0.2407926266403371 0.6121106339867167
1644767908.262344 2.5969592076756904 0.5759881872152356 1.2775543531483635 -0.7379796343408789 -0.14609192249626485 0.2420806562822012 0.6127314554781269
1644767908.275618 2.594422870279639 0.5687298897236881 1.2805915150834943 -0.7377897168699776 -0.1434869057625509 0.24190691656465285 0.6136436154006839
1644767908.282176 2.5930200419238885 0.5649573127374116 1.2821418821148194 -0.7379112644601055 -0.14217913808039653 0.24266069248379257 0.6135041551603237
1644767908.2887738 2.591421671200992 0.5614596341870989 1.283644569917241 -0.7374039929401348 -0.14042357517871265 0.24282922980001803 0.6144511797717811
1644767908.295341 2.58993802574632 0.5578346727970362 1.285143902396293 -0.736886636414033 -0.13873377922802962 0.2434173763116463 0.6152223964587477
1644767908.301941 2.5882461883697747 0.5542790040458845 1.2865550607337282 -0.7363339732324153 -0.13727957202188457 0.24460327891068662 0.6157397630479935
1644767908.3085382 2.586627585672675 0.5508734376954414 1.2879101244799291 -0.7355358880813776 -0.1353882590307362 0.24422420868505518 0.6172610113922148
1644767908.315147 2.584899548854311 0.5474030259642343 1.2893444673513539 -0.7347298256975295 -0.13346470096481255 0.24444038913654043 0.6185530463035922
1644767908.321742 2.5836192014635486 0.5436626447480237 1.2909475680296065 -0.7345467814087578 -0.13276164087587328 0.2449983077490111 0.6187009155917097
1644767908.3283799 2.5819324440474376 0.5398079582823233 1.29255795302415 -0.7350457578281369 -0.13051541705281952 0.2443171403981391 0.6188555627290961
1644767908.334977 2.5804991661175083 0.5359383144791181 1.2942676921970853 -0.7353064224336446 -0.12889796339300108 0.2431421352653493 0.619347513124829
1644767908.3415492 2.5789195284434716 0.5320666288196098 1.2959371354948066 -0.7354402036431349 -0.128058321879648 0.2435521983264358 0.619201602855131
1644767908.348137 2.5774201378486623 0.5285340109262154 1.2974372082797754 -0.734854408359445 -0.12782977986328445 0.24368060973187955 0.6198934691536631
1644767908.3547468 2.5755051323685 0.5249597129556255 1.2989843307366349 -0.7344928966811374 -0.12672716853079344 0.24391188971483266 0.6204570784473276
1644767908.361342 2.573663336427917 0.5215043168061346 1.300524184594898 -0.734018950319209 -0.12625622527759073 0.24498529206953568 0.6206909480115194
1644767908.367944 2.571791458963357 0.5177743461237491 1.3023316724573466 -0.7341947737776846 -0.1252721336283535 0.2451930965272154 0.6206003281002589
1644767908.374541 2.5702415242195307 0.5143290689099572 1.3039249107410558 -0.7335156083906178 -0.1253093153120886 0.246078758024239 0.6210453199873067
1644767908.38117 2.5685623944018547 0.5107103976163466 1.3056265640451077 -0.7332987106213995 -0.12469407120758795 0.2461147239947005 0.6214108657619208
1644767908.387707 2.5666488312636035 0.5072964917351309 1.3073097635961872 -0.732504660022589 -0.12385760457710772 0.24642478256083236 0.6223909614528184
1644767908.3943748 2.564790296768548 0.5039234153787517 1.3090180173386403 -0.7316841711326861 -0.12297540475108404 0.2464697775568893 0.6235122694753659
1644767908.40094 2.563119489710156 0.5001414382420918 1.3109489223697839 -0.7316808816745883 -0.12212549476039708 0.24575406832017913 0.6239655244588787
1644767908.4075599 2.56125484280681 0.49694173559172283 1.312641178942637 -0.7305140732668857 -0.12164102170602814 0.24579571879579643 0.6254092101544791
1644767908.4141388 2.559302581539154 0.4936525541584753 1.3144385568793697 -0.7300491769517533 -0.12023356741242297 0.2440193099008405 0.6269179711585544
1644767908.420745 2.557461569434842 0.4903273384865025 1.3162477910100638 -0.7287105742427729 -0.12057122133394181 0.24557344881555357 0.6278031907829521
1644767908.427402 2.555667819181127 0.48694692271747275 1.3181517542751089 -0.7282559213691915 -0.12043445358875118 0.24502192392640593 0.6285720378508187
1644767908.433943 2.5538142783331885 0.48377387904796454 1.3200545412525562 -0.7271662701680511 -0.12004930916294153 0.24459741547919553 0.6300706454237696
1644767908.4471989 2.5501155938029383 0.47757826341660137 1.3240309388087883 -0.7259613339605937 -0.11959021713422388 0.2433750054399363 0.6320178252011143
1644767908.453751 2.548602262650437 0.474031512569668 1.3262778837203786 -0.7259757875179369 -0.12036858697615405 0.24372724762280992 0.6317177259583696
1644767908.460356 2.5468629627113257 0.47092421193214834 1.3285071618953548 -0.7255781409532701 -0.12072071478621745 0.24359139742061964 0.6321596026701467
1644767908.4669409 2.545035226295921 0.46787158215995345 1.3306579167629344 -0.7254318775824472 -0.12123069661451501 0.24419682472783857 0.6319962045784704
1644767908.480224 2.5416526130337274 0.4618065712188817 1.3354013346316898 -0.7251709491521243 -0.12238899911905003 0.24412917939835904 0.6320985225669112
1644767908.486749 2.5399474721332935 0.45895947824562666 1.337815806164444 -0.7248920203982715 -0.12306483255182826 0.2440278527254752 0.6323264237304691
1644767908.4933782 2.5381898193819885 0.45628978181964575 1.340276815104846 -0.7247284074227077 -0.12318254622647212 0.24304545293666496 0.6328691419348867
1644767908.506603 2.535021392111442 0.4507499139707114 1.345418748602775 -0.7240085746751806 -0.12557719272222254 0.24393584733165874 0.6328797818130706
1644767908.519743 2.5334563437811917 0.4480582197095494 1.3480978865890887 -0.7237728693792231 -0.12667987993940613 0.24398976871272038 0.632908807226725
1644767908.5264692 2.530224944674525 0.44302511545940393 1.3535736525670419 -0.7235988802832023 -0.12814718520194912 0.243742941142545 0.632907550889051
1644767908.539545 2.5288949421434417 0.4403700769935562 1.3563812333285732 -0.7235354372308936 -0.13003456561919785 0.24477378706581976 0.6321968820831703
1644767908.54614 2.5275307367697453 0.43768890912820313 1.359394545128457 -0.7242521867119818 -0.131233357968403 0.24499494428428417 0.631041717973612
1644767908.5527449 2.526050168901955 0.43531089409739115 1.3623269160527172 -0.7245885248892814 -0.13201648126735446 0.2447510196153944 0.6305868271563105
1644767908.559341 2.5247078463602723 0.43298097135445 1.3652594139121976 -0.7248414375839277 -0.13330756791582282 0.24489952335281756 0.6299665281577983
1644767908.565944 2.5232315606936826 0.43103434086405096 1.368094375981089 -0.7247911145930843 -0.1339466967512221 0.24404364181945518 0.6302209011758512
1644767908.572545 2.5220743283673097 0.42846839129560893 1.3712409460122905 -0.7256970914307861 -0.13556116593641063 0.2448755846838513 0.6285081450941223
1644767908.57911 2.5207571242243647 0.4263781277831494 1.3742022306278057 -0.7259340747292188 -0.13652707822278118 0.2446423711546017 0.6281161215199068
1644767908.5857432 2.519667142689475 0.4242879987833075 1.3772614217076051 -0.7263810588068899 -0.1379233534585427 0.2444815025548995 0.6273564479454579
1644767908.592347 2.5184716675149423 0.42205116064196013 1.3803765951081115 -0.7271956187879567 -0.1389467825720016 0.2443987671891901 0.6262182641111238
1644767908.598944 2.517408438640988 0.4202405734706729 1.3834219213337302 -0.7272536901706275 -0.1403823094626298 0.2440766629778338 0.6259560764582227
1644767908.60555 2.5163314441910165 0.4182282566109661 1.3865635275069321 -0.7277867760307342 -0.14154306523190932 0.24365949364606018 0.6252372948007504
1644767908.6121678 2.5152770201403456 0.41649346705812096 1.3896450132642428 -0.7280451711120619 -0.1428275694154211 0.24299701894601736 0.6249020293724912
1644767908.61878 2.51424516394468 0.41457601618402234 1.3928372786857255 -0.728295917670614 -0.14438238893376962 0.24357593840072633 0.6240265550102945
1644767908.62534 2.5130837749398354 0.41286832622977854 1.3959318947087296 -0.7282969101369098 -0.14535289493461398 0.24358739298308282 0.6237956804322803
1644767908.631947 2.5121878446048944 0.4111488980948866 1.399172168277929 -0.7285286354896346 -0.1466737438106441 0.24330223660565395 0.623326992261041
1644767908.6385448 2.511368186642162 0.4095534302231339 1.4023298889781994 -0.7286942997595071 -0.14805761209165852 0.2431469050091835 0.6228666368487532
1644767908.6451461 2.5104598085137764 0.4080636925386474 1.405507091403927 -0.7285876150997346 -0.14922300503311248 0.24326716688086034 0.6226662269704413
1644767908.651743 2.5094610143569094 0.40670185753077936 1.4085795451652146 -0.7285068936058655 -0.15011892888765085 0.24371070350782634 0.6223717980052276
1644767908.658344 2.5088418849604213 0.4050766883292118 1.4118370271326186 -0.7292166792712603 -0.15081202241342542 0.24249146672285937 0.6218490990678487
1644767908.664945 2.5080628150779294 0.4037911445432552 1.415023178843033 -0.7291370516321253 -0.1518298423783667 0.24282608530518257 0.6215640623046685
1644767908.6715431 2.507314605362604 0.40245592478069037 1.4181502515442452 -0.7295750491653565 -0.15221834273889695 0.24259618574860936 0.6210447095573346
1644767908.678147 2.506721030434206 0.401046228474206 1.4214442541230319 -0.7299808458501469 -0.1531394132209109 0.243004859238582 0.620181063173418
1644767908.684764 2.5061138954441757 0.39998149381259085 1.4246393005282336 -0.7300659060436274 -0.15381442251711214 0.24282825225292354 0.619983040649578
1644767908.691346 2.5055695877416757 0.3987300778943399 1.4278138058854408 -0.7306367653988354 -0.15436566933805423 0.24286171429870773 0.6191598204519322
1644767908.697951 2.505060308180936 0.39763205297623805 1.431027657682358 -0.7308949895595396 -0.15490881073546153 0.24319950931685 0.6185865889378913
1644767908.7045782 2.5046447291635787 0.39654935438267613 1.4341653585156213 -0.7314422980222571 -0.15535745613378557 0.2430223865832634 0.6178963266938953
1644767908.711176 2.5041231375059505 0.3956087223570648 1.4372935249985563 -0.7316487249709669 -0.15557750777099685 0.24357013171783728 0.6173807290265071
1644767908.7177432 2.5039343371787375 0.39453488745484566 1.4404891119360577 -0.7325068782690991 -0.15610076112761803 0.24320359710178904 0.6163748336684617
1644767908.724394 2.5035975219701125 0.3936090980092215 1.4437040531938083 -0.7331899157206758 -0.15632685505250724 0.24304155880826192 0.6155687813628687
1644767908.730942 2.5033776553313127 0.3926991725057869 1.4468880403977027 -0.7341421409396032 -0.15650553650152324 0.24240392238151603 0.6146391433072411
1644767908.737552 2.50309230083516 0.3919799257548583 1.4499876115286632 -0.7346026342683336 -0.15676830390822138 0.2419930694787656 0.6141837609650342
1644767908.744141 2.502954495296954 0.39120987379956773 1.4531066661946483 -0.7354232472082761 -0.15705137824298365 0.2410522643597304 0.6134988532598102
1644767908.750767 2.5028517454313963 0.3904114057610582 1.4562992062380278 -0.7362557468272114 -0.15740800141638892 0.2401249025635523 0.6127722583674833
1644767908.757341 2.5029585773845398 0.38954990775117326 1.4595096095328348 -0.737372465855378 -0.15803960111831966 0.23894552046406659 0.6117269520670455
1644767908.763957 2.502918911374061 0.3889604869554268 1.4626338516221489 -0.7379459492334046 -0.15884396430397427 0.23806806329206753 0.6111690064234946
1644767908.7705479 2.502919733160413 0.38836972887482035 1.4657426217480656 -0.7387235784453086 -0.15973266090392912 0.23714903998715095 0.6103546744697381
1644767908.777144 2.503006398453744 0.387872411861717 1.4688432322366274 -0.7393104459533417 -0.1609226467738482 0.23612214133385426 0.6097293697491463
1644767908.783753 2.5031154746183653 0.38722905097203486 1.4720191293416294 -0.7401804813132598 -0.1620771961389128 0.23498671232129376 0.6088059716297146
1644767908.790348 2.503271528257661 0.3867521656671187 1.475163874990028 -0.7407881679252349 -0.16337590968934512 0.23366885522258188 0.6082266295980956
1644767908.796949 2.5033945684488215 0.38636764218144654 1.478284026109387 -0.7412305558756791 -0.16471286654913087 0.2322416628350521 0.6078735163445403
1644767908.803552 2.503384530097754 0.38630280313083415 1.4812925255591034 -0.7407635837029108 -0.16596381700099805 0.23097190398439416 0.6085859258064997
1644767908.8101492 2.503643639060197 0.3857632269354156 1.4844577364371834 -0.7414433797295453 -0.16711013209406042 0.2294322593797313 0.608026538819322
1644767908.8167522 2.5038309434476402 0.3854857965087323 1.4875196317222255 -0.741400307079204 -0.16818021438619005 0.2278342717153137 0.6083848980930652
1644767908.823382 2.5040036381715 0.3853453645550292 1.4905512686478977 -0.7409540749762278 -0.16918860639084163 0.22591617904522765 0.6093633058532261
1644767908.829947 2.504263639584732 0.3849358876158882 1.4937029599857334 -0.7410551982843301 -0.17006425553418178 0.22424124884584226 0.609615234453055
1644767908.836544 2.5044909291032167 0.3847621889935702 1.49671202169469 -0.74051778334184 -0.17088690699775755 0.22232011192325576 0.6107408846830341
1644767908.843141 2.504761448017697 0.38464354114546573 1.4996149971672352 -0.7401185605530178 -0.17196367435718582 0.22081820515513667 0.6114669378903865
1644767908.849747 2.505120321380148 0.3843221565963495 1.502765273857676 -0.7398878338793468 -0.17279251490586472 0.21814264290262497 0.6124721134103679
1644767908.856431 2.505540275497633 0.38417506385462646 1.5057348680199383 -0.7395707561039759 -0.1740543266857574 0.215629632259605 0.6133870982306346
1644767908.862945 2.505951104283265 0.3840057920284276 1.5087840001670143 -0.7391773268240516 -0.1755627128478054 0.21350112864680432 0.614175488599304
1644767908.869545 2.5063437338036265 0.383761962163752 1.5117974760085289 -0.7389004489795027 -0.17713626413877734 0.21102881071031232 0.6149107282199232
1644767908.876182 2.5066590743297215 0.383973964332329 1.514574766370902 -0.7378718236556854 -0.17916863588656726 0.20931532913623255 0.6161415206145965
1644767908.882742 2.5072778091950587 0.3836672238175113 1.5177330860187142 -0.7378590357787298 -0.18109945665273083 0.20617136458765173 0.6166523142479935
1644767908.889343 2.5077399083710787 0.38377062882299684 1.5205852217589912 -0.7369244612861297 -0.18344334374694485 0.20373969966136812 0.6178840599610905
1644767908.895943 2.5084763185208114 0.3834619366108656 1.523689496473854 -0.736940799659829 -0.18577686590497758 0.20157278553102168 0.6178780006769329
1644767908.902547 2.509071403599499 0.3833825737859911 1.5265983832417764 -0.7363585087280582 -0.18809486932239985 0.1995195326576377 0.6185369635156409
1644767908.9091468 2.5096565996545652 0.38355093842390353 1.5293915885930531 -0.7352016193631321 -0.19045317442726015 0.1974588656072606 0.6198513210639791
1644767908.9157481 2.5103936487211858 0.38347758836607404 1.532228576532745 -0.7348826647321463 -0.19268356212537813 0.19607295448430603 0.6199802261170172
1644767908.922338 2.511160657674446 0.3835292310306755 1.5350842186080782 -0.7340394679899371 -0.19478150870176753 0.19379077857746985 0.6210403136253972
1644767908.928977 2.5118999836617806 0.383702028905823 1.5377364920339993 -0.7331870652135537 -0.19670426912591818 0.19277375922774903 0.6217572501189943
1644767908.93555 2.512672619980257 0.38363514142597 1.5405757057763314 -0.7332586921642562 -0.1977163883031989 0.18977235621490765 0.6222748651647046
1644767908.9421408 2.5134778395292137 0.38354263543378697 1.543317332081958 -0.7332397233638615 -0.19994202798067603 0.1894338450292889 0.6216889870969757
1644767908.9487739 2.5143963942985987 0.3837267178353522 1.5460358428935945 -0.7329684438122016 -0.20158820229280477 0.1872340412495657 0.622143355505776
1644767908.95538 2.515091820243491 0.3839588863441895 1.5487105750746866 -0.7325324405201346 -0.20318055887281242 0.1864639032456204 0.6223701726150161
1644767908.96194 2.5161560994088097 0.38360497037144015 1.5516616991186885 -0.7335407308545495 -0.2044841184490684 0.18441588511198392 0.6213651741183388
1644767908.968568 2.5169922005164533 0.3837479581432112 1.5544462436441526 -0.7334121634099305 -0.20615765017706608 0.1834186548040229 0.6212589455256773
1644767908.9751701 2.5179480383869475 0.3840090880614712 1.5570844401853747 -0.7332002663179121 -0.20815122439549563 0.18258476092466225 0.6210899385983288
1644767908.9817421 2.5187572012450286 0.38433387611722913 1.5595880910629314 -0.7329555689872945 -0.20995696237562758 0.18267497883510572 0.6207445388960268
1644767908.9884071 2.5198256612730234 0.3846190976196673 1.5622857076936474 -0.7326411624717971 -0.21194925304220835 0.1814407786364014 0.6208004915664793
1644767908.994977 2.5208192396909768 0.38464644357651595 1.5649380378237452 -0.7330510910917029 -0.21362010398624712 0.18125212761591653 0.6197982794321412
1644767909.0015512 2.521784549116973 0.38492370362079986 1.5674499893742018 -0.7328553530119812 -0.2153097342341847 0.18071790911452934 0.6196009660569318
1644767909.0081549 2.522798175384692 0.3849945017053512 1.5699640460292776 -0.7336568693378418 -0.216920241090264 0.18098067427041004 0.6180120040251518
1644767909.014791 2.5237084563437806 0.38566087413648675 1.5725430775217655 -0.7329181510358111 -0.21886936272300592 0.18018598927914717 0.6184333640220726
1644767909.021389 2.524896898667959 0.38572734610401566 1.5752106557586474 -0.7335279235982518 -0.2205762186313828 0.18019150167234907 0.6171009136249245
1644767909.0280461 2.526058011273278 0.3862236462324045 1.577616056134434 -0.7335201736229626 -0.22233684422966124 0.1797367642567086 0.6166107704916631
1644767909.034582 2.5270508021513596 0.38666236126119646 1.5801512507944522 -0.7331671562451488 -0.22425846383959655 0.1798446086449938 0.6163032121362363
1644767909.041166 2.5281131003981696 0.3870739073651214 1.5826294885534198 -0.7329081081447252 -0.22612033146667887 0.17929888400332872 0.6160898242726417
1644767909.047764 2.5291724502098187 0.38761749517610217 1.5850109044966425 -0.7323083728320408 -0.2283469421356404 0.17930173134543398 0.6159809600877711
1644767909.054351 2.5303711465623846 0.3881798912973808 1.5873105490702442 -0.7317979373154136 -0.23054266424257971 0.17870729631514112 0.6159424622336143
1644767909.060951 2.531450256046456 0.3890595840471136 1.5894886031905533 -0.72982930397578 -0.23326058966473173 0.17937781276854714 0.617059123435687
1644767909.06758 2.532651544968552 0.3894226870438244 1.591962624661875 -0.7294470741358438 -0.2349474313099447 0.17773967006694474 0.6173450597194314
1644767909.0741491 2.533824265202798 0.39014849162271825 1.5941063770144566 -0.7279105350433969 -0.23765819722228118 0.1782133054177235 0.6179841891124961
1644767909.080748 2.5351301119244893 0.39084967009361327 1.5963343747035457 -0.7266561819245986 -0.24052860233622925 0.17736123171283205 0.6185945980497574
1644767909.087371 2.536493466691877 0.39116701916528307 1.598760765297369 -0.7258345185726176 -0.24326980342735297 0.17652288943321254 0.6187271300800288
1644767909.093945 2.537583528432101 0.39202678915964206 1.6006806869235357 -0.7244419072714545 -0.24530387401845963 0.1753929743383989 0.6198765835451538
1644767909.100548 2.5390885718653364 0.39239300923430304 1.6029945247039878 -0.723673235698168 -0.2481443808960124 0.1750142533815168 0.6197506814437463
1644767909.107147 2.540329902187583 0.3930476183382471 1.6050494307516505 -0.7223036916536041 -0.24969469858547094 0.17411562121350596 0.6209775680260887
1644767909.1137521 2.5416530980471745 0.3939350313176757 1.6068670802039684 -0.7209848656147637 -0.25228444613417556 0.17441698112363752 0.621378816187472
1644767909.120349 2.5430982834043525 0.3952636529507877 1.6087376038149368 -0.7190246228488978 -0.2552021518528316 0.17444658652514275 0.6224494723991135
1644767909.126966 2.5441684712885335 0.39583396506699847 1.6107040898830554 -0.717777413533748 -0.2565499459183874 0.17485485818456042 0.6232198285839222
1644767909.133557 2.5458624538114947 0.3965904247248319 1.6125843016411416 -0.7166945233052336 -0.2590485962978782 0.1741800232218709 0.6236213591697991
1644767909.14675 2.547342264136924 0.397465023554674 1.6143561789535377 -0.7153252694600191 -0.26123047866690624 0.1735343454330594 0.6244628427695006
1644767909.153347 2.5487681605100256 0.39842021251454396 1.6160799820759444 -0.7137918472923241 -0.26292542589506634 0.17257911480529362 0.6257694649051575
1644767909.159963 2.550099666693408 0.3992154467230998 1.6178203055043874 -0.7126504532874236 -0.26452111192241634 0.1718424178136005 0.6266001626710277
1644767909.166613 2.5533926142514978 0.40075649370141886 1.621298983487926 -0.7101751963005528 -0.2682082480995456 0.16925446263386373 0.6285443765378645
1644767909.179754 2.554893389808828 0.4021541984287911 1.6228369624301135 -0.7082684894944368 -0.2702000798958737 0.16828706520551456 0.6301004847319668
1644767909.186343 2.5564555773035704 0.40314083904318687 1.6244130704455353 -0.7071007211296579 -0.27169755924805555 0.16661351559937881 0.6312119382787978
1644767909.192946 2.5580468310935123 0.40433729036957916 1.625962675986943 -0.7054994954388084 -0.27340189042163304 0.16525788874627573 0.6326225437376608
1644767909.199542 2.559824571868209 0.4052355029248198 1.6274777629929384 -0.7043976723502435 -0.2748623179314025 0.16326565332432585 0.6337337967011386
1644767909.206143 2.5615334034153343 0.4066001437714752 1.6288013140121018 -0.7027977977593212 -0.2769613733542513 0.1618324125336941 0.6349625772666452
1644767909.212776 2.56330716013611 0.4077786612641571 1.6302314595258163 -0.7015062975950683 -0.27856168996436564 0.1601164911211493 0.6361246967680779
1644767909.219352 2.56503369551864 0.4092285658510397 1.6314522950962633 -0.6999172222063421 -0.2806271110862848 0.1588782500272032 0.6372767203604054
1644767909.225945 2.566981920000677 0.4102887716908277 1.6328374319574555 -0.6988831015721491 -0.2830066282428506 0.15710271460050707 0.637799309685586
1644767909.232552 2.569019550760244 0.4123064122958593 1.6340397337848998 -0.6966800108370497 -0.28635089101987804 0.1561246262829285 0.638956044566239
1644767909.239177 2.571171817329746 0.41316073964826605 1.6352520306567753 -0.696166958988127 -0.28865916615612724 0.15386682092775028 0.6390242392066355
1644767909.245746 2.5731288978195597 0.41446218373410415 1.6364535534531268 -0.6950372204212694 -0.29091649127589725 0.15240315604054366 0.6395809664251454
1644767909.252363 2.5752059940577094 0.41656356029724895 1.6375499903959088 -0.6932430904141459 -0.29468305546648516 0.1514487906310941 0.6400302800084038
1644767909.258955 2.5774176239455744 0.4178677006978692 1.6387499952193274 -0.6926033196764241 -0.2966071691467704 0.14914209472092305 0.6403756423965257
1644767909.265574 2.579964150218716 0.41833233394587616 1.6406235680031134 -0.6940733874628862 -0.2989057750882181 0.1460607092760064 0.6384226010646711
1644767909.2721448 2.5820098072874833 0.42019807928087655 1.6410817630029402 -0.6922280777625461 -0.30078153440316857 0.14488933800201373 0.6398105277505801
1644767909.27874 2.584251058307645 0.42220525764195393 1.6422632559805035 -0.6914348193134353 -0.3030269069805411 0.14344935060865954 0.6399332071229162
1644767909.2853498 2.586618342031776 0.4240574119668671 1.6432246220998856 -0.690805628134955 -0.30518844972219744 0.14158185653647576 0.6400014634962942
1644767909.291957 2.5891494042514704 0.4248175268095399 1.644864938722864 -0.692242977418229 -0.30637689207415036 0.13892645114682056 0.6384604867020156
1644767909.29856 2.5915288420578517 0.426852444910585 1.6455268930711386 -0.6911724279356285 -0.30740118909611097 0.13701541994653268 0.6395401247426605
1644767909.305142 2.5940212972621253 0.4290241455611718 1.646387989338025 -0.6903172998615874 -0.3093408845531229 0.1350836879973207 0.639939341073978
1644767909.3117619 2.5964910959280783 0.4307197481530468 1.647379474676847 -0.6900299294907951 -0.31048756974505787 0.13329834239542812 0.6400681803873068
1644767909.3183649 2.5995568090747905 0.4312838318277815 1.6491093540461037 -0.6922225409403807 -0.31111766462378787 0.12871820061509714 0.6383298491049054
1644767909.3249469 2.602372966492707 0.43312937050420797 1.6502688649924813 -0.6919674435516293 -0.312892332873646 0.12588264190124618 0.6383043985003612
1644767909.331551 2.6047685607643887 0.43578587486509107 1.650582977312166 -0.6898515821766522 -0.31448877023998834 0.12520645102515893 0.6399410860346604
1644767909.338152 2.607852479263578 0.4368495246384454 1.6522201731054045 -0.6911799894605715 -0.31572491843783235 0.12106285578278017 0.6386949273958968
1644767909.344776 2.61029859840641 0.4396195376756096 1.6524859489047303 -0.6887912667638444 -0.31724121583099046 0.1206246467764963 0.640604173474205
1644767909.351381 2.6131521183534647 0.441484699833751 1.653467201218634 -0.6887119862814907 -0.3185914500930568 0.11813071858209845 0.6404840766548093
1644767909.357942 2.615939752125903 0.4434199201730429 1.6543328006953595 -0.6881208998528212 -0.31954703310151056 0.11631254756198102 0.6409759617617852
1644767909.3645408 2.6187332343698104 0.4457061510242735 1.65520555618473 -0.6872340393628963 -0.3210267295922617 0.11522322243539508 0.6413846879178887
1644767909.3711429 2.6217462346356895 0.4470296997444011 1.656266848589026 -0.688259731600984 -0.3210783364883063 0.11223032034992411 0.6407895089920856
1644767909.377741 2.6247888526625456 0.44923781094797205 1.657064266087525 -0.6878022456355767 -0.32212144762053174 0.11106197487640257 0.6409606867313811
1644767909.3843799 2.627773922706306 0.4513124093907689 1.6578940051119038 -0.6876884046173222 -0.32255898690546647 0.1096222050246992 0.6411106906143916
1644767909.390978 2.630676387451931 0.45321291243512524 1.6588050594632786 -0.6880749093056244 -0.32269180804825104 0.10794329833628585 0.6409139387434334
1644767909.3975942 2.6337496751610656 0.4555083106098659 1.659545702824739 -0.6878257613330708 -0.3231072535763232 0.10660720903081315 0.6411957391474208
1644767909.404143 2.6369038512535115 0.45749613534436195 1.6604152651968105 -0.6882513898049553 -0.32332761322139275 0.1049566583252282 0.6409000315670944
1644767909.4107819 2.6398876215018117 0.45951567008172645 1.6612533494221875 -0.688681245956212 -0.32324568588468083 0.10265641654047412 0.6408522313134137
1644767909.417377 2.643122524749992 0.4609885752336467 1.6626500397365855 -0.6905051500229035 -0.3239379034120307 0.10084038392103405 0.6388252675844408
1644767909.423983 2.646025565436605 0.46408951354927946 1.662725880200033 -0.6888973966589073 -0.3246360139372659 0.10093592915660626 0.6401900859229687
1644767909.430596 2.6495560381849645 0.4649464020454051 1.6643763716051643 -0.6918171490271874 -0.3245014712673161 0.09721958851454299 0.6376799596152061
1644767909.437141 2.6526756028213065 0.4675066647036098 1.665227092218124 -0.6915197363240019 -0.32582245041371627 0.09597990781195721 0.6375168160258116
1644767909.443757 2.655676348442058 0.4702789028359111 1.6655724990106981 -0.6910274702590147 -0.327124375864982 0.09657313816156107 0.6372940943109201
1644767909.450367 2.658624298488321 0.47274979248643734 1.6657777201352233 -0.6905019706925721 -0.3270818174560321 0.0954287106998788 0.6380574562133251
1644767909.4569988 2.662239994884653 0.47492457748573796 1.6673988208668518 -0.6916216021199965 -0.3295442592887673 0.09422193427156345 0.6357530215158735
1644767909.463574 2.665441478765274 0.47790060932289763 1.6677930380215626 -0.6908453426475154 -0.33172902282170136 0.09548808025765475 0.6352716610112527
1644767909.470168 2.668858472815322 0.47990403518256564 1.6692236793266872 -0.6922291628480013 -0.3337673731751247 0.09463535689801561 0.632820626959647
1644767909.4767911 2.6717659560001707 0.4836048679012145 1.6692580937568195 -0.690076881790813 -0.3355968570245152 0.09639971705584871 0.6339363974523488
1644767909.483375 2.6749782772470323 0.48561702480138147 1.670439733788036 -0.691582560388719 -0.3369446253982656 0.09593201649988135 0.6316474502058307
1644767909.489944 2.6782853769739368 0.4883862109232867 1.6709448467281605 -0.6910050444777874 -0.3382542998403475 0.09662720962012775 0.631473514579624
1644767909.496573 2.681473776582277 0.49120396889288787 1.6718885039429217 -0.6912746545410275 -0.3400790337389232 0.09727350904650936 0.6300976620153153
1644767909.5031948 2.684973783455203 0.4936448278973764 1.6729921657219076 -0.6922509173262332 -0.3411996521290093 0.09691762894308287 0.6284726800897386
1644767909.5097442 2.6880567491886804 0.49707722189789416 1.673731248362635 -0.6917397881874107 -0.34291541456664243 0.09843619210488284 0.6278653988876081
1644767909.5163462 2.6913918550824483 0.4998248141613136 1.6747804499876282 -0.6925337885002206 -0.34397371501044266 0.09852231040164357 0.6263959983505273
1644767909.522942 2.6948103019723098 0.5024999869589092 1.6758271693153701 -0.6933529332644266 -0.3443021866947655 0.09829231301028991 0.625344739519051
1644767909.529548 2.6979853291715017 0.5053641547644478 1.676734743564378 -0.693961714883359 -0.34511219450746466 0.09948921932197359 0.6240320640277511
1644767909.536142 2.701134702829756 0.5083848497451028 1.6775459108067796 -0.6943955190954954 -0.34427820386826874 0.09877930042089765 0.6241230364452401
1644767909.542745 2.7044228808961486 0.5113378146546625 1.678331223178525 -0.6948952880029237 -0.3437805937090643 0.0991467427038548 0.6237827444016549
1644767909.549344 2.707865967151841 0.5141463776049484 1.6793289598587262 -0.6957635360184727 -0.34375225848443564 0.09931766621463418 0.6228024996937522
1644767909.555954 2.7111721044591954 0.5170505385784825 1.680074554594458 -0.6962815547706791 -0.34273527073680154 0.09969582661262581 0.6227237260952254
1644767909.5625548 2.714640335088999 0.5199647093216444 1.680999704702006 -0.6968676526080761 -0.34355132415805767 0.10155816559439088 0.6213158722008086
1644767909.5691679 2.717990780083735 0.5230900016184731 1.6817744639697365 -0.6971528640825533 -0.3425431388004717 0.1015454585516253 0.6215546200186565
1644767909.575768 2.7214526580760894 0.5261798049976539 1.6825784963256494 -0.69726947664695 -0.3425257891937885 0.10260963018808716 0.6212585567011273
1644767909.582376 2.724886448138626 0.5291627903742275 1.6833665251035366 -0.6978445278779376 -0.3425516906918521 0.10411089684141733 0.6203482102388002
1644767909.588974 2.7284029653181148 0.5322540048203284 1.684178444378341 -0.6980185780627487 -0.34304172492705 0.10562834079841318 0.619624686120011
1644767909.595577 2.731665796445032 0.535419741130479 1.6847653826711597 -0.6979526027146231 -0.34378452385191466 0.10845679475629004 0.6187980328402893
1644767909.602174 2.7352288177122825 0.5386897520308584 1.6855157605794537 -0.6975578528270959 -0.34404944424881795 0.10978200530545036 0.6188623277905781
1644767909.608782 2.7387971541050273 0.5420244091801822 1.6862723695773734 -0.6971105269224505 -0.34512909563907734 0.11130193504609277 0.6184936168666793
1644767909.615341 2.7423389990391587 0.5453322220538933 1.6870516628199583 -0.6965755275899748 -0.346274343935791 0.113045918896821 0.6181398804348807
1644767909.621943 2.746000287345967 0.5485069037176459 1.6878986653884644 -0.6961557677109754 -0.3483096025535016 0.11562348505084132 0.6169913239824405
1644767909.628543 2.7493269345399463 0.5520515322841603 1.6884595482149947 -0.6951660879130522 -0.34923093511868686 0.11704803924590487 0.6173177229361392
1644767909.6351411 2.753326659847635 0.5551796457776058 1.689525706565092 -0.694610632107324 -0.3513238014822393 0.11781135824044119 0.6166099322376438
1644767909.6417458 2.7569589709601843 0.5588176347102493 1.6904470174902828 -0.6934830551497114 -0.3531515675610148 0.118171115353583 0.6167661529923744
1644767909.6483672 2.760674673878206 0.5623843769179204 1.6912506404887795 -0.6922130483700598 -0.35545065611194443 0.1191143394697707 0.6166905971594469
1644767909.654965 2.764301196433304 0.5658713303977077 1.6919670879785074 -0.6909154706495191 -0.35732624887771774 0.12046379468678292 0.6167996831458684
1644767909.6615732 2.768186665007266 0.569799711253576 1.6929560868340154 -0.6889274775382849 -0.3602456071915879 0.12086186562444881 0.6172471327008324
1644767909.668158 2.7722653519436657 0.5730588074386714 1.6941760631397553 -0.68800984394312 -0.3636745134491993 0.12204401325046989 0.6160261402672149
1644767909.674758 2.7760908248431195 0.5768989831068053 1.6951575672873238 -0.6864140823012167 -0.36572322538030994 0.12123992208303352 0.6167517279393748
1644767909.681346 2.7800382511747803 0.5803352300289802 1.6961324332253733 -0.6850115790420576 -0.36862432584972027 0.12236584795669654 0.6163613863288172
1644767909.6879869 2.7838949728039513 0.5844079885103113 1.696991130854224 -0.6828683796259611 -0.3706413283499574 0.1217534962152608 0.6176499034797439
1644767909.694589 2.7877593066335553 0.588101464110973 1.6979886542413978 -0.681291914095291 -0.3730180824338281 0.121738501287872 0.6179628268111865
1644767909.707863 2.7956792812240483 0.5954922556217077 1.6999123652672985 -0.6784880808770027 -0.3772635202363225 0.12145367610888791 0.6185262509819106
1644767909.714354 2.7991643085497233 0.5996771289456164 1.7001864593394975 -0.67604312318153 -0.3784274432221853 0.12213045556171022 0.6203564504053681
1644767909.720948 2.8037062876517047 0.6030297124260476 1.7019517295753215 -0.6761053978597016 -0.3820816714495684 0.12180653707428818 0.6181082110440598
1644767909.727576 2.8070454022507643 0.6079093875163201 1.7020690524253783 -0.6726936468178571 -0.38290767623958116 0.12237378494150902 0.6211998801113101
1644767909.734151 2.811497805285062 0.6108159599439409 1.703773503732739 -0.6736320057784472 -0.38557422722308454 0.12174939651059095 0.6186510515510553
1644767909.74075 2.8154687409623897 0.6147038019268 1.7046254509338654 -0.672485700383599 -0.38734185464030857 0.1219927982026286 0.6187459794014896
1644767909.7473521 2.818993961529189 0.6188388159298022 1.7054314360739853 -0.6712085078487815 -0.38846484997810654 0.12242307460197474 0.619343543544337
1644767909.753948 2.823484581412531 0.6226013431206778 1.7062326020058138 -0.6704531352460615 -0.3908737544326997 0.12187845230347658 0.6187530817324839
1644767909.760552 2.827467407837565 0.6263747314460834 1.70709421849704 -0.6698651182404338 -0.3922237994003389 0.12210829039125538 0.6184903673712423
1644767909.773824 2.835172956368599 0.6344377405999965 1.7087956423585882 -0.6686339436517673 -0.3951196699118694 0.12163957226069996 0.6180715933619169
1644767909.780354 2.8395198262650445 0.6385197713513849 1.7095356215236748 -0.6679433168579516 -0.39693517069414563 0.1209721635868188 0.6177860355156647
1644767909.786934 2.842959532608799 0.6425482540566422 1.7104356303659933 -0.6676671478262955 -0.3971234130059117 0.12047355713650425 0.6180607855150865
1644767909.7935722 2.84729185498558 0.6464022457625048 1.711211989444262 -0.6675709116852626 -0.39872742699356545 0.11962333250295396 0.617296761670178
1644767909.800137 2.8507985282167643 0.650400197035828 1.712202626439457 -0.6676407903887959 -0.3990023243764512 0.11885143780435631 0.6171926129431908
1644767909.813403 2.8591824089908875 0.6583575673332768 1.7141431608597568 -0.6673775627617016 -0.4020431881355909 0.11661489722801113 0.6159293576225805
1644767909.8265731 2.8626120567748887 0.6625958940428106 1.7149940589356574 -0.6669176566778614 -0.4028622174254409 0.11684383803480909 0.615848976678372
1644767909.833157 2.866502854116908 0.66666812953484 1.715801730616178 -0.6666324209605661 -0.40413721944698217 0.11641913836022853 0.6154026570961434
1644767909.8397381 2.87003701914581 0.6708693247192035 1.7164732864625785 -0.6659469421735489 -0.40534125827067347 0.1171751141021851 0.6152094866464006
1644767909.846454 2.8777124149709152 0.6788271092288455 1.7181305170247592 -0.6651828749133369 -0.4096635757577172 0.11859118839181727 0.612897380985667
1644767909.859545 2.8816768196808185 0.6828790937707793 1.7184960644575997 -0.664070800923677 -0.4117141781830343 0.11986545954459021 0.6124811388037437
1644767909.866207 2.885244767439896 0.6868000333389578 1.7193506577183848 -0.6641168383750334 -0.41326105650261546 0.1200115574502264 0.611359929900996
1644767909.87275 2.8890744425464603 0.6909068542795878 1.720126125877043 -0.6631939263586356 -0.4157711631443889 0.12092764962484555 0.610478665703805
1644767909.879346 2.892618601278269 0.6950707572017942 1.720704558184975 -0.6623858845160631 -0.41756358484817174 0.12229717603342762 0.609859414854804
1644767909.885947 2.8964428655895023 0.6992519006431628 1.7209437356147201 -0.6613234538959244 -0.41969307813864815 0.12380730668174081 0.609245733012739
1644767909.8925781 2.9001415463630913 0.7034537770674251 1.7214339010953261 -0.6602293928400772 -0.42220601491873466 0.12561255025897705 0.6083258464002164
1644767909.899149 2.9037668242213766 0.7076781911896611 1.7221472540129084 -0.659721805433574 -0.42469527144839625 0.12680128847899994 0.6068953692050405
1644767909.9057438 2.9070232704780254 0.7117686285157632 1.722613061931853 -0.6589141131907368 -0.42631815733052025 0.12809329531956914 0.6063633668966746
1644767909.912349 2.9106288080037017 0.7161557078499048 1.7229357231139846 -0.6575852919228713 -0.42868939901870734 0.12901329960007044 0.6059389646681427
1644767909.918944 2.9142721689657693 0.7201816877982088 1.7235846783036246 -0.6570515305053812 -0.4311626717436633 0.1291682516192463 0.6047288491838098
1644767909.925577 2.917599540718936 0.7245940653829525 1.7238060524716603 -0.6555845837422342 -0.43281481445295156 0.12932969702011635 0.6051061965912158
1644767909.93218 2.9211225415888316 0.7287563128051435 1.7242476048943907 -0.6542939071837748 -0.435526957091269 0.12965243818239874 0.6044878339363522
1644767909.938752 2.924692914722763 0.733116804891661 1.7247968211254894 -0.652691882329804 -0.4386763125860611 0.1299929026120187 0.6038690263273281
1644767909.94535 2.9277368783500446 0.737463273252771 1.7249937999763802 -0.65099335046402 -0.4406464131102321 0.12975387898185153 0.6043192108519352
1644767909.9519842 2.9312200474854646 0.7417234761821103 1.725422812191714 -0.6495119648294806 -0.44354672583069693 0.12937488816861029 0.6038725740540707
1644767909.958549 2.9349240153474465 0.7461259628153416 1.7258401285100662 -0.648319957078856 -0.4467414581592313 0.1285114614126574 0.6029822677356832
1644767909.965169 2.9381969296676207 0.7502628916827168 1.7261302245600993 -0.6467714033609964 -0.4493167570393104 0.12851467704455713 0.6027310673188605
1644767909.971748 2.941823433677073 0.7545509839455251 1.7264194638820298 -0.6458667466841265 -0.45142005261332097 0.12684112045398857 0.6024838644568298
1644767909.978349 2.945285838228165 0.7586874550524841 1.7267554783484524 -0.6448177286712815 -0.4537261193374355 0.12625821372446017 0.601997579047136
1644767909.9849448 2.9489832306151604 0.763163010270868 1.7270858004211087 -0.6436638726840068 -0.4564340462973737 0.12464142630790363 0.6015220321345828
1644767909.991549 2.9520281543502938 0.7673193244821913 1.7272399124718067 -0.642841521979644 -0.4574429898256151 0.12303594712656621 0.6019654489669807
1644767909.9981408 2.9549806252084867 0.7718206665925956 1.7270398064086359 -0.64094784149718 -0.459001449753675 0.12260918856156615 0.6028846864849084
1644767910.0047739 2.9586198083590904 0.7759314862649922 1.7271620916456578 -0.6407492607739881 -0.46019391354248973 0.1199785236988378 0.6027160725701954
1644767910.011381 2.9622557849388333 0.7798698453407767 1.727352497675713 -0.6404237217044645 -0.46195366750623373 0.11775693051554292 0.6021536600948225
1644767910.017948 2.965020589765994 0.7845349627052606 1.7269484129812052 -0.6386842886121861 -0.46367975706535836 0.11742686037741779 0.6027386797846991
1644767910.024579 2.9684980723395995 0.788302075912358 1.7270968683416277 -0.6386787666510787 -0.4656472260824967 0.11535424221028233 0.601626925876067
1644767910.0311801 2.9718151166941995 0.79257165403101 1.7270141372403442 -0.6377289333479276 -0.4683267944150842 0.11453044715562627 0.6007113806581789
1644767910.037746 2.9750244440344624 0.7968540362259552 1.7268033947402837 -0.6368344353871122 -0.47090389630009877 0.11417435965049787 0.5997124754754427
1644767910.044352 2.9784076666649226 0.8012115865971053 1.7266325367424908 -0.6357648621791552 -0.473907195273855 0.1136147034484106 0.5985868325261606
1644767910.0509481 2.9812437182485443 0.8057122737445099 1.7260886964621027 -0.6339402405624947 -0.4764611435528204 0.11410125636555812 0.5984018865421714
1644767910.057573 2.984339359874317 0.8100960124564317 1.7255869448384806 -0.6332030695274129 -0.4782108751730263 0.11382735506112222 0.5978387212857109
1644767910.064159 2.98792861169264 0.8142379592340259 1.7252766384106462 -0.6329859933719181 -0.47964695556483333 0.11182947453366728 0.5972949641725185
1644767910.070796 2.990951477593233 0.8188753276102605 1.7246941086561183 -0.6313202453983587 -0.48180269256424574 0.11272239820919859 0.5971550000645875
1644767910.0773451 2.9939483741116693 0.8229516216396859 1.7239024317871185 -0.6309257684330836 -0.4828491280160883 0.11327609097782539 0.5966215219823858
1644767910.08394 2.996871353158059 0.8272962071131884 1.7230707274256014 -0.6303409697043256 -0.4833053197118717 0.1132929455142603 0.5968671706777959
1644767910.090549 3.0004315765371117 0.8315099685173422 1.722674758441453 -0.6305726131773767 -0.48400522358584386 0.11208888294011303 0.5962823785146341
1644767910.097142 3.0034324927209903 0.8358769993520307 1.7220005527149442 -0.6295857798891336 -0.48551952944753757 0.11294834407733832 0.5959316446053982
1644767910.1037629 3.0064183393543447 0.8395596736343471 1.7213088110580672 -0.6304643055631141 -0.48538527480087446 0.11327674762104763 0.595049357257465
1644767910.110373 3.0095019571729407 0.8442413457948085 1.720629938113807 -0.6293189629431415 -0.486657923546034 0.11322823906556949 0.59523154420774
1644767910.1169431 3.0131983255619668 0.8485980599136482 1.7199827324912231 -0.6292588782608599 -0.4875292658136697 0.11242062894679165 0.5947347486008321
1644767910.1235352 3.016149464012658 0.8531785127197153 1.7194276027768916 -0.6284613394313215 -0.48867473469426426 0.11295546570427782 0.5945366091215681
1644767910.1301398 3.019525591131063 0.8576994262216303 1.7184936300102907 -0.627465510849653 -0.4896072085139239 0.11273558956736245 0.5948630428162692
1644767910.136745 3.022431023972403 0.8624663882574078 1.7176653195893008 -0.6257907258003962 -0.49070830002198323 0.1138013299122228 0.5955167276188505
1644767910.143341 3.025542366136343 0.8670927615397437 1.7169140645975836 -0.6242907422813573 -0.49184117876893 0.11429283339349049 0.596062007279374
1644767910.149976 3.0286664434308297 0.8715354564385354 1.716198070224412 -0.6241852242561452 -0.4919423598435628 0.11283320842052233 0.5963669696627233
1644767910.156574 3.0316729069315898 0.8764792465367645 1.7155358290025158 -0.6221975350194942 -0.49308978022449695 0.11317070665249884 0.5974315644422884
1644767910.163142 3.0349993050397956 0.8800010562241601 1.7146226411867664 -0.6225760524099344 -0.4924657560397462 0.11234950641120985 0.5977070350603118
1644767910.169774 3.0380590838322603 0.8849200884641478 1.7140297505848032 -0.6214902365884023 -0.4939233447590824 0.1120541598633107 0.5976896935263445
1644767910.176414 3.04114783629554 0.8905150464637741 1.7135416045730647 -0.6189351868823372 -0.4963639780681204 0.11248402196481296 0.5982381866601849
1644767910.182975 3.0438328239807126 0.8952389957645299 1.7125988407526036 -0.6174876411283382 -0.49644617723404943 0.11273641091711739 0.5996167399423276
1644767910.189568 3.047050359206847 0.8992453333117897 1.7117951362938033 -0.6172625657002235 -0.4963567384328674 0.11201851305798144 0.6000567562435856
1644767910.196151 3.0500748892364737 0.903640749690938 1.7110060806262564 -0.6168421133007066 -0.49639853786137494 0.11133924577335838 0.6005807161750824
1644767910.2027469 3.0531532750973356 0.9084572925103931 1.710335157448895 -0.6157627985440902 -0.49733082644930976 0.11124438380029042 0.6009346189045228
1644767910.2093492 3.056092675229399 0.9133692181607127 1.7095978693599099 -0.6144435794417173 -0.4981382617598567 0.111182795009544 0.6016270236753586
1644767910.215949 3.058989266407509 0.9183170046664133 1.7091253703636662 -0.613642313655636 -0.49904751700623295 0.11056185229722618 0.6018059202731151
1644767910.222544 3.0621558098161947 0.923136221578057 1.7083813316316405 -0.6124337943152626 -0.5000829028706023 0.1105007869586652 0.6021886079211749
1644767910.229138 3.0642994704211235 0.9285331366068121 1.7075277984067214 -0.6109774939464065 -0.5001261018226406 0.11080743752187823 0.6035739405349504
1644767910.2357771 3.0673396781223516 0.933563071066227 1.7069533569405737 -0.6099531918473555 -0.5012354281765223 0.11064194718233385 0.6037200399672734
1644767910.242363 3.070140424600011 0.9384297673563278 1.706083503175503 -0.6091349843539696 -0.5014422651057473 0.11065102282972888 0.6043725385159736
1644767910.2489731 3.072787737278014 0.9434134672203734 1.7055823169479951 -0.6088640374897051 -0.5017344746980715 0.11011204437423035 0.6045012893763322
1644767910.255542 3.075848538716578 0.9485716871794135 1.7050004913528816 -0.6076661384974478 -0.5030924598041946 0.1101199503044971 0.6045766080589906
1644767910.262145 3.0782187146680124 0.9538021666750688 1.7041298879893736 -0.6062969553430605 -0.503097232098228 0.11073170464856784 0.6058342313025192
1644767910.2687418 3.0808677321103333 0.9588296437334668 1.7036698120228297 -0.6062957452795417 -0.5035615873217034 0.11005032060610241 0.6055738154412668
1644767910.275349 3.0836766826402826 0.9636359157610865 1.7031859375992873 -0.6065888166945443 -0.5038918178927291 0.10975574055278786 0.605058764768675
1644767910.281982 3.0861026445213464 0.9691600942217462 1.7028339842287046 -0.6052966404072111 -0.5053385421360387 0.11021145226985078 0.6050636049207097
1644767910.2885702 3.088628283829648 0.9744839882293476 1.7025067423997653 -0.6048898503701263 -0.5065087014995553 0.10991380798208196 0.6045457208193414
1644767910.29518 3.0913116072289917 0.9793330575531132 1.702210274152744 -0.604955938095484 -0.5071180653560665 0.10943745716347691 0.6040550992152106
1644767910.3017442 3.093686880558965 0.984864607810831 1.701965671411737 -0.6040938267880809 -0.508594589454509 0.10937013767976647 0.6036884711787072
1644767910.308342 3.0959938151992716 0.9907984633532992 1.7019206600272265 -0.6024633230195938 -0.5109554816029129 0.10950062113228085 0.603300509947502
1644767910.314944 3.098337041268867 0.9961241561792867 1.7018054095134698 -0.6020173506193003 -0.512086111936886 0.10889942373227686 0.6028956337243132
1644767910.321567 3.1011558430547694 1.0013856999182056 1.7020180359284138 -0.6021283440124002 -0.513685994143172 0.10682747605006944 0.601793467255851
1644767910.3281431 3.1031052051807047 1.0082807558444806 1.7021403151715424 -0.5989129631445267 -0.5170278163394108 0.10782313003263533 0.6019626677919276
1644767910.334744 3.105971926800018 1.0131437177033829 1.7024391000065355 -0.5992899142764269 -0.5182396668206488 0.10513214454019609 0.601020805146
1644767910.341347 3.1082900620394307 1.0189791443790006 1.7026194782763127 -0.5983316666795344 -0.5199584992193641 0.10427526163258508 0.6006400069792226
1644767910.347981 3.111007391708715 1.0244639415189185 1.7030020712112142 -0.5980968616040276 -0.521440426815988 0.10185063645819847 0.6000049394591631
1644767910.354547 3.1134494189090947 1.0301415299852303 1.7034217350547214 -0.5977237295730817 -0.5229987502015814 0.09964180784511688 0.5993909579903453
1644767910.361151 3.1158721902615394 1.0360212694443596 1.7038373781282399 -0.5967949220277131 -0.524792541809026 0.09831064993210156 0.5989682923208616
1644767910.367751 3.1176835371197256 1.043251053827484 1.7043147677479884 -0.5940588815578906 -0.5279115062632997 0.09849421857620962 0.5989170827709146
1644767910.374392 3.120034531001274 1.0491269089152935 1.7048084510065142 -0.5938096228348747 -0.5294247414110334 0.09683060363521237 0.5980994181704175
1644767910.3876412 3.1245994936087285 1.0609650559221562 1.7054911655948237 -0.5921525119807105 -0.5329282635034382 0.09614961483504074 0.5967390548256063
1644767910.3941472 3.1268121211680393 1.0668897725926079 1.7060341422842098 -0.5914907210875437 -0.5350029151085564 0.09634701643791656 0.5955060200975685
1644767910.4007418 3.1292785596495083 1.0727310453964218 1.7064838599203083 -0.5915654860578436 -0.5367468533890597 0.0967471516718653 0.5937949100402996
1644767910.407347 3.1316058585567124 1.0788875203249586 1.7068459293946385 -0.5906369620905095 -0.538551406477779 0.09769574271719847 0.5929294667473154
1644767910.4139469 3.1338141328076765 1.0848811174886333 1.7071433302094714 -0.5901202573847683 -0.5402812509438149 0.09927283527333265 0.5916068040749353
1644767910.420547 3.1359156599640268 1.0916677999794029 1.7073768160728822 -0.588120730315339 -0.5421450777138284 0.10099670775529691 0.5916010818179229
1644767910.427184 3.1387331107788548 1.0970912724200834 1.7081459920378874 -0.5888790839857331 -0.5428621377455455 0.09959754904854246 0.5904252649531447
1644767910.433751 3.1410033328627622 1.103335560130071 1.7086201306754003 -0.5878573391769553 -0.5443129711622791 0.10007917013250014 0.590026020420557
1644767910.44035 3.1434278854069224 1.109390908766863 1.7090139932226818 -0.5874141301356705 -0.5451034624797743 0.10030787010126341 0.5896986707160726
1644767910.447024 3.145810685387309 1.1155211150595068 1.709469861080734 -0.5866714939217544 -0.546028232884486 0.10019035270150516 0.5896024231058254
1644767910.453553 3.1481618433777028 1.12172521023374 1.7100429936168515 -0.5855994024384013 -0.547281847076844 0.0999839626991531 0.5895409396946092
1644767910.466857 3.153679541965104 1.133945464729267 1.7115395473380188 -0.5848369356795301 -0.5516185145605129 0.1009784169089955 0.5860763480811089
1644767910.479944 3.1553785032286306 1.1399062936654183 1.7114536723134184 -0.5840927256264573 -0.5496688419125041 0.0994918741827357 0.5888979622042722
1644767910.486549 3.158601831306185 1.1455748644861414 1.712555645976981 -0.5843767652302856 -0.5529425103557194 0.10045930149674864 0.5853765458110131
1644767910.493144 3.1607895294444197 1.1518874428999835 1.7128257042364385 -0.5834284684148139 -0.5539360020690461 0.10150129527058717 0.5852033772268752
1644767910.49975 3.1629591060455096 1.1584953886191927 1.7131689797352454 -0.5818870691249074 -0.555291527764398 0.10285779098623923 0.5852166036906641
1644767910.506363 3.165366324786122 1.1642768394889875 1.713647842652612 -0.5821580104872207 -0.5559562821805027 0.10342967173991151 0.58421428066652
1644767910.5129468 3.167692272742606 1.1702978267079052 1.7139318230933729 -0.5818594106690519 -0.5568089571011989 0.105089398079223 0.5834030297864545
1644767910.5195699 3.170604291894829 1.1752491651136836 1.7144275788178178 -0.583614580430651 -0.5563217441836716 0.10466909276435044 0.5821888323088833
1644767910.52615 3.1724075713434354 1.1818959385770134 1.7145493311982427 -0.5818596357661535 -0.5578078333908497 0.10726132769197261 0.5820517305279749
1644767910.5327518 3.1746670475012717 1.1876809921690197 1.7150635592951937 -0.5815457064660456 -0.5586760458150818 0.10814471035232213 0.5813690147297791
1644767910.539368 3.177183173977206 1.1934766101540628 1.7153971414221505 -0.5817546243177794 -0.5595147809734239 0.10986031420087042 0.5800301899550966
1644767910.545949 3.1784939273385344 1.1996475812662615 1.7152771931697475 -0.5817163636265943 -0.5568591869859898 0.10858420375591943 0.5828574503578384
1644767910.552547 3.1807807499866927 1.2058888001681067 1.7154552771803944 -0.5801864895606211 -0.5582298246831527 0.111107335043231 0.5825956552405535
1644767910.559186 3.183078321091621 1.2119167594968765 1.7158102364240104 -0.5799038901259739 -0.5588791534002718 0.11221723181398109 0.5820415561617873
1644767910.5657558 3.1849968731800966 1.218035746563515 1.7162406566669102 -0.5797465533739673 -0.559023899737276 0.11261675944496909 0.581981993279354
1644767910.572373 3.1870870664027136 1.2241570185227892 1.716626115802291 -0.5790902452506721 -0.5596906611960363 0.11405058369880541 0.5817154021143227
1644767910.578954 3.1894986009931485 1.2300198019255701 1.7169819921685021 -0.5792024307160364 -0.560342757238915 0.11487691284304344 0.5808125052545347
1644767910.585554 3.191481340692142 1.2364275415032056 1.7172972154374055 -0.5780349766059671 -0.5612427444960272 0.11625049267486211 0.5808333172607217
1644767910.5921931 3.1935465718098763 1.2427320980213328 1.7178325191799404 -0.5770195362746462 -0.5622002401063578 0.11733567024269792 0.5806989230026199
1644767910.5987442 3.1956654102089863 1.2487897518627507 1.7180418016524146 -0.5765172176558263 -0.5626932042296248 0.11836215753325265 0.5805119746986244
1644767910.6053472 3.1977388305805703 1.255141912461926 1.7185656458423617 -0.5752399570579575 -0.5638189095474451 0.11921006267670514 0.5805130663182632
1644767910.6119418 3.1999363136241077 1.2610340727122018 1.7190076362209887 -0.5754011990913083 -0.5641915191621666 0.11996988696385981 0.5798344633557346
1644767910.6185448 3.201416838233291 1.2681279160783363 1.7185667179750006 -0.5713243809676589 -0.5644549105205537 0.1222754881496057 0.5831186492740559
1644767910.6251688 3.2036878639073727 1.2742351144952444 1.7190585422242317 -0.5706769650950413 -0.565328212582202 0.12283723694933571 0.5827883441033808
1644767910.6317499 3.2062469562335303 1.280588351249803 1.719833872675866 -0.5694609570678298 -0.568644707383609 0.12565541893737142 0.5801444488167927
1644767910.6383731 3.2078540913281017 1.2867142160417662 1.719447864338886 -0.5689180489678798 -0.5661354132988293 0.12484521936053145 0.5832975962959787
1644767910.644955 3.2107284608902606 1.2925984400028792 1.7201607176437266 -0.5687518015356187 -0.5689441866000196 0.12678937968268708 0.5802996612218668
1644767910.651569 3.2126285083778883 1.299302526589368 1.72039300810605 -0.5668836793399403 -0.5697717838914119 0.12800956936742147 0.5810473601271864
1644767910.658145 3.2141230973323514 1.305551654795225 1.720133812287121 -0.5660977994213274 -0.5673920476312873 0.12713447742037684 0.58432496597308
1644767910.66475 3.216099260580967 1.311974958679697 1.7201798745317227 -0.5648221597766997 -0.5678078370357779 0.12814348081487423 0.5849348778085672
1644767910.671349 3.2189722018615656 1.3172399778092685 1.7207316432699058 -0.5672391791600507 -0.5681509768565997 0.12753694096241733 0.5823897304573737
1644767910.6779509 3.22036152392834 1.3244647372300935 1.7202214929850141 -0.563300149662999 -0.5680233118295701 0.12962178627608328 0.5858669495963171
1644767910.6845472 3.2234131552118934 1.3294786925993716 1.7209770456026632 -0.5653687209921299 -0.5707830213790399 0.13114077167251642 0.5808325301975898
1644767910.691148 3.2257816322902886 1.335923382345606 1.720880945084717 -0.5648643343311512 -0.5707507351759983 0.13167609744311842 0.581233728914364
1644767910.697748 3.2272144438329473 1.3420575867431095 1.7204594620401066 -0.5636904888772087 -0.5698435958375351 0.13264766549959991 0.583039839596725
1644767910.7043462 3.2293563302330472 1.3483949069259709 1.7202846553234885 -0.563427370301498 -0.568395522909923 0.13156256641488384 0.5849503303459717
1644767910.7109451 3.23074311044052 1.3554997080270375 1.719552005551844 -0.5595980475883892 -0.5681308435933217 0.13362888372060047 0.5884045858829405
1644767910.717547 3.232760871229084 1.3617311482085077 1.7192712211762111 -0.5586648457957607 -0.5682945712234054 0.13462348524402173 0.5889064363760239
1644767910.7241569 3.2353708465305826 1.3673334056516633 1.7194270969989076 -0.5598915942881789 -0.5690717208387033 0.13474186238753166 0.5869605802495521
1644767910.730871 3.2366025407260675 1.3742832727867873 1.7185410262651404 -0.5563655837060721 -0.5689176494079745 0.13714296950376442 0.5898992784487999
1644767910.737343 3.238050433844275 1.3805846863693043 1.717928948620585 -0.5542497146517307 -0.5696101098373693 0.13947006235095843 0.5906767339115022
1644767910.743971 3.240592475699791 1.3848812003959763 1.7176180981170295 -0.5583094642204427 -0.568857228801607 0.14025972515332236 0.5873828772964443
1644767910.750578 3.2430980289152394 1.3916687110400563 1.7176131528391296 -0.5562301344468467 -0.5708301235714387 0.14009379663558433 0.5874811078977371
1644767910.7571719 3.2450563598829603 1.397797879306612 1.7171209885437966 -0.5549365678616471 -0.5713318999623728 0.14087304603565137 0.5880300392544091
1644767910.7638059 3.247839972602697 1.4040676756299264 1.7171200612144586 -0.5534545783447478 -0.5748760573007216 0.14270992769269483 0.5855243719987526
1644767910.7703638 3.2490608260772142 1.4104921324561144 1.7161701847162836 -0.5518530978706984 -0.572416432146042 0.14143413160775772 0.5897400638584538
1644767910.776957 3.2512424255849273 1.4165967985814292 1.715861887284105 -0.5496533890717364 -0.5760895621635614 0.14487918312741555 0.58737655604643
1644767910.783545 3.2535039764423583 1.4223311188712016 1.715108502392996 -0.5498167474075928 -0.5757453100953711 0.14499864576502644 0.5875317609641826
1644767910.790139 3.255316850313985 1.4292040008109368 1.7143150704848868 -0.5472832265185077 -0.5762206324886666 0.14559364923259527 0.5892816140819854
1644767910.796747 3.2575934657890167 1.4347523510129292 1.7137063200231943 -0.547656196206736 -0.5764316047687775 0.14549375087563238 0.5887532268752292
1644767910.803346 3.259281892290615 1.4411161842073308 1.7129682744409445 -0.5455439100740365 -0.577672240827982 0.14650659410685485 0.589246718660689
1644767910.809943 3.2613893519777695 1.447074953137836 1.7121931070630638 -0.5451113351784909 -0.5777582889445871 0.1467627516400192 0.5894988367604869
1644767910.816551 3.2630429717221885 1.453419497526495 1.7113360796835866 -0.5430539714217214 -0.5790074460172636 0.14806572390529557 0.5898463014229202
1644767910.823168 3.264062191451176 1.4592761292016596 1.7098542044104208 -0.5419565269437296 -0.5776074776329859 0.1493587214339703 0.5918987198983889
1644767910.8297431 3.2671274177689145 1.4656202606518098 1.7096671704034885 -0.5412753924186053 -0.5804268773550886 0.14919936313268448 0.5898003295164965
1644767910.8363461 3.2682375979124645 1.4720309378800345 1.7084138886551035 -0.5392504010559183 -0.5794147305863573 0.14948903215218734 0.592570694637579
1644767910.842941 3.270426249099864 1.478323931919471 1.7077855307435768 -0.5371347894573179 -0.5826840968816639 0.1515420399597579 0.5907619196420232
1644767910.8495638 3.2726534990819713 1.4847277553061897 1.707030426944851 -0.5360696637020915 -0.5835828516514688 0.15134286619835666 0.5908934861716377
1644767910.856141 3.274626337009197 1.4909444615660314 1.7062090726621024 -0.5346831948096449 -0.5846630737070138 0.15184807103050527 0.5909521403994058
1644767910.862744 3.2764505701722313 1.4973311344432203 1.705427010476257 -0.5327769818958453 -0.5864452323358695 0.15259148129171546 0.5907163496149159
1644767910.869339 3.2788040563752516 1.5035515002231428 1.7046424545449086 -0.5320617437922927 -0.5872558755492917 0.1526239909333062 0.5905473713848063
1644767910.875988 3.2806007370103365 1.5099165134663313 1.7037225636852797 -0.530446245509207 -0.5885297507409284 0.15332710016927795 0.5905502881968683
1644767910.8825548 3.282452785712479 1.5163872739683748 1.7028128745818933 -0.5286825655136125 -0.5896671686271618 0.15391852990352992 0.5908434097962958
1644767910.8891451 3.2839960375177886 1.5227611946359987 1.7017193874521752 -0.5272911997048694 -0.589437743221561 0.15384729798136232 0.59233220629682
1644767910.89578 3.2864580821741756 1.5293100140173075 1.7011808556407493 -0.525711887142715 -0.5922835483373947 0.15469755763067997 0.5906733880296963
1644767910.902349 3.287924774031636 1.5363242781981135 1.7002188403060576 -0.5230664480067685 -0.5932431129940948 0.15537068151866268 0.5918813136635322
1644767910.908948 3.29001438697656 1.5428660544514279 1.69957437250608 -0.5216189014765977 -0.5948213431811976 0.15545629812854153 0.5915520634599136
1644767910.915551 3.292106902233858 1.549467485721151 1.698872431210296 -0.5201743523631842 -0.5964817251718842 0.15572669264940708 0.5910809553679518
1644767910.922173 3.2939024882219794 1.5559821537512954 1.6979933289951872 -0.5187518261044811 -0.5972063774014332 0.1560414346840266 0.5915162027992977
1644767910.928743 3.296402463539372 1.562712142739939 1.6976908522796768 -0.5175098513521117 -0.599723816822884 0.15579722697796994 0.5901198545487225
1644767910.9353411 3.298632733627417 1.569125151346316 1.697047677267115 -0.5164328767590827 -0.6009994983627132 0.1557303318407637 0.5897830538662056
1644767910.941945 3.3007018645736 1.5761198019985068 1.6966146262602473 -0.5145229336853974 -0.6028116455349536 0.15589255227956933 0.5895600427830897
1644767910.9485419 3.3028785279498085 1.5826326217111606 1.6960784283716366 -0.5132840218218849 -0.603985876513102 0.1558575526083549 0.5894475034189056
1644767910.955144 3.3060325478455344 1.588958623836646 1.6960161728709644 -0.5130488083066158 -0.6064030958517865 0.15562226470257334 0.5872283196026581
1644767910.96174 3.307630889976622 1.5956909746386745 1.6951324398692686 -0.5116828212464788 -0.6057199377460989 0.15531333772566724 0.5892038134612068
1644767910.9683468 3.30945945469129 1.6031247900997054 1.6948773706091047 -0.5088505310787783 -0.6076433712136583 0.15587843462320963 0.5895268388839906
1644767910.974946 3.3116355655596745 1.6099262650369366 1.6943286231894865 -0.5072981584330927 -0.6084438961251953 0.1564280559307446 0.5898933372575828
1644767910.981581 3.3138202414520816 1.6169761225771653 1.6941368761360618 -0.5056355450583897 -0.6096235308299105 0.1567848277124303 0.5900082025360693
1644767910.9881449 3.315968262632073 1.6238827318832723 1.6937061932683342 -0.5040393324995265 -0.6103831423876196 0.15740342496591284 0.5904237986210548
1644767910.994745 3.318228445226811 1.6308606385650504 1.6934001864088495 -0.5024907022336772 -0.6111942051922123 0.15790321767230087 0.5907712458596049
1644767911.0013561 3.3207326420058347 1.6373478994896877 1.6929178942527576 -0.5021024786798929 -0.6112095125603476 0.1583579230115957 0.5909635955426253
1644767911.007949 3.322427443985009 1.6449001119859257 1.692735614528016 -0.4991578304259207 -0.6128924483254055 0.15967099787375894 0.591361896484764
1644767911.014585 3.3244063934346944 1.6518889980461868 1.6921777675898988 -0.49750539844299846 -0.6131397144063115 0.16098571852816437 0.592140945578565
1644767911.021179 3.3265361119977257 1.6581524615422856 1.6917074441098447 -0.4974574315844115 -0.6126457201216714 0.16134105239996535 0.5925957369140692
1644767911.027756 3.329118112089075 1.664931744000426 1.6917062525254363 -0.4964614862016788 -0.6147585063222983 0.16261661180440953 0.590891812449163
1644767911.034351 3.3305597251259815 1.672184520194623 1.6911363393170777 -0.49399832618665596 -0.6148335076868222 0.1638274611654676 0.592541427380906
1644767911.0409548 3.3327092959674607 1.6796052516512394 1.691266479020077 -0.49162722939159714 -0.6167156467316526 0.16438135183585123 0.5924040900568259
1644767911.047572 3.3340597623400763 1.686135537797734 1.69050132613468 -0.49045563176936624 -0.6166840961833352 0.1671889613385308 0.5926224306527638
1644767911.0541492 3.335388061388888 1.6939726251663163 1.6903746140937606 -0.4864179177603817 -0.6184418691559008 0.1688538321081078 0.5936453788377883
1644767911.060749 3.337670805975186 1.7001962257342724 1.6897629489238621 -0.4860733392912165 -0.6202531454860134 0.173030849405807 0.5908286973454515
1644767911.067347 3.338834461242854 1.7080721768736242 1.689251463253638 -0.4818813767047352 -0.6224045905838905 0.17714191583118596 0.5907815830336395
1644767911.074003 3.340438371879762 1.7144231732043396 1.688965835468865 -0.47972987147309676 -0.6250431874666572 0.18140562419970283 0.5884483291503493
1644767911.080587 3.3425647541556276 1.7218678801292346 1.6885784445334182 -0.477920698785832 -0.6252367090260639 0.18276243797733516 0.5892944671976712
1644767911.0871758 3.3440464089980515 1.7288255097499834 1.6878960428832228 -0.47567079245400734 -0.6258179113736831 0.18659124835576657 0.5892981683873314
1644767911.093744 3.3458773521355822 1.735742935677266 1.687744530011192 -0.4738349896104532 -0.6270119418900457 0.18831106383608764 0.5889605949307131
1644767911.100353 3.3479369070842107 1.7427182714629033 1.6872590168702313 -0.4721117793036011 -0.6275486179974857 0.1903422800700993 0.5891197734632815
1644767911.113686 3.3513199061746817 1.7569428215574487 1.686844208417593 -0.46833954570831493 -0.6292791813404951 0.19332849916687042 0.5893123570704875
1644767911.120157 3.3529198813227636 1.7633137422725527 1.6861988057637145 -0.46817308264115837 -0.6286407417548481 0.19445830100387254 0.5897542071866272
1644767911.133448 3.3562619532134534 1.7772011871110855 1.6857462357660635 -0.46515589249941103 -0.6299366659134619 0.195874800608518 0.5902899923610708
1644767911.146552 3.357303549823384 1.7841536517158896 1.6852894360416362 -0.4634191358522549 -0.6307306284843525 0.19805768668743362 0.5900796681049353
1644767911.153161 3.358938220228853 1.7905228587582036 1.6848509706085135 -0.4630718375698052 -0.6311003946511351 0.1989637723488971 0.589651981216846
1644767911.159756 3.360078028364238 1.79748111880595 1.6843138429580051 -0.4616208776650289 -0.6322839855913559 0.20161699901758656 0.5886196494812391
1644767911.166356 3.361138736903701 1.8046925690692242 1.6840476524948673 -0.4592286370120035 -0.6334484839104367 0.203406743533501 0.5886229132895878
1644767911.1729448 3.3622194293338956 1.810820570960508 1.6830807498963538 -0.45885852613117656 -0.6334355150503074 0.2064113096171686 0.5878791571137455
1644767911.1795478 3.3636814723349997 1.8179066055604804 1.6827450156685182 -0.4573962563619675 -0.634881526818927 0.20855536414387413 0.5867008891802978
1644767911.1861901 3.3644025075548996 1.8241934431379756 1.681723545541257 -0.45629419939844096 -0.6348335162405716 0.21202264391717843 0.586368213742076
1644767911.192786 3.36543292725625 1.8308305129307774 1.6809079303537284 -0.45520905803153494 -0.6351514053792808 0.21497588408499213 0.5857917944654935
1644767911.199342 3.366169717866509 1.838081166764433 1.6800262361436258 -0.45249025013933064 -0.6359235029856708 0.2183576462685125 0.5858098083865875
1644767911.205987 3.3666828918106653 1.8444327486193115 1.6788850198762977 -0.45132601732906885 -0.6352005547843621 0.22146265567644272 0.5863263115130243
1644767911.212553 3.3674192051768124 1.8509366759449992 1.6779629867873478 -0.45025936278743545 -0.6348128946369826 0.22403196782937893 0.5865901048853247
1644767911.219152 3.368137533718385 1.8575532762416407 1.6769755608892136 -0.4487194668008329 -0.6348979783531254 0.22713292359330042 0.5864854780652783
1644767911.2257438 3.3687725286474124 1.864140380812841 1.6758166048448768 -0.4471648435321912 -0.6346893072433758 0.23076853038353118 0.5864793692501911
1644767911.2323651 3.369568915011998 1.8707212157268303 1.67475771357069 -0.44580931692893977 -0.6349762561656405 0.23391631259484488 0.5859536192156951
1644767911.238951 3.3704305340837726 1.87722394318359 1.673780841930565 -0.44465959207596273 -0.6356510269874946 0.23636826712386577 0.5851109636303172
1644767911.245582 3.3711641223617628 1.8839062643604036 1.6725618615952098 -0.4433490363737808 -0.635943046692901 0.24053721857187635 0.584088205779015
1644767911.252151 3.371684548954494 1.8904616822284634 1.6711895166046842 -0.44202520979045823 -0.6356913181589563 0.24396707651102362 0.5839429939649237
1644767911.2587578 3.3722098165253436 1.8970868447036402 1.6697956134039567 -0.4406418153105896 -0.6355881110359768 0.24728609009746413 0.5837049054545274
1644767911.265376 3.3730589719494253 1.9040956169937624 1.6686854722791107 -0.4389381526043342 -0.6363244452256434 0.2494712594590341 0.5832562136271888
1644767911.27197 3.373623878817548 1.9099555283755267 1.666828144832351 -0.4393733069352785 -0.6350241774320831 0.2517277107986707 0.5833762052985462
1644767911.278541 3.374197141663494 1.916794025299947 1.665426054527031 -0.43785098601867994 -0.6356759845731599 0.2540597214402124 0.5827996885391203
1644767911.285147 3.3747355643419277 1.923339133332376 1.6638297173794818 -0.43696745030138845 -0.635239248771668 0.255189752388379 0.5834448314358543
1644767911.2917418 3.374692311220269 1.929569299621785 1.6616852545057244 -0.4360265174043893 -0.6341165606713521 0.25791820565846135 0.5841698749736793
1644767911.298348 3.3745735650329123 1.936283533914004 1.6595640475293343 -0.4340136989809851 -0.6333319440538148 0.26055423651044246 0.5853489476373864
1644767911.3049831 3.37516058893955 1.943068646495237 1.6578225059916345 -0.4329390907766667 -0.6337278104264285 0.26135526251701596 0.5853592248474514
1644767911.311549 3.3751865030049086 1.9495910218253407 1.6556270325055926 -0.4318487524420291 -0.6334918367953113 0.26306880850210407 0.5856524985865136
1644767911.31817 3.3752069487871554 1.9554593581690676 1.6530443489518916 -0.43200134321894823 -0.6321045551934938 0.26441372159132015 0.5864326815566883
1644767911.324749 3.376302554161946 1.9620889743841328 1.6513546127171486 -0.4312815074048137 -0.6356084407595172 0.2656983328673624 0.5825820032139717
1644767911.3313432 3.3760161996538103 1.9684731083259916 1.6486499526792204 -0.4305179586953061 -0.6354000356884605 0.2674407559890514 0.5825766500354136
1644767911.3379781 3.37537374847948 1.9751137253618432 1.6458425484179326 -0.428680042686807 -0.634930894742062 0.2693685769360156 0.5835545949501105
1644767911.344544 3.3750986755114205 1.9814155366524848 1.6429871605623103 -0.42805267327678503 -0.6343956098063673 0.270157676914995 0.5842320284769139
1644767911.3511622 3.3751009303268504 1.9878139864615296 1.6404545316540928 -0.4273594311961591 -0.6357890848342335 0.2700683132958435 0.5832653988179569
1644767911.357748 3.374658361051463 1.9941702382944375 1.6374716194056176 -0.4260311071559383 -0.6365260612179331 0.27124194773292304 0.5828885598996815
1644767911.364403 3.3736713339856594 2.000721952187451 1.6340122154502397 -0.4234128951851457 -0.6368045294101949 0.2735722405662099 0.5834028614999909
1644767911.370943 3.373374011010893 2.0070294536930975 1.6310592454635564 -0.42198436320899785 -0.6387970188404363 0.2737639302838763 0.5821683136485405
1644767911.3776069 3.372274602807541 2.013494951080648 1.627501450246443 -0.41911632098861085 -0.6393729741058111 0.2757382410794925 0.5826760170706874
1644767911.384146 3.3714696257121957 2.0198448426830393 1.6240185877022353 -0.41683544306847453 -0.6406637243384888 0.2768560527291726 0.5823642549639403
1644767911.390739 3.3704703673539576 2.026187614105538 1.6203090650569165 -0.413937374455003 -0.6419501345505512 0.2786213009871831 0.5821729174820544
1644767911.397342 3.369590810291369 2.0323983521124602 1.6165237996888802 -0.41223672563676594 -0.6427080256161957 0.2789070920910189 0.5824064342621824
1644767911.4039428 3.3684715973184907 2.0387215813116764 1.6125809521466377 -0.4098642280842389 -0.6434426361862365 0.27998557816996583 0.5827521681775052
1644767911.41061 3.3673418182169526 2.044926424991746 1.6085388359727057 -0.4078004378652209 -0.6443255367845878 0.28116896834107075 0.5826547781136494
1644767911.4171891 3.3659291316483655 2.0507036661574025 1.604098484324461 -0.406455526313553 -0.6442516417981914 0.28262835758844906 0.5829701010081645
1644767911.4237728 3.3647147673732816 2.0574495275114044 1.6001660015109866 -0.4038239677650995 -0.645717154885575 0.28328568469930016 0.5828583830670007
1644767911.4304068 3.3630651593597345 2.0631977671566277 1.5954372468252247 -0.40264026759489185 -0.6451102043951095 0.28454491182434266 0.5837353345440834
1644767911.437 3.3614905622810123 2.0693129575339997 1.5909433488231954 -0.40131316817481366 -0.6454155755032669 0.28526311591117426 0.583961113133238
1644767911.4435918 3.3601873959674027 2.075865815570641 1.5867251968597387 -0.39968954336072504 -0.6466804893418514 0.285503410558442 0.5835576245874178
1644767911.450183 3.358602160075861 2.0818978544915674 1.582080363107853 -0.3990325485309741 -0.6472684568656256 0.2862651522777105 0.5829818830682031
1644767911.456747 3.3567657188565176 2.087942553936668 1.5772499837518228 -0.3982866709109592 -0.6478583463703527 0.28747119705714325 0.5822429356073833
1644767911.463383 3.3548019429017435 2.0938779247680044 1.5723014424586328 -0.39781417265794045 -0.6484313777767527 0.28867690161699106 0.5813306355822909
1644767911.469943 3.352865686209966 2.0996613489980067 1.5672970108295998 -0.3979133937480137 -0.649304508567162 0.28996244013860206 0.5796460239803807
1644767911.476545 3.3504197548297263 2.104817962225956 1.5616623432705254 -0.39856956931605597 -0.6491631633976577 0.29225255081319773 0.5782015479121776
1644767911.483158 3.3481102089287824 2.1104784237679786 1.5564191010762605 -0.39869417931775036 -0.6499295763930112 0.293709295688497 0.57651400360864
1644767911.4897459 3.345833519658606 2.1161015271969967 1.5512630934942933 -0.39903897840687 -0.650768114831344 0.294755776888354 0.5747928896675061
1644767911.496392 3.3432910617774985 2.1216023893065277 1.5458293866885633 -0.39936572071755283 -0.6513765998267154 0.29614354253210745 0.5731610737847217
1644767911.502948 3.3408176045606295 2.1270364307714775 1.540370602191072 -0.3999184637275775 -0.6520835250941698 0.29742743791906345 0.5713039914489607
1644767911.509568 3.3383266866095247 2.1323501910445493 1.534866357503597 -0.40059533477878323 -0.6526481554732946 0.298898149281714 0.5694144532246225
1644767911.5161479 3.3357384233200564 2.137665847513729 1.5292480380924351 -0.40123589346118754 -0.6529401025496626 0.29936881237892576 0.5683805025646745
1644767911.5227451 3.3329410027040525 2.143400518318904 1.5237412912686694 -0.3999381864267217 -0.6542282242178644 0.30155385552507974 0.566656184842837
1644767911.529346 3.3305879898589588 2.1485224864188606 1.5181863495407566 -0.40190332479360974 -0.6545104796157117 0.30087757818525657 0.5652977299021895
1644767911.535975 3.3277240857229193 2.1536261189053194 1.5124056514027182 -0.4022935892683461 -0.6548948069789798 0.3018381792147439 0.5640615358784465
1644767911.542549 3.3246598725025596 2.1587632658060625 1.5064844197271927 -0.4018457179901465 -0.6553794899060816 0.3037163852540727 0.5628083215753492
1644767911.54915 3.3217132852076587 2.163680415542284 1.5006446583770205 -0.40244407161034057 -0.6557664958917402 0.30452133634529255 0.5614934138045516
1644767911.5557451 3.318376258432287 2.168667235620981 1.494660581510309 -0.40216948345836606 -0.6560785261249845 0.3058285376727832 0.5606144158182592
1644767911.5623639 3.315852795397114 2.1732867539304346 1.4890196661778654 -0.40388166037624734 -0.6571831821801417 0.30534635794709875 0.5583480467674107
1644767911.56896 3.312011437445718 2.178312529828413 1.4828004524224414 -0.40297853929715827 -0.6567672384258687 0.3078275361676565 0.558127625243115
1644767911.575567 3.3087695949679006 2.1828915062977003 1.476716096510863 -0.4037581887767607 -0.6569360106371664 0.30873423060066624 0.5568631906872218
1644767911.582149 3.305224782069458 2.1871208855583735 1.4703189143606055 -0.40452131034204947 -0.6563223796524593 0.31039109925283287 0.5561114509596262
1644767911.58874 3.302024070610223 2.191934946423364 1.4643979507598606 -0.4044042193779476 -0.6571415780097921 0.3119787423289571 0.5543379397781913
1644767911.595347 3.2985258307357523 2.1962491041065206 1.4580879593841458 -0.4046881369885193 -0.6570480045107027 0.31398202725521224 0.553109157848548
1644767911.601944 3.2949901892788866 2.2005218448520267 1.4517969752430457 -0.40484928087456046 -0.6571604799796407 0.31613900869616457 0.5516270549501907
1644767911.608545 3.291361217577242 2.2046786859684446 1.4454191957430205 -0.40450956815245276 -0.6573006186498159 0.318937072759311 0.5500964340558903
1644767911.6151419 3.2876863749974348 2.208542096946538 1.438978101590683 -0.40493919273178564 -0.6569657525620062 0.32077874601567236 0.5491086755384164
1644767911.621748 3.2838081811101727 2.212247757680818 1.4324199210535842 -0.4055262445080639 -0.656171640517418 0.3231889605712108 0.548210945039983
1644767911.628342 3.280216551183767 2.2159141897299905 1.4260894688256893 -0.40614623145262846 -0.6562137639610726 0.32592333112421085 0.5460784590860448
1644767911.634954 3.2767830662082913 2.219440626293465 1.419938031354187 -0.40739193513745686 -0.6565902884620562 0.32784853898661703 0.5435396735527466
1644767911.641553 3.2729272240621854 2.2230683821350152 1.4135320344073647 -0.40755727433752326 -0.6565692443755671 0.331116732232469 0.5414560851336208
1644767911.654839 3.2644804224099127 2.2302250342331846 1.4004445922598456 -0.407215267785338 -0.6548117237249523 0.3383656978751972 0.5393560008061427
1644767911.661362 3.260256134720456 2.2336053228839705 1.3940295699081187 -0.406854304428809 -0.6542031058975409 0.3422616890630759 0.5379068256276779
1644767911.667951 3.2563656473157225 2.2369315068213256 1.387857212842825 -0.4068857145346379 -0.6541640025951302 0.34531455476797673 0.5359759214125884
1644767911.6745448 3.2528608649206228 2.2399533823164153 1.3819663131389874 -0.4084221457467553 -0.654387398106019 0.34693066621853763 0.5334852267274853
1644767911.681138 3.248287178555623 2.243338367892474 1.3756216793595601 -0.40712428526217376 -0.6535462973935189 0.350738937481254 0.5330178889598961
1644767911.687742 3.2441278948299948 2.2469460279371405 1.3698405669662017 -0.4065484923950428 -0.6534301398615784 0.352740118081974 0.5322787345599825
1644767911.6943629 3.2399412629656825 2.2500028872350835 1.3639037309702884 -0.40696453476725525 -0.6526464843453037 0.3543566693614206 0.5318483252226114
1644767911.70102 3.2355555014018087 2.2529580543891816 1.3579625335217753 -0.406850240973029 -0.6518651688336985 0.356845004420759 0.5312298061917836
1644767911.7075682 3.2311720184582375 2.2559556650396493 1.3522366749334995 -0.40660694244228673 -0.6511803566052317 0.3594576172716661 0.5304941882877148
1644767911.714168 3.226073186397412 2.2591848277853988 1.3468835958636034 -0.40461194288689967 -0.6526725306598461 0.3625239618275466 0.5280937099269815
1644767911.720769 3.2223686917231924 2.261006971713558 1.3405370052137202 -0.40719177822101665 -0.6496275816472988 0.3653085494908948 0.5279464174588172
1644767911.727365 3.2179910094812243 2.263777770180085 1.3349083344468455 -0.4070314863745038 -0.649431109389497 0.36820225952936664 0.5262990241388437
1644767911.7339761 3.213239485462165 2.2659974150473823 1.3290208103724712 -0.407575396124336 -0.6481152426145561 0.3717380595132255 0.5250129259386629
1644767911.740551 3.2087016132680866 2.2684931611218992 1.3234749942396211 -0.4070336852887187 -0.6480370728434466 0.3756871320805319 0.5227137031636714
1644767911.747176 3.2040887525367707 2.2703986932801077 1.3178276839270662 -0.408057511147291 -0.6468606202336095 0.3789493008448685 0.5210150014598642
1644767911.753752 3.19965762987972 2.27257441585076 1.3124492737570557 -0.4083562775748707 -0.6467400142666682 0.38196352737094674 0.5187246556921975
1644767911.760362 3.1948871355582464 2.274225672186029 1.3068932895491105 -0.40885009722774895 -0.6455878330756648 0.38567475144779806 0.5170220101263857
1644767911.766946 3.1902489316148044 2.2760867141430063 1.301579202013222 -0.4090818027538399 -0.6447225693643012 0.3890288526647847 0.515403058618285
1644767911.780204 3.18076453554065 2.2792867030648347 1.2910238660868734 -0.4096617370164643 -0.6421495157395276 0.39512435040358845 0.5135140912910291
1644767911.786814 3.1760277498710576 2.281034225664916 1.285984964959241 -0.40920681003247034 -0.6414431084721265 0.39800575246917785 0.5125336034257655
1644767911.7999759 3.1712351940760404 2.2825892433849178 1.280962227726243 -0.4089564322774664 -0.6404243295710489 0.40066348811075914 0.5119362794921462
1644767911.806543 3.166130794638097 2.2838063493811234 1.2758025883788155 -0.4088198018815324 -0.638450823621548 0.4036062448678621 0.5121989192306751
1644767911.813173 3.162368817699654 2.2855786426762923 1.2715458003615652 -0.4091085035419881 -0.6391449569239781 0.4049146666630894 0.5100655899975516
1644767911.819745 3.1565876011815015 2.286250122044919 1.2663274067816528 -0.40859123415240106 -0.6370467490646763 0.40874875177397885 0.5100469270799332
1644767911.8263721 3.1516666303186867 2.2874475447509917 1.2615435678251272 -0.40774226891137827 -0.6363671952607045 0.41190694306510645 0.5090329895118284
1644767911.832959 3.1478535032079478 2.288775107420492 1.2574783555957836 -0.40817052877705845 -0.636776124257122 0.4134926247407139 0.5068881597277582
1644767911.839603 3.1419432555451925 2.2893509016881874 1.2524791176923613 -0.4065661074199319 -0.635127275825247 0.41817724605175044 0.506402889158994
1644767911.8461719 3.1370499972856503 2.2901363765818097 1.2479234666665975 -0.4056331043637784 -0.6344046715910006 0.42174043475618744 0.5051001820781942
1644767911.852756 3.133089562806639 2.2912916985942084 1.2439850249067614 -0.40605201418683434 -0.6343806973724666 0.42355236505151145 0.5032743157240643
1644767911.859363 3.126917798804491 2.291431272000118 1.2388556178914591 -0.40339217518953446 -0.6324936686047331 0.4292022860144321 0.5030017293886692
1644767911.8659499 3.1222577949749097 2.292108113775751 1.2348059055403935 -0.40423769232686085 -0.6311545453033598 0.43086340495164066 0.5025845843600284
1644767911.872781 3.118032062966587 2.293038011691463 1.230806639631997 -0.40379570105303514 -0.6304750107198145 0.43347052763955013 0.5015499179664058
1644767911.879176 3.1125553237088677 2.2935779988124 1.2263551959731172 -0.4017557624718183 -0.6285365890793881 0.4382312943512213 0.501483933095285
1644767911.885788 3.1076751721675717 2.293563783867791 1.222039548878892 -0.4014195370600002 -0.6268642997118049 0.44151746937633574 0.5009636820261578
1644767911.892389 3.1015395324341375 2.2934879307914438 1.217416347430976 -0.4001136409015984 -0.6241253159474803 0.4462869547482079 0.5012020194436796
1644767911.898995 3.096527382376184 2.2936063729196112 1.2132615867138217 -0.3994060906036833 -0.6226684369226466 0.4498827438195382 0.5003628865589828
1644767911.9055738 3.0915399531716066 2.293520223947728 1.2091774560979347 0.39954196096760874 0.6212673484304589 -0.4533511181471355 -0.4988641461072933
1644767911.9121459 3.0879240314206253 2.2937329669744533 1.2056498202345698 0.40068189021404826 0.6208310988421833 -0.45500802311704547 -0.49698089341565915
1644767911.918777 3.082822363788774 2.2935785579483507 1.2015595895227045 0.3996408151658979 0.6195780363626472 -0.4593029262305849 -0.4954298708848094
1644767911.9253771 3.076661423429726 2.2931656274388477 1.19720507594926 0.39796930602176306 0.6173536100094698 -0.46452522286074915 -0.49468262926961915
1644767911.931948 3.0716009786301166 2.2928140952280613 1.1932064396161213 0.3973592873773416 0.6160719634491449 -0.4683363045883501 -0.49317508059380216
1644767911.9385478 3.0666118954744355 2.2923640000116094 1.189257613647003 0.39640814292106663 0.6149531967672429 -0.47242408470612823 -0.49143485463216074
1644767911.945141 3.0635715562120067 2.2923128837461024 1.1859628411316256 0.3991580263053572 0.6144164806131931 -0.4723373775603389 -0.48996147159154946
1644767911.951741 3.058808665657865 2.291763422543148 1.1821444733502067 0.3982207046609164 0.6133511956007979 -0.47602303611953195 -0.48848986214122936
1644767911.958346 3.0540397995969424 2.2912167336274627 1.1783716935591342 0.39762929532715896 0.6121429817776123 -0.4792261731454768 -0.4873539057741974
1644767911.964986 3.047856053910547 2.290334242678571 1.1744140598209865 0.39480619667791816 0.6109409694384292 -0.4846994395694466 -0.4857418900038058
1644767911.9715478 3.0439152518701205 2.2896314048927318 1.1708090138826448 0.39532211625602476 0.6105058963960801 -0.4867279228031836 -0.48383726443730296
1644767911.9781709 3.038611495159193 2.2887177102232195 1.1668943532884437 0.3934552727966553 0.6091993407759961 -0.49118409878417596 -0.48250061086725543
1644767911.984745 3.0340666108795102 2.2875918704289218 1.1632930546673572 0.3931320598125515 0.609112695304344 -0.49457635357036156 -0.47939835306796436
1644767911.9913442 3.029134996543439 2.286524508995837 1.159576648620614 0.39170365169384513 0.6088048352222555 -0.4985968864957225 -0.4767868408639271
1644767911.997953 3.024310234507222 2.285340022750466 1.1558891164360348 0.39022624934811584 0.6088575909884737 -0.5027682156103214 -0.47353950728804844
1644767912.00455 3.0194479243815895 2.2839336128249466 1.1521324293494406 0.38880261701364 0.6086392546905255 -0.5072042865607505 -0.4702490394044027
1644767912.011177 3.0147301253162317 2.2825462316712484 1.148523927142179 0.38751624024689735 0.6088304321906219 -0.5111278585813699 -0.4668024944431117
1644767912.017746 3.010086752753796 2.281112409577368 1.1450203126172307 0.3860437821197426 0.6093842446287131 -0.5148435822409309 -0.46320267864428327
1644767912.0243788 3.005746600966825 2.2799285613532914 1.1415959663329627 0.3849613243014806 0.6104775876579497 -0.5176710270759763 -0.4594978521527355
1644767912.030947 3.0012206603806684 2.2781301036432553 1.138068174955502 0.3837414413778694 0.6110027079998847 -0.5210743855096486 -0.45595974068272976
1644767912.037577 2.996338202485744 2.2762093845663025 1.1345985851749871 0.38152094114865986 0.6118249054480837 -0.5251846791948291 -0.4519874894706083
1644767912.044152 2.991936783614682 2.2744376204853367 1.131186940536094 0.37974018577957264 0.6126338822200311 -0.5281641687955534 -0.4489090471127123
1644767912.050744 2.9877977991602163 2.272689707009832 1.1279581238403702 0.3790906705488172 0.6133551483284867 -0.5298915664089833 -0.4464305856316471
1644767912.057365 2.983547276777419 2.2708567909504254 1.1248025164730935 0.377553516965777 0.6145469794181625 -0.5319649565450658 -0.4436193896292773
1644767912.0639439 2.9785857649400036 2.268937890490386 1.1215231295616608 0.37446772168293063 0.6154179407375182 -0.5351909861923986 -0.4411404121773377
1644767912.070549 2.9748780990000916 2.267011021972272 1.118535716770817 0.37384771465910077 0.616334310311435 -0.5361811600572168 -0.4391802214011146
1644767912.077169 2.9702288355010036 2.2644205245888203 1.1153389059510628 0.3708055720427712 0.6172884636786136 -0.539665663632851 -0.43614079459492705
1644767912.083749 2.966182684910824 2.2627519419318842 1.1123311263164557 0.36960512991209094 0.6178974179948995 -0.5407511469291377 -0.4349512838265774
1644767912.090344 2.961314211500069 2.260044526016514 1.1093268756761794 0.36566991246520164 0.6189704492058098 -0.5447148588426736 -0.4317945022499756
1644767912.096965 2.957982359574961 2.2579627609613984 1.1064720459515964 0.3656321719210484 0.6196008413440935 -0.5452533283894004 -0.43023982414008255
1644767912.1035688 2.953522697617532 2.2552967336719045 1.1036493602061959 0.36077463474494936 0.6214246642696003 -0.5495805453812606 -0.4261852324254862
1644767912.110144 2.9488522523717857 2.252968383957975 1.1007193875785388 0.357959652640567 0.6211265977129508 -0.5522163400489688 -0.42558590608721625
1644767912.1167428 2.9453680938086246 2.250153799038919 1.0979483916073138 0.35662141129878683 0.6213586547782473 -0.554427694932645 -0.42349038809539835
1644767912.123342 2.9408643095710065 2.2475180572314657 1.0950521132145408 0.35165619807330484 0.6224032952712062 -0.5594127605942716 -0.4195342955153398
1644767912.129969 2.938036554826197 2.244946667059303 1.0928142845533764 0.3511895430777451 0.62307475908396 -0.5600876567755269 -0.41802537115281674
1644767912.1365812 2.933835522457797 2.2422887723610647 1.0899548016555751 0.3489029449339916 0.6224910343856446 -0.5638758021586473 -0.41571071795810355
1644767912.143168 2.929902858032397 2.239682178773371 1.0873618311480544 0.346025273318281 0.6224590854112694 -0.5674623456080333 -0.4132763407417972
1644767912.1497412 2.92532831726486 2.2370833186919867 1.084766871970463 0.34228498858044026 0.6217699525710895 -0.5721226865956969 -0.41099684925305285
1644767912.156343 2.922344833141033 2.2338089304437556 1.082193285875884 0.3422735509242859 0.6206004563222336 -0.5749807169908555 -0.40877954351664675
1644767912.162943 2.918621767389232 2.23073539717726 1.0798164123231568 0.3406800140640922 0.6193590340794384 -0.5787938481634279 -0.40660652494131094
1644767912.169562 2.9153965346572126 2.228171906776998 1.0774513346662378 0.3377129791855862 0.6203678572284764 -0.5819567654859583 -0.40301313259434945
1644767912.176149 2.911618838817257 2.2249574942525463 1.0749817252779246 0.33641764158401544 0.6181787508785961 -0.5860097814486405 -0.40158480683714226
1644767912.182753 2.907928883770118 2.2218790745914965 1.0724641785403102 0.3337559060383085 0.6170974013317541 -0.5905325809458005 -0.3988341416942954
1644767912.189352 2.903971383900774 2.2189327371651704 1.0702569496848477 0.3305913297688982 0.6169676807368187 -0.5948887061520514 -0.3951800090114184
1644767912.195958 2.9005813462695667 2.2158904876591916 1.068123741054126 0.3285096897983032 0.6161091553974094 -0.5987937715181181 -0.39234744436396846
1644767912.202558 2.8971847110516404 2.2124455412236945 1.0659907099770076 0.3272582582650063 0.6140941832676817 -0.6031089722950902 -0.3899352971289948
1644767912.209147 2.8941305400407726 2.209351864249305 1.0639368838966259 0.3249472573781651 0.6135317675262739 -0.6072820322236946 -0.38625919172569256
1644767912.215759 2.890404875618676 2.206271585111719 1.0619974870712225 -0.322191158150643 -0.6117486679140175 0.6117749477913061 0.3843008342722107
1644767912.2223969 2.888934029216241 2.2031866028865634 1.0602915500620496 -0.3255471509654383 -0.6094529742340667 0.6128956696229687 0.38333322700648575
1644767912.228978 2.8859155889927117 2.1996378315608665 1.0584471308205752 -0.3243998363566735 -0.6077228877549318 0.6171085331269421 0.3802815278972252
1644767912.2355788 2.8801564088005387 2.195822142005851 1.0562382743004788 -0.31654401278783273 -0.6056556059423833 0.6254203604698586 0.37660309065158637
1644767912.2421818 2.8773305441564805 2.192256096842347 1.0543851576768637 -0.31678189113644234 -0.6025323022901908 0.6292895067622065 0.37496417370305263
1644767912.248748 2.874325668853139 2.1890432540116103 1.0529400741482833 -0.3160415585343467 -0.6009108615589229 0.6325268329047599 0.3727372054985934
1644767912.25538 2.8720409853271676 2.184950088866943 1.0513454886787221 -0.31805743331480024 -0.5974149762315251 0.6361386337980555 0.3704886383439334
1644767912.26871 2.868080245593759 2.1795087646619127 1.0486470569636979 -0.32041081389637727 -0.5951303234575187 0.6397426082467701 0.3659038293541122
1644767912.27516 2.863945935816634 2.1750863703623056 1.0470573810140535 -0.3187573157179901 -0.5913143828500865 0.6462277386079357 0.36211898961223643
1644767912.281755 2.862548320289813 2.1728557344397497 1.046059931199089 -0.3206395129362768 -0.5907114267091924 0.6468728759805044 0.3602848123895438
1644767912.288355 2.8587883127506934 2.1688106183767744 1.0446172357831327 -0.3185822481933767 -0.5882955990464374 0.6525200559756283 0.35585196366125427
1644767912.294949 2.857428009575105 2.166329438576885 1.0438025463418668 -0.3218174953216093 -0.5870121255902103 0.6528494676091453 0.3544534004854066
1644767912.301562 2.8539413913334806 2.1627341981880397 1.0427433150102856 -0.3206112319017439 -0.584732148928742 0.6572549807089192 0.3511581079708547
1644767912.308141 2.8522370931169423 2.159871951340982 1.0419281390978437 -0.32381286718172647 -0.582592903450725 0.6579257685329785 0.35051935464414663
1644767912.3147788 2.848792906279909 2.1563586344311236 1.0409427097111537 -0.3233175720803807 -0.5802285855808963 0.6615726014078798 0.3480252905609449
1644767912.321339 2.8463643241900956 2.15337247396074 1.0401804628131375 -0.3253238409550869 -0.5776376865782968 0.6632153791193327 0.3473382556825102
1644767912.327989 2.843770577443267 2.150464639490518 1.039408591948235 -0.3274510052302444 -0.5746318770198133 0.6649125568790103 0.34708029893270653
1644767912.3345459 2.8412426956028396 2.147189496915357 1.038779462624956 -0.32972058915622277 -0.5714356458840395 0.6674228882981793 0.34538639045430786
1644767912.341176 2.83878866702148 2.144360931613705 1.0381108155499783 -0.33226046631274003 -0.5684873560912653 0.6692483937107496 0.3442834302254686
1644767912.347741 2.836510115368195 2.1413522202796376 1.0374805151524102 -0.3353525358147256 -0.5651006979966395 0.6711879599726468 0.3430830518626555
1644767912.354351 2.8336029837119363 2.138462312056968 1.0369118191449713 -0.33735326009389766 -0.5609806346301097 0.6739105635771131 0.3425455776165331
1644767912.360961 2.8334417039274133 2.1369326402074407 1.036747162419347 -0.3442269521635361 -0.5605289370889982 0.6716089285299485 0.34096321867103085
1644767912.367548 2.829307286013434 2.133250230415655 1.0360827865046973 -0.34418433963347356 -0.5548918167538698 0.6766619708657573 0.34023545837792507
1644767912.374153 2.827621768468895 2.1310056424778896 1.0358867909043787 -0.3486296121074601 -0.5522926890992219 0.6771125842519561 0.33903993104360913
1644767912.3807528 2.8247773059471277 2.128225584315573 1.0353428015459076 -0.35101323458217293 -0.5483202902858885 0.6794946215307075 0.3382617767755605
1644767912.3873448 2.8234525678364726 2.1258203757740315 1.0352330938145193 -0.3563459706278098 -0.5455143521047672 0.679679676168154 0.33684792722347257
1644767912.393953 2.8213915831915757 2.1234181585897907 1.0349746551736443 -0.36011915028871544 -0.5420132259132067 0.6810780337845563 0.3356604082902038
1644767912.400576 2.8194012995427253 2.12110549178601 1.0348231382419302 -0.36391971228782083 -0.5386546902293166 0.6825145703760452 0.3340461340387924
1644767912.407145 2.8173007245105834 2.1188598148677245 1.0346713512951256 -0.3674331580968086 -0.5350341747987736 0.6841826411210067 0.3326030530966752
1644767912.413741 2.8156037091359694 2.1167693825082963 1.0346741468288134 -0.37145590910218734 -0.5319944999529804 0.6855845223690933 0.3301145784545255
1644767912.420375 2.8136730978337683 2.114601216268342 1.0346801511416714 -0.3752358028688136 -0.5282146197235652 0.6871599806395734 0.32863048479903995
1644767912.4269419 2.81088288468861 2.1120481629207775 1.0346270465637448 -0.37814878838346755 -0.5229524146301219 0.6900611976306389 0.3276265989172315
1644767912.4402392 2.8081181712567984 2.1090024640783898 1.0350519708553576 -0.38751353174166003 -0.5167621225738357 0.6908537865368656 0.32482392613851335
1644767912.446749 2.806357304529607 2.1072583588674725 1.0352374080585254 -0.3920631105911 -0.5125725702546663 0.6917146639776317 0.3241698245080804
1644767912.4600582 2.802967417161355 2.1033417847677267 1.035885015746377 -0.4025407462919888 -0.5025331594960504 0.6940964207034905 0.32194860100880585
1644767912.4731688 2.802563743277128 2.1024501414826395 1.0361832533047861 -0.40850632346024585 -0.4998917650143755 0.6935173245260985 0.3197872708580968
1644767912.4797518 2.7999049592914953 2.1010993392337953 1.036229828477838 -0.4103291204673051 -0.49531555653236925 0.6970058163065741 0.316977531223597
1644767912.48637 2.798695785927055 2.0996399925174196 1.0364559629982808 -0.4142968275317341 -0.4914096356848715 0.6991086475518801 0.3132429323471117
1644767912.492953 2.7970899964640994 2.0986746112586547 1.0366861287107634 -0.41789796231829124 -0.48751969966813014 0.7013039078342451 0.3096095501686525
1644767912.4995499 2.7952021067856614 2.09713392719765 1.0373067601947012 -0.42379008815006797 -0.48119874869184387 0.7035001382118355 0.30649085674518534
1644767912.5061681 2.7949218233237088 2.095592321229007 1.0381751338800655 -0.43139570162447094 -0.47622286785520024 0.7043946952699252 0.30155768718806325
1644767912.512782 2.793409062657216 2.094923807636857 1.038471425449918 -0.43521884593131976 -0.4720882476428721 0.7066306364883514 0.2973041396820557
1644767912.519347 2.792189702037226 2.0943216455416676 1.0388889777500108 -0.4396939444445605 -0.46825699299994644 0.7083749341585098 0.29259012438380705
1644767912.5259871 2.7887572601213533 2.092690767566714 1.039085904575235 -0.44176867663446934 -0.46078330301680265 0.7132548205550364 0.28945835187250346
1644767912.532577 2.7894092769121093 2.0925772625001886 1.0400050985706488 -0.4497567175084701 -0.45842896750155965 0.7118762940096733 0.28424171902860207
1644767912.5391529 2.78900975920946 2.0927492880521292 1.0407395904361698 -0.4561111259831062 -0.4549156051436529 0.7115875289364127 0.28045852067240395
1644767912.5457768 2.78431351800979 2.0914304504601957 1.040689653079904 -0.4545978159632639 -0.44743219777376647 0.718907535983601 0.276254612716104
1644767912.552387 2.7857732998536546 2.0915775467428808 1.041878250283769 -0.4636604660252883 -0.4457728079796634 0.7161824375222277 0.270901666161118
1644767912.558978 2.781423753123987 2.0912686621040493 1.0416265638489932 -0.4623302201674292 -0.4391384882829855 0.7218100647149139 0.2690683524590321
1644767912.56555 2.783452901064066 2.0910998192232486 1.043194965619818 -0.47236240245164346 -0.43737391476558035 0.7186416446206644 0.26292844201248733
1644767912.572153 2.7832797567927816 2.0918191291783383 1.0439845280828393 -0.4777845612019657 -0.43614557327914577 0.7178436819068583 0.2572911967131847
1644767912.5787818 2.781358704276381 2.091944438055542 1.0443234813585127 -0.4805014936516954 -0.4307747180041906 0.7198187273725252 0.25575746641556224
1644767912.5853472 2.780905262260893 2.0926331585882583 1.0451449938779267 -0.4853131909958788 -0.4289513343381197 0.7193967360645908 0.25087754455741745
1644767912.591947 2.7786955449281225 2.0921176539051474 1.0456812152557668 -0.4890458814675315 -0.4228181280733128 0.7212651569602181 0.24866617923272777
1644767912.598549 2.7785268042913334 2.093100224582608 1.0465925179827744 -0.49370984845542626 -0.42173761792544556 0.7205606169043282 0.2432689112741027
1644767912.6051478 2.7769018251661763 2.0933965380503627 1.047159793470322 -0.4970211809164435 -0.41737752484257373 0.7217065674195021 0.24063448878300125
1644767912.6117802 2.776669850377316 2.094413611304298 1.048191539128684 -0.502214495411551 -0.4161660546121777 0.7207857503194731 0.23463530589278403
1644767912.618367 2.7754121496870434 2.0945833379899903 1.0489807668371318 -0.5059067532733471 -0.4119460751426766 0.722201545144932 0.22974584275407253
1644767912.624943 2.7752357827539624 2.095435643362346 1.0499025125198658 -0.5114996157200977 -0.40961954896965513 0.7211685973272103 0.22471151067027523
1644767912.631543 2.7740502260040163 2.097208898942556 1.0505646699802442 -0.5137466244398866 -0.4093304579152368 0.7215308327775417 0.21887349951733975
1644767912.6381419 2.772461405111197 2.098050061068069 1.0510112932771967 -0.5169358473289538 -0.40470022868093924 0.7229071579974831 0.21540595403467114
1644767912.644792 2.771577077766042 2.099330190772404 1.05177197660993 -0.5209056198511572 -0.4023866433858361 0.722880735958894 0.21020273180129434
1644767912.651364 2.7705292934821775 2.100576449197101 1.0525025546700784 -0.5245075494290173 -0.39978390921046436 0.7233327518111148 0.20458201311314636
1644767912.657963 2.769583671610506 2.10140861433113 1.0534032181849127 -0.529308762165071 -0.3963100524747384 0.7232379321260042 0.19924069214165
1644767912.6645792 2.7693090454863767 2.1030379268292885 1.0541375287658332 -0.533470181240354 -0.3947759289688002 0.7228170717649964 0.192604356479414
1644767912.67115 2.768113083638088 2.1041691629890154 1.0549198304286496 -0.5378647283998301 -0.39155831773883937 0.7226170961592981 0.18763667881181953
1644767912.677748 2.7676790883833706 2.1059006319322844 1.0556181237423279 -0.5416138709372643 -0.38952569626310574 0.7225667016529781 0.18116539688145503
1644767912.6843772 2.7669477895479266 2.107428899585839 1.0563387443159136 -0.5457552602519087 -0.3870860300699222 0.7221625438199107 0.1754887701806269
1644767912.690955 2.766262729564459 2.1089215374134973 1.0571566353509305 -0.5500506225876222 -0.38450654324184946 0.7217488090581202 0.16934312607532548
1644767912.697572 2.766099064527984 2.1108393291129754 1.0580225908638003 -0.554456244984813 -0.3829349583800671 0.7207831532868345 0.16251210426299664
1644767912.704148 2.765714706927767 2.112505936047559 1.0588670257564603 -0.5589008452326613 -0.3814585644464731 0.719710547238268 0.15535554748678157
1644767912.710763 2.7641035716421003 2.113430888953822 1.0592501779065975 -0.561779771668138 -0.3761990350204829 0.7212782105708384 0.15044926418449764
1644767912.717352 2.7652483729065245 2.116540243126634 1.0602656513283426 -0.5669179517591343 -0.37696253459752077 0.718663412132347 0.14151157980961956
1644767912.723945 2.7621241247694632 2.1166345925191 1.0603430775035885 -0.568588589367838 -0.3694805036265281 0.7219875002714783 0.13756679422043697
1644767912.730544 2.7624124710099895 2.118656268589328 1.0611099314002788 -0.5737324759703443 -0.3667260429501181 0.7206669829458412 0.13031354625935027
1644767912.737144 2.761133180035281 2.120215638055631 1.0614506907888437 -0.576768444873465 -0.36267796167221744 0.7214484491616346 0.12375163156864336
1644767912.743739 2.7600826635147184 2.121721272264955 1.0618004366285065 -0.5810399882051814 -0.3575795884690024 0.7214535307763228 0.11846327960457144
1644767912.75038 2.758516864020321 2.123082518031826 1.06186709949988 -0.5845318272356501 -0.3521606111821878 0.7221288403398769 0.11329079293893503
1644767912.756952 2.7629103198528493 2.1279243511612056 1.063704326038519 -0.5922921195329026 -0.35780141645464164 0.7153007421711972 0.09753221930135163
1644767912.7635431 2.757618154267365 2.126822700019103 1.0626807774359897 -0.5931251827874124 -0.34448892591111574 0.720888748070645 0.09924097407191425
1644767912.7701619 2.760234980166051 2.1307954593871994 1.0640119088731446 -0.6003506811340527 -0.34589503918398784 0.7156135528742701 0.08850070258487602
1644767912.776751 2.761118638596294 2.1334019140744926 1.064675205328741 -0.6047384239774819 -0.3452065307191167 0.7134394097814828 0.0782783747210395
1644767912.783343 2.757390572791817 2.133225532344226 1.0639337708977488 -0.6056384701597235 -0.3361042069175622 0.7172409995909186 0.07616311957542786
1644767912.789963 2.760195585467491 2.137564856664883 1.0652279912850675 -0.6120760516272599 -0.3383844304464355 0.7117402478338053 0.06545345571472434
1644767912.796586 2.7594089798868087 2.139416698753357 1.0653939444852247 -0.6154647486500984 -0.3345396368299044 0.7110722044884906 0.06051517501070924
1644767912.803179 2.759187163228096 2.141767130403114 1.065633939301449 -0.6187377673367218 -0.3318615303002736 0.7099527263548349 0.05475426775351006
1644767912.809746 2.7586002401576035 2.143896559712067 1.065752895091991 -0.621428123376136 -0.3286573686527121 0.7094390749325921 0.0500702281578149
1644767912.816374 2.758084648150378 2.1460651782064613 1.0658548868625564 -0.6240056817555572 -0.32555686923932003 0.7088866289510828 0.04592164157453974
1644767912.822942 2.7575198973177675 2.148266262104231 1.0659236087405979 -0.6260373239431192 -0.3226957538826651 0.7086378793606154 0.04214874084219238
1644767912.829547 2.7545636833929197 2.148690856622398 1.0651322584364926 -0.6256607885131299 -0.31589685848108545 0.712018917102046 0.04226469186859448
1644767912.836173 2.75413780907858 2.1510468149202016 1.0651913433124325 -0.6272931001775093 -0.31391112993616316 0.7115988015861916 0.03987154312638229
1644767912.842769 2.755758204443026 2.1549069362795965 1.06593114126067 -0.6299916189430573 -0.3157655294374723 0.7086390841407048 0.035109935602289366
1644767912.849375 2.7533800474073074 2.1559727987130186 1.0650758089208643 -0.6285383397581117 -0.31139551228261353 0.7117600868633283 0.03700598365373166
1644767912.855969 2.7547347487740965 2.15978445945139 1.0658230282668417 -0.6304165669219929 -0.3143460683975059 0.7089495672183307 0.03393219064662378
1644767912.862543 2.7540840698071096 2.162258995071362 1.0656366399289863 -0.6297238466663413 -0.31446039746726545 0.7094748755897273 0.0347471353538571
1644767912.869143 2.7542806039755643 2.1650582704442405 1.0658664378503655 -0.6290506003308813 -0.31669329262942053 0.7091215026292194 0.033864709331552174
1644767912.875747 2.7515024716953884 2.1660966611362245 1.065050223212354 -0.625892394955782 -0.3146290139475071 0.712563222269304 0.038993018908215535
1644767912.8823402 2.753032188635177 2.170090886729179 1.0657701496136143 -0.625769238381498 -0.32003893486614665 0.710289376649397 0.03842293946630579
1644767912.888959 2.750289350825838 2.1712214625747652 1.0649553016133833 -0.6213907913835478 -0.31951415967676844 0.7140154148118023 0.04433522103035513
1644767912.8955588 2.752455964847231 2.1759219169303856 1.065819677365748 -0.6210290092883956 -0.32808942034915456 0.7104415148409142 0.044188305686249256
1644767912.902142 2.7513800820976035 2.1779290686213337 1.0663882739538684 -0.6194626890639731 -0.3301363609305851 0.7105326013318427 0.049181033357744916
1644767912.908747 2.7512873021529396 2.1814470142059954 1.0657821282071307 -0.6145075825335229 -0.3367623240328063 0.7114138601768943 0.0534913710907959
1644767912.9153469 2.750831569817717 2.1842505390876417 1.065860607867075 -0.6109737523985375 -0.3417180515091987 0.7116762606384057 0.058789025749737114
1644767912.921949 2.7502089798237934 2.1869761799374987 1.0658886299853383 -0.6072764081327716 -0.3466851419051042 0.711909510330842 0.06487763748693375
1644767912.928543 2.7497901562557256 2.1897855340035277 1.0659235311716484 -0.6032304025379737 -0.3516859305184818 0.7123391884415495 0.07072748810174777
1644767912.935144 2.7502099810509226 2.1932886691765727 1.066743501577483 -0.600404531568598 -0.3589091545785606 0.7106916415278829 0.07493608223044107
1644767912.94175 2.749465858169266 2.19579734589801 1.0668150412743074 -0.5957866924979494 -0.3636547912090249 0.7114930476499511 0.08105830307095965
1644767912.948344 2.7489976779178207 2.1984790473443137 1.0670605724762883 -0.5916431540617842 -0.3688575112144901 0.7115548106044284 0.08713047655829818
1644767912.95501 2.744495964795304 2.198048446665719 1.0659986489744282 -0.583639384371973 -0.36693952032557625 0.7177538657335468 0.09772053767921086
1644767912.961519 2.7443816895467616 2.2008543003126304 1.0664289158823066 -0.5793474310627915 -0.3724614179762224 0.7175928967798991 0.10338716141989084
1644767912.968145 2.7438400666202183 2.203386739789327 1.0667488756052774 -0.5751118236697352 -0.37761181924313586 0.717339214318647 0.10990741879286828
1644767912.974766 2.7441701109326684 2.2062581816321476 1.0675146185216629 -0.5721941371903577 -0.3842647416182304 0.7152926750733726 0.11528341649181234
1644767912.9813728 2.7426055833928475 2.2081737813819324 1.0676743008864942 -0.5664110165590378 -0.3883727112021979 0.7165030124365687 0.12234390465277696
1644767912.987941 2.7429072267835903 2.2109123173349374 1.0684049814131482 -0.5630914274848174 -0.3947389721086903 0.7146784494949635 0.12784079606689527
1644767912.994554 2.742274694214039 2.2132238119925334 1.068821811375759 -0.5579199654136437 -0.3999160677020573 0.7147533111947616 0.13386377648522607
1644767913.001142 2.742898128844428 2.216607641691148 1.0697721710134704 -0.5542104177715454 -0.40836808642387906 0.7120338010214424 0.13817946082675672
1644767913.0077708 2.7429553404357403 2.219472801512791 1.0708198478969677 -0.5504729537681929 -0.41574365209785874 0.7097773993596829 0.14266138236704545
1644767913.014344 2.7407745558934926 2.220456082807515 1.07097281800983 -0.5446632726284373 -0.41809726429212374 0.7112538661139524 0.1505123754159154
1644767913.020946 2.740146026438148 2.2226870620317354 1.0717204207239193 -0.5400917471391969 -0.4239153582644491 0.7101723430759208 0.1557284761402273
1644767913.027543 2.740206225668021 2.2246475526300915 1.072779275791818 -0.5365070276659473 -0.4296276594256608 0.7086420780502626 0.15939280467003966
1644767913.0341718 2.7394799772801486 2.2271731998222317 1.0735369030614765 -0.5315401196025864 -0.43611864945456286 0.7072685564071844 0.16442693370475553
1644767913.040767 2.7385134827640294 2.2290834322489923 1.0743192507974246 -0.526632828210308 -0.44107764598325216 0.7066443347905045 0.1695922448659426
1644767913.047359 2.737715581904281 2.2310678267314725 1.0751924404194615 -0.521728978605515 -0.44656177101091504 0.7056801690753576 0.17434535364054604
1644767913.0539432 2.7367335306970646 2.232788179673289 1.076165273802126 -0.5171018139315515 -0.45136983285234566 0.7047467968834263 0.1794503000049446
1644767913.060548 2.7357962146451955 2.2346320778127002 1.0770907128251057 -0.512077505289618 -0.45662439720036535 0.7037904380102169 0.18425313853418263
1644767913.0671449 2.73462856630454 2.236509058361621 1.0780735757784072 -0.506706864122599 -0.4615192414537503 0.7030218029130868 0.18975739095295566
1644767913.073751 2.7329191911779716 2.2381602670964162 1.0789036548097442 -0.5003858526081474 -0.4662269192057886 0.7028776881122613 0.19547081132274974
1644767913.080346 2.7347247884648946 2.2415402915987555 1.0809501405039441 -0.49798652939630794 -0.47755080574347447 0.6967439992336806 0.19621895574079037
1644767913.08696 2.7328500733517225 2.242922033997569 1.0819047124904655 -0.4909307585943931 -0.4821654743866102 0.696997964022455 0.20173427771264354
1644767913.093554 2.730445820588541 2.2438527919478135 1.0827184666918401 -0.48432146568321865 -0.4839711641403299 0.6976613045972851 0.21088554994609732
1644767913.1001449 2.73102312104562 2.246544310949787 1.084601911376594 -0.479686435784408 -0.49376434076273423 0.6934129564101907 0.2127806775669458
1644767913.113346 2.729611113582865 2.2479649086396805 1.0857168986201122 -0.4739160379384271 -0.49671749591799935 0.6924419248736283 0.2218082375306515
1644767913.120068 2.727580967022364 2.2514220147441772 1.0886885797660812 -0.4610782306299552 -0.5080818875524785 0.6890793245596332 0.2332997168232064
1644767913.133277 2.725293156610759 2.254601314520736 1.0916741658067877 -0.4472657448329604 -0.5189432771854389 0.6861879617762096 0.24453364536181504
1644767913.146355 2.7244383915199877 2.256298573902854 1.0932526991205567 -0.4410640052956488 -0.5242086642595721 0.6839448782996413 0.2507720109624588
1644767913.1529799 2.7240461313781075 2.2585530176397333 1.0951280306119724 -0.43548177943263416 -0.530548036136004 0.6804708141892282 0.25657988246095975
1644767913.159543 2.7224635950356517 2.259689317437571 1.096631647350235 -0.42815388149339845 -0.5351808259218671 0.6796837299096072 0.2613333844883904
1644767913.1661491 2.721671978422022 2.2611749162067882 1.0983382336081158 -0.4222481992625343 -0.5401467490248701 0.6774371429318214 0.2665074975363767
1644767913.1727412 2.7194376223288503 2.2625320155733557 1.0998142778919109 -0.4140286208163773 -0.544124056859802 0.6770566132279031 0.2722187256953451
1644767913.1793458 2.7181938555236553 2.263853263961678 1.101383331232812 -0.407366293484086 -0.5489433020143504 0.675427952247009 0.27660519282211365
1644767913.1859682 2.718353163519625 2.2657188569891082 1.1032608275531723 -0.4030493988321419 -0.5547332736252627 0.6715706148439862 0.2807391351359273
1644767913.192586 2.7170099954986195 2.2673392919054924 1.1049962778379192 -0.3965654088046537 -0.559793986854328 0.6693490891650419 0.28519774011886956
1644767913.199148 2.7166004200990987 2.2690835584601854 1.1067815374152226 -0.3912548732987901 -0.5653381678273391 0.666081427179897 0.28921848471342493
1644767913.205746 2.7133578743584534 2.2695884303057956 1.1077328526804835 -0.38242304483977807 -0.5677877390361171 0.6670390963089046 0.2939862462397959
1644767913.21235 2.713605551512022 2.2720284586666284 1.1098505529862586 -0.37862136999971674 -0.5745915730314574 0.6617360837083767 0.2976493838664441
1644767913.218946 2.712142963197752 2.2733175976404363 1.111198869612373 -0.3719769910513147 -0.578991272853297 0.6598398059253833 0.30168364276703563
1644767913.225575 2.7128847808082948 2.2759704404797665 1.1134020477759679 -0.3685730097687691 -0.5871489798274779 0.6534693059283324 0.30395270697621096
1644767913.2321699 2.7097412886898073 2.276179322050629 1.1142109558091855 -0.3602704040880973 -0.5879252612978182 0.6552506000592943 0.3085371049072655
1644767913.238774 2.7092179160812226 2.278228475275709 1.11594756840657 -0.35538230338636856 -0.5934891979003156 0.6512472314338126 0.31201026290473466
1644767913.245365 2.70910804769898 2.280302095589444 1.1178059228153756 -0.35158489450574426 -0.5989568678574374 0.6467811345176966 0.31513855939616037
1644767913.25195 2.7076466358147817 2.281980706210456 1.1191719166428722 -0.3460656195702714 -0.6028431202606143 0.6438556225410429 0.31979384073475375
1644767913.258555 2.7060940432979197 2.283636718070587 1.120684888941667 -0.33956876071957975 -0.6072001032660385 0.6416972297070859 0.3228392272297678
1644767913.265147 2.7064622006936263 2.285648626449666 1.1223100669118917 -0.33731400242766335 -0.6115981651254264 0.6367748302431282 0.3266254538690345
1644767913.271747 2.7054650785938916 2.28734201548677 1.1237768062492899 -0.3324415581797094 -0.6152683266680375 0.6339935243948468 0.3301197445272893
1644767913.278344 2.7051339220192387 2.2892652981817645 1.125319900115007 -0.3287859359594222 -0.6193693646572961 0.6303864066500123 0.33300709853225696
1644767913.284984 2.7042391528531633 2.2909311158156505 1.1266622978124106 -0.32466683901316395 -0.6227651525239658 0.6275747438523176 0.33601233414221965
1644767913.291568 2.7037195146524047 2.2927808441867 1.1280849730939944 0.3211365785962859 0.6260513226976083 -0.6246013350589458 -0.3388271118635845
1644767913.2981749 2.70389841127392 2.2952398754730408 1.1299619283983824 0.3184318324679105 0.6307712057999738 -0.6203238379006326 -0.3404802337289139
1644767913.304806 2.7021718057815147 2.2968204616924703 1.1312437707253193 0.3121127121549117 0.6337869560767385 -0.6200585596325466 -0.3412136298626527
1644767913.311373 2.7023596808608445 2.298661546340074 1.132561904430358 0.3102008203409593 0.6366926257491661 -0.6170934086499535 -0.3429187855881849
1644767913.317983 2.702464156136262 2.301152270229852 1.1342581197680004 0.3077612086355099 0.6405777493397702 -0.6134444957029849 -0.3444250620895141
1644767913.324547 2.7036262898553853 2.30420802956822 1.1364303698296432 0.30627420871631306 0.6465985160556439 -0.6076429067993053 -0.3447841953964188
1644767913.331145 2.7030808323046758 2.3062729809340636 1.1376765692321038 0.30288897823428257 0.6493696424480229 -0.6059089095642395 -0.34561729563394616
1644767913.337739 2.7026985149175666 2.3082152550044417 1.1389358816726092 0.29993518495269017 0.6519310377525732 -0.6044872737558686 -0.3458605842140119
1644767913.344349 2.702888925654632 2.3110439115000396 1.1405068705756334 0.29762656192909726 0.6554970399549691 -0.6012771934873964 -0.34670943588337483
1644767913.350944 2.702861392331961 2.3132572443371586 1.1419142517468874 0.29550879553479104 0.6580813408333959 -0.5993304079943439 -0.3469958964886264
1644767913.3575501 2.702907937873466 2.3155417764143937 1.1432609323025782 0.29362754247866524 0.6604711151063197 -0.5975661544557089 -0.3470951856365554
1644767913.3641841 2.703464904496263 2.317989119783369 1.1445060616889793 0.29299985274764445 0.6620422493664497 -0.5958600168750938 -0.3475652657578572
1644767913.370773 2.703068220389817 2.320796471051506 1.1460790528716651 0.2903861897326238 0.6653775909494 -0.5940143990129193 -0.3465472428559155
1644767913.377342 2.7024389090452723 2.3229971236465 1.1472909603901553 0.28766734889468687 0.6673297726445596 -0.5938037916167505 -0.34542021296746533
1644767913.383945 2.7043629456293536 2.326270158539213 1.1488870321017943 0.28961154993455507 0.6705256559914232 -0.5892832557424361 -0.3453481525349374
1644767913.3905752 2.70329790264121 2.3287291382274806 1.149944837654524 0.2852743974343919 0.6724083387362728 -0.5900560299662667 -0.3439753321521351
1644767913.397155 2.704199939391116 2.331846668324992 1.1515312491378449 0.2862079475914596 0.6750764188135 -0.5876941969315328 -0.3420116658666523
1644767913.403744 2.7046814093343947 2.33443039251956 1.1528432189421363 0.28613663720268884 0.6771125261261285 -0.5862955145949682 -0.34044327266414903
1644767913.410347 2.7043018031343573 2.337394829368246 1.1539837175147327 0.28383293287173217 0.6786362529661234 -0.5860623452928008 -0.3397384335723989
1644767913.416943 2.7052501116551246 2.3403583322889583 1.155543925210584 0.2847831207317433 0.6815142400604914 -0.584014508075711 -0.3366950837403174
1644767913.423551 2.7059786145157396 2.343685932827913 1.1571886703620333 0.2849184219133996 0.6843969443242709 -0.5817524658638341 -0.334643090565916
1644767913.430151 2.706309968995991 2.3463934289050368 1.158415899424593 0.2847780420287651 0.6856585539485414 -0.5809201857420384 -0.333624274105115
1644767913.43678 2.706695859493721 2.349601782802339 1.159782787575534 0.2843635410200808 0.6875522070501764 -0.5798473371968684 -0.33194273174834715
1644767913.443375 2.7074805780868636 2.352866515641883 1.1614858600451676 0.2851046582931926 0.6899450879258084 -0.5776666536046133 -0.33013928975167695
1644767913.449981 2.7083750266341253 2.3561826504845604 1.1632836227292818 0.2858087755929414 0.6923612688358165 -0.5755945030055151 -0.3280850387070303
1644767913.45655 2.7096171154842796 2.35933832040906 1.1648976323305562 0.28729854057072207 0.694117343846205 -0.5734947103206481 -0.3267477212204242
1644767913.4631839 2.710472525334236 2.362841777425341 1.1670463840462404 0.2879216732195976 0.6969878643432743 -0.571379748319493 -0.3237804804827878
1644767913.469742 2.710823382454947 2.3660311353196373 1.1685900356913088 0.28730945136013936 0.6981932416805847 -0.5703422105419503 -0.32355655909480885
1644767913.476344 2.711584302248893 2.36915568469473 1.170339931818645 0.2873691115728574 0.6998489472559386 -0.5691955637505569 -0.3219416656787502
1644767913.482955 2.712317332901673 2.373088976930193 1.172462109798535 0.286957352043806 0.7022575278966681 -0.5672584105898096 -0.32047990314593694
1644767913.4895518 2.7130966515084545 2.3765860653107125 1.1744757417723641 0.28670172369268865 0.7040631886022303 -0.5660292319927832 -0.3189163851243393
1644767913.496159 2.713891184809487 2.380165914808822 1.176540595760605 0.28640459217407854 0.7056675369762532 -0.564849326971718 -0.31772717003395057
1644767913.5027819 2.7148996619194077 2.383940338161615 1.1787978039441953 0.28629559694199513 0.7078102482341115 -0.5630934537329743 -0.31617215797540327
1644767913.509374 2.7156014601011855 2.3873629164570644 1.1809523789429146 0.28607101575391103 0.7092807471824715 -0.5618952069635399 -0.3152103531140439
1644767913.515945 2.7155390894337663 2.390489414652896 1.1826421965051208 0.28474165719374295 0.7095220600792433 -0.5625460157171671 -0.314709784250634
1644767913.522579 2.718309964743618 2.3950875784767134 1.1858824200602522 0.28790889055858465 0.7122196811083555 -0.557370221658557 -0.314943846829924
1644767913.529185 2.718210037119634 2.398375583526975 1.1879967709558013 0.2857683337787876 0.7130968519525578 -0.5578332313201978 -0.31408760911167716
1644767913.535747 2.7179223579840444 2.4017307151513925 1.1900389341469793 0.2838868116433226 0.7131759637801816 -0.5583430933383758 -0.31470766795735855
1644767913.542345 2.7198460770570443 2.4057887644734497 1.192946582588201 0.28539026354541397 0.7146987833712317 -0.5554352482365918 -0.315038570765192
1644767913.548945 2.720809426627064 2.409620962879127 1.1953663045005436 0.2853725946547125 0.7150169186332014 -0.5545170972902614 -0.3159488273695288
1644767913.555549 2.722029973912935 2.4132712230781674 1.1980114863720717 0.2858708445480827 0.715758874131906 -0.5527267156619676 -0.31695403449249127
1644767913.562143 2.7231169223958833 2.4169829213368357 1.200554259759897 0.28605412380956363 0.7160960527556567 -0.551700615857994 -0.31781361730637653
1644767913.568747 2.724401901564953 2.420730256590567 1.2032178554955992 0.28633864886596433 0.7167622325556792 -0.5504121917635991 -0.31828930371288366
1644767913.57534 2.7253202035223008 2.424294044388039 1.2057524182768062 0.2860234582872558 0.7168490760848982 -0.5502428027748848 -0.3186697900332166
1644767913.5819468 2.7264741914746424 2.4279948739768575 1.2083549632722133 0.28585085299339097 0.7169458923702617 -0.5500179581492569 -0.31899491535928376
1644767913.588544 2.727518752645691 2.431512374779497 1.2109832589809413 0.28556603749703807 0.7171219036777517 -0.5499199984907833 -0.3190232009551315
1644767913.595179 2.728391346856836 2.4347257240537497 1.2134904475696624 0.2848805670420707 0.7174353544406635 -0.5501833730194713 -0.31847675247448043
1644767913.601744 2.7297282493672554 2.438669789734254 1.2164485382348333 0.2843804606949055 0.7179771547381526 -0.5500521270031241 -0.31792895320481435
1644767913.608347 2.731238242484194 2.4418294452195597 1.2192638239120617 0.28573777444769927 0.7177625899369225 -0.5501186662074632 -0.3170801399630467
1644767913.614947 2.731703896057661 2.445333623712028 1.2219967363511048 0.2849022761961951 0.7175492768741694 -0.550058568782376 -0.3184162642763581
1644767913.621556 2.7330267173273826 2.448398313553218 1.2243858981439928 0.2856773274198531 0.7163338293717899 -0.5511335654645889 -0.31859961226310124
1644767913.628171 2.7339903814570023 2.4520054790198436 1.2272765776849694 0.2868675191361203 0.7159027983994244 -0.5498505513965538 -0.3207089084168383
1644767913.634795 2.735574975248151 2.4553416075004852 1.2297809784242633 0.2879305251453369 0.7147585002211326 -0.550869482026357 -0.32055996200442743
1644767913.641376 2.7364111655663255 2.4587102956714797 1.2324146662054694 0.28929578195884026 0.7140195723378401 -0.5491873989316124 -0.3238469025581217
1644767913.6479511 2.737831927607873 2.4617646387718994 1.2351537923013407 0.29131378062437246 0.7133234423250645 -0.5490309794548299 -0.3238371579518571
1644767913.654572 2.7386045856651986 2.4649423806683943 1.2376787851312987 0.2927157956788505 0.7122309765772494 -0.5478844309356041 -0.3269047934518565
1644767913.6611462 2.739909190141058 2.4678389511684777 1.2403527239169352 0.29468081038569577 0.7114241935898478 -0.547912081183637 -0.32684977314031394
1644767913.667739 2.7416772028418754 2.4711067058195195 1.2433196708876044 0.29615264061530483 0.7122883747965328 -0.547068057931047 -0.32504622137013645
1644767913.674345 2.7419931346492414 2.473706606311786 1.2457559573328423 0.29682728257058927 0.7108746139674947 -0.5472967593230483 -0.3271340717880161
1644767913.6809542 2.7432227704920424 2.476071736516077 1.2484401785479082 0.2982537800600509 0.7102785494518533 -0.5482839033411117 -0.3254742178979675
1644767913.687545 2.7442759855959102 2.479548234750341 1.2513326604073678 0.2978017885331652 0.7116684616554192 -0.5469770892758129 -0.3250504508007289
1644767913.694164 2.74471415180572 2.482089952685917 1.25368560437886 0.29778071629257563 0.7104633456394799 -0.5478440800001029 -0.3262437088538541
1644767913.700759 2.7455994379872095 2.4846041454686443 1.256337959412436 0.2983350353864465 0.7101314105723167 -0.5480863380854069 -0.326052966703076
1644767913.70734 2.7464020199274364 2.487236962659543 1.2589879110452324 0.2990321641100581 0.7097105560855578 -0.5474905764503473 -0.3273291363584111
1644767913.720642 2.7479274681168593 2.49204286304509 1.2643342824090644 0.3013242573892054 0.708502919750719 -0.5463185925838249 -0.32979223764306487
1644767913.727146 2.748869470229211 2.494593690166953 1.266796962966076 0.30167548617114365 0.7079865165616633 -0.5464644419799993 -0.33033805406717537
1644767913.7338188 2.7497393220080286 2.4970699781394328 1.2694315983496856 0.302807659747703 0.7075734247152616 -0.5454931598806698 -0.33178934404650096
1644767913.7403488 2.7501871045262236 2.499088790726475 1.2718763174803855 0.3037406912824215 0.7067384493451742 -0.5451814657766058 -0.33322533006824456
1644767913.746942 2.75109895055014 2.5015822348306824 1.274375285515285 0.3041251723744014 0.7064691349523413 -0.5447054285904315 -0.3342226863854747
1644767913.75356 2.7525353280590856 2.5038244301955856 1.2770594617571223 0.30685675276326096 0.7062553595512425 -0.5424023802400566 -0.3359189576569328
1644767913.766881 2.7522900623462543 2.507959268782296 1.2814283523279506 0.30443866590560803 0.705708459737135 -0.5438274835488852 -0.3369628643477315
1644767913.78004 2.7531297088513416 2.5123552448164874 1.2857313154881078 0.30407341490679357 0.705525205685838 -0.5434806099311694 -0.33823360680317444
1644767913.7865431 2.7536188313398786 2.514573931656985 1.2878409356437597 0.30405073420291423 0.7057038546786337 -0.5430049642282742 -0.338644997885697
1644767913.799742 2.754536894927359 2.5166896820627604 1.2897411979635942 0.3054254467307526 0.7053880549946809 -0.5419164524159509 -0.3398074985131653
1644767913.8063629 2.7535732865781233 2.5186014867139557 1.29125724573841 0.3029421627733976 0.705189915080786 -0.5435430803989695 -0.33984373587769595
1644767913.8129761 2.7538461555236933 2.5206374942871594 1.2928908970935131 0.30330717254439327 0.7048789105892385 -0.5432254150149003 -0.3406703226061141
1644767913.8195908 2.753852041295325 2.5228822996233813 1.2942772513754033 0.3023228705931547 0.7049594505484198 -0.5436505645988164 -0.34070030324625
1644767913.826144 2.7536721386507974 2.5246672653698883 1.2956779828489182 0.3025065345566188 0.7049673955656489 -0.5432716110874243 -0.34112512265552364
1644767913.832757 2.753521831756113 2.5265187529310738 1.2968312599610763 0.30249345142885736 0.7047530674452064 -0.5433482614065506 -0.3414572779587963
1644767913.8393412 2.7536029870468406 2.528509424219875 1.298027742001453 0.302639003131772 0.7050701374198763 -0.5429493134234724 -0.3413083219629844
1644767913.845956 2.7530817332536315 2.5302891199341238 1.2988859349459532 0.30193267844937033 0.7053449782799328 -0.5433785502176497 -0.3406823962196673
1644767913.8525481 2.75379490086756 2.5319756308842334 1.2999269964020077 0.3040812337760939 0.705545202232139 -0.5419085381452791 -0.34069832179330944
1644767913.859178 2.7526018993374297 2.5337876765340015 1.300377875490146 0.30222936144285306 0.7056442899550677 -0.5433177858709014 -0.33989545934261267
1644767913.865742 2.7520394941152277 2.535581745374584 1.3006875788654584 0.3015056800711104 0.7056940154643842 -0.5441993291077248 -0.3390235301633976
1644767913.872339 2.752315917327639 2.537392220709393 1.3011798641953471 0.30331497352430703 0.7059611156522922 -0.5430255432005032 -0.33873560146837983
1644767913.878945 2.7497647672538954 2.5380638922599945 1.300682848235629 0.30094675232067586 0.7047171679603758 -0.5465221014664715 -0.3378135365319608
1644767913.88555 2.750130282625526 2.540006651949316 1.3012635150146707 0.30295528332598226 0.7057052488116444 -0.5447182157280865 -0.3368677540649453
1644767913.892142 2.749364267771439 2.541649249648485 1.3009933848367068 0.3028435405207952 0.7058073664267022 -0.545697195953637 -0.3351655234609852
1644767913.89874 2.7487152224166973 2.5428006235773344 1.300732614683133 0.3045741239006621 0.7055244081790348 -0.5455542282838838 -0.3344250501069764
1644767913.905344 2.7473597799879452 2.5442231470857153 1.2999701702585353 0.3042101054397974 0.7048875566677267 -0.5472208818292621 -0.3333745823323821
1644767913.91194 2.746062260621005 2.5453241022460467 1.299110217343407 0.3048402767431252 0.7043178797647093 -0.5482392058268383 -0.3323283132273823
1644767913.918547 2.7448896964337655 2.546343973315084 1.2982861391131042 0.3066626079906269 0.7036884264305487 -0.5483593261608777 -0.3317864887046722
1644767913.925173 2.744096896967291 2.54773617231349 1.2971581033714101 0.3079760215388795 0.7029246562393573 -0.5493831602131272 -0.3304927105676746
1644767913.931743 2.7422097530839618 2.5485134211089933 1.2957743269827464 0.308562235405469 0.7020313063604321 -0.5505949283882069 -0.3298275665657657
1644767913.9383428 2.7410586098794436 2.5493267997465447 1.2943098985677242 0.31071639936908424 0.7010397810030055 -0.5511177763258138 -0.3290400426302379
1644767913.944942 2.739165445339867 2.550087005542542 1.2925451103681163 0.3117607351188272 0.6997109142984197 -0.5525408915607338 -0.3284935816539969
1644767913.951543 2.736734748619624 2.5505594109967924 1.29041314364697 0.3122002114989899 0.6980161003386613 -0.5548252063910649 -0.32783094768719384
1644767913.958144 2.735348710733483 2.551298596154193 1.2886993882465514 0.31472627165259215 0.6974343649377248 -0.5548058830852872 -0.3266844544602653
1644767913.964745 2.7337295184300148 2.55188592631247 1.286503292009284 0.31685948955323884 0.6962219046541395 -0.555540389952532 -0.32595952742388923
1644767913.971345 2.7311865090236807 2.55241852451485 1.2839652116146527 0.31767838268008325 0.6947484659268158 -0.557079409743558 -0.3256794775826474
1644767913.977939 2.7295805583710626 2.552604454839845 1.281432593228344 0.32034501502366913 0.6933585440251097 -0.5581144382645287 -0.3242544051305848
1644767913.984541 2.726793716741786 2.5527637226730597 1.2784897655504073 0.32128260202857745 0.6917665801017522 -0.5599762405753677 -0.32351612648953054
1644767913.99118 2.724654552162268 2.553026859788104 1.2755883793340574 0.3225132959141748 0.6906112214702018 -0.5618216749920599 -0.3215545962541566
1644767913.997744 2.7219004518017753 2.5532704803184254 1.272381538113562 0.32319445371356814 0.6893912991634826 -0.5635022026293534 -0.320546178249753
1644767914.004375 2.719847880589617 2.5532439998183416 1.269194154389171 0.3253191108012083 0.6880872250331411 -0.5649236876602086 -0.3186915540818759
1644767914.0109792 2.7169200858400884 2.5532481986889777 1.2657568599068765 0.325728151731807 0.6870079354272393 -0.5670220824493447 -0.3168703442417508
1644767914.017579 2.7144561839037724 2.5534361081537957 1.2623048267234307 0.3269202762615144 0.6862953653175013 -0.5680028437696915 -0.31542699195385715
1644767914.024179 2.711295212410738 2.5533633844244323 1.2585993608553276 0.32681767308808585 0.6854103080202156 -0.5703378514534094 -0.3132367746533722
1644767914.0307462 2.7082888494242803 2.5532427398517505 1.2547834771346973 0.327115513516888 0.684472763005094 -0.5724045069337637 -0.3111995651191874
1644767914.037348 2.7052586310628146 2.5530871629091134 1.2509009320912667 0.32791900991954115 0.6835937969579232 -0.5739621275671093 -0.3094119022407432
1644767914.043942 2.7022024312857806 2.5528331813329754 1.2468766377003817 0.328889565712694 0.6823306271677673 -0.5757244980634862 -0.30789196146553005
1644767914.0505779 2.6990420948147706 2.552565310864721 1.2427216691512424 0.329777660765319 0.6811240451965661 -0.577503257507484 -0.3062781168016323
1644767914.0571399 2.695925280866735 2.552199116247246 1.238417685513357 0.33103180308531055 0.6796824659500973 -0.5792018956109055 -0.3049171522334282
1644767914.0637472 2.6923773666783517 2.551901583930744 1.2339964328393798 0.3311384077237069 0.6781714452667004 -0.5816012348814928 -0.3035958904969424
1644767914.070344 2.6891743795913357 2.551477544403018 1.2295921019669624 0.33221419489938 0.6768852863882862 -0.5833002749486227 -0.3020272200764519
1644767914.076975 2.685769846742681 2.551247981658291 1.225024191282381 0.3328091434457967 0.6758536129487681 -0.5845060272993247 -0.3013507058459437
1644767914.0835378 2.682218347056262 2.550846229225687 1.220440359735405 0.3335214127141639 0.674738519549836 -0.5858197870601703 -0.30050987263632317
1644767914.090146 2.6787951605445697 2.5503535238682598 1.2159630822262808 0.33469967740369444 0.674320976286293 -0.586150771791889 -0.2994899471335384
1644767914.0967429 2.6749964827267676 2.5498406644859792 1.2112548691587688 0.3345764916870517 0.6734971528998916 -0.5878556825971617 -0.2981366786725254
1644767914.103345 2.6713463908297417 2.5493981635960674 1.206636456682419 0.33445474283930215 0.6732526563129887 -0.5889143745685702 -0.29673284404158656
1644767914.10994 2.6675907925835443 2.5489004272245737 1.2019766882569707 0.33463964014052017 0.6730516432547166 -0.5893271396454244 -0.29616024740681096
1644767914.116545 2.6634748657218696 2.5482642943291234 1.1971373207282057 0.33357188966754797 0.6725444017110814 -0.5909966834253589 -0.2951887186934371
1644767914.1231732 2.659505132201965 2.5476571465795734 1.1923451020086193 0.33317537239568484 0.6721933576603109 -0.59200867064373 -0.2944071625821532
1644767914.129745 2.655585752567818 2.5470571791437115 1.1874900792960887 0.33247915081017 0.6720728262099743 -0.5930629106799721 -0.2933456912601495
1644767914.136375 2.651425756251112 2.546284754678809 1.182519359164897 0.3316112538280439 0.6715093754551779 -0.5946662404296156 -0.29237102494871087
1644767914.142943 2.6474512570024724 2.545616434707526 1.1776546394416678 0.33110007960792576 0.6714534176021716 -0.5956714730274854 -0.2910294975072262
1644767914.149552 2.6430483501385056 2.5446770980455917 1.1725389265694548 0.32983662223308396 0.6702158886852837 -0.5981594375245443 -0.2902125975102473
1644767914.15617 2.6391865942173314 2.5439702856262945 1.1676894935118831 0.32972418277087484 0.6699344905216845 -0.5991007008671285 -0.2890461479131706
1644767914.16275 2.6350029008755467 2.542924124129566 1.1626459323427372 0.32929472587512654 0.6687580921719177 -0.6012344263333744 -0.2878269234287382
1644767914.169353 2.630750658300736 2.542119023493994 1.1576577668675954 0.32842800911460474 0.6680496918895102 -0.6030110454501145 -0.28674371291308604
1644767914.17595 2.6265542688076824 2.5411903917729655 1.152639254324056 0.3274832567995748 0.6670659290352215 -0.6051344668829017 -0.2856389797802193
1644767914.1825469 2.622065731941 2.5401659380615165 1.1476484303225678 0.32630136897522044 0.6659806117148781 -0.6075355800295562 -0.28442467530482457
1644767914.189139 2.61800033107422 2.539242028591668 1.1427876609200558 0.3257481676564055 0.6651823508766064 -0.6093266588005888 -0.2830921895825563
1644767914.195746 2.6135066307303587 2.538177874680685 1.137871127780557 0.3246278484285371 0.6638306234023135 -0.6117301444013981 -0.2823676989748935
1644767914.202373 2.609230181969054 2.5371127110555785 1.1329637548751488 0.32356666630245784 0.6627313825280802 -0.6138662406582436 -0.2815308036691764
1644767914.208957 2.6051009997387626 2.5361855368031136 1.1280951900652245 0.3223169537129055 0.6614932222332841 -0.6162206682223051 -0.28073148986055985
1644767914.215552 2.6003271071620526 2.5349910707748786 1.123293481974582 0.3208119624702876 0.6603543705158009 -0.6184938955028331 -0.28013693676703344
1644767914.2221491 2.5966952132448946 2.534165345989793 1.1186315839445116 0.32063040292726913 0.6595122098719769 -0.6196500024937316 -0.2797735994439164
