1641272237.756718874 -0.16458 0.01490 0.12988 -0.71710 -0.05221 0.10623 0.68684
1641272237.843400955 -0.14438 0.03729 0.08410 -0.72342 -0.04156 0.10086 0.68173
1641272237.930083990 -0.11981 0.03775 0.06108 -0.73404 -0.03363 0.09475 0.67163
1641272238.016764879 -0.09424 0.03419 0.03887 -0.74445 -0.02923 0.08798 0.66121
1641272238.103446960 -0.07447 0.03443 0.02611 -0.75384 -0.02169 0.07328 0.65260
1641272238.233470917 -0.04402 0.03425 0.01667 -0.76252 -0.02534 0.04347 0.64501
1641272238.320152998 -0.02193 0.03384 0.01930 -0.76227 -0.03211 0.01189 0.64635
1641272238.450175762 0.01077 0.02805 0.03877 -0.75820 -0.04277 -0.02324 0.65020
1641272238.536857843 0.02388 0.02752 0.06228 -0.75186 -0.05483 -0.04792 0.65529
1641272238.623539925 0.03140 0.02815 0.08971 -0.74046 -0.07372 -0.07378 0.66395
1641272238.710222960 0.03732 0.02397 0.11981 -0.72574 -0.08925 -0.09829 0.67504
1641272238.796904802 0.04013 0.02093 0.15096 -0.71456 -0.10204 -0.11479 0.68251
1641272238.926927805 0.04139 0.01598 0.18902 -0.69497 -0.11942 -0.13403 0.69627
1641272239.013609886 0.03753 0.01911 0.20081 -0.68936 -0.13031 -0.14261 0.69819
1641272239.143632889 0.03202 0.02311 0.18822 -0.69898 -0.13484 -0.13583 0.68905
1641272239.230315924 0.02552 0.02851 0.16262 -0.70850 -0.13637 -0.12945 0.68020
1641272239.316997766 0.01348 0.03109 0.13137 -0.72038 -0.13274 -0.11609 0.67079
1641272239.403679848 -0.00046 0.03213 0.10124 -0.73388 -0.12846 -0.09200 0.66064
1641272239.490362883 -0.01834 0.03348 0.07328 -0.74800 -0.12339 -0.06912 0.64845
1641272239.620385885 -0.05204 0.03253 0.03955 -0.76962 -0.12683 -0.02826 0.62514
1641272239.707067966 -0.07591 0.03091 0.02747 -0.77619 -0.13231 -0.00310 0.61645
1641272239.837090969 -0.11200 0.02873 0.03056 -0.77495 -0.14083 0.03433 0.61517
1641272239.923772812 -0.13198 0.02865 0.04643 -0.76705 -0.14532 0.06054 0.62197
1641272240.010454893 -0.14696 0.02926 0.07033 -0.75511 -0.14101 0.08293 0.63486
1641272240.097137928 -0.15477 0.03056 0.10016 -0.74037 -0.13606 0.10047 0.65058
1641272240.183819771 -0.15698 0.03536 0.13307 -0.72544 -0.13232 0.10824 0.66672
1641272240.313842773 -0.14656 0.04723 0.18304 -0.70613 -0.11912 0.10505 0.69004
1641272240.400524855 -0.13176 0.05560 0.21641 -0.69764 -0.10851 0.09625 0.70161
1641272240.530547857 -0.09895 0.06228 0.25701 -0.68142 -0.09375 0.06725 0.72274
1641272240.617229939 -0.07420 0.06492 0.27117 -0.67967 -0.08312 0.04736 0.72725
1641272240.703912973 -0.04878 0.07107 0.27070 -0.68841 -0.06943 0.03211 0.72127
1641272240.790594816 -0.02343 0.07665 0.25807 -0.69774 -0.06520 0.01890 0.71312
1641272240.877276897 0.00286 0.08065 0.23472 -0.70885 -0.05928 0.00664 0.70283
1641272241.007299900 0.03715 0.08598 0.18865 -0.72622 -0.04456 0.00300 0.68601
1641272241.093981981 0.05560 0.09105 0.15391 -0.74005 -0.03606 0.00258 0.67158
1641272241.224005938 0.07285 0.09582 0.10232 -0.75751 -0.02532 -0.00340 0.65232
1641272241.310687780 0.07822 0.09944 0.07725 -0.76692 -0.02613 -0.00349 0.64120
1641272241.397369862 0.08423 0.10326 0.06192 -0.77048 -0.02885 -0.01240 0.63669
1641272241.484051943 0.09648 0.10190 0.05922 -0.77110 -0.03525 -0.02494 0.63525
1641272241.570733786 0.11421 0.09935 0.07011 -0.76654 -0.04118 -0.04738 0.63913
1641272241.700757980 0.13977 0.09675 0.10931 -0.75420 -0.03886 -0.07382 0.65132
1641272241.787439823 0.14960 0.09395 0.14537 -0.74081 -0.04745 -0.08942 0.66405
1641272241.917462826 0.14980 0.08941 0.20230 -0.71867 -0.06082 -0.10786 0.68424
1641272242.004144907 0.14662 0.08442 0.23714 -0.70442 -0.06449 -0.11405 0.69759
1641272242.090827942 0.13733 0.07961 0.26631 -0.69200 -0.07556 -0.12410 0.70713
1641272242.177509785 0.12404 0.07376 0.28662 -0.68495 -0.08511 -0.12533 0.71267
1641272242.264191866 0.11032 0.06998 0.29048 -0.68086 -0.10479 -0.12593 0.71386
1641272242.394214869 0.09255 0.07285 0.26534 -0.68572 -0.12073 -0.12182 0.70737
1641272242.480896950 0.08256 0.07621 0.23349 -0.69016 -0.13348 -0.12159 0.70077
1641272242.610920906 0.06958 0.08281 0.18117 -0.70006 -0.13233 -0.10560 0.69373
1641272242.697602987 0.06414 0.09011 0.14616 -0.71809 -0.12711 -0.09273 0.67793
1641272242.784284830 0.05809 0.09592 0.11294 -0.72641 -0.12543 -0.09149 0.66950
1641272242.870966911 0.04922 0.09874 0.08350 -0.73421 -0.12378 -0.08406 0.66223
1641272242.957648993 0.03634 0.09799 0.05629 -0.74599 -0.11872 -0.07298 0.65121
1641272243.087672949 0.00684 0.09069 0.02900 -0.75418 -0.11745 -0.04768 0.64432
1641272243.174354792 -0.01736 0.08176 0.02080 -0.75638 -0.12540 -0.02586 0.64148
1641272243.304377794 -0.05726 0.06977 0.02273 -0.75887 -0.13545 0.01274 0.63688
1641272243.391059875 -0.08346 0.06004 0.03033 -0.75819 -0.14190 0.03975 0.63516
1641272243.477742910 -0.10794 0.05032 0.04450 -0.75067 -0.15551 0.05797 0.63950
1641272243.564424992 -0.12853 0.04303 0.06332 -0.74418 -0.16038 0.07336 0.64428
1641272243.651106834 -0.14611 0.03788 0.08743 -0.73644 -0.16214 0.09555 0.64980
1641272243.781129837 -0.16510 0.03016 0.13245 -0.72286 -0.16472 0.11947 0.66035
1641272243.867811918 -0.16943 0.02707 0.16560 -0.71080 -0.16483 0.12466 0.67235
1641272243.997835875 -0.16243 0.02737 0.21743 -0.69921 -0.16048 0.13418 0.68362
1641272244.084517956 -0.15172 0.02908 0.25195 -0.69437 -0.15096 0.14166 0.68919
1641272244.171199799 -0.13915 0.02813 0.28365 -0.68584 -0.15075 0.14497 0.69706
1641272244.257881880 -0.12618 0.03011 0.30907 -0.67925 -0.15270 0.13834 0.70439
1641272244.344563961 -0.11173 0.03581 0.32606 -0.67712 -0.15584 0.13469 0.70645
1641272244.474586964 -0.08441 0.04632 0.33788 -0.67687 -0.15270 0.14252 0.70585
1641272244.561269999 -0.06554 0.05439 0.33257 -0.68156 -0.15231 0.14685 0.70050
1641272244.691292763 -0.03802 0.06624 0.30675 -0.69505 -0.15129 0.15138 0.68637
1641272244.777974844 -0.01970 0.07442 0.28214 -0.70836 -0.15034 0.15639 0.67169
1641272244.864656925 -0.00352 0.08382 0.25615 -0.71827 -0.14837 0.15629 0.66155
1641272244.951338768 0.01252 0.09549 0.23130 -0.73167 -0.14776 0.15609 0.64689
1641272245.038021803 0.02753 0.10660 0.20991 -0.73922 -0.15022 0.15104 0.63889
1641272245.168044806 0.04943 0.12255 0.18924 -0.74647 -0.15827 0.14055 0.63086
1641272245.254726887 0.06353 0.13432 0.18381 -0.75239 -0.16038 0.13866 0.62367
1641272245.384749889 0.08696 0.15410 0.18348 -0.75487 -0.15697 0.12376 0.62467
1641272245.471432924 0.10515 0.16922 0.18669 -0.75695 -0.15938 0.12070 0.62213
1641272245.558114767 0.12332 0.18526 0.19169 -0.75649 -0.15177 0.10748 0.62700
1641272245.644796848 0.14346 0.19947 0.19817 -0.75383 -0.14292 0.08781 0.63529
1641272245.731479883 0.16292 0.21031 0.20898 -0.75236 -0.11903 0.06726 0.64441
1641272245.861502886 0.18438 0.21329 0.22959 -0.74523 -0.08665 0.03920 0.65998
1641272245.948184967 0.19235 0.20732 0.24607 -0.74179 -0.07429 0.02324 0.66610
1641272246.078207970 0.19368 0.18698 0.27027 -0.73097 -0.05695 -0.00765 0.67999
1641272246.164889812 0.19104 0.17017 0.28121 -0.72076 -0.04507 -0.04040 0.69054
1641272246.251571894 0.18725 0.15129 0.28837 -0.71777 -0.02558 -0.05555 0.69358
1641272246.338253975 0.18503 0.13190 0.28928 -0.71767 -0.00925 -0.07225 0.69256
1641272246.424936771 0.18482 0.11532 0.28635 -0.71305 0.01162 -0.10401 0.69326
1641272246.554959774 0.18809 0.09477 0.28099 -0.71682 0.05211 -0.11343 0.68599
1641272246.641641855 0.19228 0.08618 0.27409 -0.71424 0.08119 -0.12856 0.68319
1641272246.771664858 0.19405 0.07416 0.25469 -0.71872 0.11080 -0.13429 0.67315
1641272246.858346939 0.19132 0.06622 0.23387 -0.72680 0.12265 -0.13342 0.66251
1641272246.945029974 0.18528 0.05741 0.20885 -0.73368 0.12880 -0.14105 0.65210
1641272247.031711817 0.17815 0.05135 0.18450 -0.74257 0.13300 -0.13341 0.64273
1641272247.118393898 0.17031 0.04499 0.16268 -0.74998 0.14659 -0.12254 0.63326
1641272247.248416901 0.16170 0.03854 0.13488 -0.75588 0.16586 -0.11758 0.62235
1641272247.335099936 0.16366 0.03528 0.12237 -0.75806 0.17731 -0.12383 0.61529
1641272247.465122938 0.18202 0.02652 0.12175 -0.74895 0.21964 -0.13788 0.60977
1641272247.551804781 0.20067 0.02065 0.12917 -0.74019 0.25266 -0.14925 0.60499
1641272247.638486862 0.21811 0.01889 0.14194 -0.72929 0.27715 -0.17285 0.60120
1641272247.725168943 0.23006 0.01416 0.15644 -0.71930 0.28408 -0.19333 0.60377
1641272247.811850786 0.23991 0.00805 0.17067 -0.71800 0.28121 -0.19470 0.60620
1641272247.941874981 0.25821 0.00359 0.18919 -0.71348 0.28950 -0.18350 0.61111
1641272248.028556824 0.27046 0.00175 0.19982 -0.70217 0.30751 -0.19196 0.61282
1641272248.158579826 0.28566 -0.00288 0.22213 -0.70176 0.31118 -0.20029 0.60875
1641272248.245261908 0.29609 -0.00148 0.24337 -0.69514 0.30746 -0.21232 0.61414
1641272248.331944942 0.30693 0.00028 0.26529 -0.68703 0.29999 -0.23179 0.61990
1641272248.418626785 0.31533 0.00091 0.28446 -0.68649 0.29206 -0.25227 0.61627
1641272248.505308867 0.32315 -0.00227 0.29837 -0.68596 0.28676 -0.26790 0.61275
1641272248.635331869 0.33839 -0.01650 0.30463 -0.67619 0.28695 -0.27065 0.62224
1641272248.722013950 0.35120 -0.03101 0.29614 -0.66933 0.29022 -0.27405 0.62663
1641272248.852037907 0.36980 -0.05379 0.27106 -0.66818 0.29499 -0.28104 0.62252
1641272248.938719988 0.37774 -0.06730 0.24981 -0.67309 0.28942 -0.26525 0.62676
1641272249.025401831 0.38200 -0.07776 0.22889 -0.67473 0.27998 -0.24098 0.63896
1641272249.112083912 0.38700 -0.08347 0.20734 -0.68305 0.27031 -0.21989 0.64189
1641272249.198765993 0.39657 -0.08499 0.18385 -0.69540 0.26595 -0.21354 0.63253
1641272249.328789949 0.40931 -0.08970 0.14266 -0.70815 0.27757 -0.21574 0.61232
1641272249.415471792 0.41155 -0.09321 0.11915 -0.71422 0.28259 -0.20371 0.60708
1641272249.545494795 0.40009 -0.09054 0.09464 -0.72252 0.27337 -0.18252 0.60821
1641272249.632176876 0.38706 -0.08400 0.08409 -0.73015 0.25859 -0.16340 0.61099
1641272249.718859911 0.36921 -0.07284 0.07698 -0.73958 0.23843 -0.14325 0.61291
1641272249.805542946 0.34908 -0.05914 0.07308 -0.74830 0.21751 -0.12259 0.61458
1641272249.892223835 0.32654 -0.04540 0.07417 -0.75640 0.19620 -0.10076 0.61581
1641272250.022246838 0.29704 -0.02341 0.08788 -0.76324 0.15364 -0.08078 0.62237
1641272250.108928919 0.28053 -0.01015 0.10439 -0.76345 0.13225 -0.07572 0.62763
1641272250.238952875 0.27026 0.00118 0.14321 -0.74912 0.12236 -0.07105 0.64715
1641272250.325634956 0.27075 0.00284 0.17512 -0.73226 0.12645 -0.07027 0.66548
1641272250.412316799 0.27759 -0.00112 0.20836 -0.71414 0.13317 -0.07246 0.68339
1641272250.498998880 0.28931 -0.01087 0.23655 -0.69751 0.14548 -0.08410 0.69659
1641272250.585680962 0.30564 -0.02215 0.25551 -0.68208 0.16454 -0.09794 0.70576
1641272250.715703964 0.33209 -0.04253 0.26503 -0.66395 0.20031 -0.12131 0.71017
1641272250.802386999 0.34992 -0.05622 0.26163 -0.65453 0.22467 -0.13582 0.70899
1641272250.932409763 0.38085 -0.06872 0.24232 -0.64886 0.26245 -0.16666 0.69449
1641272251.019091845 0.40104 -0.07595 0.22158 -0.64948 0.28338 -0.18908 0.67980
1641272251.105773926 0.41460 -0.07762 0.19981 -0.65263 0.29520 -0.19877 0.66889
1641272251.192455769 0.42632 -0.07837 0.17628 -0.65778 0.31328 -0.20101 0.65481
1641272251.279138803 0.43168 -0.07528 0.15253 -0.66764 0.32739 -0.19974 0.63810
1641272251.409161806 0.42884 -0.06431 0.12251 -0.68720 0.33690 -0.19062 0.61475
1641272251.495844841 0.41943 -0.05697 0.10719 -0.69891 0.33511 -0.17463 0.60723
1641272251.625867844 0.39530 -0.03781 0.08641 -0.71849 0.31372 -0.14443 0.60373
1641272251.712548971 0.36991 -0.02098 0.07745 -0.73464 0.29164 -0.12306 0.60009
1641272251.799231768 0.34255 -0.00653 0.07439 -0.74891 0.26372 -0.09999 0.59965
1641272251.885913849 0.31644 0.00422 0.07791 -0.75729 0.23688 -0.07780 0.60361
1641272251.972596884 0.29445 0.01390 0.09211 -0.76104 0.21050 -0.05609 0.61103
1641272252.102618933 0.26800 0.01794 0.12744 -0.75316 0.17966 -0.02787 0.63222
1641272252.189300776 0.25670 0.01269 0.16093 -0.73965 0.16580 -0.01548 0.65207
1641272252.319324970 0.26043 0.00720 0.20925 -0.72079 0.16114 -0.01124 0.67407
1641272252.406006813 0.27645 0.00561 0.23543 -0.71004 0.16691 -0.01983 0.68381
1641272252.492688894 0.29321 -0.00457 0.25234 -0.69727 0.17867 -0.04083 0.69298
1641272252.579370975 0.31272 -0.02169 0.26096 -0.68375 0.19182 -0.06477 0.70107
1641272252.666053772 0.33101 -0.03856 0.26390 -0.67422 0.20648 -0.08961 0.70339
1641272252.796076775 0.36332 -0.05359 0.25308 -0.66880 0.24233 -0.09856 0.69589
1641272252.882758856 0.38893 -0.05608 0.23577 -0.67219 0.27069 -0.09162 0.68301
1641272253.012781858 0.41144 -0.05486 0.19359 -0.68509 0.30185 -0.08489 0.65752
1641272253.099464893 0.42055 -0.05533 0.16144 -0.69239 0.31436 -0.09534 0.64241
1641272253.186146975 0.43086 -0.05462 0.12947 -0.69951 0.32532 -0.10191 0.62807
1641272253.272828817 0.44280 -0.05184 0.10211 -0.70562 0.33833 -0.11162 0.61251
1641272253.359511852 0.45481 -0.04847 0.08001 -0.71342 0.34837 -0.13417 0.59302
1641272253.489533901 0.47650 -0.04685 0.06905 -0.71564 0.36232 -0.17429 0.57115
1641272253.576216936 0.49163 -0.04665 0.08303 -0.70811 0.36220 -0.19538 0.57377
1641272253.706239939 0.50162 -0.05240 0.12351 -0.68383 0.35661 -0.21347 0.59970
1641272253.792921782 0.50042 -0.05595 0.15479 -0.66914 0.35054 -0.22055 0.61704
1641272253.879603863 0.49554 -0.05412 0.18637 -0.65726 0.33872 -0.22799 0.63348
1641272253.966285944 0.48429 -0.05133 0.21496 -0.64756 0.32313 -0.23135 0.65018
1641272254.052968979 0.46863 -0.04761 0.23754 -0.64168 0.31158 -0.22343 0.66426
1641272254.182814837 0.43639 -0.03563 0.25544 -0.64568 0.28343 -0.19670 0.68123
1641272254.269462824 0.40946 -0.02280 0.25336 -0.65953 0.25743 -0.18351 0.68196
1641272254.399485826 0.36812 -0.00367 0.23253 -0.69040 0.20945 -0.16258 0.67308
1641272254.486167908 0.34426 0.00753 0.20874 -0.70875 0.18761 -0.15447 0.66228
1641272254.572849989 0.32199 0.01517 0.18249 -0.72091 0.17873 -0.13374 0.65609
1641272254.659531832 0.29856 0.02259 0.15266 -0.73742 0.15893 -0.11767 0.64584
1641272254.746214867 0.27496 0.03187 0.12444 -0.75551 0.13848 -0.11414 0.63008
1641272254.876237869 0.23654 0.04329 0.09809 -0.77605 0.11187 -0.08030 0.61546
1641272254.962919950 0.21292 0.05059 0.09271 -0.78358 0.10409 -0.05530 0.61001
1641272255.092942953 0.18223 0.05840 0.10734 -0.78560 0.09421 -0.02407 0.61105
1641272255.179624796 0.16999 0.06142 0.13165 -0.77529 0.08745 -0.00615 0.62550
1641272255.266307831 0.16634 0.06677 0.16215 -0.76289 0.09015 0.00587 0.64019
1641272255.352988958 0.17301 0.07037 0.19371 -0.74973 0.10051 0.01393 0.65391
1641272255.439671993 0.18889 0.07333 0.22279 -0.73675 0.12156 0.01648 0.66495
1641272255.569694996 0.22580 0.06879 0.25527 -0.71300 0.16382 0.00831 0.68171
1641272255.656376839 0.25467 0.05727 0.26561 -0.69653 0.19017 -0.00843 0.69181
1641272255.786399841 0.30273 0.03654 0.26146 -0.68192 0.23702 -0.03878 0.69087
1641272255.873082876 0.33474 0.02634 0.24834 -0.67967 0.27292 -0.05585 0.67856
1641272255.959764957 0.36389 0.01655 0.22601 -0.68129 0.30649 -0.06629 0.66145
1641272256.046447992 0.38987 0.00827 0.20092 -0.68200 0.33311 -0.07787 0.64641
1641272256.133128881 0.41865 -0.00054 0.17668 -0.68200 0.36289 -0.08168 0.62969
1641272256.263152838 0.45180 -0.01874 0.14522 -0.67742 0.40343 -0.09041 0.60842
1641272256.349834919 0.47456 -0.02755 0.13033 -0.67137 0.42418 -0.09886 0.59963
1641272256.479857922 0.50779 -0.03723 0.12618 -0.66286 0.44956 -0.12596 0.58536
1641272256.566540956 0.52233 -0.05439 0.13218 -0.65027 0.46287 -0.14813 0.58392
1641272256.653222799 0.53118 -0.06848 0.14889 -0.63884 0.46463 -0.16813 0.58970
1641272256.739904881 0.53564 -0.07999 0.17192 -0.62725 0.46062 -0.18521 0.60007
1641272256.826586962 0.53397 -0.08314 0.19817 -0.61787 0.44968 -0.19660 0.61431
1641272256.956610918 0.52526 -0.07738 0.23752 -0.60709 0.42666 -0.20047 0.63969
1641272257.043292999 0.51165 -0.06957 0.26091 -0.60243 0.40762 -0.19979 0.65651
1641272257.173314810 0.48169 -0.05267 0.28613 -0.60673 0.37221 -0.19159 0.67575
1641272257.259997845 0.45642 -0.04014 0.29494 -0.61575 0.34595 -0.17496 0.68598
1641272257.346679926 0.42881 -0.02554 0.29570 -0.63095 0.31533 -0.15695 0.69126
1641272257.433361769 0.40449 -0.00897 0.28848 -0.65278 0.28277 -0.14049 0.68861
1641272257.520043850 0.37978 0.00256 0.27659 -0.66920 0.24618 -0.11289 0.69197
1641272257.650066853 0.34640 0.01689 0.25119 -0.68458 0.19854 -0.06599 0.69827
1641272257.736749887 0.32484 0.02446 0.23056 -0.69750 0.16862 -0.03916 0.69536
1641272257.866772890 0.29567 0.03606 0.19467 -0.72212 0.12540 -0.00922 0.68024
1641272257.953455925 0.27675 0.04198 0.17111 -0.73416 0.09731 0.01862 0.67170
1641272258.040137768 0.26056 0.04551 0.15110 -0.74271 0.07597 0.04493 0.66377
1641272258.126818895 0.24301 0.04723 0.13170 -0.74903 0.05830 0.05909 0.65732
1641272258.213500977 0.22511 0.04613 0.11444 -0.75707 0.04226 0.07051 0.64814
1641272258.343524933 0.19548 0.04042 0.09187 -0.75875 0.00907 0.10367 0.64301
1641272258.430207968 0.17031 0.04244 0.08564 -0.76567 -0.01581 0.13965 0.62769
1641272258.560230970 0.12722 0.04016 0.08790 -0.75746 -0.07316 0.18099 0.62302
1641272258.646911860 0.10326 0.03871 0.09982 -0.74434 -0.09994 0.20865 0.62645
1641272258.733594894 0.07956 0.03620 0.11570 -0.72475 -0.11704 0.23538 0.63689
1641272258.820276976 0.06881 0.03629 0.13574 -0.69924 -0.13374 0.27294 0.64706
1641272258.906958818 0.06141 0.04528 0.15575 -0.67228 -0.14825 0.30962 0.65589
1641272259.036981821 0.05110 0.06330 0.18249 -0.65316 -0.18157 0.33065 0.65657
1641272259.123663902 0.05097 0.07553 0.19607 -0.64546 -0.19484 0.32971 0.66084
1641272259.253687859 0.06899 0.09948 0.21451 -0.64001 -0.20019 0.34827 0.65499
1641272259.340369940 0.08622 0.12474 0.22166 -0.64717 -0.19370 0.36553 0.64034
1641272259.427051783 0.10152 0.15332 0.22037 -0.65317 -0.20155 0.37639 0.62536
1641272259.513733864 0.11770 0.18699 0.21650 -0.65447 -0.20782 0.37873 0.62052
1641272259.600416899 0.13416 0.22075 0.21302 -0.66927 -0.20962 0.36371 0.61306
1641272259.730439901 0.16505 0.27401 0.21681 -0.68069 -0.20477 0.35494 0.60725
1641272259.817121983 0.18478 0.30912 0.22451 -0.68848 -0.19950 0.35609 0.59949
1641272259.947144985 0.21413 0.36078 0.23597 -0.70184 -0.19456 0.34408 0.59260
1641272260.033826828 0.23394 0.39387 0.24396 -0.70676 -0.18597 0.34395 0.58958
1641272260.120508909 0.25491 0.42229 0.25319 -0.71170 -0.18147 0.34949 0.58173
1641272260.207190990 0.27484 0.44922 0.26124 -0.71892 -0.17833 0.35177 0.57238
1641272260.293873787 0.29469 0.47251 0.26802 -0.72194 -0.18253 0.34530 0.57119
1641272260.423896790 0.32441 0.50634 0.28098 -0.72025 -0.19082 0.34900 0.56836
1641272260.510578871 0.34354 0.52983 0.29210 -0.71760 -0.18761 0.35678 0.56795
1641272260.640601873 0.36661 0.56421 0.30812 -0.71445 -0.17812 0.35259 0.57751
1641272260.727284908 0.38093 0.58492 0.31739 -0.71208 -0.18251 0.34498 0.58363
1641272260.813966990 0.39292 0.60253 0.32892 -0.71161 -0.17365 0.34117 0.58912
1641272260.900648832 0.39995 0.61301 0.34570 -0.70773 -0.16849 0.33995 0.59595
1641272260.987330914 0.39778 0.61711 0.36861 -0.69375 -0.17206 0.34458 0.60858
1641272261.117353916 0.38400 0.61760 0.40407 -0.67797 -0.19189 0.35042 0.61704
1641272261.204036951 0.37327 0.62086 0.42444 -0.67234 -0.19739 0.34497 0.62449
1641272261.334059954 0.37260 0.63599 0.44527 -0.67863 -0.19749 0.34048 0.62010
1641272261.420741796 0.38061 0.65065 0.44761 -0.69244 -0.19810 0.32872 0.61092
1641272261.507423878 0.39419 0.66317 0.43761 -0.70738 -0.19750 0.31530 0.60099
1641272261.594106913 0.40752 0.66808 0.41902 -0.71998 -0.19342 0.30768 0.59123
1641272261.680788994 0.41554 0.66617 0.39702 -0.72947 -0.17927 0.30929 0.58316
1641272261.810811996 0.41895 0.65202 0.35978 -0.74044 -0.16951 0.32250 0.56481
1641272261.897493839 0.41457 0.63746 0.33510 -0.74595 -0.17330 0.32895 0.55256
1641272262.027516842 0.39889 0.61269 0.30442 -0.75205 -0.17458 0.34258 0.53534
1641272262.114198923 0.38389 0.59707 0.28842 -0.75384 -0.17584 0.35434 0.52465
1641272262.200881958 0.36719 0.58280 0.27670 -0.75348 -0.18144 0.37048 0.51195
1641272262.287563801 0.34787 0.56848 0.27029 -0.75151 -0.18966 0.38219 0.50319
1641272262.374245882 0.32620 0.55470 0.27177 0.74044 0.20184 -0.40179 -0.49957
1641272262.504269838 0.29805 0.53872 0.28995 0.71854 0.22976 -0.43007 -0.49594
1641272262.590950966 0.28705 0.53664 0.31353 -0.70593 -0.23859 0.43613 0.50451
1641272262.720974922 0.28535 0.53975 0.35817 -0.68742 -0.24813 0.44619 0.51653
1641272262.807656765 0.28848 0.54516 0.38591 -0.67554 -0.25691 0.44419 0.52947
1641272262.894338846 0.29454 0.55336 0.40679 -0.67069 -0.25984 0.43550 0.54129
1641272262.981020927 0.30514 0.56330 0.42047 -0.67090 -0.25508 0.42083 0.55473
1641272263.067702770 0.31764 0.57290 0.42831 -0.67635 -0.24882 0.40631 0.56174
1641272263.197726965 0.33459 0.58216 0.43432 -0.68992 -0.23325 0.37442 0.57394
1641272263.284408808 0.33957 0.58066 0.43215 -0.69720 -0.23494 0.34933 0.58024
1641272263.414431810 0.34169 0.57337 0.42049 -0.70946 -0.23495 0.32039 0.58208
1641272263.501114845 0.34285 0.56759 0.40558 -0.72143 -0.22791 0.30649 0.57763
1641272263.587796926 0.33940 0.56068 0.38732 -0.73539 -0.21930 0.29823 0.56760
1641272263.674478769 0.33500 0.54892 0.36731 -0.74469 -0.20597 0.29595 0.56164
1641272263.761160851 0.32673 0.53342 0.34712 -0.74971 -0.20140 0.30124 0.55374
1641272263.891183853 0.30617 0.50459 0.31532 -0.76112 -0.20232 0.29353 0.54184
1641272263.977865934 0.28679 0.48067 0.29256 -0.76687 -0.20323 0.28818 0.53625
1641272264.107889891 0.25381 0.43786 0.25988 -0.77194 -0.21008 0.28472 0.52812
1641272264.194571972 0.22815 0.40454 0.23982 -0.77357 -0.21250 0.28057 0.52699
1641272264.281253815 0.20077 0.36767 0.22366 -0.77258 -0.21212 0.28293 0.52732
1641272264.367935896 0.17367 0.32550 0.21065 -0.76727 -0.21884 0.28712 0.53006
1641272264.454617977 0.14616 0.27807 0.20078 -0.76048 -0.21733 0.28707 0.54040
1641272264.584641933 0.10616 0.20499 0.18928 -0.75081 -0.20939 0.27816 0.56130
1641272264.671323776 0.08126 0.16072 0.18239 -0.74886 -0.20718 0.27581 0.56587
1641272264.801346779 0.04619 0.10284 0.17320 -0.74524 -0.21068 0.29378 0.56029
1641272264.888028860 0.02589 0.06894 0.16564 -0.74308 -0.21203 0.30647 0.55583
1641272264.974710941 0.00482 0.04152 0.15800 -0.74276 -0.21138 0.31694 0.55061
1641272265.061393976 -0.01682 0.01849 0.14854 -0.74579 -0.21237 0.32595 0.54079
1641272265.148075819 -0.03877 -0.00143 0.13879 -0.74347 -0.21271 0.33317 0.53945
1641272265.278098822 -0.07148 -0.02290 0.12446 -0.74991 -0.19657 0.31948 0.54491
1641272265.364780903 -0.09303 -0.03099 0.11534 -0.75900 -0.17958 0.30383 0.54714
1641272265.494803905 -0.12106 -0.04485 0.10753 -0.75577 -0.17440 0.28913 0.56107
1641272265.581486940 -0.13990 -0.05151 0.10462 -0.75954 -0.17598 0.28080 0.55971
1641272265.668168783 -0.15628 -0.05524 0.10512 -0.76317 -0.16951 0.28543 0.55441
1641272265.754850864 -0.16973 -0.05763 0.10717 -0.75948 -0.17488 0.29343 0.55363
1641272265.841532946 -0.18171 -0.05725 0.10940 -0.75601 -0.18905 0.28533 0.55795
1641272265.971555948 -0.19438 -0.04731 0.12445 -0.75244 -0.20903 0.27347 0.56156
1641272266.058238983 -0.19812 -0.03818 0.14284 -0.74557 -0.21231 0.26629 0.57284
1641272266.188261986 -0.19944 -0.02508 0.18355 -0.72992 -0.20523 0.24010 0.60617
1641272266.274943829 -0.19866 -0.01726 0.21346 -0.71782 -0.21076 0.21857 0.62653
1641272266.361625910 -0.19706 -0.00862 0.24234 -0.70862 -0.21316 0.19515 0.64369
1641272266.448307991 -0.19236 0.00117 0.26878 -0.70259 -0.20545 0.17583 0.65821
1641272266.534990788 -0.18560 0.01182 0.29130 -0.69923 -0.19433 0.16326 0.66832
1641272266.665013790 -0.16833 0.02446 0.31564 -0.69474 -0.17785 0.13775 0.68317
1641272266.751695871 -0.15240 0.03542 0.32721 -0.69659 -0.15459 0.10232 0.69311
1641272266.881719828 -0.11861 0.05207 0.33727 -0.70717 -0.11847 0.05698 0.69471
1641272266.968400955 -0.09300 0.06465 0.33832 -0.71557 -0.10331 0.05015 0.68904
1641272267.055083990 -0.06622 0.07320 0.33510 -0.71892 -0.08600 0.04488 0.68829
1641272267.141765833 -0.04140 0.08104 0.32997 -0.72069 -0.06288 0.02793 0.68983
1641272267.228447914 -0.01681 0.09000 0.32263 -0.72643 -0.05143 0.01092 0.68523
1641272267.358470917 0.01868 0.10042 0.30732 -0.73060 -0.03278 0.01085 0.68193
1641272267.445152998 0.04366 0.10517 0.29341 -0.73142 -0.01141 0.00579 0.68181
1641272267.575176954 0.08464 0.10576 0.26863 -0.74024 0.01530 -0.01637 0.67197
1641272267.661858797 0.11408 0.10300 0.25253 -0.74701 0.03254 -0.03771 0.66295
1641272267.748540878 0.14432 0.09918 0.23967 -0.75422 0.05558 -0.05280 0.65213
1641272267.835222960 0.17308 0.09148 0.22877 -0.75868 0.07661 -0.06660 0.64350
1641272267.921904802 0.19860 0.08156 0.21741 -0.76231 0.09418 -0.07824 0.63552
1641272268.051928997 0.23330 0.06576 0.20247 -0.76554 0.11723 -0.08308 0.62714
1641272268.138610840 0.25609 0.05279 0.19090 -0.76511 0.13616 -0.08460 0.62362
1641272268.268633842 0.29073 0.03340 0.17205 -0.76694 0.16048 -0.08807 0.61506
1641272268.355315924 0.31472 0.02342 0.16020 -0.76982 0.17546 -0.08988 0.60705
1641272268.441998959 0.33932 0.01525 0.14957 -0.77021 0.19291 -0.09810 0.59995
1641272268.528680801 0.36277 0.00980 0.14194 -0.76898 0.21034 -0.10852 0.59384
1641272268.615362883 0.38695 0.00627 0.13801 -0.76732 0.23103 -0.12145 0.58575
1641272268.745385885 0.42460 -0.00059 0.14017 -0.75863 0.26499 -0.14568 0.57709
1641272268.832068920 0.44769 -0.00662 0.14970 -0.74772 0.28188 -0.15746 0.58023
1641272268.962091923 0.47789 -0.01479 0.17723 -0.73120 0.29753 -0.18430 0.58555
1641272269.048773766 0.49571 -0.02226 0.20182 -0.71761 0.30393 -0.20116 0.59346
1641272269.135456800 0.50988 -0.02491 0.23145 -0.70154 0.30874 -0.21340 0.60579
1641272269.222138882 0.52086 -0.02945 0.26012 -0.68390 0.31504 -0.22547 0.61821
1641272269.308819771 0.52628 -0.03379 0.28669 -0.67078 0.31825 -0.22927 0.62945
1641272269.438843966 0.52675 -0.03726 0.31904 -0.66329 0.30400 -0.22209 0.64677
1641272269.525525808 0.52217 -0.03747 0.33342 -0.66473 0.28825 -0.22113 0.65280
1641272269.655548811 0.50690 -0.03256 0.34506 -0.66583 0.26988 -0.22854 0.65697
1641272269.742231846 0.49001 -0.02762 0.34555 -0.66897 0.24483 -0.21732 0.66731
1641272269.828912973 0.47030 -0.01900 0.34143 -0.67558 0.22289 -0.19970 0.67382
1641272269.915595770 0.45324 -0.00798 0.33331 -0.68100 0.21656 -0.19212 0.67263
1641272270.002277851 0.43419 0.00130 0.31921 -0.68495 0.20584 -0.18676 0.67349
1641272270.132300854 0.40418 0.01286 0.29316 -0.69345 0.17697 -0.15451 0.68113
1641272270.218982935 0.38892 0.02122 0.27317 -0.70273 0.16850 -0.13947 0.67700
1641272270.349006891 0.37529 0.03238 0.24022 -0.72269 0.16840 -0.12702 0.65820
1641272270.435688972 0.37010 0.03570 0.21713 -0.73465 0.17156 -0.12762 0.64388
1641272270.522370815 0.37046 0.02984 0.19137 -0.74049 0.17879 -0.13033 0.63461
1641272270.609052896 0.37402 0.02155 0.16774 -0.74246 0.19059 -0.13196 0.62850
1641272270.695734978 0.37922 0.01711 0.14750 -0.74524 0.20581 -0.13124 0.62051
1641272270.825758934 0.38426 0.01994 0.12197 -0.75576 0.22246 -0.10529 0.60684
1641272270.912440777 0.38482 0.03021 0.11101 -0.76183 0.22929 -0.08786 0.59943
1641272271.042463779 0.37250 0.05269 0.10646 -0.76733 0.21374 -0.05565 0.60201
1641272271.129146814 0.36349 0.06943 0.11520 -0.76708 0.19367 -0.02964 0.61090
1641272271.215828896 0.35403 0.08138 0.13380 -0.75659 0.17840 -0.01664 0.62886
1641272271.302510977 0.34639 0.08883 0.16049 -0.74098 0.16631 -0.00948 0.65054
1641272271.389192820 0.34354 0.09031 0.19321 -0.72373 0.16142 -0.00711 0.67090
1641272271.519215822 0.35460 0.08813 0.24540 -0.70548 0.16890 -0.01953 0.68803
1641272271.605897903 0.36469 0.08016 0.27932 -0.68980 0.17907 -0.03528 0.70062
1641272271.735921860 0.38346 0.05822 0.32270 -0.66635 0.18967 -0.05291 0.71916
1641272271.822603941 0.40020 0.03922 0.34331 -0.65556 0.20402 -0.07183 0.72350
1641272271.909285784 0.41873 0.02387 0.35708 -0.64770 0.23125 -0.10231 0.71871
1641272271.995967865 0.43802 0.01184 0.36411 -0.64954 0.24932 -0.11932 0.70831
1641272272.082649946 0.45968 -0.00003 0.36023 -0.65559 0.25851 -0.11924 0.69940
1641272272.212673903 0.49221 -0.01104 0.34040 -0.66037 0.28892 -0.13579 0.67970
1641272272.299355984 0.51228 -0.01712 0.31899 -0.66322 0.30802 -0.15021 0.66536
1641272272.429378986 0.53629 -0.03670 0.27505 -0.66724 0.32207 -0.15060 0.65451
1641272272.516061783 0.55139 -0.04806 0.24655 -0.66865 0.33454 -0.15747 0.64513
1641272272.602743864 0.56371 -0.05542 0.22043 -0.67347 0.34865 -0.16228 0.63131
1641272272.689425945 0.57499 -0.06222 0.19868 -0.68234 0.35685 -0.16240 0.61701
1641272272.776107788 0.58539 -0.06660 0.18890 -0.68904 0.36917 -0.17248 0.59933
1641272272.906130791 0.59252 -0.07671 0.19914 -0.68204 0.37971 -0.20430 0.59068
1641272272.992813826 0.59357 -0.08633 0.22366 -0.66873 0.37352 -0.21368 0.60632
1641272273.122836828 0.59451 -0.08602 0.27465 -0.65352 0.37345 -0.25764 0.60586
1641272273.209517956 0.59015 -0.07868 0.30290 -0.64861 0.37229 -0.27646 0.60355
1641272273.296200991 0.57823 -0.06757 0.32048 -0.65260 0.35180 -0.26667 0.61582
1641272273.382882833 0.55969 -0.05672 0.32556 -0.65852 0.32405 -0.25397 0.62996
1641272273.469565868 0.53863 -0.04573 0.31991 -0.66549 0.29730 -0.24435 0.63955
1641272273.599588871 0.51011 -0.02967 0.30033 -0.68183 0.26302 -0.21779 0.64691
1641272273.686270952 0.49402 -0.01788 0.28273 -0.69536 0.24713 -0.21257 0.64048
1641272273.816293955 0.46778 -0.00474 0.24891 -0.71329 0.22572 -0.20755 0.63023
1641272273.902975798 0.45214 0.00306 0.22720 -0.72285 0.21665 -0.19134 0.62764
1641272273.989657879 0.43792 0.01086 0.20674 -0.72629 0.21729 -0.18461 0.62547
1641272274.076340914 0.42549 0.01942 0.18902 -0.73058 0.22156 -0.17315 0.62224
1641272274.163021803 0.41223 0.02834 0.17280 -0.73902 0.22040 -0.15530 0.61738
1641272274.293045998 0.38976 0.04637 0.15468 -0.74742 0.22094 -0.13236 0.61240
1641272274.379727840 0.36603 0.05784 0.14647 -0.75192 0.21360 -0.11250 0.61346
1641272274.509750843 0.32319 0.07376 0.14092 -0.75842 0.18508 -0.08231 0.61948
1641272274.596433878 0.29571 0.08680 0.14170 -0.76303 0.16257 -0.06634 0.62206
1641272274.683114767 0.27019 0.10333 0.14504 -0.76850 0.14422 -0.04774 0.62155
1641272274.769797802 0.24542 0.12205 0.14905 -0.77123 0.12544 -0.02767 0.62345
1641272274.856479883 0.22096 0.14156 0.15412 -0.76962 0.10531 -0.00186 0.62976
1641272274.986502886 0.18398 0.17311 0.16059 -0.76557 0.07620 0.03617 0.63780
1641272275.073184967 0.16186 0.19841 0.16306 -0.76789 0.05176 0.06317 0.63535
1641272275.203208923 0.13511 0.24173 0.17248 -0.76658 0.01369 0.11003 0.63250
1641272275.289890766 0.12079 0.26867 0.17776 -0.75747 -0.00812 0.13902 0.63785
1641272275.376572847 0.11198 0.29778 0.17924 -0.75287 -0.03138 0.15707 0.63838
1641272275.463254929 0.10953 0.32380 0.17834 -0.75300 -0.05623 0.16603 0.63425
1641272275.549936771 0.11184 0.35347 0.17527 -0.75555 -0.07354 0.16922 0.62857
1641272275.679960966 0.12252 0.40585 0.17116 -0.75875 -0.08221 0.17803 0.62117
1641272275.766642809 0.13501 0.43642 0.17053 -0.75847 -0.08551 0.18371 0.61941
1641272275.896665812 0.15473 0.48576 0.17499 -0.76101 -0.08626 0.18396 0.61610
1641272275.983347893 0.16804 0.52037 0.18147 -0.76262 -0.07608 0.18704 0.61452
1641272276.070029974 0.17846 0.55152 0.18720 -0.76347 -0.06966 0.19512 0.61171
1641272276.156712770 0.18685 0.57977 0.19329 -0.76644 -0.07204 0.20783 0.60348
1641272276.243394852 0.19616 0.60466 0.19996 -0.76800 -0.07497 0.22209 0.59602
1641272276.373417854 0.21090 0.63907 0.21126 -0.76703 -0.08278 0.24641 0.58660
1641272276.460099936 0.21935 0.65678 0.22230 -0.76940 -0.07996 0.24990 0.58239
1641272276.590122938 0.22716 0.67636 0.24342 -0.76908 -0.08705 0.24923 0.58208
1641272276.676805973 0.23076 0.68849 0.25978 -0.76461 -0.09694 0.25252 0.58498
1641272276.763487816 0.23048 0.69790 0.27859 -0.76211 -0.10345 0.25686 0.58524
1641272276.850169897 0.22817 0.70706 0.29965 -0.75928 -0.10859 0.25951 0.58681
1641272276.936851978 0.22591 0.71306 0.32217 -0.75320 -0.11396 0.26411 0.59156
1641272277.066874981 0.22313 0.71205 0.35236 -0.74219 -0.11775 0.26277 0.60517
1641272277.153557777 0.21824 0.70480 0.36916 -0.73770 -0.12029 0.25973 0.61145
1641272277.283580780 0.20514 0.68966 0.39595 -0.74028 -0.12190 0.25113 0.61160
1641272277.370262861 0.19349 0.67554 0.41063 -0.74217 -0.12344 0.24365 0.61203
1641272277.456944942 0.18070 0.66040 0.41726 -0.74451 -0.12173 0.24256 0.60996
1641272277.543626785 0.16953 0.64155 0.41349 -0.74702 -0.11962 0.24296 0.60714
1641272277.630309820 0.15788 0.62286 0.40033 -0.75061 -0.11371 0.23585 0.60665
1641272277.760332823 0.14394 0.59169 0.36612 -0.75348 -0.09544 0.22286 0.61114
1641272277.847014904 0.13607 0.56867 0.33854 -0.75779 -0.08425 0.21827 0.60911
1641272277.977037907 0.12292 0.53271 0.29526 -0.76992 -0.06228 0.19425 0.60465
1641272278.063719988 0.11239 0.50267 0.26595 -0.77374 -0.05326 0.18647 0.60310
1641272278.150402784 0.10054 0.46730 0.23848 -0.77404 -0.04770 0.19062 0.60188
1641272278.237084866 0.08461 0.43003 0.21548 -0.77637 -0.04679 0.18970 0.59922
1641272278.323767900 0.06570 0.39249 0.19854 -0.78165 -0.05522 0.18717 0.59241
1641272278.453789949 0.03352 0.33539 0.18805 -0.78177 -0.07182 0.19333 0.58847
1641272278.540471792 0.01362 0.29911 0.18611 -0.77663 -0.08210 0.20006 0.59168
1641272278.670495987 -0.01313 0.24866 0.18523 -0.77068 -0.09930 0.20658 0.59457
1641272278.757177830 -0.02870 0.21940 0.18327 -0.76895 -0.11174 0.21087 0.59310
1641272278.843859911 -0.04273 0.19542 0.18061 -0.76639 -0.11981 0.22000 0.59152
1641272278.930541992 -0.05788 0.17272 0.17515 -0.76620 -0.12697 0.22380 0.58884
1641272279.017223835 -0.07316 0.15154 0.17015 -0.76490 -0.13384 0.22707 0.58775
1641272279.147247791 -0.09420 0.12227 0.16532 -0.75920 -0.14903 0.23770 0.58728
1641272279.233929873 -0.10803 0.10384 0.16248 -0.75573 -0.15517 0.24080 0.58890
1641272279.363952875 -0.12954 0.07729 0.15879 -0.75118 -0.17386 0.24935 0.58594
1641272279.450634956 -0.14466 0.06179 0.15781 -0.74578 -0.19031 0.25347 0.58596
1641272279.537317991 -0.16145 0.04866 0.15784 -0.74206 -0.20462 0.25428 0.58551
1641272279.623999834 -0.17863 0.03756 0.16017 -0.73927 -0.21723 0.25536 0.58402
1641272279.710681915 -0.19623 0.02864 0.16469 -0.73552 -0.23200 0.25685 0.58242
1641272279.840704918 -0.21905 0.01719 0.17701 -0.72454 -0.25632 0.25607 0.58632
1641272279.927386999 -0.23057 0.01222 0.19038 -0.71348 -0.26876 0.25188 0.59605
1641272280.057410955 -0.23653 0.01079 0.21975 -0.69788 -0.27037 0.24877 0.61480
1641272280.144092798 -0.23503 0.01422 0.24210 -0.69399 -0.26600 0.24334 0.62322
1641272280.230774879 -0.22811 0.02245 0.26648 -0.69030 -0.25666 0.23541 0.63419
1641272280.317456961 -0.21562 0.03145 0.29295 -0.68450 -0.24585 0.23190 0.64594
1641272280.404138803 -0.19826 0.04052 0.32004 -0.67728 -0.23051 0.23250 0.65886
1641272280.534162998 -0.16552 0.05474 0.35682 -0.67569 -0.21285 0.21838 0.67115
1641272280.620844841 -0.14060 0.06662 0.37659 -0.67639 -0.19817 0.20096 0.68032
1641272280.750867844 -0.09486 0.08249 0.39932 -0.67092 -0.16929 0.19052 0.69635
1641272280.837549925 -0.06169 0.09202 0.40677 -0.66742 -0.14880 0.18108 0.70684
1641272280.924231768 -0.02718 0.10094 0.40829 -0.66746 -0.11988 0.16446 0.71630
1641272281.010914803 0.00603 0.11312 0.40438 -0.67891 -0.09279 0.13936 0.71487
1641272281.097597837 0.03830 0.12680 0.39703 -0.69517 -0.06481 0.11131 0.70721
1641272281.227619886 0.08401 0.14412 0.38316 -0.70884 -0.02492 0.06023 0.70235
1641272281.314301968 0.11205 0.14985 0.37270 -0.70894 -0.01012 0.03983 0.70407
1641272281.444325924 0.15830 0.14948 0.35826 -0.70803 0.01665 0.01290 0.70587
1641272281.531007767 0.19109 0.14467 0.34986 -0.70510 0.03998 -0.01317 0.70786
1641272281.617689848 0.22241 0.13901 0.34206 -0.70327 0.05756 -0.02812 0.70803
1641272281.704371929 0.25283 0.13007 0.33321 -0.70240 0.07587 -0.04153 0.70651
1641272281.791053772 0.28271 0.12003 0.32265 -0.70302 0.09914 -0.06642 0.70109
1641272281.921077967 0.32437 0.10718 0.30349 -0.70836 0.13800 -0.10219 0.68464
1641272282.007759809 0.35183 0.09732 0.28943 -0.71347 0.16671 -0.12406 0.66916
1641272282.137782812 0.39003 0.08759 0.26305 -0.72645 0.21820 -0.15583 0.63276
1641272282.224464893 0.41027 0.08045 0.24404 -0.73723 0.24131 -0.16245 0.60981
1641272282.311146975 0.42701 0.07074 0.22685 -0.74055 0.26170 -0.15648 0.59885
1641272282.397829771 0.43780 0.06695 0.20890 -0.73987 0.28288 -0.16071 0.58885
1641272282.484511852 0.44313 0.06118 0.19168 -0.73761 0.30558 -0.16359 0.57947
1641272282.614534855 0.44348 0.04919 0.16925 -0.73313 0.33207 -0.15251 0.57358
1641272282.701216936 0.43699 0.03957 0.15491 -0.72663 0.34780 -0.13890 0.57598
1641272282.831239939 0.42324 0.03633 0.13419 -0.72548 0.35416 -0.11568 0.57867
1641272282.917922974 0.40983 0.03333 0.12094 -0.72700 0.35479 -0.09039 0.58088
1641272283.004604816 0.39404 0.03241 0.10821 -0.73155 0.34942 -0.07426 0.58072
1641272283.091286898 0.37106 0.03211 0.10168 -0.73644 0.33590 -0.06449 0.58367
1641272283.177968979 0.34735 0.03294 0.09702 -0.74560 0.31231 -0.04520 0.58694
1641272283.307992935 0.30929 0.04176 0.09362 -0.75697 0.27564 -0.01615 0.59225
1641272283.394674778 0.28465 0.05096 0.09247 -0.76671 0.25421 -0.00343 0.58951
1641272283.524697781 0.24028 0.06004 0.08908 -0.77830 0.21428 0.02181 0.58979
1641272283.611379862 0.20844 0.06682 0.08779 -0.78640 0.18416 0.03772 0.58842
1641272283.698061943 0.17704 0.07254 0.08725 -0.79118 0.15801 0.04984 0.58871
1641272283.784744978 0.14797 0.07610 0.08763 -0.79388 0.13287 0.06441 0.58987
1641272283.871426821 0.11806 0.07882 0.08813 -0.79734 0.10508 0.07685 0.58932
1641272284.001449823 0.07230 0.08251 0.08895 -0.80254 0.05838 0.09099 0.58672
1641272284.088131905 0.04285 0.08444 0.09035 -0.80535 0.01982 0.10691 0.58274
1641272284.218155861 0.00028 0.07665 0.09177 -0.80414 -0.05177 0.13323 0.57701
1641272284.304837942 -0.02458 0.07496 0.10001 -0.79425 -0.08846 0.15985 0.57948
1641272284.391519785 -0.04707 0.07737 0.11666 -0.78232 -0.11436 0.18230 0.58452
1641272284.478201866 -0.06758 0.07586 0.14094 -0.76737 -0.13392 0.19558 0.59579
1641272284.564883947 -0.07795 0.07798 0.17020 -0.75518 -0.15302 0.20756 0.60267
1641272284.694906950 -0.07820 0.07923 0.21656 -0.73828 -0.17644 0.20966 0.61632
1641272284.781588793 -0.07379 0.08552 0.24689 -0.72841 -0.18212 0.20688 0.62725
1641272284.911612988 -0.05765 0.08975 0.29509 -0.71279 -0.18383 0.20630 0.64465
1641272284.998294830 -0.04333 0.09498 0.32546 -0.70853 -0.17831 0.20372 0.65169
1641272285.084976912 -0.03188 0.10274 0.34903 -0.70885 -0.17184 0.19905 0.65450
1641272285.171658993 -0.01829 0.10593 0.36848 -0.70227 -0.16691 0.19569 0.66382
1641272285.258340836 -0.00082 0.10548 0.38377 -0.68900 -0.16889 0.19609 0.67698
1641272285.388364792 0.03317 0.09951 0.39720 -0.66980 -0.16235 0.20056 0.69626
1641272285.475046873 0.06149 0.09852 0.40014 -0.66936 -0.14336 0.19634 0.70203
1641272285.605069876 0.11022 0.10594 0.39025 -0.68142 -0.10454 0.18485 0.70041
1641272285.691751957 0.14803 0.11005 0.37346 -0.69228 -0.07194 0.16735 0.69826
1641272285.778434992 0.18967 0.11005 0.35332 -0.69799 -0.03178 0.14892 0.69973
1641272285.865116835 0.22852 0.10870 0.33099 -0.70391 0.00216 0.12417 0.69935
1641272285.951798916 0.26417 0.10802 0.30886 -0.71186 0.03379 0.09223 0.69541
1641272286.081821918 0.30745 0.10542 0.27938 -0.72691 0.05489 0.06369 0.68156
1641272286.168504953 0.33361 0.10398 0.26278 -0.73371 0.06986 0.04934 0.67406
1641272286.298527956 0.37255 0.09795 0.23710 -0.74150 0.10373 0.01450 0.66273
1641272286.385209799 0.39239 0.08927 0.21849 -0.74330 0.12617 -0.00077 0.65695
1641272286.471891880 0.41430 0.08421 0.20188 -0.74577 0.15372 -0.01428 0.64807
1641272286.558573961 0.43627 0.07806 0.18589 -0.74853 0.18494 -0.02826 0.63616
1641272286.645256996 0.45540 0.07231 0.17148 -0.75091 0.21003 -0.03833 0.62494
1641272286.775279999 0.48065 0.06606 0.15558 -0.75935 0.24817 -0.06948 0.59748
1641272286.861961842 0.49890 0.06045 0.15066 -0.76366 0.27165 -0.09757 0.57750
1641272286.991984844 0.52145 0.04918 0.16045 -0.75491 0.28473 -0.12386 0.57766
1641272287.078667879 0.53867 0.03286 0.17614 -0.74227 0.28930 -0.14417 0.58698
1641272287.165349960 0.54423 0.02456 0.20467 -0.72694 0.29013 -0.17029 0.59865
1641272287.252031803 0.54703 0.01947 0.23885 -0.70609 0.28968 -0.19354 0.61650
1641272287.338713884 0.54696 0.01521 0.27450 -0.68670 0.28750 -0.21024 0.63371
1641272287.468736887 0.53945 0.00857 0.32858 -0.66632 0.28304 -0.21230 0.65638
1641272287.555418968 0.53557 0.01209 0.36110 -0.65992 0.28046 -0.20887 0.66499
1641272287.685442924 0.51695 0.02535 0.40847 -0.66057 0.25621 -0.19279 0.67885
1641272287.772124767 0.50202 0.03935 0.44045 -0.66794 0.24170 -0.17206 0.68252
1641272287.858806849 0.48418 0.05762 0.47189 -0.67110 0.23645 -0.15625 0.68506
1641272287.945489883 0.45979 0.07907 0.49803 -0.67543 0.22320 -0.13477 0.68980
1641272288.032170773 0.42909 0.10061 0.51708 -0.68373 0.19604 -0.12107 0.69240
1641272288.162194967 0.37484 0.13157 0.53199 -0.69695 0.14629 -0.10438 0.69424
1641272288.248876810 0.33675 0.14581 0.53439 -0.70491 0.10722 -0.08567 0.69589
1641272288.378899813 0.27794 0.16374 0.52449 -0.71661 0.05678 -0.06193 0.69240
1641272288.465581894 0.23837 0.16969 0.51426 -0.71753 0.02852 -0.02959 0.69531
1641272288.552264929 0.19924 0.17370 0.49959 -0.72024 -0.00395 0.00600 0.69368
1641272288.638945818 0.15922 0.17319 0.47969 -0.71827 -0.03533 0.03540 0.69396
1641272288.725628853 0.12537 0.16893 0.45742 -0.71644 -0.06469 0.06084 0.69198
1641272288.855651855 0.07505 0.15198 0.42259 -0.71710 -0.11298 0.09351 0.68136
1641272288.942333937 0.04212 0.13583 0.39842 -0.71596 -0.14205 0.11095 0.67447
1641272289.072357893 0.02023 0.10096 0.36364 -0.71161 -0.17090 0.13989 0.66696
1641272289.159038782 0.01626 0.08512 0.34555 -0.71153 -0.18083 0.15334 0.66144
1641272289.245721817 0.01880 0.07392 0.33309 -0.70911 -0.17466 0.16602 0.66264
1641272289.332403898 0.02970 0.06257 0.32222 -0.71422 -0.16395 0.17633 0.65721
1641272289.419085979 0.04469 0.04844 0.30793 -0.71453 -0.15820 0.17723 0.65803
1641272289.549108982 0.07208 0.03244 0.28685 -0.71324 -0.15305 0.17033 0.66246
1641272289.635790825 0.09564 0.02256 0.27113 -0.71246 -0.13247 0.16372 0.66936
1641272289.765814781 0.12922 0.01084 0.24628 -0.70695 -0.10471 0.16774 0.67906
1641272289.852496862 0.14861 0.00400 0.22837 -0.70473 -0.08931 0.17711 0.68118
1641272289.939178944 0.16452 -0.00148 0.21073 -0.71438 -0.08245 0.17961 0.67127
1641272290.025860786 0.18115 -0.00794 0.19148 -0.72418 -0.08381 0.17320 0.66222
1641272290.112542868 0.19932 -0.01583 0.17444 -0.72695 -0.07513 0.17452 0.65988
1641272290.242566824 0.21697 -0.02106 0.15003 -0.73774 -0.05041 0.16893 0.65166
1641272290.329248905 0.21636 -0.02491 0.12848 -0.74331 -0.05354 0.16279 0.64662
1641272290.459271908 0.19686 -0.02552 0.08920 -0.75265 -0.08266 0.16083 0.63310
1641272290.545953989 0.17998 -0.02447 0.06367 -0.77147 -0.09995 0.16420 0.60654
1641272290.632636786 0.15843 -0.02230 0.04324 -0.77505 -0.11705 0.18127 0.59392
1641272290.719318867 0.13426 -0.01775 0.02610 -0.77399 -0.13591 0.19710 0.58619
1641272290.806000948 0.10573 -0.01014 0.01680 -0.76858 -0.15339 0.21206 0.58377
1641272290.936023951 0.06072 0.00157 0.01934 -0.75827 -0.17432 0.25034 0.57617
1641272291.022705793 0.03246 0.00731 0.02910 -0.74624 -0.19654 0.27883 0.57162
1641272291.152729988 -0.00458 0.01293 0.05963 -0.72150 -0.23432 0.32084 0.56709
1641272291.239411831 -0.02451 0.01739 0.09051 -0.69952 -0.25891 0.34121 0.57202
1641272291.326093912 -0.03618 0.02356 0.12767 -0.67946 -0.27859 0.35693 0.57734
1641272291.412775993 -0.03996 0.03276 0.16685 -0.66101 -0.29498 0.36885 0.58310
1641272291.499457836 -0.03555 0.04541 0.20623 -0.64227 -0.29919 0.37945 0.59497
1641272291.629481792 -0.01316 0.06614 0.25691 -0.63599 -0.28718 0.38492 0.60405
1641272291.716163874 0.00716 0.08363 0.27657 -0.64717 -0.27103 0.38106 0.60208
1641272291.846186876 0.04381 0.10107 0.27260 -0.66833 -0.24857 0.37044 0.59525
1641272291.932868958 0.07150 0.11244 0.25315 -0.68423 -0.22273 0.35752 0.59532
1641272292.019551992 0.10059 0.12019 0.22620 -0.69850 -0.19563 0.34430 0.59605
1641272292.106233835 0.13035 0.12481 0.19901 -0.71577 -0.16909 0.33675 0.58794
1641272292.192915916 0.15940 0.12766 0.17427 -0.72909 -0.13949 0.33228 0.58186
1641272292.322938919 0.20116 0.12779 0.14225 -0.74500 -0.09927 0.32256 0.57539
1641272292.409620762 0.22796 0.12767 0.12827 -0.75569 -0.08674 0.31349 0.56845
1641272292.539644957 0.26416 0.12553 0.12137 -0.76435 -0.07814 0.27943 0.57584
1641272292.626326799 0.28525 0.12418 0.12758 -0.76638 -0.07669 0.24780 0.58768
1641272292.713008881 0.30617 0.12118 0.14073 -0.76442 -0.08306 0.21930 0.60056
1641272292.799691916 0.32491 0.11908 0.16071 -0.75997 -0.08484 0.19307 0.61479
1641272292.886372805 0.34183 0.11568 0.18344 -0.75318 -0.08593 0.16456 0.63108
1641272293.016396999 0.35896 0.11350 0.22160 -0.73971 -0.08723 0.12415 0.65559
1641272293.103078842 0.36399 0.11346 0.24800 -0.73034 -0.09429 0.11640 0.66645
1641272293.233101845 0.36235 0.11501 0.27494 -0.72422 -0.11275 0.10407 0.67229
1641272293.319783926 0.35556 0.11729 0.27737 -0.72419 -0.13496 0.08385 0.67105
1641272293.406465769 0.34432 0.11903 0.26625 -0.73220 -0.15416 0.06816 0.65990
1641272293.493147850 0.32805 0.12060 0.24199 -0.74320 -0.17290 0.06569 0.64299
1641272293.579830885 0.30955 0.12167 0.20929 -0.75524 -0.18383 0.06816 0.62544
1641272293.709853888 0.27758 0.11916 0.15627 -0.77032 -0.18552 0.06652 0.60644
1641272293.796535969 0.25799 0.11554 0.12223 -0.77527 -0.17749 0.07326 0.60174
1641272293.926558971 0.22908 0.10926 0.07812 -0.78104 -0.17517 0.09748 0.59144
1641272294.013241768 0.20846 0.10713 0.05754 -0.78567 -0.17541 0.13516 0.57766
1641272294.099923849 0.18710 0.10442 0.04157 -0.78540 -0.18207 0.16995 0.56667
1641272294.186605930 0.16605 0.10190 0.02713 -0.78621 -0.19355 0.19256 0.55437
1641272294.273287773 0.14476 0.09685 0.01593 -0.78477 -0.20736 0.21791 0.54190
1641272294.403310776 0.11116 0.09062 0.01078 -0.77809 -0.22679 0.25878 0.52553
1641272294.489993811 0.08872 0.08791 0.01984 -0.76732 -0.23377 0.28838 0.52289
1641272294.620016813 0.06014 0.08455 0.05108 -0.74300 -0.25188 0.33050 0.52467
1641272294.706698895 0.04544 0.08583 0.08159 -0.72255 -0.26218 0.35523 0.53198
1641272294.793380976 0.03538 0.09194 0.11647 -0.70350 -0.26702 0.37266 0.54306
1641272294.880063772 0.03251 0.09787 0.15012 -0.68856 -0.26419 0.38324 0.55608
1641272294.966744900 0.03609 0.10478 0.17889 -0.68043 -0.25625 0.39297 0.56296
1641272295.096768856 0.05174 0.11247 0.20374 -0.67474 -0.24086 0.39950 0.57193
1641272295.183450937 0.06946 0.11780 0.20297 -0.67803 -0.23282 0.40276 0.56908
1641272295.313473940 0.10101 0.12152 0.18335 -0.69483 -0.20324 0.40319 0.55977
1641272295.400156975 0.12362 0.12039 0.16252 -0.70640 -0.18749 0.40484 0.54950
1641272295.486838818 0.14593 0.11788 0.14016 -0.71590 -0.16874 0.40361 0.54417
1641272295.573520899 0.16866 0.11346 0.11775 -0.72538 -0.15302 0.39419 0.54317
1641272295.660202980 0.19073 0.10804 0.09791 -0.73416 -0.14008 0.37611 0.54766
1641272295.790225983 0.22226 0.10150 0.07771 -0.74925 -0.12718 0.34674 0.54975
1641272295.876907825 0.24640 0.09681 0.07472 -0.75830 -0.11283 0.32697 0.55258
1641272296.006931782 0.27961 0.08812 0.08923 -0.76625 -0.11220 0.28826 0.56319
1641272296.093613863 0.29797 0.08191 0.10984 -0.76681 -0.12166 0.25479 0.57644
1641272296.180295944 0.31536 0.07576 0.13492 -0.76320 -0.13617 0.21843 0.59269
1641272296.266977787 0.32767 0.07252 0.16176 -0.76208 -0.14688 0.18455 0.60299
1641272296.353660822 0.33582 0.07048 0.18427 -0.75916 -0.16175 0.14822 0.61282
1641272296.483683825 0.34280 0.06856 0.19932 -0.75998 -0.17492 0.12409 0.61354
1641272296.570365906 0.34277 0.06699 0.19224 -0.76418 -0.17187 0.12087 0.60983
1641272296.700388908 0.34013 0.06431 0.16040 -0.76959 -0.16306 0.12958 0.60362
1641272296.787070990 0.33604 0.06307 0.13236 -0.77287 -0.15588 0.13958 0.59907
1641272296.873752832 0.32752 0.06196 0.10368 -0.77264 -0.14637 0.14919 0.59945
1641272296.960435867 0.31253 0.06250 0.07789 -0.77516 -0.14274 0.16361 0.59328
1641272297.047117949 0.29187 0.06389 0.05575 -0.78008 -0.15204 0.18611 0.57769
1641272297.177140951 0.25309 0.07011 0.02888 -0.78545 -0.17379 0.22790 0.54857
1641272297.263822794 0.22736 0.07413 0.01518 -0.78410 -0.18367 0.25168 0.53676
1641272297.393846989 0.19153 0.08044 0.00886 -0.77712 -0.19046 0.28703 0.52671
1641272297.480528831 0.16864 0.08403 0.01337 -0.76604 -0.19265 0.31730 0.52478
1641272297.567210913 0.14687 0.08941 0.02606 -0.75098 -0.19259 0.34934 0.52622
1641272297.653892994 0.12826 0.09462 0.04473 -0.73315 -0.20345 0.37733 0.52794
1641272297.740574837 0.11300 0.10105 0.06697 -0.71779 -0.21617 0.39104 0.53398
1641272297.870598793 0.10116 0.10981 0.10742 -0.68793 -0.23283 0.39826 0.56029
1641272297.957280874 0.09960 0.11593 0.13645 -0.67170 -0.23430 0.39775 0.57942
1641272298.087303877 0.10571 0.12454 0.17969 -0.65474 -0.22475 0.40332 0.59845
1641272298.173985958 0.11582 0.12502 0.20295 -0.64385 -0.21655 0.40767 0.61022
1641272298.260667801 0.12906 0.12256 0.21714 -0.63906 -0.21874 0.39992 0.61953
1641272298.347349882 0.14527 0.12128 0.21769 -0.65021 -0.20974 0.38334 0.62152
1641272298.434032917 0.16256 0.12279 0.20574 -0.66425 -0.19738 0.36948 0.61911
1641272298.564055920 0.19592 0.12184 0.17373 -0.69176 -0.17165 0.35695 0.60381
1641272298.650737762 0.22024 0.11893 0.15169 -0.70562 -0.15882 0.35006 0.59526
1641272298.780760765 0.25582 0.10827 0.12543 -0.71652 -0.14568 0.32978 0.59718
1641272298.867443800 0.27922 0.09610 0.11275 -0.72062 -0.14387 0.31719 0.59950
1641272298.954125881 0.30166 0.08102 0.10349 -0.72788 -0.14125 0.30382 0.59828
1641272299.040807962 0.32265 0.06600 0.09865 -0.73758 -0.13963 0.28980 0.59372
1641272299.127489805 0.34082 0.05044 0.09839 -0.74565 -0.14317 0.27351 0.59051
1641272299.257512808 0.36215 0.02547 0.10455 -0.75064 -0.15403 0.23984 0.59606
1641272299.344195843 0.37444 0.01269 0.11286 -0.75475 -0.16117 0.21854 0.59718
1641272299.474218845 0.38724 0.00043 0.12388 -0.76082 -0.18476 0.18776 0.59310
1641272299.560900927 0.38809 -0.00166 0.12139 -0.76224 -0.20763 0.16697 0.58992
1641272299.647582769 0.38104 0.00095 0.10780 -0.76746 -0.22632 0.14282 0.58256
1641272299.734264851 0.36960 0.00660 0.08525 -0.76819 -0.24796 0.11522 0.57890
1641272299.820947886 0.35271 0.01231 0.06154 -0.76547 -0.26744 0.08812 0.57859
1641272299.950970888 0.32177 0.02325 0.03100 -0.76173 -0.27772 0.06785 0.58141
1641272300.037652969 0.30182 0.02756 0.01520 -0.76345 -0.28299 0.08361 0.57452
1641272300.167675972 0.27140 0.03270 -0.00708 -0.76424 -0.29744 0.09166 0.56485
1641272300.254357815 0.24939 0.03799 -0.01713 -0.76175 -0.30107 0.09303 0.56607
1641272300.341040850 0.22784 0.04161 -0.02520 -0.76033 -0.30504 0.10163 0.56438
1641272300.427722931 0.20438 0.04510 -0.03019 -0.75743 -0.30988 0.10825 0.56440
1641272300.514404774 0.18152 0.04668 -0.03540 -0.75245 -0.31523 0.11841 0.56606
1641272300.644427776 0.14388 0.04896 -0.04197 -0.74731 -0.33521 0.14201 0.55587
1641272300.731109858 0.11647 0.05139 -0.04016 -0.74183 -0.34678 0.16398 0.55004
1641272300.861133814 0.07854 0.05301 -0.01942 -0.72276 -0.35692 0.19998 0.55698
1641272300.947815895 0.05544 0.05547 0.00699 -0.70477 -0.35904 0.21920 0.57126
1641272301.034497976 0.03831 0.05463 0.04091 -0.68417 -0.35868 0.23281 0.59082
1641272301.121179819 0.02512 0.05458 0.07945 -0.66896 -0.34713 0.23939 0.61212
1641272301.207862854 0.02056 0.04937 0.11800 -0.65689 -0.34002 0.23706 0.62983
1641272301.337885857 0.02564 0.03807 0.16646 -0.64328 -0.33343 0.21974 0.65325
1641272301.424567938 0.03436 0.03524 0.18745 -0.64017 -0.32889 0.20281 0.66400
1641272301.554590940 0.06165 0.03840 0.20552 -0.64929 -0.29812 0.18060 0.67596
1641272301.641273975 0.08814 0.04512 0.21047 -0.67087 -0.25024 0.15774 0.68002
1641272301.727955818 0.12103 0.04894 0.20959 -0.69216 -0.19640 0.13513 0.68123
1641272301.814637899 0.15722 0.04408 0.20296 -0.70554 -0.15089 0.11347 0.68306
1641272301.901320934 0.19320 0.03388 0.19044 -0.70955 -0.11134 0.08267 0.69088
1641272302.031342983 0.24280 0.02159 0.16969 -0.71666 -0.05857 0.04124 0.69373
1641272302.118024826 0.27309 0.01631 0.15576 -0.72669 -0.02988 0.02450 0.68588
1641272302.248048782 0.31607 0.00719 0.13523 -0.73691 0.00795 -0.00439 0.67593
1641272302.334730864 0.34386 0.00256 0.12543 -0.74246 0.02856 -0.02835 0.66869
1641272302.421412945 0.36716 0.00123 0.12334 -0.74466 0.04312 -0.04972 0.66419
1641272302.508094788 0.38757 0.00097 0.13083 -0.74406 0.04880 -0.07272 0.66234
1641272302.594776869 0.40478 -0.00396 0.14644 -0.73730 0.04891 -0.09315 0.66733
1641272302.724800825 0.42082 -0.00930 0.17876 -0.72412 0.03830 -0.11891 0.67826
1641272302.811482906 0.42740 -0.01144 0.19831 -0.71434 0.02951 -0.13813 0.68540
1641272302.941505909 0.43281 -0.01497 0.20875 -0.72035 0.02337 -0.15667 0.67528
1641272303.028187990 0.43129 -0.01658 0.19612 -0.72578 0.02712 -0.16767 0.66663
1641272303.114869833 0.42667 -0.01618 0.17220 -0.73612 0.02738 -0.17122 0.65426
1641272303.201552868 0.41988 -0.01412 0.14192 -0.74921 0.02584 -0.17386 0.63859
1641272303.288234949 0.40883 -0.01215 0.10961 -0.75904 0.02799 -0.17324 0.62694
1641272303.418257952 0.38415 -0.00872 0.06322 -0.77041 0.04067 -0.15314 0.61755
1641272303.504939795 0.36330 -0.00750 0.03561 -0.77784 0.04160 -0.12519 0.61446
1641272303.634962797 0.32825 -0.00382 0.00008 -0.78342 0.04710 -0.09615 0.61221
1641272303.721645832 0.30272 -0.00037 -0.02095 -0.78635 0.04601 -0.07986 0.61087
1641272303.808327913 0.27406 0.00680 -0.03909 -0.78935 0.03128 -0.06103 0.61011
1641272303.895009995 0.24483 0.01244 -0.05657 -0.79398 0.01344 -0.04267 0.60629
1641272303.981691837 0.21446 0.01477 -0.07053 -0.79746 -0.00938 -0.01789 0.60303
1641272304.111714840 0.16938 0.01878 -0.08130 -0.80490 -0.04400 0.02866 0.59109
1641272304.198397875 0.13958 0.02134 -0.07923 -0.80420 -0.06142 0.06035 0.58809
1641272304.328420877 0.09940 0.02009 -0.05441 -0.78835 -0.08960 0.10984 0.59868
1641272304.415103912 0.07679 0.02284 -0.02284 -0.77055 -0.10864 0.13358 0.61369
1641272304.501784801 0.06388 0.02777 0.01447 -0.75357 -0.12176 0.14128 0.63036
1641272304.588466883 0.05784 0.03119 0.05506 -0.73825 -0.12151 0.14644 0.64714
1641272304.675149918 0.05943 0.03788 0.09497 -0.72430 -0.12296 0.15119 0.66138
1641272304.805172920 0.06636 0.05168 0.14939 -0.70674 -0.12369 0.13622 0.68313
1641272304.891854763 0.07315 0.06037 0.18034 -0.70268 -0.12464 0.12098 0.68997
1641272305.021877766 0.08910 0.06601 0.21275 -0.70311 -0.12302 0.09376 0.69405
1641272305.108559847 0.10612 0.05992 0.22762 -0.70198 -0.11248 0.07255 0.69950
1641272305.195242882 0.12631 0.04906 0.23712 -0.69939 -0.10457 0.05295 0.70507
1641272305.281924963 0.14543 0.03886 0.23985 -0.70213 -0.08634 0.03898 0.70572
1641272305.368606806 0.17032 0.02733 0.23574 -0.71029 -0.07091 0.03356 0.69952
1641272305.498630762 0.21077 0.02087 0.22390 -0.72916 -0.06327 0.01228 0.68130
1641272305.585311890 0.23577 0.01649 0.21258 -0.74113 -0.07303 -0.00865 0.66732
1641272305.715335846 0.26376 0.01658 0.18555 -0.75573 -0.09345 -0.03069 0.64745
1641272305.802017927 0.27525 0.01777 0.16164 -0.76591 -0.09784 -0.04071 0.63416
1641272305.888699770 0.28108 0.01867 0.13645 -0.77602 -0.09190 -0.03815 0.62281
1641272305.975381851 0.28470 0.01935 0.11090 -0.78821 -0.08908 -0.02298 0.60849
1641272306.062063932 0.28397 0.01968 0.08769 -0.79726 -0.08401 -0.00000 0.59776
1641272306.192087889 0.26926 0.01703 0.05162 -0.80267 -0.10071 0.03389 0.58688
1641272306.278770924 0.24991 0.01729 0.02699 -0.81231 -0.11974 0.05507 0.56814
1641272306.408792973 0.21747 0.01986 -0.00173 -0.81338 -0.15292 0.07949 0.55561
1641272306.495474815 0.19608 0.02127 -0.01421 -0.81466 -0.17106 0.09217 0.54642
1641272306.582157850 0.17309 0.02257 -0.01946 -0.81253 -0.18413 0.11503 0.54098
1641272306.668839931 0.15019 0.02219 -0.01937 -0.80853 -0.20166 0.13918 0.53502
1641272306.755521774 0.12762 0.02063 -0.01686 -0.80168 -0.22201 0.15870 0.53182
1641272306.885544777 0.09637 0.01478 -0.00803 -0.78765 -0.25088 0.18816 0.53034
1641272306.972226858 0.07635 0.01205 0.00100 -0.77856 -0.26760 0.20804 0.52815
1641272307.102250814 0.04646 0.00769 0.01781 -0.76070 -0.29713 0.22752 0.53036
1641272307.188932896 0.02621 0.01012 0.03239 -0.74809 -0.31173 0.23808 0.53526
1641272307.275614977 0.00941 0.01738 0.05156 -0.73688 -0.32285 0.25293 0.53740
1641272307.362296820 -0.00420 0.03101 0.07487 -0.72677 -0.32760 0.26721 0.54138
1641272307.448978901 -0.01265 0.04204 0.10142 -0.71550 -0.32999 0.28227 0.54725
1641272307.579002857 -0.01174 0.05280 0.14229 -0.69369 -0.33921 0.30042 0.55989
1641272307.665684938 -0.00544 0.05992 0.16815 -0.68260 -0.34065 0.30522 0.56996
1641272307.795707941 0.01343 0.07275 0.20038 -0.66989 -0.34193 0.31093 0.58107
1641272307.882389784 0.03137 0.07954 0.21723 -0.66779 -0.33682 0.31546 0.58403
1641272307.969071865 0.05106 0.08584 0.22919 -0.66912 -0.33080 0.31675 0.58525
1641272308.055754900 0.07286 0.09040 0.23753 -0.67225 -0.32376 0.31685 0.58555
1641272308.142436981 0.09598 0.09306 0.24205 -0.67795 -0.31397 0.31882 0.58323
1641272308.272459984 0.13378 0.09461 0.24229 -0.68234 -0.29303 0.32388 0.58621
1641272308.359141827 0.16084 0.09715 0.23967 -0.68656 -0.28081 0.32302 0.58774
1641272308.489164829 0.20140 0.10326 0.23203 -0.69868 -0.26111 0.31676 0.58594
1641272308.575847864 0.23074 0.10665 0.22658 -0.70819 -0.24831 0.30573 0.58595
1641272308.662529945 0.26013 0.10777 0.22434 -0.71592 -0.23406 0.29225 0.58929
1641272308.749211788 0.28828 0.10957 0.22588 -0.72021 -0.22207 0.27576 0.59660
1641272308.835893869 0.31387 0.11092 0.23152 -0.72354 -0.21295 0.25919 0.60329
1641272308.965916872 0.34346 0.11134 0.24936 -0.72160 -0.20457 0.23707 0.61745
1641272309.052599907 0.35975 0.11025 0.26572 -0.71796 -0.20743 0.22226 0.62618
1641272309.182622910 0.37252 0.10503 0.29115 -0.71138 -0.21751 0.19632 0.63881
1641272309.269304991 0.37619 0.09902 0.30544 -0.70779 -0.22438 0.17679 0.64609
1641272309.355986834 0.37622 0.09421 0.31342 -0.70350 -0.23288 0.16197 0.65163
1641272309.442668915 0.37228 0.09140 0.31260 -0.70623 -0.23436 0.16238 0.64803
1641272309.529351950 0.36406 0.09096 0.30072 -0.70922 -0.23748 0.17228 0.64104
1641272309.659374952 0.33763 0.09268 0.27097 -0.71826 -0.24533 0.19542 0.62107
1641272309.746056795 0.31645 0.08924 0.24563 -0.72151 -0.25326 0.21046 0.60909
1641272309.876080990 0.27842 0.08186 0.20942 -0.72727 -0.25977 0.23756 0.58921
1641272309.962762833 0.25226 0.07350 0.18711 -0.72745 -0.26472 0.25397 0.57985
1641272310.049444914 0.22476 0.06512 0.16741 -0.73147 -0.27102 0.26658 0.56606
1641272310.136126995 0.19728 0.05739 0.15058 -0.73354 -0.27963 0.27856 0.55328
1641272310.222808838 0.16957 0.05001 0.13577 -0.73527 -0.28506 0.29213 0.54109
1641272310.352831841 0.12688 0.03827 0.11534 -0.73189 -0.29807 0.30957 0.52883
1641272310.439514875 0.09810 0.03040 0.10338 -0.73206 -0.30427 0.32571 0.51519
1641272310.569537878 0.05816 0.01931 0.08887 0.72790 0.32130 -0.35767 -0.48888
1641272310.656219959 0.03349 0.01310 0.08091 0.72534 0.33243 -0.36604 -0.47895
1641272310.742901802 0.01124 0.00415 0.07468 0.72062 0.34786 -0.37412 -0.46876
1641272310.829583883 -0.00997 -0.00738 0.07055 0.71334 0.36532 -0.38622 -0.45664
1641272310.916265965 -0.03178 -0.01712 0.06787 0.70545 0.38388 -0.39771 -0.44362
1641272311.046289921 -0.06114 -0.02737 0.07031 0.68999 0.40577 -0.42086 -0.42678
1641272311.132971764 -0.07674 -0.03271 0.07880 0.67942 0.41660 -0.43727 -0.41669
1641272311.262994766 -0.09302 -0.03704 0.09957 0.65873 0.43627 -0.45302 -0.41294
1641272311.349676847 -0.09922 -0.03762 0.11743 0.64649 0.44419 -0.45953 -0.41663
1641272311.436359882 -0.10404 -0.03572 0.13970 0.63179 0.45170 -0.47061 -0.41872
1641272311.523041964 -0.10672 -0.03471 0.16439 0.61539 0.46025 -0.47770 -0.42576
1641272311.609723806 -0.11023 -0.03349 0.18962 0.60216 0.46673 -0.47948 -0.43552
1641272311.739746809 -0.11134 -0.03282 0.22796 0.58151 0.47681 -0.47561 -0.45639
1641272311.826428890 -0.10829 -0.03173 0.25194 0.56873 0.48333 -0.46746 -0.47373
1641272311.956452847 -0.10002 -0.02590 0.28906 -0.56330 -0.47051 0.45547 0.50385
1641272312.043134928 -0.09232 -0.02110 0.31316 -0.55897 -0.46316 0.45759 0.51347
1641272312.129816771 -0.08228 -0.01281 0.33522 -0.55588 -0.45748 0.45969 0.51999
1641272312.216498852 -0.07303 -0.00642 0.35669 -0.55344 -0.45194 0.45914 0.52787
1641272312.303180933 -0.06294 0.00042 0.37664 -0.55414 -0.45100 0.45793 0.52899
1641272312.433204889 -0.04215 0.00854 0.40770 -0.55210 -0.43628 0.45095 0.54908
1641272312.519886971 -0.02786 0.01421 0.42797 -0.54655 -0.42500 0.45046 0.56368
1641272312.649909973 -0.00410 0.02075 0.45471 -0.53796 -0.40839 0.45336 0.58162
1641272312.736591816 0.01556 0.02438 0.46602 -0.53423 -0.39441 0.44696 0.59939
1641272312.823273897 0.03682 0.03005 0.47253 -0.53358 -0.38194 0.43909 0.61369
1641272312.909956932 0.05870 0.03653 0.47500 -0.53986 -0.36852 0.42686 0.62493
1641272312.996638775 0.09019 0.04388 0.47287 -0.55013 -0.35236 0.40977 0.63663
1641272313.126661777 0.13709 0.05614 0.46286 -0.56681 -0.32600 0.38542 0.65108
1641272313.213343859 0.16640 0.07100 0.45230 -0.57994 -0.30713 0.37102 0.65703
1641272313.343367815 0.21064 0.09465 0.43410 -0.60453 -0.27658 0.34201 0.66414
1641272313.430049896 0.24030 0.11156 0.42201 -0.61793 -0.25447 0.32488 0.66922
1641272313.516731977 0.26708 0.12988 0.40949 -0.63125 -0.23365 0.31131 0.67083
1641272313.603413820 0.29574 0.14913 0.39698 -0.64295 -0.21425 0.29392 0.67403
1641272313.690095901 0.32019 0.16446 0.38092 -0.65348 -0.20041 0.27487 0.67620
1641272313.820119858 0.35654 0.18742 0.35404 -0.67191 -0.17671 0.23995 0.67804
1641272313.906801939 0.38002 0.19898 0.33419 -0.68475 -0.15836 0.21901 0.67681
1641272314.036824942 0.40829 0.21593 0.30201 -0.69926 -0.13077 0.19079 0.67641
1641272314.123507977 0.43211 0.22049 0.27817 -0.70655 -0.11611 0.16663 0.67790
1641272314.210189819 0.45119 0.22538 0.25484 -0.71769 -0.09977 0.13859 0.67509
1641272314.296871901 0.46367 0.22922 0.23101 -0.72756 -0.08566 0.11702 0.67055
1641272314.383553982 0.46991 0.23385 0.20711 -0.73683 -0.07085 0.10240 0.66452
1641272314.513576984 0.47658 0.23545 0.17068 -0.74488 -0.04934 0.08668 0.65970
1641272314.600258827 0.47060 0.23556 0.14804 -0.75125 -0.04203 0.09328 0.65204
1641272314.730281830 0.46273 0.23575 0.11008 -0.76147 -0.02651 0.10799 0.63860
1641272314.816964865 0.45255 0.23466 0.08672 -0.77111 -0.02293 0.12719 0.62345
1641272314.903646946 0.43690 0.23026 0.06248 -0.77976 -0.02924 0.14259 0.60892
1641272314.990328789 0.41740 0.22324 0.04077 -0.78546 -0.04116 0.15894 0.59674
1641272315.077010870 0.39625 0.21426 0.02360 -0.79049 -0.05307 0.17580 0.58430
1641272315.207033873 0.35956 0.19476 0.00915 -0.79231 -0.07048 0.19384 0.57420
1641272315.293716908 0.33016 0.18439 0.00419 -0.79489 -0.08968 0.20715 0.56320
1641272315.423739910 0.28209 0.16743 -0.00123 -0.79390 -0.12086 0.22847 0.55039
1641272315.510421991 0.25216 0.15588 -0.00397 -0.79184 -0.13972 0.24255 0.54280
1641272315.597103834 0.22525 0.14582 0.00003 -0.78640 -0.15503 0.25901 0.53893
1641272315.683785915 0.20746 0.13844 0.01643 -0.77618 -0.16693 0.27205 0.54375
1641272315.770468950 0.20291 0.13662 0.04605 -0.76307 -0.16969 0.28179 0.55636
1641272315.900491953 0.21311 0.13522 0.09922 -0.74573 -0.15779 0.28771 0.57983
1641272315.987173796 0.22527 0.13511 0.13264 -0.73793 -0.14838 0.27937 0.59616
1641272316.117197990 0.25087 0.12719 0.17643 -0.72555 -0.12718 0.24193 0.63157
1641272316.203879833 0.26672 0.12070 0.19588 -0.72559 -0.11115 0.20497 0.64742
1641272316.290561914 0.28277 0.11007 0.20724 -0.72580 -0.09624 0.17433 0.65845
1641272316.377243996 0.29984 0.09435 0.21220 -0.72224 -0.07487 0.15576 0.66971
1641272316.463926792 0.31795 0.08024 0.21484 -0.72234 -0.03957 0.13894 0.67628
1641272316.593948841 0.34035 0.06254 0.21271 -0.72297 0.00166 0.10630 0.68265
1641272316.680630922 0.35524 0.05556 0.20577 -0.72761 0.03599 0.06887 0.68158
1641272316.810655832 0.37491 0.04734 0.19178 -0.71847 0.09043 0.01411 0.68951
1641272316.897336960 0.38661 0.03986 0.17952 -0.70348 0.10434 0.00216 0.70301
1641272316.984018803 0.40204 0.02950 0.16785 -0.69120 0.11305 0.00390 0.71375
1641272317.070700884 0.41813 0.02614 0.15985 -0.69089 0.13277 -0.00195 0.71066
1641272317.157383919 0.43148 0.02602 0.15157 -0.69613 0.16114 -0.02264 0.69923
1641272317.287406921 0.45395 0.02113 0.13799 -0.69385 0.18960 -0.05379 0.69263
1641272317.374088764 0.47256 0.01750 0.13123 -0.69029 0.21288 -0.07343 0.68759
1641272317.504111767 0.50084 0.00683 0.12405 -0.68598 0.24024 -0.09830 0.67975
1641272317.590793848 0.51973 -0.00217 0.12704 -0.68020 0.25486 -0.11703 0.67726
1641272317.677476883 0.53379 -0.01101 0.13825 -0.66715 0.26736 -0.13028 0.68297
1641272317.764158964 0.54625 -0.02281 0.15526 -0.65106 0.26967 -0.13347 0.69684
1641272317.850840807 0.55858 -0.02875 0.17720 -0.64188 0.27462 -0.14258 0.70160
1641272317.980863810 0.56805 -0.02818 0.21289 -0.63749 0.26837 -0.15040 0.70638
1641272318.067546844 0.56672 -0.02290 0.23579 -0.63484 0.25873 -0.15378 0.71161
1641272318.197569847 0.55828 -0.01140 0.27427 -0.62831 0.24514 -0.14762 0.72342
1641272318.284251928 0.54760 -0.00367 0.29874 -0.62669 0.24157 -0.14231 0.72708
1641272318.370933771 0.53993 0.00727 0.31959 -0.62913 0.23756 -0.13819 0.72709
1641272318.457615852 0.52722 0.01506 0.33447 -0.63102 0.22318 -0.13428 0.73074
1641272318.544297934 0.50813 0.02176 0.34379 -0.63627 0.20076 -0.12440 0.73443
1641272318.674321890 0.47584 0.03736 0.34861 -0.65490 0.16825 -0.10420 0.72934
1641272318.761003971 0.44810 0.05161 0.34452 -0.67655 0.14397 -0.09150 0.71637
1641272318.891026974 0.40496 0.07244 0.33248 -0.69963 0.09443 -0.06372 0.70536
1641272318.977709770 0.37427 0.08329 0.31924 -0.70323 0.06395 -0.03706 0.70711
1641272319.064391851 0.34710 0.09160 0.30340 -0.70193 0.04163 -0.01047 0.71095
1641272319.151073933 0.32041 0.09413 0.28383 -0.70263 0.02025 0.01012 0.71119
1641272319.237755775 0.29494 0.09602 0.26200 -0.70789 0.00243 0.03005 0.70568
1641272319.367778778 0.25800 0.09848 0.22238 -0.72022 -0.02106 0.05517 0.69123
1641272319.454461813 0.23266 0.09826 0.19007 -0.72954 -0.03538 0.07135 0.67928
1641272319.584484816 0.19630 0.09582 0.14037 -0.74190 -0.06070 0.09424 0.66107
1641272319.671166897 0.17184 0.09279 0.11182 -0.74730 -0.08316 0.12037 0.64818
1641272319.757848978 0.15423 0.09300 0.08889 -0.75109 -0.10005 0.14554 0.63614
1641272319.844530821 0.13139 0.09143 0.07321 -0.75591 -0.11036 0.16823 0.62300
1641272319.931212902 0.10702 0.08710 0.06372 -0.75636 -0.12539 0.19111 0.61292
1641272320.061236858 0.06850 0.07201 0.06845 -0.74352 -0.15697 0.23185 0.60727
1641272320.147918940 0.04462 0.06078 0.08012 -0.73123 -0.18281 0.25818 0.60434
1641272320.277941942 0.01231 0.04235 0.09947 -0.70864 -0.21813 0.29854 0.60094
1641272320.364624977 -0.00612 0.03021 0.11284 -0.69432 -0.24652 0.32296 0.59400
1641272320.451305866 -0.02185 0.02271 0.12834 -0.68648 -0.27196 0.33614 0.58463
1641272320.537987947 -0.03227 0.01560 0.14556 -0.67722 -0.29132 0.34513 0.58086
1641272320.624670982 -0.03839 0.01192 0.16576 -0.66411 -0.29981 0.36107 0.58198
1641272320.754693985 -0.03975 0.00969 0.19591 -0.65106 -0.30155 0.37496 0.58702
1641272320.841375828 -0.04027 0.01179 0.21524 -0.64610 -0.30266 0.37858 0.58960
1641272320.971398830 -0.04377 0.01679 0.24537 -0.63848 -0.30948 0.38579 0.58969
1641272321.058080912 -0.04891 0.02131 0.26465 -0.63715 -0.31136 0.37586 0.59651
1641272321.144763947 -0.05484 0.02649 0.28518 -0.63495 -0.31204 0.36928 0.60258
1641272321.231445789 -0.06087 0.03093 0.30617 -0.63280 -0.31795 0.36107 0.60672
1641272321.318127871 -0.06603 0.03339 0.32667 -0.62985 -0.32659 0.34611 0.61387
1641272321.448150873 -0.07381 0.03533 0.35456 -0.62087 -0.34347 0.33058 0.62232
1641272321.534832954 -0.07974 0.03809 0.37383 -0.61210 -0.35253 0.32463 0.62902
1641272321.664856911 -0.08653 0.03722 0.40353 -0.60761 -0.36029 0.30333 0.63953
1641272321.751538992 -0.09046 0.03359 0.42164 -0.60497 -0.36381 0.29300 0.64483
1641272321.838220835 -0.09175 0.02951 0.43804 -0.59881 -0.37408 0.29259 0.64489
1641272321.924902916 -0.09496 0.02842 0.45084 -0.59421 -0.38241 0.28617 0.64713
1641272322.011584997 -0.09504 0.02402 0.46329 -0.58921 -0.38574 0.28491 0.65028
1641272322.141608953 -0.09225 0.01485 0.47208 -0.57887 -0.39487 0.28509 0.65400
1641272322.228290796 -0.08964 0.00293 0.47517 -0.56866 -0.40024 0.28358 0.66032
1641272322.358313799 -0.08223 -0.02490 0.46786 -0.54112 -0.42120 0.28645 0.66913
1641272322.444995880 -0.07761 -0.04232 0.46046 -0.52753 -0.43381 0.28528 0.67241
1641272322.531678915 -0.07742 -0.05750 0.45255 -0.52353 -0.44136 0.27736 0.67394
1641272322.618360996 -0.08042 -0.06875 0.44200 -0.52826 -0.44710 0.26001 0.67338
1641272322.705042839 -0.08525 -0.07282 0.42625 -0.53185 -0.45126 0.24593 0.67306
1641272322.835065842 -0.09337 -0.07666 0.40237 -0.54584 -0.45406 0.25265 0.65731
1641272322.921747923 -0.09905 -0.07132 0.38310 -0.55706 -0.44841 0.26007 0.64883
1641272323.051771879 -0.10411 -0.06770 0.34667 -0.56989 -0.45076 0.26405 0.63428
1641272323.138453960 -0.10640 -0.06604 0.32284 -0.57213 -0.45678 0.26993 0.62543
1641272323.225135803 -0.10709 -0.06137 0.30134 -0.57909 -0.45749 0.27254 0.61731
1641272323.311817884 -0.10456 -0.05296 0.28451 -0.58502 -0.45239 0.27469 0.61452
1641272323.398499966 -0.09959 -0.03957 0.27698 -0.59009 -0.44713 0.27513 0.61333
1641272323.528523922 -0.09016 -0.01624 0.29456 -0.59768 -0.43005 0.27163 0.61972
1641272323.615205765 -0.08482 -0.00243 0.32230 -0.59862 -0.41752 0.27024 0.62793
1641272323.745228767 -0.06562 0.01526 0.37248 -0.59434 -0.38756 0.27471 0.64891
1641272323.831910849 -0.04812 0.02942 0.40419 -0.59306 -0.36730 0.27172 0.66298
1641272323.918592930 -0.02982 0.04881 0.43157 -0.60601 -0.33802 0.26010 0.67145
1641272324.005275965 -0.00801 0.06796 0.45105 -0.61935 -0.30994 0.24816 0.67732
1641272324.091957808 0.01773 0.08483 0.46211 -0.62762 -0.28795 0.24983 0.67880
1641272324.221980810 0.06113 0.10423 0.46600 -0.62530 -0.26392 0.26553 0.68472
1641272324.308662891 0.09134 0.11699 0.46394 -0.63116 -0.23585 0.26366 0.69029
1641272324.438686848 0.13258 0.13583 0.44959 -0.65423 -0.18608 0.24130 0.69219
1641272324.525368929 0.15807 0.14768 0.43676 -0.66624 -0.15612 0.22398 0.69397
1641272324.612050772 0.18223 0.15566 0.42107 -0.67252 -0.13323 0.20372 0.69890
1641272324.698732853 0.20394 0.15594 0.40337 -0.67805 -0.11985 0.18585 0.70096
1641272324.785414934 0.22631 0.15747 0.38962 -0.68414 -0.10413 0.18085 0.69886
1641272324.915437937 0.26426 0.15469 0.36857 -0.69584 -0.06662 0.16006 0.69696
1641272325.002120972 0.28666 0.15382 0.35346 -0.70702 -0.03577 0.14632 0.69096
1641272325.132144928 0.31696 0.14961 0.31966 -0.72086 0.00232 0.12835 0.68109
1641272325.218825817 0.33238 0.14291 0.29076 -0.72910 0.01253 0.11995 0.67369
1641272325.305507898 0.34458 0.13622 0.26101 -0.73337 0.01458 0.12532 0.66802
1641272325.392190933 0.35683 0.12878 0.23103 -0.73570 0.02305 0.12416 0.66543
1641272325.478872776 0.36418 0.11974 0.20089 -0.74372 0.03013 0.11377 0.65805
1641272325.608895779 0.37245 0.10126 0.15976 -0.75216 0.03615 0.11528 0.64781
1641272325.695577860 0.37474 0.08817 0.13355 -0.75335 0.04713 0.11908 0.64503
1641272325.825600863 0.37569 0.06521 0.09284 -0.76841 0.05108 0.11577 0.62732
1641272325.912283897 0.37305 0.04680 0.06763 -0.77674 0.05496 0.12077 0.61569
1641272325.998965979 0.36990 0.02568 0.04401 -0.78404 0.05089 0.12344 0.60618
1641272326.085647821 0.36580 0.00534 0.02481 -0.78600 0.05339 0.12745 0.60259
1641272326.172329903 0.36104 -0.01534 0.00962 -0.78512 0.05931 0.12715 0.60325
1641272326.302352905 0.34269 -0.03969 -0.00219 -0.78486 0.05839 0.14061 0.60068
1641272326.389035940 0.32542 -0.05145 -0.00552 -0.78154 0.05453 0.15430 0.60200
1641272326.519058943 0.29566 -0.05637 -0.00730 -0.78389 0.04358 0.17816 0.59319
1641272326.605740786 0.27662 -0.05947 -0.00503 -0.77967 0.03039 0.20158 0.59208
1641272326.692422867 0.25661 -0.05978 0.00487 -0.76821 0.01297 0.22955 0.59749
1641272326.779105902 0.24320 -0.05706 0.02072 -0.75161 0.01260 0.25354 0.60880
1641272326.865787983 0.24001 -0.04942 0.04337 -0.74022 0.01633 0.26270 0.61871
1641272326.995810986 0.24645 -0.03314 0.07996 -0.73725 0.01433 0.23771 0.63226
1641272327.082492828 0.25961 -0.02341 0.10259 -0.73408 0.01230 0.22399 0.64093
1641272327.212516785 0.28940 -0.00724 0.12999 -0.72862 0.02271 0.19856 0.65511
1641272327.299197912 0.31392 0.00288 0.14397 -0.72598 0.02873 0.18115 0.66280
1641272327.385880947 0.34185 0.01244 0.15148 -0.72758 0.04229 0.15675 0.66653
1641272327.472562790 0.37090 0.02080 0.15199 -0.73568 0.07124 0.12735 0.66142
1641272327.559245825 0.39726 0.02496 0.14628 -0.74418 0.09833 0.10077 0.65297
1641272327.689267874 0.43447 0.01997 0.13327 -0.74213 0.12675 0.07737 0.65360
1641272327.775949955 0.45901 0.01418 0.12362 -0.74076 0.14900 0.05409 0.65280
1641272327.905973911 0.49602 0.00196 0.10975 -0.73751 0.18058 0.03052 0.65003
1641272327.992655993 0.51550 -0.00724 0.10093 -0.73462 0.19545 0.01380 0.64957
1641272328.079337835 0.53351 -0.01650 0.09467 -0.73789 0.20532 -0.00255 0.64293
1641272328.166019917 0.54949 -0.02780 0.09163 -0.74016 0.21839 -0.02011 0.63566
1641272328.252702951 0.56495 -0.03968 0.09512 -0.73551 0.23013 -0.03221 0.63641
1641272328.382725954 0.58746 -0.05202 0.11240 -0.72316 0.24628 -0.05437 0.64299
1641272328.469407797 0.60182 -0.05916 0.13165 -0.71593 0.25160 -0.07650 0.64675
1641272328.599430799 0.62001 -0.07011 0.16920 -0.70101 0.24669 -0.10043 0.66155
1641272328.686113834 0.62658 -0.07568 0.19642 -0.69032 0.24402 -0.11660 0.67106
1641272328.772795916 0.62755 -0.08075 0.22154 -0.67610 0.24516 -0.13115 0.68234
1641272328.859477997 0.62445 -0.08223 0.24398 -0.65705 0.24169 -0.13592 0.70100
1641272328.946159840 0.61740 -0.07989 0.25908 -0.65654 0.23097 -0.14233 0.70382
1641272329.076182842 0.61440 -0.06726 0.26894 -0.66693 0.21457 -0.15671 0.69614
1641272329.162864923 0.61490 -0.05792 0.27327 -0.67712 0.22573 -0.15089 0.68395
1641272329.292888880 0.61635 -0.03559 0.27256 -0.67590 0.24382 -0.15396 0.67824
1641272329.379570961 0.61560 -0.01843 0.26324 -0.67425 0.25056 -0.16572 0.67465
1641272329.466252804 0.61417 -0.00319 0.24653 -0.66884 0.26006 -0.16520 0.67656
1641272329.552934885 0.60970 0.01054 0.22314 -0.67458 0.25655 -0.16070 0.67327
1641272329.639616966 0.59893 0.02604 0.19589 -0.67428 0.24694 -0.15888 0.67758
1641272329.769640923 0.58184 0.05047 0.15719 -0.68725 0.22910 -0.14538 0.67385
1641272329.856322765 0.56630 0.06959 0.13351 -0.69916 0.22019 -0.13652 0.66637
1641272329.986345768 0.53706 0.09966 0.10246 -0.71650 0.19681 -0.10278 0.66131
1641272330.073027849 0.51230 0.11839 0.08482 -0.72819 0.16733 -0.07304 0.66061
1641272330.159710884 0.48640 0.13706 0.07025 -0.73896 0.13824 -0.03782 0.65833
1641272330.246392965 0.46013 0.15488 0.05533 -0.75021 0.10038 0.00380 0.65352
1641272330.333074808 0.43221 0.17297 0.04065 -0.76063 0.06422 0.03673 0.64496
1641272330.463097811 0.39235 0.20128 0.02098 -0.76997 0.01251 0.07696 0.63330
1641272330.549780846 0.36694 0.21794 0.01590 -0.77346 -0.02007 0.11449 0.62310
1641272330.679803848 0.33971 0.24344 0.01961 -0.77049 -0.05995 0.17902 0.60886
1641272330.766485929 0.32891 0.26114 0.02857 -0.76917 -0.08540 0.21937 0.59411
1641272330.853167772 0.31483 0.27650 0.03967 -0.76609 -0.10938 0.25572 0.57944
1641272330.939849854 0.30776 0.28877 0.05731 -0.75919 -0.12874 0.28944 0.56858
1641272331.026531935 0.30436 0.30273 0.08122 -0.75364 -0.14349 0.31400 0.55932
1641272331.156554937 0.32008 0.32311 0.11863 -0.74941 -0.16915 0.33753 0.54393
1641272331.243237972 0.33216 0.34076 0.14063 -0.74306 -0.18587 0.35239 0.53772
1641272331.373260975 0.35552 0.36957 0.16212 -0.73781 -0.19943 0.35785 0.53648
1641272331.459942818 0.37392 0.38873 0.16956 -0.74043 -0.20102 0.35197 0.53617
1641272331.546624899 0.39523 0.40907 0.17125 -0.74361 -0.19944 0.34765 0.53516
1641272331.633306980 0.41664 0.43358 0.16957 -0.75086 -0.19752 0.34137 0.52977
1641272331.719989777 0.43949 0.45771 0.16790 -0.75716 -0.19103 0.33120 0.52964
1641272331.850012779 0.46954 0.48997 0.17635 -0.75675 -0.17592 0.31435 0.54550
1641272331.936694860 0.48683 0.50851 0.18997 -0.75323 -0.17230 0.29998 0.55943
1641272332.066718817 0.50451 0.52750 0.22272 -0.74055 -0.17589 0.27785 0.58604
1641272332.153399944 0.50825 0.53279 0.24727 -0.72913 -0.19144 0.26134 0.60285
1641272332.240082979 0.50836 0.53254 0.27140 -0.71866 -0.20991 0.24154 0.61735
1641272332.326764822 0.50016 0.52905 0.29380 -0.71034 -0.22501 0.22312 0.62849
1641272332.413446903 0.48929 0.52529 0.31470 -0.70230 -0.23992 0.20876 0.63689
1641272332.543469906 0.46702 0.51481 0.34445 -0.69110 -0.25956 0.19965 0.64432
1641272332.630152941 0.45049 0.50448 0.36388 -0.68171 -0.27641 0.19908 0.64749
1641272332.760175943 0.42787 0.48748 0.38879 -0.66974 -0.29835 0.19592 0.65119
1641272332.846857786 0.41480 0.47584 0.39354 -0.67028 -0.30350 0.18469 0.65154
1641272332.933539867 0.40209 0.46204 0.38708 -0.68323 -0.29402 0.17200 0.64589
1641272333.020221949 0.38660 0.44324 0.37063 -0.69227 -0.28359 0.16520 0.64268
1641272333.106903791 0.37084 0.41874 0.34771 -0.70390 -0.26625 0.16284 0.63806
1641272333.236927986 0.33941 0.37269 0.30027 -0.71639 -0.24178 0.16596 0.63307
1641272333.323609829 0.31600 0.33572 0.26088 -0.72479 -0.23179 0.16095 0.62852
1641272333.453632832 0.27684 0.27207 0.20090 -0.72892 -0.22402 0.15420 0.62826
1641272333.540314913 0.25647 0.22724 0.16456 -0.72337 -0.22441 0.16923 0.63066
1641272333.626997948 0.24033 0.18849 0.13262 -0.72420 -0.21885 0.19859 0.62306
1641272333.713679790 0.23029 0.15134 0.10228 -0.72611 -0.22507 0.23096 0.60726
1641272333.800361872 0.22271 0.11500 0.07433 -0.72718 -0.23456 0.24315 0.59755
1641272333.930384874 0.20684 0.07351 0.04963 -0.72480 -0.24780 0.25537 0.58995
1641272334.017066956 0.18934 0.05121 0.04323 -0.72341 -0.25361 0.25111 0.59103
1641272334.147090912 0.14970 0.02497 0.04201 -0.71807 -0.23881 0.24493 0.60610
1641272334.233772993 0.11743 0.01160 0.04281 -0.71523 -0.23830 0.25419 0.60584
1641272334.320454836 0.08635 0.00302 0.04657 -0.72058 -0.24864 0.26999 0.58825
1641272334.407136917 0.05987 0.00071 0.06093 -0.72232 -0.25522 0.28907 0.57407
1641272334.493818998 0.03894 0.00277 0.08697 -0.73647 -0.24668 0.30605 0.55054
1641272334.623842955 0.02563 0.00978 0.14499 -0.73673 -0.24497 0.34873 0.52497
1641272334.710524797 0.02687 0.01936 0.19242 -0.72695 -0.24530 0.36912 0.52452
1641272334.840547800 0.03715 0.03934 0.26819 -0.70764 -0.23952 0.37778 0.54695
1641272334.927230835 0.04353 0.05909 0.31096 -0.70980 -0.22658 0.35972 0.56164
1641272335.013911963 0.05584 0.07883 0.34215 -0.70906 -0.21317 0.33689 0.58164
1641272335.100594997 0.07345 0.09662 0.36703 -0.70683 -0.19314 0.32134 0.59986
1641272335.187276840 0.09695 0.11114 0.38541 -0.70155 -0.19258 0.31269 0.61071
1641272335.317299843 0.14079 0.13055 0.39756 -0.70381 -0.19045 0.29511 0.61749
1641272335.403981924 0.17861 0.14376 0.39548 -0.70967 -0.18933 0.28587 0.61546
1641272335.534004927 0.24498 0.16244 0.38110 -0.72475 -0.19253 0.26861 0.60458
1641272335.620687962 0.29077 0.17697 0.36833 -0.73574 -0.18221 0.26152 0.59758
1641272335.707369804 0.33905 0.19223 0.35532 -0.74749 -0.16557 0.26223 0.58744
1641272335.794052839 0.38404 0.20501 0.34062 -0.75538 -0.15369 0.26160 0.58081
1641272335.880733967 0.42739 0.21461 0.32696 -0.76226 -0.14334 0.25527 0.57728
1641272336.010756969 0.48580 0.22742 0.31027 -0.77476 -0.13505 0.24188 0.56833
1641272336.097439766 0.52248 0.23487 0.31010 -0.78174 -0.12874 0.22565 0.56692
1641272336.227462769 0.56316 0.24826 0.33036 -0.77985 -0.12991 0.20026 0.57866
1641272336.314144850 0.57510 0.25371 0.35024 -0.77528 -0.13848 0.18951 0.58639
1641272336.400826931 0.57877 0.25098 0.36969 -0.77047 -0.15485 0.17844 0.59208
1641272336.487508774 0.57166 0.23942 0.38422 -0.76515 -0.17369 0.16525 0.59755
1641272336.574191809 0.55562 0.22236 0.38817 -0.76342 -0.19255 0.16126 0.59508
1641272336.704214811 0.52265 0.18912 0.37198 -0.77249 -0.20522 0.16725 0.57721
1641272336.790896893 0.49545 0.16352 0.35138 -0.77998 -0.20317 0.16635 0.56805
1641272336.920919895 0.44896 0.11787 0.31619 -0.78847 -0.20581 0.16710 0.55500
1641272337.007602930 0.41678 0.08811 0.29106 -0.79306 -0.20908 0.16778 0.54698
1641272337.094284773 0.38576 0.06131 0.26592 -0.79988 -0.21438 0.17179 0.53359
1641272337.180966854 0.35601 0.03570 0.24404 -0.80335 -0.21890 0.18414 0.52230
1641272337.267648935 0.32912 0.01183 0.22695 -0.80333 -0.22680 0.19912 0.51339
1641272337.397671938 0.29326 -0.02124 0.20931 -0.80367 -0.23550 0.21953 0.50045
1641272337.484354973 0.27408 -0.04235 0.20034 0.79964 0.25039 -0.23960 -0.49038
1641272337.614377975 0.24715 -0.07488 0.19315 0.79367 0.26491 -0.26377 -0.47994
1641272337.701059818 0.23097 -0.09740 0.19275 0.78343 0.27983 -0.27685 -0.48091
1641272337.787741899 0.21400 -0.11906 0.19645 0.77401 0.29225 -0.29457 -0.47826
1641272337.874423981 0.20037 -0.14253 0.20320 0.76250 0.30414 -0.31780 -0.47445
1641272337.961106777 0.18711 -0.16421 0.21127 0.75055 0.32122 -0.33381 -0.47123
1641272338.091129780 0.16773 -0.18397 0.22403 0.73582 0.34237 -0.36317 -0.45767
1641272338.177811861 0.15595 -0.18678 0.23507 0.73119 0.34682 -0.37851 -0.44923
1641272338.307834864 0.13926 -0.17419 0.25927 0.72004 0.34243 -0.39736 -0.45429
1641272338.394516945 0.12615 -0.15235 0.27720 0.71664 0.33745 -0.40053 -0.46058
1641272338.481199980 0.11733 -0.12781 0.29547 0.71818 0.32803 -0.39339 -0.47101
1641272338.567881823 0.11442 -0.10286 0.31376 0.71913 0.31809 -0.38713 -0.48146
1641272338.654563904 0.11490 -0.07759 0.33087 0.72007 0.30482 -0.37575 -0.49739
1641272338.784586906 0.12358 -0.04567 0.35207 -0.71780 -0.27568 0.36165 0.52724
1641272338.871268988 0.13223 -0.02775 0.36148 -0.71518 -0.26086 0.36392 0.53668
1641272339.001292944 0.15049 -0.00240 0.36747 -0.71881 -0.25215 0.35803 0.53995
1641272339.087974787 0.16732 0.01516 0.36771 -0.71795 -0.25158 0.35190 0.54536
1641272339.174656868 0.18994 0.03843 0.36750 -0.71890 -0.25133 0.34859 0.54635
1641272339.261338949 0.21884 0.06617 0.36476 -0.72217 -0.24223 0.34816 0.54642
1641272339.348020792 0.25367 0.08921 0.35918 -0.72340 -0.23956 0.34857 0.54572
1641272339.478044987 0.31087 0.11751 0.34590 -0.72418 -0.21449 0.33989 0.56039
1641272339.564726830 0.35187 0.13149 0.33711 -0.73888 -0.18278 0.32166 0.56319
1641272339.694749832 0.41519 0.14158 0.32620 -0.75259 -0.12896 0.29529 0.57426
1641272339.781432867 0.45276 0.14259 0.32016 -0.75830 -0.09176 0.27788 0.58254
1641272339.868113995 0.48417 0.14311 0.31213 -0.76488 -0.05660 0.24904 0.59138
1641272339.954796791 0.51153 0.14228 0.30074 -0.77254 -0.01925 0.20374 0.60109
1641272340.041478872 0.53554 0.13666 0.28572 -0.78235 0.00281 0.16604 0.60029
1641272340.171502829 0.56739 0.12534 0.26199 -0.79552 0.03408 0.12928 0.59099
1641272340.258183956 0.58421 0.11684 0.24713 -0.80303 0.05654 0.09827 0.58506
1641272340.388207912 0.60667 0.10199 0.22753 -0.81015 0.08462 0.06591 0.57633
1641272340.474889994 0.62236 0.09282 0.21504 -0.81069 0.10747 0.04074 0.57409
1641272340.561572790 0.63618 0.08420 0.20217 -0.81088 0.13368 0.01599 0.56952
1641272340.648253918 0.64924 0.07892 0.18872 -0.81101 0.15683 -0.00458 0.56361
1641272340.734935999 0.66273 0.07436 0.17661 -0.80966 0.17331 -0.02624 0.56012
1641272340.864959955 0.68494 0.06585 0.16566 -0.81084 0.19000 -0.05472 0.55087
1641272340.951641798 0.70362 0.06132 0.16540 -0.80887 0.20342 -0.06764 0.54752
1641272341.081664801 0.73056 0.05759 0.17720 -0.80158 0.20888 -0.08446 0.55381
1641272341.168347836 0.74521 0.06370 0.19160 -0.79653 0.20690 -0.10434 0.55843
1641272341.255029917 0.75614 0.07518 0.21106 -0.79065 0.20928 -0.11241 0.56430
1641272341.341711998 0.76348 0.09058 0.23213 -0.78559 0.20659 -0.10758 0.57323
1641272341.428393841 0.76477 0.10913 0.25250 -0.78280 0.19423 -0.10419 0.58193
1641272341.558417797 0.75320 0.14232 0.28107 -0.77795 0.16540 -0.08463 0.60023
1641272341.645099878 0.74147 0.16749 0.29431 -0.77817 0.14473 -0.07646 0.60635
1641272341.775122881 0.71809 0.20480 0.31228 -0.77716 0.11884 -0.05684 0.61536
1641272341.861804962 0.69780 0.22641 0.31867 -0.78188 0.10130 -0.03517 0.61414
1641272341.948486805 0.67781 0.24308 0.32464 -0.78583 0.08402 -0.01223 0.61259
1641272342.035168886 0.65281 0.25026 0.32557 -0.78995 0.06388 0.00752 0.60979
1641272342.121850967 0.62436 0.25147 0.32183 -0.79396 0.03636 0.02504 0.60636
1641272342.251874924 0.57765 0.24761 0.30763 -0.80477 -0.01634 0.04697 0.59150
1641272342.338556767 0.54441 0.23718 0.29410 -0.80848 -0.04646 0.06163 0.58345
1641272342.468579769 0.49152 0.21205 0.26774 -0.81354 -0.09092 0.07370 0.56961
1641272342.555261850 0.45662 0.19202 0.24767 -0.81686 -0.11520 0.07863 0.55973
1641272342.641943932 0.42442 0.17166 0.22735 -0.82004 -0.13529 0.08843 0.54902
1641272342.728626966 0.39242 0.15035 0.20713 -0.82281 -0.15175 0.09867 0.53871
1641272342.815308809 0.35990 0.13391 0.18694 -0.82610 -0.15861 0.11502 0.52837
1641272342.945331812 0.31041 0.11406 0.15941 -0.83209 -0.16730 0.14408 0.50881
1641272343.032013893 0.27820 0.09951 0.14640 -0.83064 -0.17666 0.16625 0.50119
1641272343.162036896 0.22494 0.07842 0.13322 0.82685 0.20793 -0.19765 -0.48376
1641272343.248718977 0.18668 0.06742 0.12936 0.82263 0.23376 -0.21986 -0.46937
1641272343.335401773 0.15041 0.05828 0.12932 0.81630 0.25652 -0.25065 -0.45281
1641272343.422083855 0.11595 0.05117 0.13653 0.80553 0.27649 -0.28328 -0.44095
1641272343.508766890 0.08267 0.04755 0.15058 0.79087 0.29732 -0.30842 -0.43703
1641272343.638788939 0.04307 0.04878 0.18405 0.76312 0.33154 -0.34141 -0.43722
1641272343.725470781 0.02252 0.05348 0.21036 0.74464 0.35326 -0.35520 -0.44108
1641272343.855494976 0.00416 0.06382 0.25602 0.71782 0.38331 -0.36440 -0.45279
1641272343.942176819 -0.00110 0.07020 0.28997 0.70134 0.39720 -0.37104 -0.46118
1641272344.028858900 -0.00219 0.07781 0.32521 0.68622 0.40592 -0.37571 -0.47242
1641272344.115540981 0.00029 0.08364 0.36075 0.67670 0.40861 -0.37378 -0.48517
1641272344.202222824 0.00624 0.08492 0.39715 0.66821 0.41042 -0.37185 -0.49677
1641272344.332246780 0.02121 0.08431 0.45280 -0.65547 -0.41476 0.36720 0.51332
1641272344.418928862 0.03266 0.08598 0.48851 -0.64693 -0.41740 0.36075 0.52643
1641272344.548951864 0.05143 0.09057 0.53892 -0.63686 -0.40649 0.36211 0.54594
1641272344.635633945 0.06026 0.09969 0.56833 -0.63549 -0.39353 0.36463 0.55527
1641272344.722315788 0.07448 0.10276 0.59451 -0.63123 -0.38008 0.37047 0.56554
1641272344.808998823 0.08828 0.10413 0.61696 -0.62652 -0.36682 0.37599 0.57580
1641272344.895680904 0.10212 0.10533 0.63509 -0.62407 -0.36075 0.37619 0.58213
1641272345.025703907 0.12115 0.11349 0.65746 -0.62378 -0.35057 0.37234 0.59107
1641272345.112385988 0.13753 0.11938 0.67071 -0.62605 -0.33891 0.36739 0.59853
1641272345.242409945 0.16592 0.13153 0.69126 -0.62780 -0.32158 0.36764 0.60605
1641272345.329042912 0.18726 0.14807 0.70207 -0.63226 -0.30389 0.36654 0.61119
1641272345.415260792 0.21177 0.16390 0.70839 -0.63752 -0.28667 0.36780 0.61328
1641272345.543440819 0.25779 0.18481 0.70969 -0.63361 -0.26609 0.37814 0.62027
1641272345.628673792 0.29405 0.20075 0.70918 -0.63008 -0.25750 0.38279 0.62463
1641272345.714231968 0.32878 0.22050 0.70979 -0.63142 -0.25902 0.38237 0.62290
1641272345.843849897 0.38343 0.24605 0.71737 -0.63367 -0.25713 0.38626 0.61899
1641272345.930531979 0.40966 0.26377 0.72519 -0.63712 -0.25199 0.38946 0.61555
1641272346.017213821 0.42790 0.27425 0.73806 -0.64016 -0.24687 0.38984 0.61423
1641272346.147236824 0.43361 0.27401 0.75981 -0.62724 -0.25619 0.39942 0.61757
1641272346.233919859 0.43840 0.26318 0.77317 -0.61657 -0.26526 0.40725 0.61938
1641272346.320601940 0.43122 0.24737 0.78121 -0.61107 -0.27363 0.41319 0.61725
1641272346.407283783 0.41395 0.23261 0.78302 -0.60985 -0.28175 0.41634 0.61266
1641272346.493965864 0.39432 0.21378 0.78166 -0.60739 -0.28700 0.41878 0.61101
1641272346.623988867 0.36066 0.18235 0.77985 -0.60256 -0.30181 0.43050 0.60041
1641272346.710671902 0.33548 0.16416 0.77490 -0.60128 -0.31711 0.43336 0.59169
1641272346.840694904 0.29566 0.13612 0.76322 -0.60158 -0.34053 0.43241 0.57893
1641272346.927376986 0.27082 0.11201 0.74916 -0.60284 -0.35616 0.42985 0.57005
1641272347.014058828 0.24619 0.09441 0.73210 -0.59986 -0.36651 0.43463 0.56296
1641272347.100740910 0.22632 0.07931 0.71194 -0.59845 -0.37581 0.44077 0.55348
1641272347.187423944 0.20752 0.06798 0.68980 -0.59878 -0.37600 0.45192 0.54393
1641272347.317446947 0.18602 0.05607 0.64852 -0.60497 -0.38157 0.45885 0.52713
1641272347.404128790 0.18438 0.05024 0.61480 -0.61148 -0.38124 0.45380 0.52423
1641272347.534151793 0.19313 0.04824 0.56411 -0.61989 -0.37426 0.44935 0.52322
1641272347.620834827 0.20796 0.04741 0.53449 -0.63033 -0.36658 0.44899 0.51644
1641272347.707516909 0.22623 0.05463 0.50957 -0.63704 -0.35389 0.45262 0.51389
1641272347.794198990 0.24878 0.06369 0.48687 -0.63681 -0.34404 0.46059 0.51378
1641272347.880880833 0.28165 0.07772 0.46680 -0.64298 -0.33860 0.45620 0.51362
1641272348.010903835 0.34209 0.10834 0.44029 -0.65765 -0.32806 0.43901 0.51686
1641272348.097586870 0.38627 0.13698 0.42833 -0.67104 -0.30947 0.43247 0.51663
1641272348.227609873 0.45370 0.16831 0.41031 -0.68262 -0.28830 0.41332 0.52923
1641272348.314291954 0.49227 0.18494 0.39930 -0.69061 -0.27876 0.39577 0.53733
1641272348.400973797 0.52076 0.20250 0.38503 -0.70032 -0.27603 0.36830 0.54563
1641272348.487655878 0.54314 0.21449 0.36971 -0.70922 -0.26736 0.34594 0.55304
1641272348.574338913 0.55999 0.21980 0.34976 -0.72050 -0.26028 0.33529 0.54838
1641272348.704361916 0.57014 0.20993 0.31160 -0.73453 -0.25350 0.31707 0.54376
1641272348.791043997 0.56216 0.19275 0.28160 -0.73778 -0.25929 0.30766 0.54203
1641272348.921066999 0.54377 0.16314 0.23176 -0.74778 -0.25290 0.30069 0.53521
1641272349.007748842 0.52549 0.13943 0.19893 -0.75893 -0.25577 0.29792 0.51947
1641272349.094431877 0.50384 0.11553 0.16975 -0.76273 -0.26029 0.29397 0.51389
1641272349.181113958 0.48503 0.09112 0.14425 -0.76527 -0.25787 0.29837 0.50877
1641272349.267795801 0.46436 0.06982 0.11905 0.77204 0.25433 -0.30204 -0.49803
1641272349.397818804 0.43287 0.03303 0.08441 0.77990 0.25153 -0.30453 -0.48554
1641272349.484500885 0.40977 0.00743 0.06464 0.77949 0.25351 -0.31117 -0.48093
1641272349.614524841 0.36590 -0.02590 0.04075 0.77961 0.25848 -0.32143 -0.47126
1641272349.701206923 0.32779 -0.03913 0.03052 0.77567 0.27233 -0.32598 -0.46680
1641272349.787888765 0.29036 -0.05013 0.02222 0.77073 0.28183 -0.33216 -0.46500
1641272349.874570847 0.25367 -0.05303 0.01724 0.76702 0.28586 -0.34642 -0.45822
1641272349.961252928 0.21921 -0.05059 0.01453 0.75986 0.29256 -0.35880 -0.45638
1641272350.091276884 0.17540 -0.04181 0.01947 0.74632 0.30307 -0.37958 -0.45506
1641272350.177958965 0.15074 -0.02771 0.03050 0.73585 0.31253 -0.39134 -0.45575
1641272350.307981968 0.12910 -0.00209 0.06190 0.71728 0.32744 -0.40004 -0.46719
1641272350.394663811 0.12861 0.01831 0.09326 0.70474 0.32983 -0.40667 -0.47871
1641272350.481346846 0.13977 0.04189 0.13019 0.69408 0.32578 -0.41227 -0.49209
1641272350.568028927 0.16125 0.06308 0.16973 -0.68147 -0.32524 0.41535 0.50725
1641272350.654710770 0.18910 0.08615 0.20915 -0.67641 -0.31731 0.41194 0.52163
1641272350.784733772 0.24054 0.11914 0.26723 -0.67339 -0.29888 0.41387 0.53472
1641272350.871415854 0.28087 0.13705 0.30478 -0.66439 -0.29484 0.41659 0.54600
1641272351.001439810 0.33599 0.16189 0.35942 -0.66393 -0.28680 0.40145 0.56194
1641272351.088121891 0.36761 0.17386 0.39141 -0.67278 -0.27292 0.38072 0.57265
1641272351.174803972 0.39782 0.17988 0.41865 -0.68184 -0.25545 0.35589 0.58581
1641272351.261485815 0.42824 0.18011 0.44048 -0.68782 -0.23167 0.33118 0.60295
1641272351.348168850 0.45791 0.17420 0.45567 -0.69628 -0.20702 0.30104 0.61783
1641272351.478191853 0.49477 0.15985 0.46251 -0.70980 -0.15794 0.23829 0.64378
1641272351.564873934 0.51557 0.14421 0.45588 -0.71778 -0.13132 0.20300 0.65294
1641272351.694896936 0.53779 0.11808 0.43237 -0.73387 -0.08963 0.15907 0.65429
1641272351.781578779 0.55238 0.09502 0.41038 -0.74278 -0.05597 0.12946 0.65451
1641272351.868260860 0.56106 0.07226 0.38485 -0.75277 -0.03262 0.10483 0.64906
1641272351.954943895 0.56685 0.04844 0.35686 -0.75399 -0.00450 0.08203 0.65173
1641272352.041625977 0.57658 0.02483 0.32656 -0.75588 0.02448 0.06256 0.65125
1641272352.171649933 0.58534 -0.00256 0.28232 -0.76123 0.06088 0.03522 0.64465
1641272352.258330822 0.59030 -0.01653 0.25199 -0.76565 0.08579 0.02240 0.63712
1641272352.388354778 0.59957 -0.03293 0.20090 -0.77077 0.13651 0.01681 0.62209
1641272352.475036860 0.60834 -0.05116 0.16769 -0.76845 0.17447 0.00869 0.61561
1641272352.561718941 0.61481 -0.06978 0.13504 -0.77164 0.20226 -0.00465 0.60302
1641272352.648401976 0.62206 -0.09147 0.10348 -0.77526 0.22295 -0.02652 0.59039
1641272352.735083818 0.63464 -0.11356 0.07629 -0.77827 0.23364 -0.04190 0.58134
1641272352.865105867 0.66220 -0.14600 0.05200 -0.77910 0.26017 -0.07325 0.56564
1641272352.951788902 0.68939 -0.15981 0.04986 -0.77613 0.28317 -0.07805 0.55798
1641272353.081811905 0.73164 -0.17735 0.05502 -0.76841 0.31038 -0.10793 0.54914
1641272353.168493986 0.75898 -0.17528 0.07131 -0.76145 0.31807 -0.12686 0.55040
1641272353.255175829 0.78359 -0.16781 0.08916 -0.75572 0.31977 -0.14417 0.55303
1641272353.341858864 0.80334 -0.14364 0.11142 -0.75780 0.31173 -0.15994 0.55044
1641272353.428540945 0.81708 -0.10943 0.13476 -0.75801 0.30108 -0.17943 0.55007
1641272353.558564901 0.82849 -0.07395 0.17606 -0.75504 0.28714 -0.18974 0.55809
1641272353.645245790 0.83100 -0.05105 0.20423 -0.75210 0.28036 -0.18834 0.56592
1641272353.775269985 0.81750 -0.01788 0.24059 -0.74835 0.26777 -0.18651 0.57748
1641272353.861950874 0.79418 -0.00678 0.25741 -0.74585 0.25840 -0.17761 0.58769
1641272353.948633909 0.76927 0.00118 0.26794 -0.74711 0.24943 -0.16471 0.59370
1641272354.035315990 0.73868 0.00347 0.27437 -0.75112 0.24133 -0.15276 0.59518
1641272354.121998787 0.70990 0.00951 0.27018 -0.75761 0.23079 -0.13773 0.59481
1641272354.252021790 0.66561 0.01438 0.25574 -0.77199 0.21256 -0.12381 0.58610
1641272354.338703871 0.64060 0.01660 0.24116 -0.78137 0.20225 -0.11848 0.57838
1641272354.468726873 0.60453 0.01896 0.21701 -0.79817 0.19260 -0.11053 0.56001
1641272354.555408955 0.58215 0.01808 0.20105 -0.80579 0.18762 -0.10321 0.55212
1641272354.642090797 0.56152 0.01593 0.18464 -0.81349 0.18240 -0.09599 0.54383
1641272354.728773832 0.53850 0.01160 0.16979 -0.81819 0.18163 -0.08567 0.53873
1641272354.815454960 0.51666 0.00769 0.15967 -0.82092 0.18283 -0.06986 0.53646
1641272354.945478916 0.48811 0.01006 0.16263 -0.81858 0.18346 -0.04846 0.54214
1641272355.032160997 0.47522 0.01438 0.17815 -0.81161 0.18329 -0.03664 0.55350
1641272355.162184000 0.47501 0.02556 0.21700 -0.79797 0.18443 -0.02361 0.57330
1641272355.248866796 0.48589 0.03243 0.24369 -0.78570 0.18731 -0.02334 0.58911
1641272355.335548878 0.50586 0.03518 0.26511 -0.77635 0.19463 -0.03176 0.59866
1641272355.422230959 0.53176 0.03373 0.27673 -0.76971 0.21106 -0.03909 0.60122
1641272355.508912802 0.56166 0.02781 0.27855 -0.76255 0.22953 -0.04728 0.60300
1641272355.638936996 0.60790 0.01071 0.25984 -0.76139 0.25399 -0.06869 0.59250
1641272355.725618839 0.63908 -0.00335 0.23830 -0.76645 0.26931 -0.07972 0.57764
1641272355.855641842 0.68358 -0.03266 0.19968 -0.77745 0.28949 -0.09960 0.54940
1641272355.942324877 0.70582 -0.05151 0.17521 -0.78235 0.30483 -0.10831 0.53224
1641272356.029006958 0.72602 -0.06586 0.15634 -0.78607 0.31555 -0.11726 0.51843
1641272356.115687847 0.73809 -0.07770 0.14080 -0.78939 0.31800 -0.12704 0.50951
1641272356.202369928 0.74976 -0.08505 0.13126 -0.79323 0.31466 -0.13834 0.50262
1641272356.332393885 0.77408 -0.07955 0.13612 0.79298 -0.31568 0.14771 -0.49972
1641272356.419076920 0.78463 -0.06823 0.15195 -0.78947 0.31460 -0.14770 0.50592
1641272356.549099922 0.78727 -0.03740 0.19050 -0.78251 0.29216 -0.14680 0.52988
1641272356.635781765 0.77842 -0.01681 0.22421 -0.77533 0.27223 -0.14063 0.55225
1641272356.722463846 0.76094 0.00022 0.25662 -0.77189 0.24903 -0.12993 0.57035
1641272356.809145927 0.73368 0.01430 0.28280 -0.77433 0.21590 -0.11718 0.58315
1641272356.895827770 0.70034 0.02548 0.30098 -0.77860 0.17860 -0.10526 0.59228
1641272357.025851965 0.64493 0.03795 0.31523 -0.78142 0.12686 -0.09297 0.60386
1641272357.112532854 0.60716 0.04442 0.31483 -0.78707 0.09793 -0.07575 0.60432
1641272357.242556810 0.54911 0.04914 0.29859 -0.80105 0.05656 -0.04780 0.59400
1641272357.329239845 0.51604 0.05283 0.27836 -0.80884 0.03054 -0.03317 0.58629
1641272357.415920973 0.48541 0.05479 0.25594 -0.81931 0.00753 -0.01469 0.57311
1641272357.502603769 0.45396 0.05417 0.23479 -0.82829 -0.01574 0.00190 0.56008
1641272357.589285851 0.42102 0.04872 0.21437 -0.83377 -0.04248 0.01113 0.55036
1641272357.719308853 0.37614 0.03610 0.18389 -0.84046 -0.07904 0.02214 0.53562
1641272357.805990934 0.34672 0.02523 0.16474 -0.84761 -0.09966 0.03232 0.52018
1641272357.936013937 0.30606 0.01155 0.13964 -0.85449 -0.12599 0.04557 0.50190
1641272358.022695780 0.27963 0.00368 0.12526 0.85838 0.14159 -0.06432 -0.48887
1641272358.109377861 0.24827 -0.00811 0.11262 0.86026 0.16095 -0.08272 -0.47666
1641272358.196060896 0.21352 -0.02380 0.10141 0.85748 0.18389 -0.10017 -0.46997
1641272358.282742977 0.18121 -0.03580 0.09251 0.85277 0.20903 -0.12042 -0.46324
1641272358.412765980 0.13423 -0.05234 0.08684 0.84477 0.24840 -0.15333 -0.44850
1641272358.499447823 0.10720 -0.06680 0.08817 0.83707 0.27234 -0.18294 -0.43780
1641272358.629471779 0.07471 -0.08132 0.10186 0.82473 0.30134 -0.22119 -0.42437
1641272358.716153860 0.05786 -0.09491 0.11567 0.81394 0.31465 -0.24816 -0.42062
1641272358.802835941 0.03887 -0.10588 0.13945 0.80127 0.32044 -0.27298 -0.42517
1641272358.889517784 0.01551 -0.11127 0.17409 0.78503 0.32629 -0.29588 -0.43556
1641272358.976199865 0.01074 -0.10244 0.21984 0.77280 0.32221 -0.31804 -0.44476
1641272359.106222868 0.02711 -0.08082 0.29137 0.74667 0.30813 -0.36253 -0.46487
1641272359.192904949 0.04461 -0.07004 0.33688 0.73652 0.30590 -0.36825 -0.47787
1641272359.322928905 0.07495 -0.05108 0.39939 0.72734 0.30281 -0.37098 -0.49158
1641272359.409610987 0.09696 -0.03656 0.43411 -0.72105 -0.29619 0.37314 0.50311
1641272359.496292830 0.11969 -0.02230 0.46379 -0.71882 -0.27992 0.37833 0.51167
1641272359.582974911 0.14456 -0.00796 0.48430 -0.71736 -0.26687 0.39073 0.51138
1641272359.669656992 0.17102 0.00614 0.49190 -0.71503 -0.25459 0.39970 0.51396
1641272359.799680948 0.21242 0.02585 0.47346 -0.72272 -0.24243 0.40364 0.50594
1641272359.886362791 0.24324 0.03615 0.44633 0.72638 0.23684 -0.41381 -0.49501
1641272360.016385794 0.29123 0.05452 0.39816 0.73934 0.22794 -0.43181 -0.46364
1641272360.103067875 0.32358 0.06497 0.36452 0.74811 0.23022 -0.42780 -0.45202
1641272360.189750910 0.35719 0.07690 0.33465 0.75717 0.23196 -0.41875 -0.44446
1641272360.276432991 0.39041 0.08910 0.31056 0.76713 0.23329 -0.41270 -0.43217
1641272360.363114834 0.41855 0.10174 0.29545 0.77687 0.23403 -0.40048 -0.42581
1641272360.493137836 0.45083 0.11876 0.29321 0.78740 0.24357 -0.36528 -0.43271
1641272360.579819918 0.46456 0.12980 0.30708 0.79057 0.24975 -0.34325 -0.44136
1641272360.709843874 0.46931 0.13915 0.34373 0.78392 0.26083 -0.31409 -0.46774
1641272360.796525955 0.46189 0.13674 0.36691 0.77484 0.27152 -0.29677 -0.48768
1641272360.883207798 0.44718 0.13122 0.37958 0.76812 0.28561 -0.28191 -0.49895
1641272360.969889879 0.42731 0.11971 0.37846 -0.76216 -0.29854 0.26627 0.50901
1641272361.056571960 0.40191 0.10419 0.36501 -0.75836 -0.30769 0.25194 0.51647
1641272361.186595917 0.35738 0.07488 0.32802 0.76235 0.32545 -0.25299 -0.49890
1641272361.273277998 0.32748 0.05246 0.29795 0.77055 0.33923 -0.25399 -0.47609
1641272361.403300762 0.28481 0.01626 0.25391 0.78027 0.34874 -0.25058 -0.45472
1641272361.489982843 0.25757 -0.00874 0.22507 0.78457 0.35674 -0.24383 -0.44466
1641272361.576664925 0.22998 -0.03156 0.19788 0.79314 0.36165 -0.23214 -0.43156
1641272361.663347960 0.20315 -0.05083 0.17480 0.79654 0.36381 -0.24228 -0.41768
1641272361.750029802 0.17593 -0.06770 0.15366 0.79739 0.36571 -0.25066 -0.40938
1641272361.880052805 0.13724 -0.09175 0.12869 0.79943 0.37659 -0.25837 -0.39029
1641272361.966734886 0.11169 -0.10510 0.12005 0.79675 0.37847 -0.27943 -0.37931
1641272362.096758842 0.07835 -0.11832 0.12584 0.79250 0.36940 -0.31592 -0.36835
1641272362.183440924 0.05926 -0.11945 0.14651 0.77994 0.35743 -0.34506 -0.38061
1641272362.270122766 0.04626 -0.11485 0.17984 0.76425 0.34548 -0.37397 -0.39587
1641272362.356804848 0.03879 -0.10493 0.22105 0.74635 0.33063 -0.39363 -0.42273
1641272362.443486929 0.03889 -0.09470 0.26275 0.73058 0.31258 -0.40691 -0.45051
1641272362.573509932 0.05174 -0.08276 0.31605 0.71209 0.28879 -0.42755 -0.47616
1641272362.660192966 0.06574 -0.07952 0.34050 0.70491 0.27964 -0.42972 -0.49014
1641272362.790215969 0.09138 -0.07361 0.36144 0.70892 0.26340 -0.42380 -0.49845
1641272362.876897812 0.11365 -0.06519 0.36435 0.71241 0.24405 -0.43552 -0.49320
1641272362.963579893 0.13811 -0.05384 0.35677 0.71859 0.20904 -0.44811 -0.48900
1641272363.050261974 0.15983 -0.04299 0.33297 0.73267 0.17338 -0.43185 -0.49663
1641272363.136944771 0.18502 -0.03420 0.30104 -0.75739 -0.11969 0.39241 0.50799
1641272363.266967773 0.21850 -0.02350 0.24975 -0.78605 -0.06383 0.34162 0.51122
1641272363.353649855 0.24242 -0.01853 0.22002 -0.78040 -0.05728 0.35367 0.51246
1641272363.483673811 0.26740 -0.00163 0.18055 -0.78495 -0.06959 0.34646 0.50891
1641272363.570355892 0.28354 0.01557 0.15993 -0.79468 -0.07281 0.31858 0.51156
1641272363.657037973 0.31740 0.02679 0.14826 -0.79350 -0.08150 0.31565 0.51389
1641272363.743719816 0.34756 0.04047 0.14728 -0.78059 -0.08998 0.30776 0.53653
1641272363.830401897 0.37536 0.04931 0.15727 -0.76823 -0.10107 0.29358 0.55984
1641272363.960425854 0.40145 0.05800 0.17670 -0.74625 -0.10038 0.26724 0.60135
1641272364.047107935 0.40779 0.06479 0.18369 -0.75035 -0.08573 0.24055 0.60972
1641272364.177130938 0.39672 0.07129 0.17294 -0.76971 -0.07030 0.18747 0.60619
1641272364.263812780 0.37947 0.06634 0.15022 -0.77364 -0.07011 0.16110 0.60878
1641272364.350494862 0.35933 0.05487 0.12059 -0.76017 -0.06785 0.15777 0.62661
1641272364.437176943 0.33865 0.03587 0.08781 -0.74401 -0.07563 0.17322 0.64088
1641272364.523859978 0.31421 0.01584 0.05474 -0.74074 -0.08128 0.17682 0.64299
1641272364.653882980 0.27361 -0.02198 0.00990 -0.73421 -0.09342 0.19605 0.64325
1641272364.740565777 0.24120 -0.04965 -0.01156 -0.73230 -0.11847 0.22003 0.63347
1641272364.870587826 0.18662 -0.08190 -0.02823 -0.74440 -0.15212 0.24477 0.60234
1641272364.957270861 0.14717 -0.10094 -0.03018 -0.74878 -0.17345 0.26465 0.58242
1641272365.043952942 0.10665 -0.12111 -0.02915 -0.74686 -0.20599 0.27510 0.56929
1641272365.130634785 0.06750 -0.14166 -0.02149 -0.74119 -0.23970 0.28369 0.55920
1641272365.217316866 0.03495 -0.15947 -0.00434 -0.72563 -0.25888 0.30730 0.55858
1641272365.347339869 -0.00382 -0.17686 0.02839 -0.70147 -0.28741 0.32386 0.56608
1641272365.434021950 -0.01975 -0.17366 0.05641 -0.69061 -0.29900 0.32425 0.57316
1641272365.564045906 -0.02778 -0.16155 0.10575 -0.67496 -0.29646 0.32233 0.59384
1641272365.650727987 -0.02321 -0.15135 0.14197 -0.66706 -0.29193 0.30896 0.61184
1641272365.737409830 -0.01098 -0.13712 0.18096 -0.65805 -0.27287 0.30690 0.63113
1641272365.824091911 0.00674 -0.12008 0.21533 -0.65073 -0.25545 0.30042 0.64888
1641272365.910773993 0.02678 -0.10212 0.24280 -0.65635 -0.22934 0.27857 0.66257
1641272366.040797949 0.06076 -0.07879 0.27482 -0.66540 -0.19669 0.24031 0.67883
1641272366.127479792 0.08726 -0.07360 0.28942 -0.65985 -0.18193 0.22945 0.69200
1641272366.257502794 0.13305 -0.07586 0.30045 -0.64938 -0.15481 0.21213 0.71369
1641272366.344184875 0.16451 -0.08096 0.29875 -0.64629 -0.13098 0.19121 0.72704
1641272366.430867910 0.19409 -0.08701 0.29114 -0.64798 -0.10906 0.17187 0.73395
1641272366.517549992 0.21922 -0.09311 0.27794 -0.65438 -0.08415 0.14993 0.73636
1641272366.604231834 0.23972 -0.09860 0.25960 -0.66778 -0.06822 0.13488 0.72885
1641272366.734254837 0.25917 -0.10612 0.22191 -0.68219 -0.05381 0.12135 0.71902
1641272366.820936918 0.26492 -0.11013 0.19261 -0.69291 -0.05353 0.11936 0.70906
1641272366.950960875 0.26620 -0.11461 0.14732 -0.70653 -0.05699 0.13315 0.69270
1641272367.037642956 0.26490 -0.11659 0.11794 -0.71454 -0.06472 0.14526 0.68129
1641272367.124324799 0.25904 -0.11864 0.09001 -0.71903 -0.07213 0.16737 0.67066
1641272367.211006880 0.25082 -0.11813 0.06533 -0.72170 -0.08001 0.19402 0.65962
1641272367.297689915 0.23806 -0.11100 0.04521 -0.72539 -0.08640 0.21879 0.64689
1641272367.427712917 0.21958 -0.09854 0.02206 -0.72975 -0.09945 0.26381 0.62288
1641272367.514394999 0.20822 -0.08795 0.01397 -0.72736 -0.11438 0.29638 0.60829
1641272367.644417763 0.20329 -0.07258 0.00914 -0.71418 -0.14899 0.34682 0.58946
1641272367.731100798 0.21017 -0.06426 0.01009 -0.68908 -0.18511 0.38236 0.58711
1641272367.817781925 0.22274 -0.05356 0.01419 -0.66864 -0.21946 0.40021 0.58702
1641272367.904464960 0.23792 -0.04252 0.01950 -0.66340 -0.24450 0.39533 0.58637
1641272367.991146803 0.25385 -0.03015 0.02563 -0.66070 -0.26714 0.39074 0.58260
1641272368.121169806 0.28323 -0.00715 0.04284 -0.65254 -0.29595 0.40559 0.56754
1641272368.207851887 0.30268 0.01205 0.05766 -0.64920 -0.29728 0.40866 0.56847
1641272368.337874889 0.32837 0.04405 0.07761 -0.65408 -0.29114 0.39638 0.57472
1641272368.424557924 0.34283 0.06636 0.08911 -0.65342 -0.28885 0.38675 0.58312
1641272368.511239767 0.35629 0.09039 0.10235 -0.64428 -0.28949 0.38958 0.59104
1641272368.597921848 0.36651 0.11571 0.11392 -0.63885 -0.29672 0.38413 0.59689
1641272368.684603930 0.37423 0.14269 0.12581 -0.63268 -0.30294 0.37755 0.60449
1641272368.814626932 0.38231 0.18291 0.14958 -0.62856 -0.32416 0.37599 0.59872
1641272368.901309967 0.38510 0.20687 0.16610 -0.62779 -0.33130 0.35674 0.60734
1641272369.031332970 0.39284 0.24087 0.19484 -0.61742 -0.33660 0.35531 0.61584
1641272369.118014812 0.39933 0.26163 0.21379 -0.60418 -0.33516 0.36140 0.62611
1641272369.204696894 0.40543 0.28136 0.23083 -0.59427 -0.33348 0.36453 0.63463
1641272369.291378975 0.40996 0.30106 0.24608 -0.58847 -0.32908 0.36692 0.64092
1641272369.378061771 0.41392 0.31898 0.26057 -0.58273 -0.32449 0.37070 0.64631
1641272369.508084774 0.41561 0.34273 0.28069 -0.57400 -0.32869 0.37875 0.64733
1641272369.594766855 0.41386 0.35530 0.29409 -0.57037 -0.33651 0.37794 0.64699
1641272369.724789858 0.41078 0.37103 0.31238 -0.56471 -0.34945 0.37871 0.64465
1641272369.811471939 0.40793 0.37909 0.31846 -0.57147 -0.35299 0.37133 0.64104
1641272369.898154974 0.40628 0.38360 0.31693 -0.57749 -0.35298 0.36415 0.63977
1641272369.984836817 0.40617 0.38698 0.30820 -0.58464 -0.35045 0.36688 0.63308
1641272370.071518898 0.40637 0.38686 0.29299 -0.59779 -0.34116 0.36579 0.62646
1641272370.201541901 0.40656 0.37633 0.26396 -0.61518 -0.32243 0.36021 0.62277
1641272370.288223982 0.40584 0.36298 0.24589 -0.62415 -0.31071 0.36133 0.61915
1641272370.418247938 0.39760 0.33263 0.22437 -0.63959 -0.27990 0.36490 0.61597
1641272370.504929781 0.38654 0.30774 0.21317 -0.65288 -0.25897 0.36107 0.61344
1641272370.591611862 0.36895 0.28036 0.20461 -0.67476 -0.24150 0.34451 0.60638
1641272370.678293943 0.34789 0.24894 0.19873 -0.69163 -0.23314 0.33430 0.59626
1641272370.764975786 0.32488 0.21313 0.19606 -0.69269 -0.23196 0.33758 0.59365
1641272370.894999981 0.29127 0.16003 0.19152 -0.67502 -0.24048 0.35853 0.59831
1641272370.981681824 0.26839 0.13187 0.18521 -0.67130 -0.24215 0.36526 0.59775
1641272371.111704826 0.23966 0.09705 0.17112 -0.67169 -0.22835 0.37312 0.59789
1641272371.198386908 0.22732 0.07380 0.15593 -0.67354 -0.21795 0.37510 0.59845
1641272371.285069942 0.21753 0.05185 0.13838 -0.67742 -0.20473 0.37363 0.59965
1641272371.371751785 0.20838 0.03187 0.11974 -0.68293 -0.19474 0.36946 0.59932
1641272371.458433867 0.19757 0.01209 0.10114 -0.68952 -0.19008 0.35770 0.60040
1641272371.588456869 0.17444 -0.02199 0.07358 -0.70145 -0.19550 0.32109 0.60551
1641272371.675138950 0.15804 -0.04544 0.06022 -0.70697 -0.19869 0.31094 0.60335
1641272371.805162907 0.13153 -0.08094 0.04366 -0.70698 -0.19873 0.30454 0.60658
1641272371.891844988 0.11251 -0.10434 0.03471 -0.70690 -0.20786 0.30535 0.60319
1641272371.978526831 0.09172 -0.12608 0.02625 -0.70703 -0.22204 0.30576 0.59776
1641272372.065208912 0.07111 -0.14579 0.01947 -0.70864 -0.24077 0.30904 0.58681
1641272372.151890993 0.05302 -0.16326 0.01565 -0.70733 -0.25390 0.32075 0.57648
1641272372.281914949 0.03096 -0.18359 0.01831 -0.69654 -0.27165 0.35423 0.56175
1641272372.368596792 0.01964 -0.18988 0.02547 -0.68841 -0.27768 0.36899 0.55931
1641272372.498619795 0.00925 -0.19569 0.04451 -0.67342 -0.29183 0.38473 0.55975
1641272372.585301876 0.00510 -0.19435 0.06279 -0.66387 -0.29429 0.38800 0.56756
1641272372.671983957 0.00432 -0.18861 0.08459 -0.65636 -0.29335 0.39120 0.57455
1641272372.758666992 0.00800 -0.17915 0.10869 -0.64862 -0.28622 0.40210 0.57939
1641272372.845348835 0.01462 -0.16837 0.13326 -0.64320 -0.27719 0.41614 0.57990
1641272372.975371838 0.02606 -0.15422 0.16868 -0.63643 -0.26881 0.41507 0.59196
1641272373.062053919 0.03063 -0.14719 0.19307 -0.63193 -0.27885 0.40905 0.59630
1641272373.192076921 0.03340 -0.14908 0.23422 -0.61497 -0.30029 0.39908 0.61022
1641272373.278759956 0.03441 -0.15314 0.26394 -0.59795 -0.31331 0.39965 0.62014
1641272373.365441799 0.03189 -0.15199 0.29379 -0.58881 -0.32158 0.39050 0.63039
1641272373.452123880 0.03264 -0.15606 0.31988 -0.58210 -0.32510 0.37965 0.64136
1641272373.538805962 0.03437 -0.16288 0.34427 -0.57423 -0.33098 0.37041 0.65077
1641272373.668828964 0.03621 -0.17414 0.37141 -0.56422 -0.34099 0.35493 0.66287
1641272373.755511999 0.03461 -0.18523 0.38055 -0.55392 -0.35618 0.34577 0.66839
1641272373.885534763 0.03094 -0.20147 0.38492 -0.54511 -0.37350 0.33466 0.67183
1641272373.972216845 0.02508 -0.21243 0.37980 -0.54341 -0.38517 0.32775 0.67002
1641272374.058898926 0.01489 -0.22169 0.36496 -0.54739 -0.40221 0.31572 0.66251
1641272374.145580769 0.00439 -0.22752 0.34617 -0.54914 -0.41708 0.30807 0.65543
1641272374.232263803 -0.00311 -0.22639 0.32837 -0.55284 -0.42627 0.31310 0.64391
1641272374.362286806 -0.00386 -0.22228 0.30455 -0.55964 -0.41904 0.33402 0.63217
1641272374.448968887 0.00421 -0.21524 0.28900 -0.56539 -0.40499 0.35210 0.62638
1641272374.578991890 0.02534 -0.19919 0.25831 -0.57049 -0.38381 0.37350 0.62269
1641272374.665674925 0.04496 -0.18995 0.23232 -0.57145 -0.37450 0.38098 0.62293
1641272374.752356768 0.06608 -0.18000 0.20465 -0.57551 -0.36172 0.39214 0.61981
1641272374.839038849 0.08822 -0.16778 0.17635 -0.58210 -0.34952 0.40078 0.61512
1641272374.925720930 0.10947 -0.15127 0.14920 -0.59439 -0.33381 0.40473 0.60948
1641272375.055743933 0.13878 -0.12165 0.11241 -0.61732 -0.30699 0.40598 0.59988
1641272375.142426968 0.15643 -0.10417 0.08852 -0.63066 -0.29407 0.39629 0.59895
1641272375.272449970 0.17996 -0.08067 0.05359 -0.63898 -0.28660 0.39544 0.59430
1641272375.359131813 0.19624 -0.06684 0.03154 -0.64008 -0.28395 0.39846 0.59237
1641272375.445813894 0.21504 -0.05837 0.00861 -0.64223 -0.27428 0.39673 0.59574
1641272375.532495975 0.22604 -0.03716 -0.01005 -0.65038 -0.25964 0.39824 0.59245
1641272375.619178772 0.23874 -0.01334 -0.02673 -0.65974 -0.24316 0.39842 0.58896
1641272375.749201775 0.26361 0.01842 -0.05240 -0.67229 -0.22385 0.39409 0.58533
1641272375.835883856 0.28277 0.04054 -0.06618 -0.67405 -0.21157 0.39508 0.58720
1641272375.965906858 0.31766 0.07108 -0.07780 -0.67045 -0.19226 0.39655 0.59689
1641272376.052588940 0.34052 0.09165 -0.07863 -0.67441 -0.17812 0.38381 0.60510
1641272376.139271975 0.36310 0.11265 -0.07338 -0.68068 -0.16123 0.36838 0.61235
1641272376.225953817 0.38574 0.13045 -0.06142 -0.68156 -0.15135 0.35750 0.62029
1641272376.312635899 0.40275 0.14808 -0.04394 -0.68023 -0.14491 0.34509 0.63025
1641272376.442658901 0.42583 0.16866 -0.00872 -0.67798 -0.14153 0.32140 0.64576
1641272376.529340982 0.43951 0.18023 0.01954 -0.67329 -0.13937 0.30688 0.65809
1641272376.659364939 0.45696 0.19253 0.06400 -0.65485 -0.13330 0.29406 0.68332
1641272376.746046782 0.47092 0.19966 0.09560 -0.64164 -0.12553 0.29763 0.69567
1641272376.832728863 0.48368 0.20862 0.12740 -0.63444 -0.12190 0.30560 0.69945
1641272376.919410944 0.49732 0.21868 0.15828 -0.62902 -0.12562 0.31489 0.69957
1641272377.006092787 0.51359 0.23116 0.18613 -0.61884 -0.13152 0.32194 0.70434
1641272377.136116982 0.53949 0.25549 0.22435 -0.60725 -0.13650 0.34114 0.70444
1641272377.222798824 0.55639 0.27293 0.24398 -0.60616 -0.13673 0.34666 0.70264
1641272377.352821827 0.58009 0.29823 0.26947 -0.61447 -0.13270 0.35246 0.69324
1641272377.439503908 0.59470 0.31094 0.28044 -0.61241 -0.12921 0.36557 0.68892
1641272377.526185989 0.60706 0.31308 0.28575 -0.61481 -0.12071 0.36659 0.68779
1641272377.612868786 0.61743 0.31521 0.28121 -0.61675 -0.10597 0.36724 0.68813
1641272377.699550867 0.62384 0.31904 0.26983 -0.63670 -0.09108 0.36028 0.67566
1641272377.829573870 0.62859 0.32332 0.23858 -0.66120 -0.07158 0.34854 0.66047
1641272377.916255951 0.62981 0.32015 0.21278 -0.66924 -0.06265 0.34989 0.65252
1641272378.046279907 0.62608 0.30624 0.17491 -0.67269 -0.04780 0.34565 0.65248
1641272378.132961988 0.62229 0.29364 0.15150 -0.67117 -0.04283 0.34964 0.65226
1641272378.219643831 0.61452 0.28413 0.13067 -0.67408 -0.03335 0.34777 0.65082
1641272378.306325912 0.60511 0.27690 0.11370 -0.67780 -0.02642 0.35116 0.64543
1641272378.393007994 0.59158 0.26995 0.09652 -0.68160 -0.02641 0.35432 0.63968
1641272378.523031950 0.56545 0.26165 0.07805 -0.69657 -0.03329 0.34453 0.62847
1641272378.609713793 0.54504 0.25444 0.06873 -0.70119 -0.03660 0.34390 0.62348
1641272378.739736795 0.51623 0.23577 0.05765 -0.69331 -0.03895 0.35551 0.62564
1641272378.826418877 0.49586 0.22119 0.05291 -0.68939 -0.03903 0.36050 0.62711
1641272378.913100958 0.47545 0.20409 0.04850 -0.68661 -0.04092 0.36191 0.62921
1641272378.999783993 0.45325 0.18671 0.04225 -0.68969 -0.04648 0.35841 0.62746
1641272379.086465836 0.42764 0.17141 0.03560 -0.69407 -0.05347 0.35459 0.62424
1641272379.216488838 0.38847 0.14661 0.02525 -0.69915 -0.07023 0.35697 0.61550
1641272379.303170919 0.36131 0.12967 0.01971 -0.70379 -0.08285 0.35333 0.61072
1641272379.433193922 0.32313 0.10503 0.01357 -0.70842 -0.10074 0.35491 0.60170
1641272379.519876957 0.30073 0.08844 0.01005 -0.70562 -0.10925 0.35807 0.60162
1641272379.606558800 0.28033 0.07138 0.00639 -0.70330 -0.11459 0.36039 0.60196
1641272379.693240881 0.26224 0.05367 0.00073 -0.70333 -0.12092 0.36155 0.60000
1641272379.779922962 0.24465 0.03562 -0.00698 -0.70750 -0.13117 0.35693 0.59569
1641272379.909945965 0.21708 0.01055 -0.01939 -0.71648 -0.15565 0.34631 0.58523
1641272379.996629000 0.19891 -0.00365 -0.02638 -0.72406 -0.17238 0.33844 0.57574
1641272380.126651764 0.17212 -0.02453 -0.03274 -0.72413 -0.18922 0.34630 0.56560
1641272380.213333845 0.15598 -0.03891 -0.03416 -0.72038 -0.19879 0.35378 0.56247
1641272380.300015926 0.13741 -0.05079 -0.03298 -0.72005 -0.20874 0.35389 0.55921
1641272380.386697769 0.12037 -0.06410 -0.02902 -0.71353 -0.21988 0.36193 0.55815
1641272380.473380804 0.10421 -0.07520 -0.02325 -0.70709 -0.23454 0.36719 0.55694
1641272380.603403807 0.08143 -0.08548 -0.01045 -0.69835 -0.25324 0.37404 0.55522
1641272380.690085888 0.06977 -0.08684 0.00103 -0.69016 -0.26644 0.38443 0.55218
1641272380.820108891 0.05866 -0.08358 0.02273 -0.68795 -0.27480 0.37780 0.55541
1641272380.906790972 0.06080 -0.07775 0.04105 -0.68678 -0.27371 0.36787 0.56399
1641272380.993473768 0.07032 -0.07044 0.06097 -0.68407 -0.26572 0.35326 0.58021
1641272381.080155849 0.08711 -0.06161 0.08210 -0.67885 -0.25654 0.33782 0.59935
1641272381.166838884 0.10746 -0.05268 0.10465 -0.67554 -0.24416 0.31788 0.61886
1641272381.296860933 0.13951 -0.03634 0.13715 -0.67907 -0.21866 0.26888 0.64711
1641272381.383542776 0.16147 -0.02392 0.15725 -0.68503 -0.20132 0.23914 0.65804
1641272381.513566971 0.19943 -0.01134 0.18103 -0.68694 -0.17898 0.20671 0.67331
1641272381.600248814 0.22786 -0.00592 0.19262 -0.68142 -0.16781 0.18814 0.68710
1641272381.686930895 0.25746 -0.00220 0.20048 -0.67505 -0.15479 0.17429 0.69998
1641272381.773612976 0.28832 -0.00134 0.20315 -0.67242 -0.13296 0.15811 0.71076
1641272381.860294819 0.31734 0.00140 0.20088 -0.67853 -0.10555 0.13840 0.71366
1641272381.990318775 0.35391 0.00551 0.18774 -0.69254 -0.07580 0.10384 0.70983
1641272382.077000856 0.37320 0.00907 0.17372 -0.70122 -0.06442 0.08396 0.70505
1641272382.207023859 0.39949 0.01959 0.14936 -0.71947 -0.04547 0.05463 0.69088
1641272382.293706894 0.41742 0.03045 0.13160 -0.72903 -0.02763 0.04276 0.68258
1641272382.380388975 0.43687 0.04015 0.11333 -0.73799 -0.01494 0.04189 0.67334
1641272382.467070818 0.45553 0.04966 0.09474 -0.74441 0.00512 0.04566 0.66614
1641272382.553752899 0.47495 0.05797 0.07386 -0.74850 0.02194 0.05031 0.66086
1641272382.683775902 0.49543 0.06978 0.04033 -0.75389 0.03863 0.05283 0.65374
1641272382.770457983 0.50382 0.07584 0.01959 -0.76055 0.04820 0.05101 0.64548
1641272382.900481939 0.50743 0.08478 -0.00633 -0.77634 0.05034 0.05561 0.62584
1641272382.987163782 0.49560 0.09142 -0.01680 -0.78356 0.03883 0.06147 0.61705
1641272383.073845863 0.47436 0.09844 -0.02297 -0.78839 0.02348 0.06739 0.61102
1641272383.160527945 0.44966 0.10119 -0.02649 -0.78920 0.00973 0.07956 0.60889
1641272383.247209787 0.42185 0.10207 -0.02839 -0.79033 -0.00303 0.08727 0.60642
1641272383.377233982 0.37783 0.10072 -0.03203 -0.78769 -0.03100 0.10167 0.60684
1641272383.463915825 0.34311 0.09790 -0.03400 -0.78707 -0.05867 0.11332 0.60352
1641272383.593938828 0.28869 0.09103 -0.03955 -0.78941 -0.09228 0.11323 0.59623
1641272383.680620909 0.25305 0.08527 -0.04454 -0.79086 -0.11307 0.11924 0.58952
1641272383.767302990 0.21717 0.07842 -0.04776 -0.78947 -0.13478 0.12647 0.58529
1641272383.853985786 0.18256 0.07197 -0.05062 -0.78617 -0.15512 0.13656 0.58243
1641272383.940667868 0.15013 0.06471 -0.05407 -0.78409 -0.17672 0.14646 0.57665
1641272384.070690870 0.10572 0.05270 -0.05896 -0.77941 -0.20612 0.15726 0.57035
1641272384.157372952 0.08097 0.04503 -0.05880 -0.77330 -0.22485 0.17236 0.56723
1641272384.287395954 0.04922 0.03603 -0.04880 -0.76486 -0.24628 0.18855 0.56461
1641272384.374078989 0.03490 0.03709 -0.03297 -0.75888 -0.25280 0.19757 0.56672
1641272384.460760832 0.02757 0.04023 -0.01175 -0.75322 -0.25397 0.20897 0.56965
1641272384.547442913 0.02665 0.04547 0.01092 -0.74490 -0.25266 0.21707 0.57807
1641272384.634124994 0.03276 0.05218 0.03523 -0.73623 -0.24706 0.23005 0.58652
1641272384.764147997 0.05505 0.06642 0.07384 -0.72928 -0.22354 0.24701 0.59764
1641272384.850830793 0.07878 0.08223 0.09812 -0.73397 -0.19788 0.24976 0.59980
1641272384.980853796 0.12114 0.10528 0.12696 -0.73505 -0.17208 0.24430 0.60861
1641272385.067535877 0.15313 0.12104 0.13936 -0.73781 -0.15709 0.23514 0.61292
1641272385.154218912 0.18674 0.13782 0.14768 -0.74110 -0.13717 0.22784 0.61647
1641272385.240899801 0.22383 0.15296 0.15380 -0.74160 -0.11338 0.22599 0.62137
1641272385.327582836 0.26251 0.16587 0.15893 -0.73894 -0.08568 0.21696 0.63211
1641272385.457605839 0.32276 0.18433 0.16560 -0.74170 -0.04512 0.19881 0.63900
1641272385.544287920 0.36077 0.19445 0.16812 -0.74230 -0.02255 0.18128 0.64469
1641272385.674311876 0.41652 0.20357 0.16988 -0.74349 0.00636 0.16390 0.64832
1641272385.760993958 0.45212 0.20819 0.17061 -0.74557 0.02588 0.14758 0.64936
1641272385.847675800 0.48501 0.21224 0.17286 -0.74690 0.04472 0.12999 0.65058
1641272385.934358835 0.51341 0.21735 0.17650 -0.75051 0.05993 0.11182 0.64857
1641272386.021039963 0.53861 0.21748 0.17961 -0.75134 0.07778 0.09587 0.64827
1641272386.151062965 0.56275 0.21009 0.17613 -0.74664 0.10379 0.07608 0.65266
1641272386.237745762 0.57175 0.20036 0.16762 -0.74980 0.11364 0.06438 0.64864
1641272386.367768764 0.56634 0.19014 0.14213 -0.75896 0.13930 0.03798 0.63493
1641272386.454450846 0.55233 0.18268 0.12087 -0.76678 0.14533 0.03855 0.62406
1641272386.541132927 0.53237 0.17658 0.09819 -0.77285 0.14841 0.04344 0.61546
1641272386.627814770 0.51096 0.16883 0.07725 -0.77730 0.15073 0.05090 0.60868
1641272386.714496851 0.48595 0.16218 0.05894 -0.78501 0.14214 0.06033 0.59993
1641272386.844520807 0.44205 0.14131 0.03373 -0.79159 0.12191 0.07222 0.59440
1641272386.931202888 0.41050 0.12479 0.02270 -0.79411 0.10686 0.08171 0.59270
1641272387.061225891 0.36026 0.10480 0.01280 -0.79758 0.08252 0.09250 0.59034
1641272387.147908926 0.32412 0.09181 0.00741 -0.79868 0.05980 0.10550 0.58940
1641272387.234590769 0.28833 0.08230 0.00509 -0.79767 0.03863 0.12509 0.58871
1641272387.321272850 0.25232 0.06938 0.00479 -0.78954 0.01362 0.15341 0.59405
1641272387.407955885 0.22068 0.05834 0.00574 -0.77967 -0.01499 0.17804 0.60016
1641272387.537977934 0.18034 0.04684 0.00688 -0.76904 -0.06127 0.20092 0.60370
1641272387.624660969 0.15990 0.04601 0.00769 -0.76464 -0.08882 0.21820 0.59985
1641272387.754683971 0.13431 0.05249 0.00831 -0.76197 -0.11660 0.22611 0.59554
1641272387.841365814 0.12366 0.05552 0.01010 -0.75763 -0.13631 0.23036 0.59527
1641272387.928047895 0.11873 0.05854 0.01530 -0.75190 -0.15452 0.23760 0.59524
1641272388.014729977 0.12141 0.05872 0.02369 -0.74503 -0.16981 0.23873 0.59925
1641272388.101411819 0.13135 0.05458 0.03443 -0.73519 -0.18049 0.24311 0.60648
1641272388.231435776 0.16053 0.04233 0.05000 -0.72152 -0.19703 0.26217 0.60980
1641272388.318117857 0.18081 0.03120 0.05532 -0.71348 -0.20206 0.26771 0.61518
1641272388.448140860 0.20592 0.01183 0.05600 -0.69943 -0.20959 0.27752 0.62439
1641272388.534822941 0.21827 -0.00147 0.05096 -0.69332 -0.22460 0.27713 0.62615
1641272388.621504784 0.22811 -0.01387 0.04559 -0.69114 -0.23698 0.27504 0.62492
1641272388.708187819 0.23695 -0.02439 0.04063 -0.69351 -0.24537 0.26496 0.62341
1641272388.794869900 0.24727 -0.03090 0.04159 -0.69417 -0.24427 0.26734 0.62208
1641272388.924892902 0.26740 -0.03080 0.05348 -0.69254 -0.22254 0.28067 0.62617
1641272389.011574984 0.28448 -0.02548 0.06542 -0.69464 -0.19245 0.28047 0.63385
1641272389.141597986 0.31261 -0.01571 0.08114 -0.69121 -0.16355 0.28747 0.64253
1641272389.228280783 0.33229 -0.00969 0.08730 -0.68634 -0.15713 0.29511 0.64588
1641272389.314962864 0.35214 -0.00366 0.08894 -0.68334 -0.14827 0.30358 0.64723
1641272389.401644945 0.37105 0.00494 0.08754 -0.68434 -0.12651 0.31464 0.64550
1641272389.488326788 0.38874 0.01249 0.08033 -0.68534 -0.10667 0.33409 0.63821
1641272389.618350983 0.40670 0.02246 0.05554 -0.69206 -0.12765 0.35631 0.61466
1641272389.705032825 0.41651 0.02819 0.03751 -0.69630 -0.14822 0.36354 0.60087
1641272389.835055828 0.43532 0.03934 0.02381 -0.70126 -0.14909 0.37017 0.59075
1641272389.921737909 0.45179 0.04658 0.02745 -0.70464 -0.14910 0.36895 0.58747
1641272390.008419991 0.46921 0.05253 0.03907 -0.69718 -0.15610 0.35701 0.60177
1641272390.095101833 0.48237 0.06029 0.05938 -0.69165 -0.16475 0.34548 0.61247
1641272390.181784868 0.49351 0.06421 0.08258 -0.69044 -0.17753 0.33914 0.61380
1641272390.311807871 0.49516 0.06640 0.11648 -0.68377 -0.19794 0.31987 0.62527
1641272390.398489952 0.48883 0.06514 0.13366 -0.68077 -0.21621 0.30069 0.63198
1641272390.528512955 0.47781 0.05907 0.15235 -0.67602 -0.24138 0.27264 0.64063
1641272390.615195990 0.46883 0.05432 0.15750 -0.68013 -0.25747 0.25415 0.63760
1641272390.701877832 0.45743 0.04996 0.15347 -0.68397 -0.26950 0.23342 0.63645
1641272390.788559914 0.44648 0.04676 0.13939 -0.69049 -0.27686 0.21895 0.63137
1641272390.875241995 0.43724 0.04552 0.12074 -0.69964 -0.27232 0.22884 0.61967
1641272391.005265951 0.42248 0.04385 0.09011 -0.72141 -0.25473 0.26470 0.58703
1641272391.091947794 0.40981 0.04225 0.07143 -0.73107 -0.24851 0.28375 0.56857
1641272391.221970797 0.38723 0.03828 0.04568 -0.74142 -0.24629 0.30265 0.54593
1641272391.308652878 0.37027 0.03511 0.03311 -0.74429 -0.24700 0.32091 0.53107
1641272391.395334959 0.35214 0.03187 0.02578 -0.74366 -0.24882 0.34040 0.51883
1641272391.482016802 0.33290 0.02780 0.02288 -0.74043 -0.25633 0.35791 0.50789
1641272391.568699837 0.31392 0.02322 0.02531 0.73631 0.26179 -0.37662 -0.49747
1641272391.698722839 0.28662 0.01460 0.03920 0.72023 0.27621 -0.41045 -0.48632
1641272391.785404921 0.26890 0.00936 0.05536 0.70629 0.28783 -0.42462 -0.48786
1641272391.915427923 0.24985 0.00826 0.08852 0.68466 0.29688 -0.44400 -0.49596
1641272392.002109766 0.24199 0.01145 0.11316 0.67414 0.29944 -0.45460 -0.49921
1641272392.088792801 0.24191 0.01511 0.13688 -0.66244 -0.29965 0.46438 0.50570
1641272392.175474882 0.24817 0.02246 0.15701 -0.65611 -0.29370 0.46953 0.51264
1641272392.262156963 0.25903 0.03242 0.17128 -0.65670 -0.28149 0.46669 0.52125
1641272392.392179966 0.28544 0.04766 0.17875 -0.66025 -0.25621 0.45772 0.53751
1641272392.478861809 0.30539 0.05722 0.17319 -0.66722 -0.23853 0.45452 0.53975
1641272392.608885765 0.33541 0.06441 0.15192 -0.68142 -0.21993 0.44418 0.53852
1641272392.695567846 0.35414 0.06832 0.13427 -0.69319 -0.20399 0.43940 0.53367
1641272392.782249928 0.37370 0.06936 0.11570 -0.70360 -0.19375 0.43854 0.52449
1641272392.868931770 0.39267 0.06764 0.09778 -0.71260 -0.18980 0.43005 0.52080
1641272392.955613852 0.41159 0.06421 0.08191 -0.72075 -0.19314 0.41047 0.52414
1641272393.085637808 0.44078 0.05679 0.06791 -0.72880 -0.19721 0.38034 0.53414
1641272393.172319889 0.46237 0.04907 0.06455 -0.72983 -0.20059 0.36554 0.54175
1641272393.302342892 0.48926 0.04005 0.06972 -0.73154 -0.20744 0.33364 0.55723
1641272393.389024973 0.50290 0.03536 0.08064 -0.73385 -0.22046 0.30461 0.56576
1641272393.475706816 0.51178 0.02901 0.09637 -0.72958 -0.23622 0.27723 0.57884
1641272393.562389851 0.51763 0.02040 0.11684 -0.71969 -0.24503 0.26245 0.59425
1641272393.649071932 0.51958 0.01303 0.13894 -0.71108 -0.24655 0.26267 0.60381
1641272393.779094934 0.51967 -0.00079 0.15495 -0.69968 -0.24728 0.25185 0.62119
1641272393.865776777 0.51561 -0.00865 0.15071 -0.69834 -0.24466 0.24292 0.62725
1641272393.995800972 0.50380 -0.01733 0.12995 -0.71002 -0.24191 0.24958 0.61242
1641272394.082482815 0.49228 -0.02211 0.11165 -0.71786 -0.23591 0.26205 0.60029
1641272394.169164896 0.47732 -0.02725 0.09291 -0.72620 -0.23279 0.27617 0.58496
1641272394.255846977 0.45766 -0.03156 0.07475 -0.73216 -0.23677 0.28665 0.57071
1641272394.342528820 0.43550 -0.03653 0.05645 -0.73646 -0.24497 0.29717 0.55616
1641272394.472552776 0.39828 -0.03896 0.03743 -0.73736 -0.25092 0.33030 0.53314
1641272394.559234858 0.37217 -0.03893 0.03339 -0.73554 -0.25593 0.35693 0.51583
1641272394.689257860 0.33325 -0.03984 0.03731 -0.72514 -0.27300 0.38632 0.50040
1641272394.775939941 0.30632 -0.04154 0.04565 0.71467 0.29277 -0.40018 -0.49335
1641272394.862621784 0.28059 -0.04247 0.05831 0.70192 0.31163 -0.40953 -0.49243
1641272394.949304819 0.25906 -0.04146 0.07526 0.68926 0.32695 -0.41854 -0.49279
1641272395.035986900 0.24346 -0.03930 0.09515 0.67469 0.33812 -0.42900 -0.49641
1641272395.166009903 0.23199 -0.03385 0.12755 -0.65853 -0.34690 0.43970 0.50266
1641272395.252691984 0.23331 -0.03068 0.14955 -0.64777 -0.34760 0.44309 0.51306
1641272395.382714987 0.24550 -0.02320 0.17680 -0.63933 -0.33984 0.44101 0.53035
1641272395.469397783 0.26147 -0.01787 0.18683 -0.63451 -0.32954 0.43717 0.54560
1641272395.556079865 0.28018 -0.01097 0.18824 -0.63871 -0.31334 0.43237 0.55401
1641272395.642761946 0.30063 -0.00088 0.18127 -0.64605 -0.29616 0.43048 0.55641
1641272395.729443789 0.32235 0.00829 0.16862 -0.65768 -0.27556 0.42997 0.55376
1641272395.859466791 0.35774 0.02063 0.14462 -0.67866 -0.24369 0.42214 0.54939
1641272395.946149826 0.38261 0.02777 0.12766 -0.69225 -0.22493 0.41302 0.54736
1641272396.076172829 0.41865 0.03726 0.10379 -0.71588 -0.20309 0.39581 0.53815
1641272396.162854910 0.44174 0.04249 0.09005 -0.72992 -0.19082 0.37724 0.53712
1641272396.249536991 0.46479 0.04610 0.08105 -0.74193 -0.17895 0.35646 0.53894
1641272396.336218834 0.48729 0.04649 0.07746 -0.74728 -0.16824 0.34043 0.54532
1641272396.422901869 0.50656 0.04492 0.07937 -0.74956 -0.16213 0.32529 0.55322
1641272396.552924871 0.52590 0.04007 0.09366 -0.74956 -0.16594 0.29839 0.56708
1641272396.639606953 0.53154 0.03478 0.11004 -0.74278 -0.17801 0.28165 0.58075
1641272396.769629955 0.53013 0.02488 0.13788 -0.72875 -0.20441 0.25544 0.60158
1641272396.856311798 0.52441 0.01758 0.15681 -0.71964 -0.21881 0.24061 0.61347
1641272396.942994833 0.51612 0.00995 0.17407 -0.70612 -0.23307 0.23544 0.62582
1641272397.029676914 0.50646 0.00420 0.18578 -0.69325 -0.24200 0.23680 0.63621
1641272397.116358995 0.49601 0.00037 0.18840 -0.68641 -0.25170 0.24026 0.63857
1641272397.246381998 0.47605 -0.00048 0.17384 -0.69605 -0.26141 0.24845 0.62085
1641272397.333063841 0.46249 -0.00175 0.15625 -0.70342 -0.26698 0.25751 0.60632
1641272397.463087797 0.44004 -0.00350 0.12417 -0.71822 -0.27598 0.27614 0.57597
1641272397.549769878 0.42303 -0.00515 0.10487 -0.72492 -0.27673 0.29642 0.55682
1641272397.636451960 0.40410 -0.00780 0.08630 -0.73304 -0.28149 0.31487 0.53317
1641272397.723133802 0.38480 -0.01257 0.06972 -0.73630 -0.28268 0.32787 0.52006
1641272397.809815884 0.36582 -0.01887 0.05797 -0.73519 -0.28250 0.34489 0.51062
1641272397.939839840 0.33636 -0.02836 0.05046 0.73268 0.29116 -0.37485 -0.48775
1641272398.026521921 0.31649 -0.03535 0.05333 0.72405 0.30134 -0.38817 -0.48400
1641272398.156544924 0.29209 -0.04354 0.06994 0.70747 0.31747 -0.40951 -0.48062
1641272398.243226767 0.28019 -0.04666 0.08768 0.69298 0.32727 -0.42051 -0.48564
1641272398.329909801 0.27173 -0.04782 0.10893 0.67883 0.33473 -0.42729 -0.49454
1641272398.416591883 0.26846 -0.04879 0.13045 -0.66324 -0.33950 0.43426 0.50623
1641272398.503273964 0.26907 -0.04843 0.15188 -0.65160 -0.33723 0.44138 0.51661
1641272398.633296967 0.27954 -0.04686 0.17901 -0.63724 -0.33461 0.44425 0.53348
1641272398.719978809 0.29231 -0.04491 0.19260 -0.63124 -0.32232 0.44099 0.55062
1641272398.850002766 0.31999 -0.03956 0.20534 -0.62727 -0.29933 0.43916 0.56927
1641272398.936684847 0.34223 -0.03359 0.20733 -0.63117 -0.27745 0.43570 0.57863
1641272399.023366928 0.36492 -0.02675 0.20187 -0.64151 -0.25705 0.42889 0.58176
1641272399.110048771 0.38587 -0.01967 0.18961 -0.65671 -0.24276 0.41780 0.57900
1641272399.196730852 0.40625 -0.01434 0.17531 -0.67136 -0.22537 0.40609 0.57756
1641272399.326754808 0.43841 -0.00828 0.15629 -0.68634 -0.19741 0.39851 0.57547
1641272399.413436890 0.45886 -0.00503 0.14350 -0.69699 -0.18601 0.38712 0.57422
1641272399.543459892 0.49014 -0.00171 0.12572 -0.71107 -0.17394 0.36115 0.57767
1641272399.630141973 0.51054 0.00054 0.11583 -0.72044 -0.16619 0.34238 0.57976
1641272399.716824770 0.52916 0.00252 0.10861 -0.72814 -0.16120 0.32361 0.58232
1641272399.803506851 0.54391 0.00401 0.10597 -0.73612 -0.15994 0.29836 0.58611
1641272399.890188932 0.55551 0.00188 0.10913 -0.73680 -0.16633 0.27496 0.59486
1641272400.020211935 0.56433 -0.00257 0.12315 -0.72982 -0.18110 0.25631 0.60735
1641272400.106893778 0.56599 -0.00579 0.13631 -0.72201 -0.19190 0.24796 0.61676
1641272400.236916780 0.56081 -0.01207 0.15509 -0.71044 -0.20984 0.24095 0.62704
1641272400.323599815 0.55320 -0.01619 0.16405 -0.70377 -0.22564 0.23463 0.63146
1641272400.410281897 0.54336 -0.02039 0.16762 -0.69828 -0.23919 0.22101 0.63745
1641272400.496963978 0.53377 -0.02438 0.16287 -0.69395 -0.25227 0.20895 0.64119
1641272400.583645821 0.52514 -0.02588 0.14934 -0.69768 -0.25306 0.20461 0.63823
1641272400.713668823 0.51076 -0.02385 0.11981 -0.71966 -0.24332 0.21984 0.61201
1641272400.800351858 0.49960 -0.02341 0.09712 -0.73466 -0.23870 0.23615 0.58952
1641272400.930374861 0.48152 -0.02482 0.06361 -0.75032 -0.23302 0.25694 0.56276
1641272401.016222000 0.46986 -0.02839 0.04436 -0.75791 -0.23268 0.27390 0.54444
1641272401.102903843 0.45758 -0.03165 0.02969 -0.76044 -0.23352 0.29442 0.52963
1641272401.232926846 0.43446 -0.03402 0.01769 -0.76090 -0.23375 0.32430 0.51110
1641272401.319608927 0.41658 -0.03762 0.01543 -0.75505 -0.24197 0.34395 0.50304
1641272401.406290770 0.39874 -0.04171 0.01671 0.74792 0.25104 -0.36026 -0.49780
1641272401.492972851 0.38248 -0.04585 0.02244 0.73687 0.26272 -0.37542 -0.49705
1641272401.579655886 0.36827 -0.04879 0.03287 0.72559 0.27400 -0.38977 -0.49652
1641272401.709678888 0.35022 -0.05330 0.05588 -0.70399 -0.29068 0.41051 0.50139
1641272401.796360970 0.33638 -0.05357 0.07682 -0.69323 -0.29976 0.41627 0.50625
1641272401.926383972 0.32632 -0.05462 0.11042 -0.67683 -0.30423 0.41972 0.52266
1641272402.013065815 0.32719 -0.05738 0.12811 -0.66972 -0.30291 0.40898 0.54078
1641272402.099748850 0.33582 -0.06063 0.13857 -0.66538 -0.29379 0.39268 0.56282
1641272402.186430931 0.34865 -0.06137 0.14090 -0.67205 -0.28064 0.37598 0.57291
1641272402.273112774 0.36553 -0.06100 0.13588 -0.67980 -0.26143 0.36114 0.58233
1641272402.403135777 0.39615 -0.05582 0.11945 -0.69925 -0.22954 0.33678 0.58732
1641272402.489817858 0.41737 -0.05213 0.10642 -0.71435 -0.21356 0.32304 0.58288
1641272402.619841814 0.45262 -0.04892 0.08814 -0.73055 -0.17801 0.30980 0.58193
1641272402.706523895 0.47726 -0.04858 0.07871 -0.73832 -0.15899 0.30507 0.58012
1641272402.793205976 0.50060 -0.04820 0.07242 -0.74473 -0.14308 0.29272 0.58243
1641272402.879887819 0.52217 -0.04939 0.07078 -0.75083 -0.13328 0.27628 0.58494
1641272402.966569901 0.53967 -0.05323 0.07472 -0.75004 -0.12868 0.25906 0.59478
1641272403.096593857 0.55270 -0.05935 0.08920 -0.74496 -0.14000 0.22133 0.61355
1641272403.183275938 0.55605 -0.06383 0.10272 -0.74024 -0.15603 0.20150 0.62217
1641272403.313298941 0.55246 -0.07049 0.12099 -0.73382 -0.17821 0.17929 0.63055
1641272403.399980783 0.54718 -0.07488 0.12819 -0.72905 -0.18720 0.16848 0.63643
1641272403.486662865 0.54017 -0.07672 0.12633 -0.72784 -0.19423 0.16116 0.63762
1641272403.573345900 0.53035 -0.07558 0.11603 -0.73164 -0.19118 0.16296 0.63372
1641272403.660027981 0.52168 -0.07323 0.10051 -0.73826 -0.18742 0.18454 0.62112
1641272403.790050983 0.49928 -0.06523 0.07117 -0.74931 -0.17201 0.22225 0.59963
1641272403.876732826 0.48236 -0.06152 0.05282 -0.75390 -0.16622 0.25784 0.58097
1641272404.006756783 0.45268 -0.06205 0.03116 -0.74999 -0.15765 0.30263 0.56664
1641272404.093438864 0.43264 -0.06297 0.02080 -0.74941 -0.16195 0.32711 0.55241
1641272404.180120945 0.41028 -0.06335 0.01653 -0.75183 -0.17598 0.34561 0.53323
1641272404.266802788 0.38885 -0.06532 0.02123 -0.74428 -0.19372 0.36259 0.52636
1641272404.353484869 0.37193 -0.06776 0.03439 -0.73201 -0.20963 0.37550 0.52840
1641272404.483508825 0.36060 -0.06811 0.06783 -0.70685 -0.22228 0.39102 0.54595
1641272404.570190907 0.35961 -0.06734 0.09398 -0.68991 -0.22566 0.39824 0.56081
1641272404.700213909 0.36693 -0.06790 0.12964 -0.66677 -0.23064 0.39651 0.58738
1641272404.786895990 0.37620 -0.07087 0.14537 -0.65579 -0.22922 0.38197 0.60950
1641272404.873577833 0.38832 -0.07109 0.15378 -0.65217 -0.22100 0.36430 0.62699
1641272404.960260868 0.40381 -0.06751 0.15494 -0.65726 -0.20688 0.34666 0.63642
1641272405.046942949 0.42098 -0.06270 0.15080 -0.66279 -0.18331 0.32635 0.64854
1641272405.176966906 0.44983 -0.05515 0.13635 -0.67980 -0.14873 0.29072 0.65668
1641272405.263648987 0.46907 -0.04922 0.12361 -0.69387 -0.13101 0.26408 0.65699
1641272405.393671989 0.49661 -0.04311 0.10775 -0.71096 -0.11362 0.22236 0.65741
1641272405.480353832 0.51584 -0.04051 0.10470 -0.71643 -0.10406 0.19380 0.66207
1641272405.567035913 0.53207 -0.04095 0.10994 -0.71563 -0.09729 0.16623 0.67140
1641272405.653717995 0.54477 -0.04307 0.12176 -0.70938 -0.09579 0.14242 0.68361
1641272405.740399837 0.55435 -0.04761 0.13501 -0.70229 -0.10385 0.12411 0.69325
1641272405.870422840 0.55793 -0.05457 0.14791 -0.69292 -0.11191 0.09209 0.70629
1641272405.957105875 0.55676 -0.05882 0.14665 -0.69037 -0.11728 0.08093 0.70929
1641272406.087128878 0.55378 -0.06086 0.13168 -0.70067 -0.11978 0.08936 0.69766
1641272406.173810959 0.55066 -0.05901 0.11600 -0.71291 -0.11321 0.09678 0.68526
1641272406.260492802 0.54658 -0.05861 0.09854 -0.72299 -0.10521 0.11215 0.67353
1641272406.347174883 0.53881 -0.05841 0.08226 -0.72792 -0.10031 0.13994 0.66369
1641272406.433857918 0.52676 -0.05722 0.06701 -0.73528 -0.10443 0.16872 0.64806
1641272406.563880920 0.50228 -0.05800 0.04982 -0.74212 -0.11074 0.20484 0.62851
1641272406.650562763 0.48315 -0.06070 0.04396 -0.74342 -0.12029 0.23326 0.61518
1641272406.780586958 0.45448 -0.06798 0.04174 -0.74204 -0.14578 0.26897 0.59647
1641272406.867268801 0.43510 -0.07513 0.04544 -0.73538 -0.16151 0.28771 0.59191
1641272406.953950882 0.41658 -0.08079 0.05163 -0.72684 -0.17682 0.30636 0.58871
1641272407.040632963 0.39919 -0.08489 0.06112 -0.71787 -0.18744 0.32655 0.58557
1641272407.127314806 0.38360 -0.08814 0.07506 -0.70485 -0.19749 0.35027 0.58438
