# timestamp tx ty tz qx qy qz qw
1645102023.424428 3.7803319549966057 2.5058857606237517 1.4045603264336124 0.4574293563316585 0.6341961131791033 -0.4956238378623538 -0.37803481756677965
1645102023.431067 3.781729104418443 2.51148312128201 1.4062206000611932 0.45806873792505026 0.638366302115169 -0.4901387409639903 -0.37739250038071587
1645102023.437655 3.78179685273756 2.5122676929486523 1.4063890059608968 0.4608650014359756 0.6369256436276352 -0.49132633926497943 -0.3748696443733132
1645102023.4442291 3.7796583648032405 2.5174574318460263 1.4060221304697897 0.45630236321117484 0.6386547219288506 -0.4929520807767961 -0.37537477881772724
1645102023.450824 3.7767842156353777 2.5171723569850943 1.4038667072804858 0.45496398023112805 0.6344705306913956 -0.5014906799380952 -0.3727755556311653
1645102023.457427 3.776164416058297 2.523960826407391 1.405977498503241 0.45137599793556477 0.6391865327382467 -0.4964916931294519 -0.37576047636404086
1645102023.4640682 3.777157153901472 2.5264983998188026 1.4062617720881372 0.4546058827191778 0.6395172344851814 -0.49558577400205733 -0.37248567357369217
1645102023.470664 3.7762211151815146 2.5302287923195577 1.4063450569361995 0.45377788775132966 0.6403671193902767 -0.4946701224028153 -0.37325150739220825
1645102023.477222 3.7766304643605775 2.5323775349397746 1.4070865464220457 0.4556124295546279 0.6403586299480566 -0.4935280505574058 -0.37254238752784613
1645102023.483865 3.772322492573008 2.535524302101498 1.405328017652523 0.44857143338795635 0.6398417560319953 -0.501035797916512 -0.3719528699805083
1645102023.490475 3.773328463526166 2.5393406714499513 1.4064315484728243 0.4505272551012253 0.6412592450142085 -0.4969176517671332 -0.3726717109743324
1645102023.497082 3.7723669075931507 2.5429650435569324 1.4066659962809234 0.4486867151971329 0.6420899084563979 -0.4974845240976716 -0.3727057515797545
1645102023.503663 3.771211764442193 2.5457005736461515 1.4065445112535342 0.4470436974489313 0.6421194582457045 -0.4990203802711056 -0.372575966720339
1645102023.5102432 3.770209771678656 2.5486946280274605 1.4066211625916083 0.4460134632190446 0.6421812841860716 -0.4990922458669554 -0.37360634698897716
1645102023.516864 3.7692159739371345 2.551861057346959 1.4066543466979304 0.4443617944644502 0.6427397385617666 -0.4999845821263949 -0.37342095770368583
1645102023.523445 3.7654634170217105 2.5551868089836574 1.4055609100481066 0.43743981165239226 0.639981499746345 -0.5039862894966298 -0.38087737803942207
1645102023.530066 3.7671220976569675 2.5560713129167536 1.4062993916728166 0.4431540832415121 0.6408441137047453 -0.5029856018513104 -0.37408337460080543
1645102023.5366411 3.7663283690565375 2.5609906713907318 1.4069421836116582 0.44075231337327814 0.6436802975171038 -0.5011491304005505 -0.3745159231879555
1645102023.5499141 3.764320393306712 2.5669570047215178 1.4070378919352755 0.4386209345843342 0.6439520693319208 -0.5022462552337004 -0.37508095461466734
1645102023.5564249 3.7614095794008264 2.5685512321391495 1.4059003794382758 0.4361780725296831 0.6412076660558599 -0.5063944753238433 -0.37704860610087826
1645102023.5630322 3.762179130849787 2.572749003207073 1.4069838237921828 0.43694820292292474 0.6440148314532025 -0.5028572891796742 -0.37610540208364746
1645102023.569669 3.761098971619235 2.57566048009468 1.4070953805895314 0.43585982431206 0.6440189412792375 -0.5038839706960108 -0.37598725487907075
1645102023.582871 3.758927278680417 2.5811009719179565 1.4071418338355526 0.43435237249855657 0.643960988825759 -0.5054550601747236 -0.37572214765587064
1645102023.589447 3.757873519066368 2.582665326359677 1.4078029519885797 0.4340090928612698 0.6435836763109158 -0.505542037194635 -0.37664704921308423
1645102023.6027148 3.756011978382046 2.588382576036445 1.4078126415979941 0.4324354731366165 0.6437329523783407 -0.5077870364062094 -0.3751790959599509
1645102023.6158662 3.752662577552816 2.590133668793528 1.4063144409510921 0.42943637525136896 0.6412260271969612 -0.5130140349615443 -0.3758054710659393
1645102023.622441 3.750252173961293 2.5927115770289877 1.4059534579491417 0.42580309671977545 0.6414003366446773 -0.51600085997803 -0.37555302448416245
1645102023.62908 3.75024916030776 2.59528652344499 1.4065005740037442 0.4271704141705577 0.641243603509402 -0.5150803509973431 -0.3755314450324113
1645102023.635665 3.74787063138228 2.5974228611077526 1.4061684141884747 0.4239110706473339 0.6411065194417195 -0.5185089441524607 -0.3747398473311311
1645102023.642266 3.7477293907816276 2.6002680074064948 1.4067087609287754 0.42502743065134835 0.6411642496368016 -0.5171246640870936 -0.3752890017197128
1645102023.648863 3.7462395588603314 2.6027062216920833 1.4068107553230234 0.4236578240377671 0.6411975812144636 -0.5183850540812713 -0.3750416325062754
1645102023.655468 3.7448090677593164 2.6054590235137036 1.4069413164903324 0.4222662895950456 0.6413498603772662 -0.5190005305876898 -0.37549906934482824
1645102023.662028 3.7435286381060813 2.6074518907867055 1.4070349077949145 0.4215887434015417 0.6409708498478313 -0.5205540271707013 -0.3747564132233831
1645102023.668632 3.741268347146533 2.6100019808609773 1.4071618694103907 0.4182915403655169 0.6411091132897304 -0.5221653987220592 -0.3759709852806292
1645102023.675266 3.7407071853040743 2.6124564277968663 1.4073347098794662 0.4194114994865286 0.6411515838480377 -0.521957103796497 -0.37493873797051475
1645102023.6818728 3.7386706756823584 2.614345857663073 1.407570038273569 0.4169858693482352 0.640836640080338 -0.5240695617241045 -0.37523574805490884
1645102023.688472 3.7370714907965676 2.6168393936137924 1.4076609105991746 0.41557693680369284 0.641244535562779 -0.5249193529807128 -0.374913982450929
1645102023.695074 3.735471871277995 2.6187963830964596 1.4075182849501897 0.41490634166277834 0.641318625457846 -0.5267463058768818 -0.37296257868931393
1645102023.701625 3.7342593192767426 2.621222954168687 1.4081018625727473 0.41413471483630265 0.6414484600137332 -0.5263900135904807 -0.3740981579517945
1645102023.708231 3.7305172308319756 2.6230649691083214 1.407200716460846 0.40908428772362265 0.6392073063527144 -0.5314848897755126 -0.3762811159703909
1645102023.714827 3.732141016500148 2.625625637149329 1.4085951561764625 0.4146009696074823 0.6420398249028328 -0.5270356478197595 -0.3716502847828274
1645102023.721431 3.729568142919993 2.6273929049171523 1.4084126882933239 0.4117311792075463 0.6421411926823788 -0.5300934217549588 -0.3703143705526249
1645102023.728055 3.7279812833136745 2.629427609708433 1.4086318683826449 0.4110034715671346 0.642156568602487 -0.5309952827586976 -0.3698035181265967
1645102023.734669 3.7265477492536045 2.631147941923877 1.4088864116589406 0.4105400033848112 0.6421148412520081 -0.5323250508263407 -0.368476768911938
1645102023.741224 3.724801186219005 2.633566696129899 1.4091673780167975 0.40940320326228175 0.6425271679540503 -0.5325854316728379 -0.36864646618527525
1645102023.74783 3.7232445589761074 2.63563521483604 1.4094748727112811 0.40874538248158726 0.642690133912865 -0.5331658014388599 -0.3682531974422972
1645102023.754426 3.721735384440208 2.6373031296587253 1.4097774125619429 0.40836811446394566 0.6425901196959477 -0.5341377294430442 -0.3674369198848883
1645102023.761079 3.7199277257168464 2.6397112467595747 1.4100750894473777 0.40702518656207787 0.643045730685905 -0.5342680010761409 -0.36794017487755953
1645102023.767683 3.7184640574192556 2.641817939576504 1.4103506138973276 0.40631808756778565 0.6435754099153601 -0.5343983344298687 -0.36760623987002766
1645102023.774236 3.716860048639558 2.643458904196012 1.410667363507928 0.4056451009728213 0.6436370841644667 -0.5352540861236178 -0.36699597184579785
1645102023.7808309 3.7153384801044216 2.6457757281695753 1.411255312654729 0.4045611147143929 0.6441564663334782 -0.5346351857109893 -0.36818146016653674
1645102023.787446 3.7135753544720127 2.647887488394002 1.4116367400927392 0.40337855707485243 0.6445614663272067 -0.5347947373148048 -0.3685383340024058
1645102023.7940722 3.7120090794345204 2.6494018048033654 1.411927938177042 0.4027403657112454 0.6446785055101709 -0.5356934844210457 -0.3677253098583822
1645102023.8006358 3.7099993809919574 2.651711091094789 1.412187530516392 0.40105683960647015 0.6454021137077226 -0.5360751590983978 -0.36773977793090995
1645102023.807271 3.708140698977729 2.653574336714166 1.4124053934658185 0.39991957170879233 0.6457595094191018 -0.5366932931319796 -0.36744925173811843
1645102023.813855 3.7066386087994214 2.6552251747931614 1.4127697765549374 0.3996866923969549 0.6459334741958358 -0.536999200429264 -0.366949609747514
1645102023.8204658 3.7040991002553527 2.6574137904653856 1.4125936368560905 0.39777678643839787 0.6464436410329597 -0.5383077928507661 -0.36620841473983284
1645102023.827035 3.702244867006907 2.659332132000485 1.4128070165076099 0.39705401062362694 0.6467808172921814 -0.5387169210890483 -0.3657956040250222
1645102023.8336241 3.7003862811936683 2.6612741055355786 1.4129976202041563 0.3964002639495742 0.647216704129506 -0.5390659329775714 -0.3652189075445333
1645102023.8402271 3.6984102711698115 2.663116996036648 1.4131125048725317 0.3958702278650275 0.6473821318361022 -0.5395641817872041 -0.3647646772411758
1645102023.84682 3.6964959260282226 2.665147380731279 1.4134032395716543 0.3953249295180075 0.6477176157379827 -0.5395082558981066 -0.3648431918930982
1645102023.85344 3.6945593541318935 2.667052656126915 1.4135434934399098 0.395067463674343 0.6480072168386808 -0.5397630350378759 -0.3642304589409466
1645102023.860022 3.692538480359818 2.669024809184178 1.4136273352166169 0.39470809153765535 0.6483053646813451 -0.540080684550053 -0.36361808129280215
1645102023.866666 3.690418953889308 2.670912208460899 1.4136548574302432 0.3943596240844154 0.6485024221633032 -0.5404834924800804 -0.36304588583147235
1645102023.873225 3.68862297035384 2.6722282896961556 1.4135714865467484 0.39473252441993195 0.6484587440415082 -0.5420213048518143 -0.3604164669277506
1645102023.879871 3.6862276796313203 2.6747221095345255 1.4136657647770297 0.3936963587842193 0.6489176768532614 -0.541270310232387 -0.36184949977283704
1645102023.8864331 3.6840939542682136 2.6766566440802624 1.4136343779356166 0.3934157931532431 0.6490723571530649 -0.5416276578959789 -0.3613421839514967
1645102023.8930838 3.681934729192247 2.6786597364537656 1.4136192082332866 0.3929700966470184 0.6493658674547769 -0.5419838629362191 -0.36076528045318146
1645102023.89964 3.6797780105788136 2.6805386842672023 1.41352828577118 0.3928327942009149 0.6494779582046795 -0.5423565581431238 -0.3601524240480406
1645102023.90623 3.6772039049286374 2.682444914204976 1.413378138738402 0.3915663053548727 0.649167231191647 -0.5436947644993635 -0.36007414398752985
1645102023.912822 3.6746985502255662 2.683788811382712 1.4131887014651594 0.3909653838062824 0.6484575948648748 -0.545526780251328 -0.3592337847477823
1645102023.919428 3.672849855075964 2.686412668460373 1.4131012714650475 0.3911869860986038 0.6500971572183563 -0.5437825265944093 -0.35867340915922435
1645102023.926077 3.67052703891094 2.6883078279751738 1.4129187655709052 0.3907613207758976 0.650248366958617 -0.5442662390717681 -0.3581291939862192
1645102023.93264 3.6683639941138373 2.6899304776183417 1.4127212353564187 0.39071010945573065 0.6502331189804809 -0.5449518289803541 -0.3571689065282461
1645102023.9392672 3.6658518662950614 2.692226344321492 1.4125278890988597 0.38967488888708035 0.6507968234244147 -0.5450204865964225 -0.3571684284120364
1645102023.9458401 3.663491746150255 2.694149129592159 1.412278248404793 0.38913289522750794 0.6510919863054121 -0.5453908307103326 -0.3566556434373517
1645102023.952471 3.6608167617923333 2.6962610586822313 1.4118626203768605 0.3875071581665743 0.6506296355971571 -0.5470880609817044 -0.35667003413212134
1645102023.959035 3.658209305923911 2.697953237425615 1.41162639349666 0.3868676002104379 0.651202656232051 -0.5472217304809257 -0.3561130944839593
1645102023.965632 3.6555877693031444 2.699695311603631 1.4111968558135555 0.3859546760031277 0.6512371009878146 -0.5483433365600943 -0.3553146185691714
1645102023.972228 3.6533261646345827 2.7019228794448646 1.4110353704704661 0.38572816737898724 0.6520754563778928 -0.5474154298844299 -0.35545370903971957
1645102023.978873 3.6504811284882717 2.70380846427168 1.4107169281629865 0.3846704099977086 0.6522348695452631 -0.5482684524877682 -0.35499249239150765
1645102023.985471 3.648039071563516 2.7055615082323348 1.4102229450791737 0.383364182871215 0.6527501480275469 -0.5491683577652313 -0.3540662095992305
1645102023.9920352 3.6459593768400396 2.7075465432822114 1.4099787696021528 0.3843259461719968 0.6537280976208071 -0.5482133035399528 -0.3526965854476526
1645102023.998629 3.6428066719195145 2.7096721093396474 1.4095065569296619 0.3823734016136132 0.6540382569328037 -0.5490135142817094 -0.3529989749683534
1645102024.005219 3.6407342583518565 2.712019404020685 1.4092743882187169 0.3830160155159647 0.6554628920980657 -0.5474862635092892 -0.3520306497023473
1645102024.011859 3.637721526001072 2.713835109913139 1.4088087872485981 0.38184780379999494 0.6555779559889086 -0.5484832578610819 -0.35153313540916103
1645102024.018431 3.635451389661718 2.716045155132978 1.4084639269597496 0.38193805702945216 0.6567913735782748 -0.547506848149686 -0.35069115905614645
1645102024.025037 3.6327836647802036 2.718161214444045 1.4080548301739961 0.3813864977471424 0.6576072371238261 -0.5472441833696364 -0.35017202497396005
1645102024.0316281 3.630250120756905 2.720487920083801 1.4075890431156146 0.38078921396269666 0.6579610454744259 -0.5472635868415135 -0.350127157940288
1645102024.038236 3.62737721232256 2.722531362342439 1.407351138473225 0.3807270532157493 0.6587901375859119 -0.5467456810147804 -0.34944421815999477
1645102024.0448241 3.6244318086187883 2.724282453819006 1.406740517040257 0.3788993936972684 0.6590887116787356 -0.5476459840384293 -0.34945791679220906
1645102024.051432 3.6221131264985664 2.7267420875333888 1.4064066145243432 0.37932623538073773 0.6603130384331979 -0.546111847740678 -0.34908419249618866
1645102024.058032 3.619472576084516 2.728912516614193 1.4059923165561201 0.3789457118368022 0.6609946656036877 -0.5456722420852764 -0.3488948862424366
1645102024.064639 3.61673454497189 2.7311143517905236 1.4055506502197868 0.37848238013303087 0.6615533224257605 -0.5452803814794113 -0.34895156984685194
1645102024.0712268 3.6144218726848676 2.7330820117712586 1.4051370778224899 0.37870103551462525 0.6619756953538192 -0.5447493946242778 -0.34874255448827135
1645102024.0778189 3.611506149493149 2.735517767055052 1.4047062503223529 0.3781449316588475 0.6625098189527494 -0.5442134081920249 -0.3491682747134932
1645102024.084417 3.608807065476741 2.737859897680443 1.4042662688552314 0.3777796357234907 0.6630209813231344 -0.5437069729685039 -0.3493824025559859
1645102024.0910358 3.606185267880119 2.7399399935135342 1.403812499283134 0.3778684746649603 0.6632295668262094 -0.5433847130833621 -0.34939178840878427
1645102024.0976799 3.6037506583421757 2.7420567318707327 1.4034078515397905 0.37810676401113014 0.6635946440635381 -0.5428451552563605 -0.349279538271945
1645102024.104268 3.600796849838017 2.7443753665848325 1.402889117790726 0.377795039553583 0.6638643872892132 -0.5427194490581626 -0.34929964518420115
1645102024.110859 3.598048721877662 2.7466039222156384 1.4023943253430111 0.3777982558067983 0.6641199058133274 -0.5425270939654787 -0.3491091205885657
1645102024.117423 3.595634070959454 2.7484121379675637 1.4019611077616767 0.37868736914684287 0.6640814247019743 -0.5425555021689834 -0.34817360380936124
1645102024.1240199 3.59270476124029 2.750978944498822 1.401524606123084 0.37832948664811306 0.664613912149553 -0.5421803107416893 -0.34813106287719825
1645102024.1306481 3.5900690186724327 2.753060742192329 1.4010463872591674 0.3789104925661416 0.664782870161024 -0.5420942698265534 -0.34730971347987283
1645102024.137221 3.587359932662301 2.7551767624196004 1.4006259504225624 0.3793025165904791 0.6650559717053567 -0.5422627379368983 -0.346093715981204
1645102024.14382 3.584403796508819 2.757340900965626 1.400165890776055 0.37935857551920793 0.6652574198008033 -0.5424857500364846 -0.3452947681356661
1645102024.150424 3.5819001355771785 2.759084608961283 1.399821479468096 0.3803390661606242 0.6654669181694124 -0.542965424300247 -0.34305120261977196
1645102024.157022 3.5789836258669414 2.761214032364132 1.3994764228827221 0.380379077755906 0.6660066287034615 -0.5431969665723835 -0.3415897746751241
1645102024.163658 3.576051077646064 2.763275928940082 1.3991336637151028 0.3802804259334602 0.6664163652789941 -0.5436136477792662 -0.3402350260501313
1645102024.170252 3.5732319000551884 2.7653579206099392 1.398866057780634 0.3804232197795214 0.6671377145570337 -0.5437274078579781 -0.33847541020171157
1645102024.1768231 3.57017092582265 2.767830746711324 1.3986393553805694 0.3796249616894718 0.6681797232863542 -0.5435775703618703 -0.33755555026009054
1645102024.183413 3.5674330756366253 2.769568785546633 1.3984328481615933 0.379730479782225 0.6686686617070443 -0.544035912298906 -0.3357254332972458
1645102024.1900558 3.5643622836487925 2.7720344171298916 1.3982611222868735 0.37890776550973526 0.6696564528492598 -0.5435076347107975 -0.33554169785158655
1645102024.196651 3.5616297812080795 2.774154557869299 1.3983283332085326 0.3784751203103588 0.6706952556503933 -0.5429234771630187 -0.33490018700204727
1645102024.20322 3.558659376555746 2.776143075150049 1.3980390497518127 0.37788588790150035 0.671785700083982 -0.5430235363864983 -0.33321362722645503
1645102024.209836 3.555818941438942 2.778377538403831 1.3981702199249486 0.3773063915791911 0.6728111571918072 -0.5419480467360477 -0.3335519996884354
1645102024.2164211 3.5533647949085543 2.7802212901615024 1.3983162953814432 0.3768416568976693 0.6741519542428985 -0.5417600861184142 -0.33167018907435253
1645102024.2230191 3.5504747996877866 2.7824210086265033 1.398346196300472 0.37617894524356554 0.6752826565926525 -0.5404092218552442 -0.33232550976164194
1645102024.2296221 3.547468069049086 2.784415290919761 1.3982514000420398 0.3752577543360503 0.6762699115621097 -0.5399154232622806 -0.33216193276680267
1645102024.236216 3.543579136076589 2.7860772134984755 1.3976082995403363 0.3723535251066688 0.6748036570996025 -0.5424777936752756 -0.3342309555626649
1645102024.242816 3.5425181786983706 2.7888125550441254 1.3988245187515118 0.3738945164357221 0.6792913820249509 -0.5372358241177165 -0.3318785788046281
1645102024.256026 3.5382141608551603 2.7909063847249462 1.3980777981819683 0.37071408490441726 0.6776675973895164 -0.5387094563563092 -0.33634720974140386
1645102024.2626932 3.532916170768125 2.795214436733836 1.3982707412458346 0.36900679913925905 0.6797425488011691 -0.5368722141962499 -0.3369745709711163
1645102024.275844 3.5322188179988316 2.797619358847234 1.3994354843750492 0.3706854116418279 0.6843199180925852 -0.5330968348408037 -0.33182220539882984
1645102024.282419 3.5296900305493706 2.799966689581961 1.3996770017713571 0.3700757918456584 0.6854108609535791 -0.5315867594170056 -0.33267250723355274
1645102024.289022 3.526547854992227 2.802098368094693 1.3993445134889078 0.3689029769183931 0.685991478908868 -0.531843223909017 -0.3323682831971269
1645102024.295618 3.523551009073043 2.804094334188185 1.399559981062738 0.36771639042631105 0.6859147135335414 -0.5322527539409238 -0.33318506729671216
1645102024.302221 3.52185765742324 2.8066034786094454 1.399763687258552 0.3684985796997095 0.6882687714927295 -0.5297526302297074 -0.33144624852026866
1645102024.3088572 3.519610393593031 2.8083188944268764 1.3997464276924765 0.3683598199284403 0.6890457800115897 -0.5308919201574928 -0.32814679128572727
1645102024.315458 3.5167443167740258 2.8108366469424926 1.3997845349874949 0.3675400071586401 0.6895468832080167 -0.5300292587766013 -0.3294055693236434
1645102024.32203 3.5140951696577476 2.8129155027907085 1.3997222209753508 0.3671204249647404 0.6898049710768407 -0.5304200621841462 -0.3287032895522086
1645102024.328655 3.5098356436891334 2.814524632289159 1.39868347981494 0.3638200032713138 0.6865694081238717 -0.5354687444136557 -0.3309535512741923
1645102024.33526 3.5086953439140527 2.8170526251122454 1.3994925625811998 0.3657217446635333 0.689868382269054 -0.5326813764167957 -0.326464952977892
1645102024.34185 3.506152330007141 2.8192099920601823 1.3994890750085827 0.3657052224723351 0.6900822638610058 -0.5329881363060812 -0.32552950549318227
1645102024.3484259 3.501507958445964 2.8209465046277513 1.398038760137873 0.36186309436541786 0.6855206364617693 -0.5395473554251958 -0.32864090882272573
1645102024.3550131 3.500804165735984 2.823411770169922 1.3992092426399259 0.3651005541632771 0.689983794606373 -0.5347648382727398 -0.32349671136114777
1645102024.3616629 3.498512622725213 2.826009917485923 1.3992444507129884 0.3653675607124633 0.6899045253725666 -0.5350493681014173 -0.32289323945351184
1645102024.368217 3.495557727546926 2.8278096750819657 1.3989598867359203 0.36487681853916093 0.6899174416690084 -0.5360346744856265 -0.3217844435387217
1645102024.3748648 3.4929978854747117 2.8299929070382643 1.3988621025063273 0.3651161832285794 0.6899071154564419 -0.5363991608133214 -0.3209266499625092
1645102024.381429 3.4887010977474957 2.8317315232152036 1.397685738453261 0.3624286389444127 0.6865730238864082 -0.5409072651392429 -0.3235457632192179
1645102024.388107 3.487699543842534 2.834456862787909 1.3984578098214318 0.36509902676007977 0.689679144174477 -0.5377686543730335 -0.3191392438742072
1645102024.394686 3.4850767058276824 2.8366896255706244 1.398368143606259 0.36511258409731273 0.6900804279934097 -0.5378344680492375 -0.31814383142018826
1645102024.401284 3.4824127732145165 2.8388768939645534 1.3981764099340241 0.3653122015918835 0.6900934294025038 -0.5380647609821776 -0.31749644285620077
1645102024.407854 3.4794476033594366 2.841173586949371 1.3978639991839603 0.3644607372623495 0.6893951132920969 -0.5397239975335377 -0.3171755954033591
1645102024.4144928 3.4771282342056535 2.8433858679491366 1.3978247887746067 0.36569713919382624 0.6904309485403778 -0.5383128305389488 -0.31589500404137827
1645102024.4211142 3.472418889263561 2.8449805128667305 1.3963524894040216 0.3623494491103125 0.6860900229270449 -0.544285961886698 -0.31896039859321385
1645102024.4276469 3.4719591596091135 2.8479595456897084 1.3975114165915152 0.36625190059342233 0.6910606409459267 -0.5379575624427552 -0.31447736885579003
1645102024.43424 3.468906702938174 2.8501349121497572 1.3972470238967536 0.3654745438819128 0.6905762808893178 -0.5392424134245617 -0.314245121816577
1645102024.4408839 3.4652737478461115 2.851957849919093 1.3961237097588 0.36436411337404706 0.6885321712984451 -0.5412660607079697 -0.3165326769598732
1645102024.44748 3.4627150868119605 2.854360209795402 1.3960247999410975 0.3642741693506853 0.6888412736241952 -0.5407536234116539 -0.3168392746136542
1645102024.4540591 3.4616744388119653 2.8568314129631096 1.3960602466067484 0.3678054738338113 0.6889197947841808 -0.5382921446604915 -0.316780411480711
1645102024.460681 3.458853114570505 2.859518121248811 1.396459177429526 0.3660845817092412 0.6931177922658115 -0.5368312039164146 -0.31206040692151216
1645102024.4672582 3.4560240021522475 2.861828475247137 1.3961045799180891 0.3651273656684372 0.6926364769740287 -0.5378335821338556 -0.3125242233527193
1645102024.4738472 3.4522460689683268 2.863586912150114 1.3949658861976828 0.3634085419560081 0.6906790940873848 -0.5400569818406231 -0.31501540162041114
1645102024.480453 3.4513111679092736 2.866741936377872 1.3956361961873722 0.365299078256498 0.6942338322068264 -0.5363105874953076 -0.31139455389802134
1645102024.487055 3.44860834071421 2.868866663520489 1.3955049169985474 0.3650510060046387 0.6947478188884219 -0.5358508345350566 -0.31133053657360277
1645102024.493655 3.446465377762901 2.870969596796162 1.3947727030124664 0.36638185414401986 0.6918716288177112 -0.5364056500773157 -0.31519291218343937
1645102024.500236 3.441724971797926 2.873107204908269 1.3936201669285717 0.3615888600915618 0.6909537469648155 -0.5410133404216252 -0.31486597587941095
1645102024.5068648 3.4397259419722443 2.8754614013727666 1.3938907286488111 0.3619951995607298 0.6925319146896498 -0.5388560225088334 -0.3146312379277164
1645102024.513471 3.436931269200392 2.8776493445768363 1.3933280881846164 0.36137374226022884 0.6924088800578171 -0.5399488123660141 -0.3137416835958177
1645102024.520062 3.4360945574902275 2.880873698545836 1.3940912060458106 0.36328695166971453 0.6954554018898378 -0.5367917569373793 -0.3101912492145617
1645102024.526644 3.4320655437837244 2.882426500637283 1.3928773845590052 0.3609494451892724 0.6928058977875454 -0.5402712531183482 -0.31279714849082907
1645102024.5332532 3.4332856366262674 2.8861242893310606 1.3944557094379357 0.3668074239009719 0.6963298990633799 -0.5333490298752146 -0.310024910144046
1645102024.539839 3.426763283912179 2.8871813650486406 1.391858169491882 0.3594849228068289 0.6917693926802873 -0.5425632529608921 -0.31281046199711504
1645102024.546486 3.424224092701015 2.88954921050227 1.3915078295188228 0.3590908272428539 0.691428935416848 -0.5433612167149693 -0.3126308007650601
1645102024.5531058 3.42189084838901 2.891919958066716 1.391513416814913 0.3593205144997741 0.6920202044553223 -0.5427021616043963 -0.31220310731539475
1645102024.5596852 3.41935406434675 2.8943062315419223 1.3911278933149802 0.3589137886119502 0.6917189098748121 -0.543517841851787 -0.31191958644041773
1645102024.5662458 3.4167894343117786 2.8966632693307797 1.3907635048027518 0.3585322484043218 0.6912251233419654 -0.5445372034866246 -0.31167497769783237
1645102024.5728588 3.4180333967477914 2.9004429903973983 1.3923555990007097 0.36393943727111444 0.6945785530904452 -0.5382428195526436 -0.30887375064491246
1645102024.5794308 3.4117605031671068 2.9015264153418245 1.3900619802760823 0.3577449348662915 0.690626361210116 -0.546120321131287 -0.3111365647143733
1645102024.5860338 3.41083129918568 2.904506190995654 1.390725545686196 0.3597518108540995 0.6937105287740387 -0.5431588818458142 -0.30711949599885263
1645102024.592619 3.4083954592254018 2.907105463253183 1.3902568341708283 0.35897400364836524 0.6931494858303145 -0.5445243703216173 -0.30687832656886094
1645102024.59922 3.4041046485747026 2.9087483008051187 1.3889326087571594 0.35622962938755065 0.6895666457097575 -0.5490468814310787 -0.31007329137265355
1645102024.605849 3.402634981018477 2.9117216491056883 1.3893772207618043 0.35650448554414643 0.6915954679560662 -0.5482344803624699 -0.306657542550659
1645102024.612424 3.399034330942268 2.91377108638936 1.3881892053745495 0.35480663523550626 0.6892625216482056 -0.550891782510285 -0.30910722224068726
1645102024.619049 3.397986001055983 2.9168352943345983 1.3887728216082156 0.3562827436367323 0.6923889902487185 -0.5481340072567517 -0.30530115919346895
1645102024.625626 3.3950280593206794 2.9193584206424354 1.388174906045458 0.3541912348827162 0.6911102574762199 -0.5509220262775272 -0.3056136773782216
1645102024.6322272 3.3928398552153483 2.9218291440515296 1.3879289384633484 0.35465797720015035 0.6919345383750233 -0.5502502380049437 -0.30441518689020364
1645102024.638829 3.3882870856105294 2.923688716018876 1.3862532708667912 0.350497269531847 0.6868867369060935 -0.5568960155766602 -0.3085526126929402
1645102024.6454191 3.38557249979315 2.926179218045913 1.3856759339962368 0.349413946253086 0.6861402472885106 -0.5583743925592034 -0.30877030207374107
1645102024.652052 3.3835732577306645 2.928920434217889 1.3857502480265187 0.3500978349372315 0.6876779866265894 -0.5566975306217079 -0.30760036511018435
1645102024.6586199 3.3803814079752907 2.9314163067618226 1.38495619711806 0.3480058158283556 0.6859048374089267 -0.5599144564709079 -0.3080939621219164
1645102024.665247 3.3777273870895455 2.934182535475535 1.3847495571850712 0.346978356713624 0.6858065184619545 -0.5604272022105837 -0.3085390868135601
1645102024.6718578 3.3770482325742797 2.9375016051364566 1.385416011469988 0.34929288127448166 0.6898800777928458 -0.5570300632564391 -0.3029473378979899
1645102024.678435 3.3746357030150715 2.9400784692539355 1.385263891999864 0.3494421014866369 0.6906929379697824 -0.55667301947581 -0.3015762766251372
1645102024.6850271 3.3715654676947726 2.942793198658525 1.3846217765745648 0.347396281959838 0.6896787394691828 -0.5592900483004529 -0.3014188228426658
1645102024.691631 3.367043684912416 2.9446968594132885 1.3829966780416714 0.3439540829034716 0.6858248425480333 -0.56449282926171 -0.30444592699469153
1645102024.69822 3.366110469454584 2.9481696160887516 1.3839756942637753 0.34598023631566976 0.6905853469700894 -0.5600899214863654 -0.2994802754459758
1645102024.704864 3.3616184104592324 2.950171177087615 1.3826041385248395 0.3424722260108517 0.686992969339656 -0.56514082531703 -0.3022728886431747
1645102024.7114298 3.3604435307534652 2.9536115616133904 1.3832210959640916 0.34375810693260267 0.6907920387791994 -0.5623095681170557 -0.29739580080419287
1645102024.718027 3.355876731711788 2.95562518836192 1.3818673161009138 0.3402192138884031 0.6872445221892857 -0.5672786515605991 -0.3002339559214133
1645102024.724627 3.3524085728587014 2.9582755796094484 1.3811176333491955 0.33764961177984176 0.6858565494847766 -0.5705907075483954 -0.30003232844104916
1645102024.73123 3.349953435807959 2.961248473396376 1.381095396830414 0.3377596135099925 0.6875797945157083 -0.5693291121592324 -0.29835622687550684
1645102024.73783 3.347011816475564 2.964050916053672 1.3807233116131485 0.33679399163233925 0.6876936020944158 -0.570190643939296 -0.29753914256959724
1645102024.744426 3.345155622839713 2.9676067088245883 1.3810707171031185 0.3366703899660215 0.6902946341488104 -0.5691157607257687 -0.2936890222875054
1645102024.751022 3.3411832468339755 2.970147447044564 1.380170501980688 0.33427739965074754 0.6889701510922188 -0.571582590649803 -0.29473999192395717
1645102024.758223 3.339389580828359 2.973873209636907 1.3805755465458254 0.33432547312341615 0.6918865359101608 -0.5701026451327751 -0.2906924350930124
1645102024.7645628 3.3363330621709064 2.976787428861781 1.3802353353265933 0.33346404442025557 0.692220972770291 -0.5705496633791831 -0.2900078139375737
1645102024.770823 3.3314090782210464 2.978815579444354 1.378731251926037 0.329677703836509 0.6883430294199994 -0.5759267405827776 -0.29292404168610353
1645102024.7775302 3.3305323051417854 2.982924433961473 1.3796800146223474 0.3321406519812798 0.6938546739745752 -0.5705178951021189 -0.28767555083844243
1645102024.784022 3.32751447848623 2.9858858153976913 1.3793801036417048 0.33136311677725394 0.6944037838684854 -0.5707973882318229 -0.28669121017295296
1645102024.790665 3.324427476022003 2.9887735352222267 1.3792913450906357 0.3310759901526665 0.6953398246940609 -0.5702860165029451 -0.28577037125929444
1645102024.7972229 3.3214771413022963 2.990550827099567 1.379017649445698 0.33235623621205335 0.6939174264030081 -0.5718889886760782 -0.28453565353864674
1645102024.803854 3.3161062209977383 2.993974233420205 1.3774814964499158 0.32503859488905323 0.691533108939364 -0.5772633671827861 -0.2879209424871996
1645102024.810456 3.315208705369504 2.9981823355167654 1.3785490123793986 0.32769432292514583 0.6974410657031878 -0.5712628401411523 -0.28257872725740046
1645102024.817027 3.3102296791854027 3.0003144931484824 1.3772072356134726 0.32404293719842514 0.693992602757673 -0.5759958367122192 -0.2856550601267792
1645102024.823623 3.3070583191579717 3.0034059874597165 1.3770619539615367 0.32302125817239064 0.6947640166882917 -0.5761229623571086 -0.28467904615911205
1645102024.830351 3.3055238904053343 3.0074118334354636 1.378162623009485 0.3240843572241568 0.6994441754517258 -0.5720888058403115 -0.2801091834983512
1645102024.8368268 3.3027328470105886 3.01067973402053 1.3781660412475376 0.323761038268755 0.7009625994822339 -0.571034238117939 -0.2788363656316111
1645102024.843467 3.2996323140671553 3.0138579098046967 1.37817003379339 0.322591113466732 0.7019383524292571 -0.5710009745162126 -0.2778039074197155
1645102024.8500218 3.296099094975336 3.0167958621493316 1.377870421958832 0.3208519171406547 0.7023076276693472 -0.5718799076121904 -0.27707580798054776
1645102024.8566248 3.293371451750457 3.0201289734875116 1.3781779613197094 0.3203431616989365 0.7036404376647519 -0.5707830936660189 -0.2765441360540205
1645102024.863221 3.290247972511337 3.0231324321929813 1.3783969764134851 0.319574030434518 0.7049660510816137 -0.5700269812380484 -0.2756159258033984
1645102024.869826 3.287190531946716 3.0264719628833396 1.3783445770912306 0.3177190148545516 0.7054472415487186 -0.570723303237575 -0.27508790321562904
1645102024.883051 3.2805586805631037 3.0326902351346408 1.378340611708938 0.31400566319850753 0.706766696987883 -0.5717994851789086 -0.27372657659814287
1645102024.889618 3.275517578109146 3.034634459771215 1.377126318126455 0.30986450034325663 0.7030676476243236 -0.5772820542413787 -0.2764505398842359
1645102024.902861 3.2712505343911706 3.042017945568568 1.3787186498554518 0.30982711888768494 0.7088339385925958 -0.5726734902363774 -0.2713047766494486
1645102024.91611 3.2652310967853175 3.048217127511526 1.379179383496153 0.3075786436434563 0.7101079612986425 -0.5731317191517565 -0.2695583792428945
1645102024.9292328 3.2620930122727394 3.051195880589542 1.3793246810460715 0.3063760625870582 0.7104669163084701 -0.5739643145545027 -0.2682070151316791
1645102024.935872 3.2591512716115236 3.054283844369124 1.379609185230194 0.30567145400554563 0.7111034147394076 -0.5741532012166957 -0.2669168484825957
1645102024.942434 3.256794220989398 3.0578798627428068 1.3802779221606671 0.3034024055696096 0.7133876542203195 -0.5759423944874923 -0.25945129970249664
1645102024.949066 3.250781224552139 3.059098665987013 1.3785983195295552 0.3009389558035542 0.7071492241327407 -0.5811896764261502 -0.2675703776704289
1645102024.955668 3.248758706053384 3.0626348233980307 1.379494958795512 0.2995503010320121 0.7098155683537314 -0.5820388894754933 -0.2601188254120901
1645102024.962233 3.244589822176998 3.065023973561521 1.3791895542582682 0.30016364966658726 0.7081459163425681 -0.5818241069952224 -0.26440777333586457
1645102024.9688299 3.2415520565297165 3.067974251844343 1.379560656151944 0.2999808967797989 0.7087598248628697 -0.5818392891447741 -0.26293271590287887
1645102024.975428 3.2381297381010197 3.0708893775996113 1.3797412709500951 0.29901729125173526 0.7092225123085817 -0.5826206420587007 -0.2610457117018224
1645102024.982034 3.2369787122158025 3.0750869167479222 1.381501651541531 0.30153521051529686 0.7146314732158973 -0.5770097657743168 -0.2558079844044903
1645102024.98865 3.2315048137967652 3.0770170953138436 1.3807674620069894 0.2972591593049258 0.71094458273162 -0.5822724113232044 -0.2591394160590248
1645102024.9952698 3.22844267795478 3.079804505378669 1.3811155797874406 0.29687057272480183 0.7116297712616816 -0.5822347304440931 -0.25778525511865324
1645102025.001861 3.22642146027592 3.0835089733863583 1.3823219944588454 0.2952627786763077 0.715129039035477 -0.5820404448207742 -0.25027759144893613
1645102025.00846 3.2219575432891974 3.0859186075479736 1.382051904181963 0.2951698669954505 0.7137150672185202 -0.5813383055259244 -0.25599006624406084
1645102025.015073 3.218533395094513 3.08866951458274 1.382366139828467 0.29395218896861824 0.7141880612486813 -0.5815528233704615 -0.25558448301316433
1645102025.0216582 3.215670749931209 3.0916427939522446 1.3828615209405042 0.2934715202432562 0.7156873841355461 -0.5805157171017187 -0.2542973067311856
1645102025.0282722 3.212588765250946 3.0944604878935946 1.3832929329305348 0.2928649432789581 0.7165609239915463 -0.5798270541898631 -0.25410780938252725
1645102025.0348659 3.2104542940459733 3.0979177193220724 1.38415009407304 0.2916625037315349 0.7195128321876791 -0.5788485009618204 -0.24933565537452332
1645102025.041433 3.20618839187959 3.1002981698181586 1.3839767966203538 0.2909156766906475 0.7186558755505768 -0.5786509054017616 -0.2531097697774829
1645102025.0480692 3.207793502804792 3.1052811594405 1.386902950194668 0.29549783153614967 0.7267910137857037 -0.5706378780996714 -0.24254453545377272
1645102025.0546281 3.201875125221126 3.106577315262273 1.3853554968216806 0.2928298148808457 0.7215876200614675 -0.5738066494775124 -0.2535892754115617
1645102025.061223 3.199320298688565 3.110227804487044 1.386625589438791 0.2898682794558883 0.7274729233749688 -0.5718865606416218 -0.2443458166036962
1645102025.067839 3.1974279356133843 3.113215288681211 1.3872642421880206 0.29341148446527104 0.7280063124290186 -0.567695402347578 -0.24827012243167534
1645102025.0744581 3.194295641591788 3.115736490207779 1.3874235750956754 0.29220448282389094 0.7290141394149275 -0.567525534344921 -0.24712202987128695
1645102025.081028 3.191206813852606 3.1184480751921515 1.3876517155026264 0.2911571613916405 0.7300275593064386 -0.5670832061623395 -0.2463808705432529
1645102025.0876539 3.1897161559363223 3.1220004115063147 1.3888059264573906 0.2899637152613693 0.7338231812637332 -0.5658996696473989 -0.2391270678525673
1645102025.094265 3.186646678303927 3.1245425482245244 1.388904648757194 0.28901093571997705 0.7346192200631608 -0.5657031926408921 -0.23829982614427783
1645102025.100826 3.1826114408210056 3.1264375476070954 1.3883030566162027 0.28924145514132743 0.7330333833540839 -0.5651780252581885 -0.2440795525123846
1645102025.1074262 3.179669617475839 3.1289916287341324 1.3884412999333844 0.28851253851051534 0.7339312255870915 -0.5648621130749355 -0.24297295842030972
1645102025.11406 3.1765931405332863 3.13141364540278 1.3883916897447086 0.28753779530451073 0.7345579678798951 -0.5650973335769901 -0.2416840788273632
1645102025.120665 3.17373065558489 3.133983686902071 1.3885139738218601 0.2870003442251532 0.73542104731934 -0.5647437203836312 -0.24052197928852634
1645102025.1272562 3.170830366809642 3.136509225763042 1.3885387257049848 0.2865020949850715 0.7360337720525735 -0.56450512077255 -0.239800784367515
1645102025.133829 3.1662480867241585 3.137862722505146 1.387236323051924 0.2834941971771459 0.7323730715283491 -0.5693648873852045 -0.24307186917000365
1645102025.140461 3.1654771816042846 3.141670946323699 1.3888564786525222 0.2863896738861541 0.7375967242788788 -0.5630757404462514 -0.23848969362118572
1645102025.147035 3.1633625712918114 3.144836942514553 1.3895126808577851 0.2843238360323218 0.7403588215340875 -0.5637466517845598 -0.230690475068637
1645102025.153662 3.160752043731789 3.1472794013503407 1.3896376230940688 0.28445305764296785 0.7409777856406229 -0.5630595264198573 -0.230221522682991
1645102025.1602361 3.157434616467893 3.1496677985913717 1.3894061362939125 0.28328437564927433 0.7411386066558683 -0.5637461273716236 -0.2294633452108443
1645102025.166825 3.154398682945007 3.152011513664227 1.3893121739658514 0.28271500854015225 0.7413399253879074 -0.5638415303455123 -0.22928076099656824
1645102025.173426 3.151492558259077 3.1543719031674846 1.389264277757784 0.2821561846622332 0.741702811115076 -0.5638657546732898 -0.22873532626941076
1645102025.180057 3.1486137005333776 3.156862130619365 1.389323340716825 0.2817225120419763 0.7421081619624664 -0.5636670366074535 -0.2284446431549668
1645102025.186631 3.145556213520694 3.1591358032173145 1.3891943306039511 0.28091031370046815 0.7423673825193113 -0.5639109967393439 -0.22800015254629175
1645102025.193227 3.142586288272317 3.1613863271980014 1.3891242693017816 0.2804069401953006 0.742580666081189 -0.5640383998353687 -0.22760969740533085
1645102025.199828 3.1396280747175935 3.1636908768360317 1.389062427770826 0.2797112939236998 0.7429433428852134 -0.5641452740523891 -0.22701654296726037
1645102025.2064269 3.1370015228021777 3.165959081531438 1.3891851616693531 0.2797997993160975 0.7435320364456443 -0.5635176319263712 -0.22653839743484364
1645102025.213026 3.131214588799569 3.1669027244906243 1.3879014457383227 0.2736205468188669 0.7412808713720691 -0.5698092025784537 -0.22572446377826316
1645102025.219628 3.1297879018234998 3.1694179427498312 1.3882390911993439 0.2787772555753947 0.7410636143334867 -0.5650265606767332 -0.23206153744859234
1645102025.226228 3.1252767981221075 3.1712463205957055 1.3878293634499048 0.27205761646241305 0.7419314292217847 -0.5701244347954465 -0.2246778152974644
1645102025.2328231 3.1236394822889357 3.1736692312324903 1.3880463446801565 0.27727458100675073 0.741627640246196 -0.5654172567036335 -0.23110643582552617
1645102025.239438 3.1181828305401953 3.17469483364696 1.3869352351245603 0.27191445075528825 0.7401876304108516 -0.5702667341832062 -0.23017436678221015
1645102025.24607 3.117512009733292 3.177838729986679 1.3878206203237744 0.2758218956317604 0.7422263978762055 -0.5658558434172808 -0.22984561626304933
1645102025.2526588 3.1119511264153736 3.1789811541025954 1.38656392821774 0.27132229279264397 0.7408299034822997 -0.5701930399792196 -0.2289863420415431
1645102025.259244 3.1126818682861543 3.1828728193237037 1.3885063455770355 0.27407859571927284 0.7454734218383241 -0.5653952700876357 -0.2224367155739665
1645102025.2658439 3.106121974040136 3.183001622107475 1.3864692604377662 0.2702295470346433 0.7417770035040248 -0.5698023414844188 -0.22818361404871704
1645102025.2724621 3.105391872563475 3.1860660689907783 1.3873076235524542 0.2744042412529589 0.7437602281319422 -0.5652356883227586 -0.2281035770257111
1645102025.279077 3.100977961819934 3.187596320931086 1.386858966767297 0.2686055638253243 0.7444124133860012 -0.5698276614864481 -0.22135320659930355
1645102025.2856278 3.0992380749491577 3.189954617937441 1.3870319431872402 0.27380993359868144 0.7443234316875318 -0.5651329947811419 -0.22723345559119484
1645102025.2922409 3.097492424523176 3.1927930309154164 1.3878721095765274 0.2731112649207141 0.7473703139697949 -0.564119867258459 -0.2204909035999751
1645102025.298829 3.093071507429555 3.193731450691246 1.3867811911477232 0.27339218662279 0.7450961880724002 -0.5646390261843857 -0.22643040848808324
1645102025.305472 3.090906302611318 3.19636178653169 1.3873690031500927 0.27181196389485646 0.7478052297537812 -0.5647294151369274 -0.2190568150996005
1645102025.312036 3.0880901622062615 3.1984246564093914 1.387520598399688 0.27188584574046826 0.7487097737380775 -0.5635778144325986 -0.21884102361621732
1645102025.318629 3.0849906782628342 3.200107866761847 1.387420164881892 0.27154188147502034 0.7488704290566268 -0.563667134948522 -0.2184880914410389
1645102025.325273 3.079006460539468 3.20069126026744 1.385889830837305 0.26642708654125247 0.7472280324666432 -0.56870161157411 -0.2173590183425645
1645102025.331829 3.078595290580427 3.203735355863371 1.38727348441298 0.27056049877033905 0.7498682775082063 -0.5629154243321653 -0.2182209858201654
1645102025.338432 3.0723825985998023 3.204068031775932 1.3857315151427172 0.2643560496464305 0.747824959600047 -0.5687935624453107 -0.2175941004612135
1645102025.345032 3.071573454410149 3.206895436971983 1.3866942936933446 0.2685341933510361 0.7498869228257984 -0.5640064693106783 -0.21784235091360868
1645102025.3516319 3.0688104737507107 3.208880874656029 1.3869767377092788 0.2689174545413562 0.7509165425878911 -0.5624657748226479 -0.2178063180717088
1645102025.3582568 3.062781559049115 3.2093016640623304 1.385590707438966 0.26390309513226584 0.7490663431199501 -0.5677120726109137 -0.21669653214241133
1645102025.364835 3.062242424907613 3.2122212325041732 1.3867990420840517 0.26827411023697006 0.7521912025991111 -0.5611837794407644 -0.21750803211706835
1645102025.371436 3.0564947489209304 3.2126592397716998 1.3855829846607775 0.2632384279885888 0.7505984127652382 -0.5658598954980318 -0.21704777246702434
1645102025.3780758 3.054999313298358 3.215291866237498 1.3863299216760683 0.2663123377161157 0.7522678694307615 -0.5621249955798963 -0.2172231019652194
1645102025.384667 3.051549141096519 3.216773725647139 1.3861581089134276 0.2658647990611663 0.7522615617518476 -0.5623678214662063 -0.2171646019376372
1645102025.3912692 3.047834995423331 3.21822478464961 1.385912755798873 0.26525653497910623 0.752074509728315 -0.5625034006587096 -0.2182026791858051
1645102025.397852 3.044750437461025 3.219755261619853 1.3859638611764928 0.265430759183186 0.7523141215956795 -0.5620792458363582 -0.21825789308098217
1645102025.4044428 3.0416647523184888 3.2215610326223265 1.3861845957692593 0.26499281082816506 0.7531641063314173 -0.5619042089008603 -0.21630047862461493
1645102025.4110348 3.0376246891788865 3.2228254736640385 1.385717469902336 0.26354181300088847 0.7524976930325337 -0.563633246001086 -0.2158936830422361
1645102025.417631 3.0340822867250834 3.2242493344996728 1.385582950865404 0.26305736329925056 0.7523850859693105 -0.5640844618947347 -0.2156984229175301
1645102025.424226 3.028568702773583 3.2251756528751847 1.38465825121905 0.25947235424153464 0.7512140727131256 -0.5675587035927463 -0.21500746722938585
1645102025.4308312 3.0273654944645716 3.227388672379218 1.3855414471377612 0.2628873038507188 0.7527129879930204 -0.5639269029765522 -0.2151730799250879
1645102025.437427 3.0231917200928504 3.2282754004799674 1.384829856701181 0.2624715511225774 0.7513917794852143 -0.5647811387277091 -0.2180388360026663
1645102025.4440598 3.0177121534458773 3.2294147885663405 1.3840933483891904 0.25822071219231063 0.7507430561937902 -0.5690143368648195 -0.21431100629167937
1645102025.4506629 3.0160976755968907 3.2316177654140525 1.3849579293420176 0.2607558203040712 0.7516421972995934 -0.5663086158386599 -0.2152546078738446
1645102025.457237 3.012165307174805 3.232843817971045 1.384429694623623 0.2602861754860645 0.7516716741465345 -0.5668103138594117 -0.21439788180403851
1645102025.463836 3.008695202553589 3.2339242856547346 1.3841140790749988 0.2611807567549643 0.7510323591949384 -0.5665220064028896 -0.2163039695255319
1645102025.470474 3.0047186665303314 3.2355027197853365 1.3839098263970175 0.25949952399468607 0.7512269685666236 -0.5678723829449819 -0.21409950241465797
1645102025.483726 2.9951012575958145 3.2375031410888404 1.3825889628765455 0.2553053922823879 0.7496685796708701 -0.572094474115346 -0.21336281756718453
1645102025.4902358 2.993705039613217 3.2396631341734747 1.383287474457266 0.25899038130811153 0.7514242579025746 -0.5679903342995315 -0.21371038256890515
1645102025.496835 2.989883373016463 3.2411309554346768 1.383124120970333 0.25841564942462375 0.7516756595595572 -0.5680400363890811 -0.21338966792977504
1645102025.503424 2.985600389875046 3.2422862990074623 1.3825326170225984 0.25716606992177177 0.75125864635314 -0.5693805459167494 -0.2127943438222684
1645102025.510025 2.98176151448067 3.2434547013515003 1.382231844345659 0.25723244363703995 0.7509405010736613 -0.5695140169420885 -0.21347884231858227
1645102025.516615 2.977569705327432 3.244680224459172 1.3817408444586183 0.2561933856655611 0.7509405090488545 -0.5703347188020091 -0.21253516576008752
1645102025.523229 2.9729617632275787 3.24606555704756 1.38162040067746 0.2534773951387958 0.7507975577635965 -0.5704861030126626 -0.21586439596253093
1645102025.5364769 2.9636968061878584 3.2480259107426175 1.3800991068873079 0.25174222129903534 0.7502377739455274 -0.5738145759435785 -0.2109634602392294
1645102025.549709 2.957380627273143 3.251224462407236 1.3803700355801218 0.2536764308918507 0.7517868167084322 -0.5707298889563293 -0.21149901821023276
1645102025.562829 2.9518885927559526 3.2521119572283803 1.3796609825381623 0.24983999910530819 0.7505033954572625 -0.5730145199424851 -0.2144262161223992
1645102025.569509 2.9451371789082064 3.2552026448724805 1.3796253302581365 0.2525905389291628 0.7523536481398714 -0.5708229617862199 -0.210529713454398
1645102025.582635 2.940409144463349 3.2561939045628097 1.3790932604572197 0.25124808355454514 0.7517820563921971 -0.5722431134606731 -0.2103224900097622
1645102025.589231 2.9325111774808317 3.256455961547593 1.377601181311216 0.24375147714953196 0.7491986156196129 -0.5777543209447901 -0.21327489153737897
1645102025.5958312 2.9294910953469837 3.2577329694647874 1.3778583804990494 0.2455462175373573 0.7497027855549827 -0.5770950354020153 -0.21121953493346352
1645102025.602432 2.9278174642606527 3.26037762540183 1.378611405744903 0.2503438855864919 0.7522171317875224 -0.5718337922282662 -0.21095744850535286
1645102025.609025 2.923220318762737 3.2615318295132982 1.378191883954737 0.2494929847868097 0.7518866662534314 -0.5726743697169314 -0.21086332232611318
1645102025.6156318 2.9187877575290813 3.262770781839257 1.3779472489601992 0.24911184336754583 0.7515996186274907 -0.5730379363951568 -0.21134904573076568
1645102025.6222248 2.9143910480023743 3.264135929007924 1.3777622653891588 0.24866296950440817 0.7514943823207576 -0.5732803391817906 -0.21159435881534716
1645102025.628841 2.910405783884807 3.2655839434201073 1.3777749853747416 0.24928891032752307 0.7516995469264062 -0.5724999331673837 -0.21224102117069127
1645102025.635463 2.9055306227362547 3.2667614196274415 1.3773202584870594 0.24822816122753544 0.7510336993940018 -0.5737482117256427 -0.21247056635871361
1645102025.642069 2.9008077376324475 3.2677866226519034 1.3769715044972475 0.24727197120075742 0.7499898635119527 -0.575406416729466 -0.21278820524646394
1645102025.648661 2.897000358964925 3.2695116895523535 1.377287740088543 0.2480165681069428 0.7504932585335193 -0.5741455748778502 -0.21355118835479062
1645102025.655232 2.8919656691339712 3.2703577116811258 1.37658295971616 0.2466966276091169 0.7495099119369969 -0.5762529606957092 -0.21285624687602905
1645102025.6618629 2.885743730799549 3.270912842214728 1.375852884010977 0.24289795608462708 0.7479122017792585 -0.5798883018391641 -0.21297198164293263
1645102025.668434 2.8830717569302244 3.2729142542343332 1.3762480930230347 0.24592806643538814 0.749271248071391 -0.5770864284292053 -0.21232719801044994
1645102025.675029 2.8784887532751884 3.2741660025920143 1.3760996452646344 0.24525980983102202 0.7488595680171265 -0.5777937076369711 -0.21262881683944965
1645102025.681631 2.8744082931680817 3.2755351153888492 1.3761376399881053 0.2455093679739345 0.7490286884849342 -0.5774116022317385 -0.21278304412076088
1645102025.688276 2.8682395485511063 3.276047936812351 1.3752714644247253 0.2420919824381055 0.7480209441000417 -0.5803570868165757 -0.21222953311746653
1645102025.6948678 2.8634832814288136 3.2770012967884123 1.3751115892472896 0.24083735630193523 0.7469740918141928 -0.5821635003897381 -0.21239662530847017
1645102025.7014248 2.8596020197281367 3.277659945243058 1.3744456186147402 0.2413907930437111 0.7469037777051292 -0.5834113974434997 -0.2085568657080754
1645102025.7080388 2.856693347769734 3.2803182138580307 1.3758245465359478 0.24347710995769506 0.7485343073799233 -0.5793766486342985 -0.2115126404689041
1645102025.714634 2.8501138955825644 3.280453800556944 1.3748514520205044 0.23890588257438586 0.7463061036995453 -0.5841151117989729 -0.21156630428741183
1645102025.721233 2.847431320140307 3.282387771651591 1.3754130866644396 0.24144561093376735 0.7476024449316583 -0.5816726690858983 -0.2108343150605252
1645102025.7278368 2.8430348056918215 3.283527714794453 1.3753873656448465 0.2408966226929894 0.7473978467289559 -0.5822316199982408 -0.21064476602888707
1645102025.734466 2.836944574827035 3.2839567765250313 1.3747836468543189 0.23712060522279085 0.7460153130114152 -0.5855451784717767 -0.21064523590148806
1645102025.7410629 2.8326012248669605 3.285123099136497 1.3747366745688567 0.2366513170170867 0.7458591266471901 -0.586051002891332 -0.21031912392518573
1645102025.747633 2.8277794878811404 3.2861605391103836 1.3743867575818531 0.23619879283230819 0.7455137108242381 -0.5871200232300248 -0.20906721098226286
1645102025.7542589 2.823850594643901 3.287309853165383 1.3746189532235933 0.23587959755767327 0.7453982616331858 -0.5871271211336353 -0.2098180102345379
1645102025.760832 2.818830025546648 3.2881184448847876 1.3744640918389757 0.2345737845148386 0.7446733235313803 -0.5881757915303469 -0.2109161540970741
1645102025.767464 2.8153835046953257 3.2896161675215585 1.3747933039863092 0.2355371289308139 0.7456585981018526 -0.5874175311213423 -0.20846043897274333
1645102025.7740722 2.811082296619272 3.2906901819918963 1.3748496043185752 0.2352242103965445 0.7457615114182321 -0.5876782850295549 -0.20770936747038626
1645102025.780666 2.808418821027077 3.2924907520344555 1.3755234147981712 0.23807809087827048 0.7473110327683007 -0.5848220711054538 -0.20694873190832222
1645102025.787244 2.8024755327375113 3.292825541443203 1.3751439607060938 0.23455800292125836 0.7463048731091986 -0.5876374915496171 -0.20662371776023686
1645102025.793869 2.797825863640689 3.293844543097099 1.3750626827197079 0.2342595288841066 0.7467389339241546 -0.5877561759471194 -0.2050505314770828
1645102025.800428 2.794061743492294 3.294873998273512 1.3755474665405376 0.23394228765585567 0.747174213795991 -0.5870109992054342 -0.20595969138060094
1645102025.807029 2.7899162977966836 3.2960181184584463 1.3757776964420256 0.23341253063188103 0.7478610098290528 -0.5863701981140476 -0.20589336351596588
1645102025.813629 2.7857453441276876 3.297008655693032 1.3759737332417323 0.2327860513723042 0.7482051580693786 -0.5861213447090775 -0.20606084307180908
1645102025.82022 2.7809695023771215 3.297783022032191 1.3757017709587387 0.2321776949831061 0.7481098168059067 -0.5863207279950734 -0.20652558268251076
1645102025.826826 2.7772397932140955 3.298878144123777 1.3762905563152108 0.23102410809464008 0.7490130277959679 -0.5851922016279055 -0.2077427224225672
1645102025.833426 2.773520414344 3.3005505433511573 1.3767888101447747 0.23103016561967418 0.7501713504273042 -0.5840376062991666 -0.20680345258893498
1645102025.840029 2.769300589558386 3.3015436257330233 1.3769125513267957 0.2298666616728124 0.7502660093092094 -0.5842505085813141 -0.20715494992555222
1645102025.846624 2.7656797958262755 3.3024207545859845 1.377192803785145 0.22948705025181373 0.7506360398610401 -0.5838402815186872 -0.2073917576364945
1645102025.853267 2.760408443601477 3.303171760512745 1.3772423159518548 0.22559409544260028 0.7497250270778921 -0.5852239971271957 -0.21102641848659023
1645102025.859849 2.7572155568345744 3.304320976232443 1.3772792882974527 0.22838739225272853 0.750669376596239 -0.5842021459808956 -0.20746602189009503
1645102025.8664372 2.75408759437437 3.3045382734785753 1.3769421843111633 0.22859724931243616 0.7506369360613019 -0.5852491108426219 -0.20437846642848093
1645102025.873054 2.7477246269297995 3.3049687247962183 1.3770455210881587 0.22341187299339493 0.7471312197661507 -0.5892953451426992 -0.21121712934578601
1645102025.8796349 2.7452881199161316 3.30692630709108 1.3780696753266848 0.22600588451914105 0.7504051958857787 -0.5852251503680025 -0.20814538250472867
1645102025.886268 2.7413038542439745 3.307515136315907 1.3779013785068484 0.2265976864640767 0.7498169376029041 -0.5855137073811854 -0.20880931643326728
1645102025.8928509 2.7375960060766067 3.3086237475295444 1.378255149813325 0.22605410387565456 0.7506371979064781 -0.585413785663396 -0.20672113798743333
1645102025.8994298 2.734285845754221 3.308774186219014 1.3775046998616403 0.22770653129757132 0.750459141339679 -0.5866289451043163 -0.2020566707039361
1645102025.90606 2.729547713808139 3.31040670015059 1.3783137987488647 0.22627629859613188 0.7506693593267268 -0.5860513720579231 -0.20454319262001702
1645102025.9126332 2.7255316496704642 3.311011798681305 1.3783479757297397 0.22604556549420265 0.7500971461358367 -0.5872769940641258 -0.20337893063893422
1645102025.919251 2.721274163243963 3.3114448862625867 1.3782925095619156 0.22507754905371902 0.7496680628843345 -0.588396900246795 -0.20279684084146107
1645102025.925826 2.7182283385687174 3.312899468142887 1.3787508663027872 0.22726248390447698 0.7509919288757173 -0.5864431991072698 -0.20111402186302657
1645102025.932451 2.7127055943759153 3.3132311171813793 1.3784381497204548 0.2243865531992797 0.7488436336663837 -0.5890263464636233 -0.2047717053595265
1645102025.9390342 2.710027786995058 3.3143627266900113 1.3785751029999134 0.22903196361776795 0.7511758833876511 -0.5861472854959868 -0.19927397424047621
1645102025.945646 2.706041787261294 3.3147454207933595 1.378475657442802 0.22800921214948455 0.7496920675049784 -0.5888040351614053 -0.19819939940705406
1645102025.952275 2.7018862734575118 3.315588523848838 1.3784397271697935 0.2283422950641413 0.7498375848702061 -0.5881397089187161 -0.199235197674589
1645102025.958848 2.6981641121788833 3.3168168217711615 1.3786901363106878 0.22973003267174408 0.7504151876232574 -0.5871254539070071 -0.1984551557894479
1645102025.9654331 2.6938664668532963 3.317259444470692 1.3784543311346844 0.2296013464314498 0.7503059369451048 -0.5875779466375679 -0.1976764479454997
1645102025.9720461 2.6874902059537993 3.315959936563301 1.3769393910413268 0.22551140132332356 0.744707835117586 -0.5942001907575092 -0.2036677764515577
1645102025.9786692 2.683195372697815 3.3165953175579217 1.3767488298968145 0.2256965240564051 0.744551935264866 -0.5941191517722119 -0.20426829591375759
1645102025.985238 2.682859767011344 3.3190812915475902 1.377584258453236 0.23400239766472566 0.7506300902684665 -0.5864473494675861 -0.19461875212176163
1645102025.991831 2.6787832429101877 3.3191453276515612 1.3773852736170844 0.2327166167893758 0.7501024496835581 -0.5877229956125001 -0.19434654263281384
1645102025.998419 2.6753429524643964 3.320437256101912 1.3774202468118095 0.23549240807222857 0.7515419076499809 -0.5848871563855026 -0.193996674926996
1645102026.00502 2.671633259648949 3.321612407856341 1.3779882535363557 0.23491624712489664 0.7525922477113371 -0.5830338781750316 -0.1961895964530294
1645102026.01162 2.6671897048614515 3.3214446366430086 1.3772580218254926 0.23339483270187772 0.7517767326384004 -0.5853715578386899 -0.19416058649099094
1645102026.018235 2.6643820357192154 3.3226137610886926 1.3774022933372525 0.23527465322453311 0.7534946175287729 -0.5827385280377764 -0.1931504633174645
1645102026.024817 2.6592619219908316 3.322935169477878 1.3769340652694906 0.2327749647086002 0.7526813415848245 -0.5840839514592129 -0.19527458148831067
1645102026.031422 2.655729667645139 3.3233082280832615 1.3766067366685997 0.23255897891070926 0.752598442713657 -0.5842212625409239 -0.19544058991259564
1645102026.0380218 2.6517319747553456 3.3236505372658924 1.3761472379432076 0.2328163852232679 0.7527489952156197 -0.5847343788413693 -0.19300465635127106
1645102026.044631 2.648447704220699 3.324635452988458 1.3763544715493725 0.2333408759259425 0.7536780961761651 -0.5832381722217325 -0.1932723008825269
1645102026.051222 2.6446573000900564 3.3256033103526215 1.3764836221004637 0.23455177792917473 0.754681490864034 -0.5797715637178731 -0.19825699920737647
1645102026.0578308 2.6408415436498682 3.3258909754663577 1.3759773979611638 0.23266128235646436 0.754377551731794 -0.582657701919739 -0.1931135339800642
1645102026.0644321 2.637205075896266 3.3263664852901687 1.3755836290899501 0.23246724626403573 0.7537939509273804 -0.5830940113439882 -0.19430546672875207
1645102026.071017 2.6345541730756152 3.3271635791302483 1.3755835364860423 0.23451509782296193 0.7551657098487059 -0.5813945234921587 -0.1915917695130416
1645102026.077641 2.6281988949553425 3.326921330060811 1.3745180045723524 0.22931816771784705 0.7529736500249397 -0.584960831120339 -0.19561254922025653
1645102026.0842528 2.6270821691857735 3.3285956101758285 1.3752014477536827 0.2346253539429528 0.7557777903098823 -0.5804437681146396 -0.19192573474152072
1645102026.090852 2.621657470781176 3.3283815724298327 1.3744334219953238 0.2312182901559916 0.7538994514324394 -0.583424729866972 -0.1943936517442656
1645102026.097415 2.618205761095113 3.3291115484579494 1.374118921317038 0.23089882334578385 0.7535461363445282 -0.5836231052424762 -0.19554440493330502
1645102026.110668 2.6096397189009024 3.3295900006316415 1.3735172362933235 0.22642338638416823 0.7531943028944778 -0.5862073206566929 -0.19440002930916525
1645102026.117218 2.607743107628572 3.331263524209132 1.3743757577671367 0.2292989735699099 0.7565879430168148 -0.5815827376535558 -0.19172314466206922
1645102026.12383 2.603848448427482 3.331622499533849 1.3741447027753848 0.22718311897860147 0.756288141052562 -0.5831492151940072 -0.1906637573176855
1645102026.1304178 2.5997624080433828 3.332246250510144 1.3737155198751192 0.2255764982277064 0.7568894918722352 -0.5837308074508784 -0.1883918412783779
1645102026.137032 2.595863391870019 3.3327731312782443 1.373437500492735 0.22391155943616775 0.7570799339517534 -0.5840909545402491 -0.18849651431513978
1645102026.143614 2.5940673208968845 3.3334892243737317 1.373422565274454 0.22535830861611322 0.7575799554401039 -0.5833082556999076 -0.18718259688085898
1645102026.150228 2.5891422114213727 3.334516933774056 1.3736828516832782 0.22430357962629915 0.7586798971634315 -0.5817667583775432 -0.18878495888643462
1645102026.163496 2.5819487068490314 3.335567583913732 1.373125216305173 0.21977633310044975 0.7583353756620104 -0.5855253102433711 -0.1838084019315954
1645102026.170035 2.575228914540963 3.3354162033251455 1.3717935806999884 0.21559422043738416 0.7544642065803229 -0.5896322716220775 -0.19140602529537207
1645102026.1766222 2.574689194337802 3.3354828125167395 1.3716511706677301 0.2215293829638923 0.7562260264407528 -0.5870766824556213 -0.1854386610822114
1645102026.183242 2.572288775279984 3.337770949558153 1.3728241826147631 0.22068325267811492 0.7601030397674549 -0.5837318380658992 -0.18110495857236253
1645102026.189827 2.566985498327278 3.338675098319261 1.3725844643437792 0.21831813242481415 0.7594401941383284 -0.5851159385329563 -0.18228195741124634
1645102026.196419 2.5627744888886754 3.3388053502545505 1.3719735718537307 0.2146484203233545 0.7586861553799614 -0.5886060646363228 -0.17850450967260992
1645102026.203029 2.557837800740531 3.339500008504384 1.3715592473363456 0.21269591994400266 0.757217471609985 -0.5897700995625084 -0.1831747347534318
1645102026.2096388 2.554285579128437 3.340782856043825 1.371907829012825 0.21191157867670765 0.7591802503519062 -0.5879988789484468 -0.18164727753020643
1645102026.2162502 2.5525659317246854 3.34176816172903 1.3720908841525348 0.2153555488039868 0.760989409130655 -0.5862539091379195 -0.175564986934518
1645102026.229471 2.542969665939557 3.342075669246605 1.3706540967277068 0.20870217810421382 0.7588213563516072 -0.5911016365735906 -0.1767257894049495
1645102026.242657 2.5425776846323758 3.34336452199864 1.3712738430296056 0.21462227092607758 0.7615918841690018 -0.5869595409517974 -0.17144435289886864
1645102026.249214 2.536156909434614 3.340782690792983 1.369754685241404 0.21230215905451585 0.7541251915387516 -0.5950728714182719 -0.1791950284872801
1645102026.2558541 2.5306684956906467 3.3446323765578123 1.36999504312639 0.2025453095542139 0.7599640023387146 -0.5932832658256001 -0.1715945226752049
1645102026.2624462 2.5315556614817765 3.3457496389500925 1.371088264328715 0.21400528549197623 0.7621161730094654 -0.5853381521558153 -0.17538392973529268
1645102026.269056 2.525565077508805 3.3432978159198217 1.369632691939401 0.21144685303825733 0.7561733889221011 -0.5933306228304601 -0.17734259711389477
1645102026.275647 2.5199899777264916 3.3462900640167077 1.3693773831619225 0.2049890970232382 0.7598682440056785 -0.592276097054395 -0.1725929861824669
1645102026.282222 2.5168199323855296 3.345802495731475 1.3693392299334881 0.20698859410725554 0.7581270545251142 -0.5944038230393194 -0.17053677708940837
1645102026.288824 2.511816209245607 3.349099201298644 1.3696660604891095 0.19614744686785615 0.7625469390807776 -0.5939945624458824 -0.1649799654176516
1645102026.2954319 2.5122494092904635 3.346999239862618 1.3696177995388326 0.2114989578735155 0.7592752453107571 -0.5914856737904689 -0.1700399782036799
1645102026.30202 2.5053171735664903 3.34888913219816 1.3688264092312743 0.19855335084613274 0.7605382368574098 -0.5964060608571722 -0.16265781005141028
1645102026.308631 2.4997859412549226 3.34962060773902 1.3685448244203045 0.19347193091697035 0.7603223614341685 -0.5972606662615798 -0.16660672703265672
1645102026.315223 2.500676522153528 3.3503440500291326 1.3692161846743562 0.2030205035979707 0.7621181947102715 -0.5927168249509154 -0.16323262069970906
1645102026.3218691 2.493463834219977 3.351556913829363 1.3685954924754946 0.1939331717890813 0.7629602552497614 -0.5956498102508831 -0.15963229455915454
1645102026.3284638 2.489313878015 3.352589405523762 1.3688266627624177 0.19244594023315184 0.7632220002234112 -0.5939566065572184 -0.16634868718196438
1645102026.3350542 2.4851975615428663 3.3539706573337194 1.369085590951452 0.19016295343962542 0.7648994374150248 -0.5930581794151293 -0.16446428104915256
1645102026.341629 2.4788770474318667 3.354411051216662 1.368163251481504 0.1838534309941097 0.7644206438498176 -0.5965280108898745 -0.16128520175398833
1645102026.348235 2.475914829286938 3.3553512365198452 1.3681682794496015 0.18551404740863375 0.7657063031041043 -0.5954998065787083 -0.15702855892549605
1645102026.3548229 2.4747009748619884 3.3570249422390708 1.3692050371255973 0.18973237793286896 0.7683064681165375 -0.5908023615667903 -0.1570316857080485
1645102026.361469 2.4665053771897925 3.3570396878545696 1.367923326659837 0.1795014738213048 0.7665504471364168 -0.5959846131952715 -0.15805555909072494
1645102026.3680608 2.463949228441967 3.3580263996788613 1.3680341190272485 0.1822305549174628 0.7678327977377928 -0.5946848209216711 -0.15353948459658387
1645102026.374669 2.459031604292158 3.3580014135966554 1.3677241654399788 0.17914272463079514 0.7661086293880378 -0.5971444464639273 -0.15621640132996073
1645102026.381227 2.4566157406484233 3.359679429554673 1.3683461932297585 0.1818785030853979 0.7694706035642547 -0.5931614693232448 -0.1516386092492142
1645102026.387841 2.4517290180166733 3.360410415522884 1.3682770210307253 0.17768396062025918 0.7691816812988244 -0.5946057760202512 -0.15241886413422856
1645102026.394437 2.44915901430081 3.3615965919189024 1.3684979050813706 0.1802688971641481 0.7710282672293213 -0.592620883214658 -0.14771127692432387
1645102026.401079 2.443565565664922 3.3620025794938893 1.3680633911867146 0.1751529493747834 0.7703872095874938 -0.5947167129134943 -0.14878377994417347
1645102026.407667 2.440232815268513 3.3631433765166903 1.3683316666283012 0.17559224478810684 0.7717834749510349 -0.5936949189897455 -0.1450640150065577
1645102026.414263 2.4327040854388224 3.3635063828797507 1.367387951110635 0.16689463774510277 0.7706953779572024 -0.598021045403116 -0.1433360746386986
1645102026.4208572 2.430648673100829 3.3643784244438395 1.3678853628524579 0.16953193770236244 0.772023258428961 -0.5958409332229383 -0.14216956916766513
1645102026.427456 2.4240450365380672 3.365030072642017 1.3672402264889831 0.16312209827897564 0.7716441516151895 -0.5988464756922338 -0.13906466577741164
1645102026.4340491 2.421932708650987 3.3657969383496487 1.3677574432216264 0.16561285653933433 0.7727759103662961 -0.5970297144450245 -0.137640406692514
1645102026.440622 2.417514273205812 3.3665331572442554 1.3676860413864815 0.16339674663621562 0.7732161353870982 -0.5975272868091029 -0.13564309171446828
1645102026.447233 2.4131424226806484 3.3673649042398144 1.3676443136900178 0.16185430026099656 0.7739301225195673 -0.5974451236960928 -0.1337694759262747
1645102026.453822 2.4108381975439968 3.367527791203278 1.367852290514295 0.16345633359410658 0.7745531806436975 -0.5975620058753508 -0.12754860341905946
1645102026.460416 2.40568915626755 3.367835558517007 1.3674077996608474 0.1601571081166935 0.773952001445048 -0.5992991445125009 -0.12723254593947209
1645102026.467021 2.399349996313274 3.369846026385928 1.3672877223482902 0.1556186725140187 0.7756110116597323 -0.5992153472706468 -0.12308919814941703
1645102026.4736488 2.3940799441657195 3.370558787100723 1.3673364240369996 0.15148254730473507 0.7758981302442985 -0.5998759424150314 -0.12322163167661164
1645102026.480222 2.3892676480287243 3.3709881920041873 1.3670215677292274 0.14861500035183192 0.7751986655249792 -0.6016190072940926 -0.12261636187972348
1645102026.486825 2.386943415847902 3.3717026384252486 1.3674416748318667 0.15144560674482774 0.7760540254394723 -0.5997452611837907 -0.12292109325933427
1645102026.493418 2.382981958489281 3.372856535571296 1.3677400240350277 0.15084324707250513 0.7776843171450122 -0.5981763966333069 -0.12098762819503091
1645102026.500015 2.3795707642079997 3.3735844307359972 1.367607417026951 0.15200974780255616 0.7779071416322578 -0.5982109241397975 -0.1178847045598635
1645102026.506625 2.375766957370699 3.3732157186373213 1.3674702506232437 0.15035267541963446 0.7774549367552379 -0.59953631041061 -0.11624841073846848
1645102026.513216 2.36958171423555 3.374906972889131 1.3676134896028893 0.14710432030055695 0.7789258873854433 -0.5979333338596171 -0.11878591961911955
1645102026.5198169 2.3652270046304276 3.375606125504405 1.367644718973531 0.14550499038337567 0.7795769388060619 -0.5976993263146703 -0.11765716810248723
1645102026.526413 2.3607860163686034 3.3762808712527668 1.3676372743188538 0.14383273328963192 0.7802455956031299 -0.5975043849425941 -0.11626290885638572
1645102026.533021 2.355414803070854 3.3767551454531657 1.3673220939479134 0.1401013167864967 0.7805825722843717 -0.5986295630043816 -0.11271514938950444
1645102026.5396109 2.35367265413515 3.37752305933815 1.3676307410586768 0.14364583991760577 0.7820196642949181 -0.5962819890529326 -0.1107181166022223
1645102026.5462232 2.348388124206171 3.3777854881714324 1.367634686025672 0.13951330112539445 0.7823167109001766 -0.596773461036584 -0.11125477605723455
1645102026.5528178 2.343986187015919 3.3792911050739645 1.3682683920896288 0.13764608326684502 0.784395108269881 -0.5947465674337644 -0.10979061480430484
1645102026.5594208 2.340381168083053 3.378812874224372 1.3671788324523177 0.1377803908847501 0.7820951509237097 -0.5983332412493504 -0.106492534726784
1645102026.566051 2.3358178954411515 3.379199748107487 1.3670947291358928 0.1355198162232226 0.7823964041771688 -0.5987285909803218 -0.10494717760894602
1645102026.572625 2.3306854855058567 3.3810314255706255 1.368255238602561 0.1319662922082272 0.7861384793867551 -0.5945252752851526 -0.10540627035463304
1645102026.579256 2.3266433091828906 3.380347878457824 1.3677134678707412 0.1302829221005469 0.7857126418096182 -0.5956365648605041 -0.10439673044416424
1645102026.585844 2.323101622396528 3.3809902401249095 1.3673856513403848 0.13033718022789778 0.7855027720300626 -0.5965775892445958 -0.10046088803357799
1645102026.592457 2.317764955585389 3.3814563772976514 1.3676565363886182 0.1249523269137266 0.7864229698202073 -0.5965140111912364 -0.10048114850710753
1645102026.599078 2.3130887102005477 3.3817200754324417 1.3674797067915696 0.12222383162484084 0.7866844135962905 -0.5967911041613222 -0.10014458602798319
1645102026.605621 2.3089520395995966 3.3820808416567743 1.3676581847314435 0.12095932686845104 0.7873651002784735 -0.5964406887039672 -0.09840296808255967
1645102026.6122282 2.3048992219463815 3.3825730958917117 1.3675217223125542 0.1197242593617533 0.7888477308629916 -0.5947980731069441 -0.09798066047510746
1645102026.618824 2.300587789859842 3.383586702086024 1.3678717236688636 0.11666163813233126 0.7898205733614825 -0.5945243947927805 -0.09546651752959327
1645102026.625451 2.295893612520214 3.3824620845631896 1.367582843562859 0.11603661625378382 0.7884530635163135 -0.5962398259995981 -0.09682423623996822
1645102026.6320288 2.2918910844734586 3.383108893171064 1.3677008328484306 0.11488810692162199 0.7898537406105526 -0.594899350954264 -0.09500603856136126
1645102026.638619 2.2884536071263173 3.3847257934969184 1.3675859117813527 0.11532723049419917 0.7923754015088783 -0.5919144570846456 -0.092074544493018
1645102026.645222 2.2842055731257793 3.385140388642756 1.3676251862200062 0.11372509476722169 0.7932822619874402 -0.5911602243206248 -0.09109906027342894
1645102026.6518242 2.2786228770850356 3.3858139065983135 1.3676811011826895 0.10956125916701996 0.7941805115408099 -0.5910658167375682 -0.08896315926074748
1645102026.65842 2.27594517384813 3.385871082376527 1.367682911641521 0.11049694997200944 0.7952749477309766 -0.589494381097355 -0.08845421446769094
1645102026.6650162 2.271797094767648 3.3859845851716934 1.3675210761292003 0.10924208876351073 0.7955716022048204 -0.5895046200914794 -0.08726906810400616
1645102026.6716192 2.2676528392485293 3.3862363902294716 1.3674759202773106 0.10765583518938307 0.7964111032197106 -0.5888819108421902 -0.08577451599841282
1645102026.67822 2.2635839162497198 3.3864112299872167 1.3674168875286237 0.10587615272081335 0.7971207668239889 -0.5884461494726562 -0.08437676493628739
1645102026.684818 2.2585133218663556 3.3865158815438865 1.3676418531014114 0.1013182942820486 0.7980286822736103 -0.5878123706736071 -0.08579648113428942
1645102026.691456 2.256306428514773 3.3857899351262812 1.3673428578543187 0.1010562374165959 0.7977788281667478 -0.588979072297421 -0.08024853467818248
1645102026.6980212 2.2506946105224306 3.3866326229023698 1.3674721628011421 0.09682209886142994 0.79905777695714 -0.5877788402954464 -0.08153390883028219
1645102026.704614 2.2465461058879685 3.3869030387106984 1.367456032602345 0.09483409080807735 0.7998858598101252 -0.5870437662004614 -0.08104513964287435
1645102026.711221 2.2427973549391482 3.386801090380784 1.3673248863630592 0.09308802351294489 0.8000858185030882 -0.5872952324591243 -0.07925407587205056
1645102026.717851 2.2387112832100207 3.3867482624550096 1.3673239931886036 0.091218876470399 0.8004517092648065 -0.5871635698806006 -0.07870646861704932
1645102026.72442 2.2338943223539074 3.386650321054399 1.3672583345656153 0.0888802956497272 0.8005376400595161 -0.5871579530395628 -0.08052890503770953
1645102026.731018 2.230307012554798 3.386896485901767 1.3673795354624876 0.08805073721379426 0.8015281141975589 -0.5861366534175586 -0.0790137076689957
1645102026.7376168 2.2266661280547586 3.3867361316964844 1.3671783151747483 0.08546618587545488 0.8015167895276255 -0.5868313347798727 -0.07677852202321556
1645102026.744211 2.22246114926881 3.3864641942171554 1.3670213358485235 0.08295603855769322 0.8013770559691646 -0.5874003555508724 -0.07663890811036862
1645102026.750818 2.2188514830882595 3.3866679549298015 1.367122746227754 0.08209761661016234 0.8022757089723701 -0.5864985399317239 -0.075051466790372
1645102026.757419 2.214834797770216 3.386562807885865 1.3670187534068223 0.08031888464329247 0.8025121763447535 -0.5865026100233809 -0.07441341746781707
1645102026.7640178 2.2109644928881305 3.386364815724665 1.3668872989318042 0.07868380658162845 0.8027399307169639 -0.5865850903468243 -0.07304095403530424
1645102026.7772439 2.204490121302543 3.386115819187237 1.3667866434391538 0.0760673998574001 0.8037162278749669 -0.5864646492290208 -0.06567177962550538
1645102026.783812 2.1994464525213897 3.385864781981306 1.3665766266280164 0.07443370739182292 0.8034993295310441 -0.5865567933260686 -0.06927606526225043
1645102026.790418 2.1954991073316297 3.3856881909237466 1.3664903001978521 0.07296163773785752 0.8038486925200766 -0.5863967909083986 -0.06813425589013268
1645102026.79701 2.191714693174113 3.385301169014571 1.3661489530262436 0.07149072210026061 0.8036914420806006 -0.5869631567167074 -0.0666557361007306
1645102026.803621 2.1890775466510557 3.3852890360884125 1.3663027331130937 0.07030785976357454 0.8046127394625346 -0.5866278505228905 -0.05935070327184792
1645102026.8102138 2.1854961811670064 3.3847451109231925 1.3658736015978832 0.06930328776464591 0.8043116620039948 -0.5872736591725397 -0.0582154988415691
1645102026.816822 2.181915007452954 3.3845911335522305 1.3657444601721638 0.06762840007027993 0.8041939303648254 -0.5878447290435804 -0.05600618611470882
1645102026.8234181 2.1783679270308793 3.3836398909895182 1.3653668282933555 0.06794855882883911 0.8039198354049198 -0.5881339069776199 -0.05651536760219641
1645102026.8300202 2.1753920357016927 3.3834111140644443 1.3649787152013664 0.06577356326628855 0.8047823275518992 -0.5877224799067639 -0.05080469175009142
1645102026.8366148 2.1702029130658334 3.3837498892938176 1.365358648846925 0.06297998016285494 0.8050235534890207 -0.5875504496332954 -0.052484893876947256
1645102026.8432178 2.1666298860702096 3.3829917088653088 1.3648216572954157 0.06151986698602976 0.8045588180276882 -0.5883798086081365 -0.05205001243520333
1645102026.849812 2.163029395748273 3.382760161763474 1.3646690367770382 0.060123931035759574 0.8047997983394746 -0.5883550581583502 -0.050202701070509295
1645102026.85642 2.1572870154778627 3.3821183445279988 1.3643909301072725 0.05859794727856962 0.8042784437864675 -0.5885404321094351 -0.05763865961970158
1645102026.863016 2.153686998985023 3.3818849151842376 1.3642117838357735 0.0571928354220155 0.8045661771048812 -0.5884356055423321 -0.05608360666007784
1645102026.869617 2.150462634193476 3.381337106033802 1.3637971466423655 0.055529528041809446 0.8042836746402818 -0.5892216593003807 -0.05349457732782082
1645102026.876249 2.146275253823407 3.381081735900708 1.363691067054856 0.05455947328767801 0.8046155731961884 -0.588811905265284 -0.05401087861643818
1645102026.882862 2.1444036914041322 3.3807604644617664 1.3634037220427584 0.05249836374719641 0.8045066989500196 -0.5899161656327228 -0.044848598568107266
1645102026.88942 2.1393001380019916 3.379885287689228 1.362887814942389 0.05163745892874176 0.804231500340858 -0.5899694477176608 -0.049808672931608344
1645102026.8960562 2.1355733829153523 3.3795216865820006 1.3627130646917018 0.05058971579239634 0.8045669015927477 -0.5896923271170577 -0.04873732177231972
1645102026.90922 2.1324995469739463 3.3789723597362182 1.3620405611342608 0.051739300101353164 0.8041174969905504 -0.5904296937343246 -0.04593981439830878
1645102026.915856 2.1292469411730544 3.3781235263652136 1.3614907965713845 0.05027739848970431 0.8040790800519265 -0.5908299818134942 -0.042994637790241104
1645102026.9224231 2.1250825326916596 3.3779504592151013 1.3614875775726158 0.04948509396811328 0.8044888213417605 -0.5903264781217814 -0.04316488655790473
1645102026.929051 2.120647387190171 3.3779947526348844 1.3617614672002323 0.04520067934707712 0.8054205703685243 -0.589465475532147 -0.0422450721655264
1645102026.935622 2.1176121774502317 3.376780669891663 1.360987244918719 0.04463145966552818 0.805278204048287 -0.5898688462248115 -0.03986711738239264
1645102026.94222 2.112305997727719 3.376837189442461 1.3611782489134399 0.04276785567922434 0.8060666220128087 -0.5887169557245064 -0.04288874476823851
1645102026.948819 2.111226703238699 3.375993037337626 1.3606466506338422 0.04051119734046431 0.8054555200799958 -0.5904566845122211 -0.03099588399194793
1645102026.955416 2.1072037540888813 3.3747238107646376 1.3599603274799121 0.040869337227280436 0.8047309616469388 -0.5911533494155137 -0.03570827917839327
1645102026.962034 2.1038395476806433 3.374293620374732 1.359762971418724 0.038906423688896796 0.8049575850060943 -0.5911579158639984 -0.03258048326506715
1645102026.9686542 2.100066459761847 3.3726485775572703 1.3588064503670816 0.0362916822283225 0.8035358222343133 -0.5933301507241416 -0.031177226059880193
1645102026.975255 2.0964057954876707 3.3721640153379835 1.3582964082573656 0.03573099035769464 0.8033129631959731 -0.5937347984179022 -0.029835553936100795
1645102026.9818509 2.09238974858143 3.3719065288647556 1.3584247610686455 0.032000819858426836 0.804329553697585 -0.5926475317607387 -0.028256145834415786
1645102026.988425 2.088573734881095 3.371184836533385 1.3581284762316743 0.03060333250797895 0.8041573669581313 -0.5929585992237557 -0.02817891312353077
1645102026.995051 2.0844216610681245 3.3709435643587002 1.3578535158189458 0.03143434910043085 0.8038434288890999 -0.5931809556273647 -0.0313618036445158
1645102027.001621 2.0802635353930854 3.3706435144507623 1.3578352569683303 0.028330815549321608 0.8046405741510272 -0.5922853990630924 -0.03079780200546614
1645102027.0082188 2.0773631438167595 3.369058040431147 1.3570992541588176 0.02667980825071297 0.8038665552532487 -0.593566396657302 -0.027663509140005735
1645102027.0148191 2.0730704230492867 3.369348602531158 1.357399936365357 0.026017070732259256 0.805262477996249 -0.5916303160386468 -0.02913098036871886
1645102027.0214138 2.069671937091628 3.3693702884727834 1.3573194804870787 0.024300570784886313 0.8055448853598216 -0.5914369070098943 -0.026625044815834196
1645102027.028019 2.065002811152662 3.3679168651058227 1.3568157407327937 0.02334920819116178 0.804963257151203 -0.5921822546392642 -0.02843837072256085
1645102027.034614 2.0617213329413175 3.3678477874831123 1.3567098062668377 0.022766990253445314 0.8055551191815657 -0.591463063154494 -0.027086030440944875
1645102027.041224 2.0585465893579604 3.3673195497687645 1.3561161756865734 0.022798535048882098 0.8053019015818961 -0.5919347935212244 -0.024121809008359908
1645102027.0478258 2.053361006313586 3.3665370204731215 1.3560964425800623 0.019670654083921574 0.8055482833647806 -0.5915971874570282 -0.026784049374803547
1645102027.054423 2.0493746151349344 3.365705075642876 1.3558178607651978 0.018539692582570558 0.8053087762278898 -0.5919942580659447 -0.026008610296366
1645102027.061016 2.0450736684339317 3.3642051301672846 1.3549278507505642 0.017096470203702863 0.8038116680654346 -0.5941325821372087 -0.024506790722921307
1645102027.067622 2.0412210575011818 3.3643699279326724 1.3552550851201386 0.01565613903192514 0.8052135795494845 -0.5922690857994618 -0.024553955734953687
1645102027.074254 2.037408661252207 3.3635606031456056 1.3549583123994582 0.014852234691289514 0.8049536478570787 -0.592667502840667 -0.023955425109105942
1645102027.0808551 2.033274809048812 3.3629066084634562 1.3547411634803577 0.01322860274106709 0.8049040347481384 -0.5927979786710776 -0.023337579145315396
1645102027.087426 2.029192559126516 3.362048046938773 1.3543988364108488 0.012078250809993784 0.8045544068451891 -0.5933132242481732 -0.022920108803027302
1645102027.0940201 2.025183357319179 3.3614533921403456 1.354235280119891 0.010571010811930974 0.8045956391288162 -0.5933175234044094 -0.022091174921191635
1645102027.1006122 2.0216240416027387 3.3604885560149453 1.3535071621284964 0.010948839732297546 0.8034690755936303 -0.5948695941341969 -0.02114996896148896
1645102027.107255 2.0172679239869105 3.3598602580761576 1.3536289451409778 0.008215266732458983 0.8040502483920929 -0.5941299774647024 -0.02109197946128794
1645102027.1138198 2.0130280604271786 3.35913218886828 1.3534096639875852 0.006609884676932932 0.8037335316284011 -0.5946009442989546 -0.020445619244889347
1645102027.1204212 2.009125162300757 3.35830069915583 1.35309910872116 0.005562706856676088 0.8033989250720608 -0.5950775873077898 -0.020036907814993118
1645102027.127027 2.005194772631889 3.357698808465353 1.3527699954397616 0.0044751336630137455 0.8032531012460611 -0.5953104595291139 -0.01922182539155754
1645102027.133621 2.001048570982198 3.35707747700289 1.3527052739659342 0.002740243128210213 0.8034272080401985 -0.5950934017492922 -0.0189907533875245
1645102027.140217 1.9971767682483634 3.356201280443925 1.3522267391940406 0.001976414153486395 0.8028230985606701 -0.5959306171261254 -0.018369876970982357
1645102027.14682 1.9930271420412657 3.355574594387926 1.3522299480617852 0.0004192413226971805 0.8027803934110743 -0.5960107193257979 -0.017727875588815348
1645102027.153419 1.988937716934022 3.3548871450379276 1.3519704161390171 -0.000624336124201372 0.8026158708799884 -0.5962365696100852 -0.017576145222259216
1645102027.160023 1.9853555470005293 3.3543138046900345 1.3514497802200152 -0.0006378960107295997 0.8024542744788004 -0.5964825410170342 -0.01658004676595491
1645102027.1666172 1.9820359061477457 3.35393265901439 1.3512480784230727 -0.0002614947881745237 0.8027311967365942 -0.5961251487797371 -0.016029821067933013
1645102027.173221 1.9775182606856851 3.3532674132794527 1.3512405652490969 -0.003003830055738424 0.8029354870147385 -0.5958497783721134 -0.015754676226399717
1645102027.179817 1.9734113385061305 3.3522160723167236 1.3507188064254516 -0.0030768915475513315 0.8019822676514328 -0.5971565671851919 -0.014785226299635726
1645102027.186424 1.9695960929888425 3.3521931622957 1.350951849504568 -0.003989827876759356 0.8032184798504632 -0.5954883178778585 -0.01474469172582636
1645102027.193114 1.9652629570661897 3.3514097536523515 1.3506669010621626 -0.005094557087721031 0.8029574499211551 -0.5958492988634643 -0.014020600307577905
1645102027.199626 1.9614600562389086 3.3506888984473657 1.3503233519354838 -0.004858454243760351 0.8026174035891024 -0.5963192476517533 -0.01358839043307172
1645102027.206217 1.9568118470367795 3.3495876747098476 1.3500839485863527 -0.006671313798244216 0.8021577474285163 -0.5969349473181088 -0.012911181230417778
1645102027.212821 1.9535196135274666 3.349500600321976 1.3500336660471652 -0.005498172873899774 0.8028925028628853 -0.595964749984812 -0.012609725873577409
1645102027.219424 1.9487242161157867 3.3477244593118103 1.3490614541047838 -0.006876883017873088 0.8009835726576578 -0.5985504716194512 -0.01072127766197147
1645102027.22603 1.9447667123651882 3.347689595690022 1.349403930150027 -0.007378858240360824 0.8021243482711171 -0.5969976636435446 -0.01163888729357255
1645102027.232621 1.9411880126899466 3.3470201427731907 1.3488445413332877 -0.006419437692090057 0.8015642364795678 -0.5977924470035445 -0.00986626138659777
1645102027.239222 1.938071230626877 3.3465524520107173 1.3486475397474869 -0.004928634566783637 0.8016237922695852 -0.5977363421532518 -0.009266183495119734
1645102027.245815 1.9332570872977106 3.3457311621196273 1.3485331194032928 -0.0071704060249095395 0.8013829109009066 -0.5980428474651468 -0.008852204157242057
1645102027.2524228 1.9301848785083258 3.3456071933419462 1.3482926592954776 -0.005562958373356925 0.8017771414456872 -0.5975431815343496 -0.00801308528217655
1645102027.25906 1.9257159754074094 3.3443449353833046 1.348101342408852 -0.007103217533774178 0.8009107063655511 -0.5986913297915044 -0.007737194491770692
1645102027.2656279 1.9220844088975437 3.343518631314027 1.3478660761164545 -0.008148046451269802 0.8002041570006984 -0.5996412253170784 -0.006075350500755996
1645102027.272258 1.9179127485337946 3.342955703042596 1.3477029507588782 -0.007811089063247397 0.8001119986635272 -0.5997514684040606 -0.00758586823177049
1645102027.278864 1.9141902753297857 3.342521643557823 1.3474957030642476 -0.008659381180724101 0.8002163669759016 -0.5996249145569623 -0.005323294170880436
1645102027.285422 1.9092959944333152 3.3413370328695016 1.3473217518600837 -0.011595823892297128 0.7998188337574427 -0.6001070055475144 -0.005152310873326728
1645102027.292023 1.9064131471803445 3.341728984165069 1.3471539099313954 -0.00927984672952266 0.7998478374288585 -0.6000906372986067 -0.0069384510470057986
1645102027.2986612 1.9032859230851233 3.3419316707719338 1.3471177175158504 -0.0089707646187904 0.8006451851494605 -0.5990432499524073 -0.0057957121647522454
1645102027.305221 1.8989147849868575 3.340928351030737 1.3467995237982477 -0.010119016526756277 0.7998494905613581 -0.6000762698029125 -0.006816141870439156
1645102027.311858 1.895526850049101 3.3408406950810954 1.3468851209062185 -0.010396527788851228 0.800591241559362 -0.5990892508945843 -0.0061019932391500765
1645102027.318421 1.891918764760806 3.340387108601044 1.3471330188491515 -0.011174683502178479 0.8015533445228125 -0.5977960333308122 -0.0051821758696119396
1645102027.3250601 1.8881099644842954 3.3401143378325786 1.3465159370181854 -0.011225725242567978 0.8007635551203096 -0.5988514590652985 -0.0053134838115438685
1645102027.33166 1.885031631620114 3.3402057610643823 1.3466984297963873 -0.011542965593593007 0.8017956806278818 -0.5974668179351432 -0.004841628193045072
1645102027.3382258 1.8811517511808207 3.3393111154852364 1.3466262698206444 -0.012121664144713277 0.801537957120369 -0.5978062185153032 -0.004157789816557836
1645102027.3448582 1.87810513814579 3.3393950906157963 1.3467195709206918 -0.012530656845090462 0.802537302486244 -0.5964635236910955 -0.002777361403003869
1645102027.351425 1.8743826864036837 3.339762522165252 1.3462855324311094 -0.014418911898024704 0.8028365105070935 -0.5960183625749294 -0.0027085795674700592
1645102027.3580182 1.8706316932130178 3.338122105277196 1.346357577248098 -0.014600379002715238 0.8016662250143778 -0.597590103433559 -0.0019359136530588462
1645102027.364664 1.8714458253117148 3.3348722702524607 1.346011620848047 -0.0030358943627043075 0.7976839276025361 -0.603064143862211 0.002089731905239585
1645102027.371225 1.8646785998927287 3.3369484436486783 1.345615738774881 -0.014713171260943228 0.7992303784179279 -0.6008435458394459 -0.0009734515342972237
1645102027.377824 1.8607944770544218 3.337651786076619 1.3459542120406265 -0.019656608762506873 0.8021181427401124 -0.596838337024787 0.0019222690296830658
1645102027.384414 1.856744470261678 3.337089585525199 1.3458274855304755 -0.020565485673529997 0.8013453469898476 -0.5978456275980388 0.0017007686196050377
1645102027.391051 1.8564899512172035 3.3346855634804586 1.3456767594010874 -0.012571302058174258 0.7984277970329573 -0.6019565666339656 0.0017025283044858578
1645102027.397623 1.8509706293401385 3.3366275219947283 1.3460823452584076 -0.02076649691606015 0.8008158380130235 -0.5985427865582237 0.002978833176284259
1645102027.404253 1.8473271323343203 3.335172961511758 1.3457860528834562 -0.022963236431452184 0.79929796794966 -0.6004784391797567 0.004547399540903679
1645102027.410848 1.8438954895060689 3.3348725690974357 1.3458828150681108 -0.023976165810185805 0.7991012187231449 -0.6006915563452868 0.005624257185186025
1645102027.417453 1.8411688065909315 3.334688864678064 1.3459018191872292 -0.023464181346170142 0.7987712003840862 -0.6011551335060932 0.005108668492675463
1645102027.424064 1.8376164792859868 3.3340110890609114 1.3458474106344767 -0.025470302174571566 0.7980002054814163 -0.602073325242297 0.007364780493827733
1645102027.4306319 1.8347701621429657 3.3340330564871197 1.345793614578517 -0.025859986587893267 0.7984386832068444 -0.6014718034398802 0.007628110429156792
1645102027.437228 1.8312960155912275 3.332379940451161 1.345369138335229 -0.028024117153041372 0.7962974881512525 -0.6041520170688157 0.011175332561488666
1645102027.443826 1.8280023402444878 3.332718511064984 1.3454397867498937 -0.02801836089718705 0.7971138465007549 -0.6030758709396739 0.011116326878282463
1645102027.4504309 1.8248664363363487 3.3322134620654027 1.345456996703406 -0.02776692964998298 0.7963435009349553 -0.6040852286597446 0.01210992180497678
1645102027.457025 1.8218506138391195 3.332404644270116 1.3455117458132089 -0.028595688665058634 0.7970878141709066 -0.6030287789183044 0.013754378614690104
1645102027.463661 1.8190413759907598 3.3315817542721358 1.345322694529179 -0.0285257832033858 0.7959697712554346 -0.6044257510078794 0.016955973460882623
1645102027.4702249 1.8156410556964766 3.3313284568277854 1.345083906213003 -0.029383139968853122 0.7961825162150512 -0.6040797641011768 0.01781192456600123
1645102027.47682 1.8124679551868037 3.3300997636293284 1.3445949245081195 -0.031351113119808025 0.7951296311137895 -0.6052611333266854 0.021083911472036917
1645102027.4834251 1.8094183605706493 3.329337558433386 1.3444178272874123 -0.032128935334487345 0.7939633161221584 -0.606673013868078 0.023182554851494938
1645102027.49002 1.8062952442699605 3.33039087632723 1.344723459408842 -0.03136295364716157 0.7963464089751123 -0.6036003895359718 0.02269198416870502
1645102027.496623 1.8033174581249896 3.329332911039035 1.3442844389543607 -0.03240616311464983 0.7942984711858828 -0.6061630917149449 0.024610426850451454
1645102027.503267 1.7996814019684004 3.3289954941269277 1.344001123063757 -0.03363521435252701 0.7947421754230223 -0.6054598158892385 0.0259143137378802
1645102027.5098538 1.7966830620692207 3.3293489213757845 1.3440473846754912 -0.032941155967135635 0.7954517660018715 -0.6045640636201868 0.025947140762474643
1645102027.516501 1.7930676757649826 3.3276231561211422 1.3432270037495708 -0.035758702144244814 0.7934145625638238 -0.6069767243101809 0.028169042952505587
1645102027.523062 1.7905273277787128 3.328951296388218 1.343844732829894 -0.03382743856727137 0.7965844953608847 -0.6030093003532087 0.026233902117507386
1645102027.5296261 1.7874841066693432 3.328168873211358 1.3433828475831264 -0.03430715574435576 0.7957875993047093 -0.6040089364497526 0.026793808773663497
1645102027.5362198 1.784942889488473 3.3280721634020827 1.3430467255918415 -0.03465326728794533 0.7959150532578423 -0.6037308553228086 0.028758067051266253
1645102027.5494661 1.7778967089695854 3.32630736291821 1.3420708909873817 -0.03761552786525571 0.7948711051303341 -0.6048482024922119 0.03038491193804698
1645102027.556057 1.7745738256814891 3.326961962576986 1.3421442213282035 -0.037543799527726275 0.7960841791722765 -0.6032599398725483 0.03028991127459673
1645102027.569228 1.7720477928440428 3.325490166523187 1.3412873432772712 -0.03996394952931348 0.7942074825952057 -0.6052550910258282 0.0361001846042899
1645102027.57583 1.7684168254178885 3.3249123183304907 1.3410391603407261 -0.0410262206707821 0.7948583910846034 -0.6045102825565278 0.03292255427040363
1645102027.5824268 1.7652801765374797 3.3243734612555595 1.3406463754879623 -0.041664030013855 0.794569013962799 -0.6048313320056068 0.03320902482003413
1645102027.589065 1.7617749229622834 3.3242003320844273 1.3402567743952976 -0.04348388992609824 0.7946150628524786 -0.60455426600849 0.03478197439920703
1645102027.595628 1.7584270558225346 3.324274882738162 1.340371737073607 -0.045722960912032984 0.7958213025564127 -0.6027662638280874 0.03535939437962544
1645102027.602266 1.7552259627189957 3.3256714369477742 1.340741882825908 -0.04646105098855436 0.7977709392840061 -0.5999219394836741 0.03868013059557515
1645102027.6088572 1.7518983666330548 3.3241449122656674 1.3397909815317361 -0.04824551378715731 0.7961404728658678 -0.6018535178613897 0.040058063277316903
1645102027.615437 1.7483869809944417 3.3230406733659126 1.3388666871863413 -0.04892712961033551 0.7941714608535176 -0.6043020411879327 0.041430203675766
1645102027.622066 1.7451243904810174 3.324451280153585 1.339319503774554 -0.048220089446805676 0.7971689266991276 -0.6004390442896478 0.040854272722413695
1645102027.628631 1.7411413202280366 3.3230351806020924 1.3384120326089795 -0.051379702058438725 0.7956821975990298 -0.6019504799216256 0.043648326715616394
1645102027.6352608 1.7378098729453442 3.322588265356116 1.3379311791183226 -0.05162461831629792 0.7952014006793534 -0.6024095005569563 0.04573852477006129
1645102027.641838 1.7339501179580767 3.3223646545030974 1.3375373533879595 -0.052616369432292524 0.79514707254899 -0.6023467710656722 0.04637466604046239
1645102027.648464 1.7312923760316037 3.3208838568257737 1.3362856627110682 -0.05085313911930945 0.7931700244710982 -0.6051557859889174 0.04562165920345039
1645102027.655037 1.7276805992210282 3.3211420385517076 1.3363438752122259 -0.051745395890943006 0.7946104189536213 -0.6030936570469277 0.04684360764060542
1645102027.661622 1.7235878578848027 3.3211183703882954 1.3359394515933027 -0.053856454172837076 0.7945337777634953 -0.6027670224959764 0.049870505821175755
1645102027.6682692 1.7202831005892898 3.319859748163559 1.3349462774959786 -0.05398956293290422 0.7920907887302122 -0.6057845836516786 0.05198014585928543
1645102027.6748211 1.7164340697040141 3.319685671804573 1.3344609607177005 -0.05470351871105845 0.7920034781720209 -0.6057539094201368 0.052913195465832355
1645102027.6814568 1.7127479831898336 3.319392026840013 1.333934998203058 -0.05553726034158873 0.7918234294257867 -0.6057701772425157 0.05452844963547659
1645102027.6880739 1.709055155955171 3.318899224815493 1.3334484940259128 -0.05597428572573681 0.7909894205333275 -0.6066429295059188 0.056449637996220665
1645102027.6946628 1.7054491626391604 3.318658395180003 1.3328646713064691 -0.0569880763641417 0.7907629165548736 -0.6066939730056411 0.05803779784933413
1645102027.701223 1.7019710025376407 3.3183263174575828 1.3323655384477924 -0.057492582882076815 0.7904868620507786 -0.6068790073418687 0.059351384661934084
1645102027.707867 1.6977996537708364 3.317671620274841 1.3317979192520268 -0.05944570239118326 0.7896919367138715 -0.6075538069618965 0.06108041560994951
1645102027.714468 1.694127132506418 3.317489476059098 1.331370289877814 -0.06030563875959372 0.7895425333457019 -0.6075253306481241 0.06243702288006903
1645102027.721026 1.6904879748840704 3.317576623712192 1.3312874494811335 -0.0619461280346615 0.7906890095958586 -0.605660284957196 0.06441103127019128
1645102027.727663 1.6865128876927147 3.3179745426053198 1.3308831081458892 -0.06232505134532733 0.790565087844747 -0.6056961791848805 0.06522392981933538
1645102027.734236 1.6827892847228556 3.3169315106962167 1.3303143670849198 -0.06488832386309981 0.7904102818757437 -0.6054550566541033 0.06681956109845129
1645102027.7408261 1.6788226177052874 3.3166528211870987 1.3298575714919372 -0.06669530110122045 0.7901779394441409 -0.6054013725286684 0.06825930202630191
1645102027.747432 1.6745222600288348 3.3172005553408104 1.329658854853002 -0.06717710809466261 0.7898959568675029 -0.6055933677364704 0.06933886409207134
1645102027.7540228 1.6706219229616464 3.315341580824081 1.3284688375346363 -0.07001670925191078 0.7874915639924133 -0.6081233186998833 0.07169600883338662
1645102027.760628 1.6668458099340573 3.315747845181563 1.328452731901227 -0.07201409826553819 0.7892083236774906 -0.605592300911742 0.07226166593635394
1645102027.76722 1.6628980693208968 3.314337340963732 1.3271488783096013 -0.07348926878203045 0.785959576109705 -0.6094271964983297 0.073925348385833
1645102027.7738738 1.6588688385433608 3.3140291660113887 1.3266398412102682 -0.0751194679624981 0.7856021439931942 -0.6095642987234589 0.07494861074377068
1645102027.780425 1.6548136837694851 3.31375717784741 1.326247784204356 -0.0765470895895126 0.7853243782397133 -0.6096365389629588 0.07582245122097259
1645102027.7870321 1.6506108459604336 3.3135930849178825 1.325850463132367 -0.07812417635884306 0.785207708085899 -0.6095002724595583 0.07651453433600999
1645102027.793626 1.646279100843611 3.313221022601639 1.3254250773687908 -0.07970482665004998 0.784616991348995 -0.6099113789689398 0.07765961863846098
1645102027.800228 1.64241329756621 3.3136723984608474 1.325439121801363 -0.08097814470938657 0.7863798535109534 -0.6073772028102086 0.07836957442903805
1645102027.806823 1.6380344395711153 3.312778757220297 1.3246382293169177 -0.08257881924906264 0.7844472988141685 -0.6094613599114409 0.0798724868681822
1645102027.8134599 1.6338243453540555 3.3130706897834252 1.3246496462199642 -0.08405564389697719 0.7857281029369422 -0.607481162103179 0.08082216615342544
1645102027.820034 1.6296030798185077 3.3127643065676167 1.3242672097698778 -0.08511456939959687 0.7851771426161115 -0.6079597559259337 0.08146713164782327
1645102027.826634 1.6254976296240307 3.3122025394453503 1.3236532906948872 -0.08654800693973862 0.7846206384701078 -0.6083187512318833 0.08263041733220387
1645102027.8332212 1.6213902397867097 3.311938895711016 1.3233325540559004 -0.08779757104373981 0.7846699293886358 -0.6079297179861178 0.08370030249402158
1645102027.8398552 1.6171333632813987 3.312323399807243 1.3234310254068287 -0.0891102626647994 0.7862216555586027 -0.6055215019530212 0.08519491725321728
1645102027.84642 1.6129527353243853 3.311468228602761 1.3227082406518862 -0.0906933861325946 0.7848949683331261 -0.6068161934093967 0.08653493017001784
1645102027.853066 1.6088007763190797 3.311141382504242 1.3223210104411949 -0.0923009011449901 0.7848268666960835 -0.6064442595863635 0.08804707660626587
1645102027.859631 1.604596761332447 3.3108219657861535 1.3220931310772148 -0.09392872784217389 0.7849052749027852 -0.605872930227432 0.08954710713135768
1645102027.866227 1.600199980280064 3.311852748188191 1.3228182337934882 -0.0960475253655167 0.788187285278257 -0.6010512580060635 0.09095412509534731
1645102027.872818 1.5960952119098204 3.3105927833956046 1.321802406179866 -0.09741652081490527 0.7858338254714756 -0.6036756069674312 0.09246932398378965
1645102027.879421 1.591996658323294 3.3102837136044307 1.3218272840173086 -0.09902902794128113 0.7860211854539649 -0.6029814549498392 0.09368512789924406
1645102027.886079 1.5878087952208133 3.3100819308061906 1.3216610327638676 -0.10074043152984258 0.7862867692558474 -0.60217395646381 0.09481879008566538
1645102027.8926258 1.5834200123659063 3.3101248120908444 1.3214708524137915 -0.10279933124814163 0.7866949649335019 -0.6010560131788975 0.0963046796677098
1645102027.899227 1.5792844963715627 3.309868027558632 1.3212791582819678 -0.10466902611929768 0.7867132383564063 -0.6004729520320524 0.09776761072898449
1645102027.9058611 1.5750873118935944 3.309521989233059 1.3211396718031467 -0.10656857812367912 0.7867133142910824 -0.5999785479929579 0.09874531266159248
1645102027.9124281 1.5708984870948044 3.3091526642477085 1.3209586496735275 -0.10834403106358283 0.7865597552480312 -0.5997115319382719 0.09965437853200379
1645102027.919348 1.566920430564791 3.309273897537784 1.3212149425134443 -0.10944960161457795 0.7881253425549872 -0.597443441857128 0.09970030586216024
1645102027.925622 1.562561681782332 3.3088578285536023 1.3209602501336553 -0.11183656743536902 0.7872499073861446 -0.5978605042355011 0.10145229755903007
1645102027.93222 1.5584793698009252 3.308542871340952 1.3208828305952547 -0.11370653566786923 0.7872790087573461 -0.5972688739064822 0.10262587604780748
1645102027.938829 1.5543222522370708 3.3081254918230014 1.3207424465442084 -0.11558972506844745 0.7870542156627389 -0.5970086957450833 0.10375394402542475
1645102028.014883 1.511615952685801 3.3050727580905552 1.3198480574630744 -0.1327641870963211 0.7898828909572322 -0.5872275885237972 0.11671351861657082
1645102028.018023 1.5076555660019781 3.304448333848263 1.3195279635041626 -0.13452301944785347 0.7892820325036549 -0.587152764654055 0.11911616006909834
1645102028.0246248 1.5040081855274647 3.304209037432299 1.3195896123145432 -0.13548805391949592 0.7905081112020002 -0.5851278745202062 0.1198535660321553
1645102028.0312252 1.5002618067521705 3.304042776343498 1.3195674466401697 -0.13664327605882043 0.7913435163064706 -0.5833998798413668 0.12144227777815725
1645102028.0378299 1.4963513104422361 3.303856447306574 1.3194993328788696 -0.13801359061403531 0.7917854196392294 -0.5822066906881336 0.12273168104153426
1645102028.0444312 1.4927053942498205 3.3033030578143325 1.3191533331266403 -0.1394453497188725 0.7918158267627572 -0.5814768375691732 0.1243662874021565
1645102028.051021 1.489166244639477 3.3034021851920494 1.3193188479520959 -0.14021832331197856 0.79339534299336 -0.578992721290829 0.1250186797804501
1645102028.057622 1.485429193452437 3.3026840030882156 1.3189800013823625 -0.14160699529766468 0.7932729850765763 -0.5788036858386616 0.12510520268222927
1645102028.070864 1.477816721163267 3.3021722743464035 1.319098625674135 -0.145814009706682 0.7949424374708478 -0.5750890603642271 0.12679495045621333
1645102028.077416 1.4742731366574593 3.3018226360865937 1.3191098209665861 -0.14743637729362033 0.7957144928921731 -0.5736424133668455 0.12662910801771315
1645102028.084024 1.4705105275969284 3.3016652951416328 1.3192618656853208 -0.14932605164909943 0.7965501584716923 -0.5719616414344617 0.12676376806161732
1645102028.090624 1.4666117870679438 3.301311906516883 1.3190820874203018 -0.15175947473096527 0.7963584293161634 -0.5714705666262677 0.12729215000462787
1645102028.097218 1.4629162889783418 3.301113165571641 1.319294633353856 -0.15392963223302258 0.7974085948920674 -0.569527070444082 0.12682154996410877
1645102028.1038709 1.4592894278008595 3.300633543666361 1.319134344078684 -0.15591840735363222 0.7972106042650393 -0.5693653415873974 0.126362163086562
1645102028.110451 1.4552569393352082 3.300840507126027 1.3196181314049544 -0.15850717440383075 0.7983211807209296 -0.5670547058066128 0.12652005851199513
1645102028.117051 1.4517703678399483 3.300255972148007 1.3193181118310542 -0.16006670678872836 0.7978378237927884 -0.5674596117503188 0.12578804538087876
1645102028.12362 1.4482048910190297 3.2998540957919533 1.319216985180585 -0.1618385963634759 0.7976998222088388 -0.5672095758157362 0.1255235302396573
1645102028.130216 1.4446872672492024 3.2995510689233036 1.3191230093268456 -0.16341342047903457 0.7976133754699714 -0.5669292858876473 0.12529858671876404
1645102028.1368551 1.4410551150168 3.2991734590693 1.319054530002727 -0.16524032976224143 0.7974246995682426 -0.5666605922140272 0.1253190088755114
1645102028.143442 1.4376105871252585 3.298976347828464 1.3190352181179739 -0.16655725965097393 0.7977154481972637 -0.5658892998080587 0.12521038717698244
1645102028.150023 1.4340679153298432 3.298554614416593 1.3188794396476318 -0.16816177481737957 0.7973093594702876 -0.5658611385209762 0.12577822665336535
1645102028.15662 1.4308641309209538 3.2986335972635663 1.3190467751697004 -0.16880970267459738 0.7984383833389573 -0.5640649497699497 0.12581637252722763
1645102028.163222 1.4270746830911156 3.2980562789929593 1.3186175531193982 -0.17006506027665635 0.7972311712478971 -0.5651263537997981 0.1270123696813708
1645102028.169842 1.4236267528227562 3.2976019377029555 1.318421584124517 -0.17099578424779482 0.7968632566177357 -0.5651725059437642 0.12786327083824278
1645102028.176416 1.420271299517564 3.297518488885228 1.318307010698124 -0.17135900047138927 0.7972509380784861 -0.56426924673728 0.12894515058174963
1645102028.1830258 1.4170244056059562 3.2968911819125477 1.3182424401917683 -0.1722305074457852 0.7972112991330733 -0.5638384428655673 0.1299099399030527
1645102028.1896162 1.4136587707997117 3.2966408572908383 1.3179519253659528 -0.17232631348122207 0.7969325695545838 -0.5638248996587489 0.13154161869472267
1645102028.196245 1.4101369148024778 3.2957704866622617 1.3175922683856136 -0.1730756845004681 0.7959808577037195 -0.5645879411026752 0.13303882442538628
1645102028.20285 1.4066750951676283 3.2952941171680368 1.317359510625793 -0.1728880745779837 0.7957911031688444 -0.5646162375084048 0.1342919385824305
1645102028.216058 1.400172920689724 3.2940084110995125 1.316868375280237 -0.1735750422541343 0.7949622214866927 -0.5648190672073066 0.13742555349198135
1645102028.222615 1.39698356104974 3.293723783193973 1.316769061098973 -0.17321435438944685 0.795407297448772 -0.5640684492118554 0.13838494070147245
1645102028.23583 1.3934277083982471 3.292826508991337 1.3164981333601817 -0.17365123296714927 0.7945280507942656 -0.5649053245987928 0.13947040527687776
1645102028.242435 1.3902214589024253 3.292071913389067 1.3162338845215888 -0.1738871474071376 0.7940499150004212 -0.5652455559471958 0.14051706202012054
1645102028.249048 1.3869752206309796 3.2910289926839766 1.3157881809604555 -0.17469256147171866 0.7929782335059908 -0.5661231934126078 0.14202870113292007
1645102028.255657 1.3837624830254933 3.2904213120792587 1.3156618555682358 -0.17490811395282288 0.7929819615444431 -0.5658183891627389 0.14295421097686672
1645102028.26225 1.380459080813163 3.289618943291422 1.3154003151217526 -0.17519097585524768 0.7925565478765427 -0.5660918358833767 0.14388145168283026
1645102028.268853 1.377259290190945 3.2888797982100093 1.315264664876624 -0.17615210917542742 0.7927748954641459 -0.5653641590677928 0.14436539800716303
1645102028.275418 1.3738608619449946 3.287820075122166 1.3150312329586966 -0.17686458024269613 0.7919385214096586 -0.5660210724811061 0.14550614013396163
1645102028.2820532 1.3706271039322444 3.2869106066193226 1.314788726537795 -0.17746938245354948 0.7916847700782433 -0.5659934418871916 0.14625616549724307
1645102028.288655 1.3676591170231154 3.285859105296328 1.314377389681742 -0.17810970070185883 0.7912153262474184 -0.5662098956279394 0.1471774301950785
1645102028.295255 1.3644301020256602 3.2858199568186586 1.3147820868442883 -0.1801244932391242 0.7911865174238024 -0.5634370298379827 0.15529765771902623
1645102028.301852 1.3612203013176472 3.283909475339316 1.3139326765206167 -0.17891757277685902 0.7910328579674252 -0.5658606206762885 0.1485155682042028
1645102028.308469 1.3579372483600174 3.2835545179690935 1.3142983209612964 -0.1796811930209856 0.7925771505591139 -0.5635730817387147 0.148057774740253
1645102028.315027 1.3547934851921122 3.2817652695388073 1.313511922721617 -0.18014078600302041 0.790987769575851 -0.5651828064481491 0.1498520443214341
1645102028.3216288 1.351813474316002 3.2808442489777483 1.313338129361395 -0.1806957161002926 0.7915904323195729 -0.5641398878171195 0.14993140923562462
1645102028.328264 1.348659820011862 3.279635857944565 1.3130750425705051 -0.18135859640626859 0.791521917547679 -0.5639317552488957 0.15027534960755126
1645102028.3348322 1.3453192495519668 3.2783253853474883 1.3128586169278713 -0.18190682630298907 0.7911321799414176 -0.5641971516262371 0.15066831880477993
1645102028.341446 1.3423833590987277 3.2773741430231165 1.312698230808808 -0.18219866278018873 0.7917814303030039 -0.5631023113239627 0.15100066183757097
1645102028.348068 1.3390395359959741 3.275623530684957 1.3123674744543614 -0.1835080841494606 0.7907797581173595 -0.5639440132156343 0.1515219865854835
1645102028.3546612 1.3357376486058992 3.274386117618186 1.3121857615868862 -0.18357785006568347 0.7907832569737574 -0.5639812424569893 0.15128042117647786
1645102028.3612301 1.332730369069241 3.273045184712219 1.3120100963446135 -0.18467249151618598 0.7907819109989722 -0.5634752242920282 0.15183974186630678
1645102028.367865 1.329437956670168 3.271519313519952 1.3117364865139731 -0.18508182950025945 0.7903478823275016 -0.5639941961778299 0.15167428391409138
1645102028.3744352 1.3262462044230534 3.2700543779617424 1.3115206103642483 -0.18583196922656744 0.7901219489794762 -0.5639895814256985 0.151951117246532
1645102028.381035 1.323105494407341 3.2685662844322203 1.3113504866425372 -0.18653550917477976 0.7898663774537419 -0.5640930098078979 0.15203381577767194
1645102028.387634 1.3196905902085099 3.267561974826322 1.311712043833611 -0.18761315552862715 0.7909637879507626 -0.5621391757694535 0.15223902416742288
1645102028.394232 1.3163979647157331 3.266957413266647 1.3121294939215957 -0.1902858431709064 0.7908272748868059 -0.5593528297312147 0.15971077484678334
1645102028.400855 1.3135598910290414 3.2636714700128686 1.3106433959251151 -0.18870428856661486 0.788481584782266 -0.5650594560406789 0.1529538786790891
1645102028.4074612 1.3104976091280058 3.26299417961962 1.311046130694474 -0.19105316228850502 0.7881792124965752 -0.5623485912035872 0.1613563419699762
1645102028.414057 1.3071205791033238 3.260852366955558 1.3106587278826187 -0.18964718513781698 0.7891414266072571 -0.5637321190649467 0.1532822859638973
1645102028.42064 1.3039924958087483 3.2590694159783213 1.3103788615312149 -0.1897892904188158 0.7886791524796238 -0.5641697455869374 0.15387436035832006
1645102028.427233 1.3007504420971487 3.2581331528258834 1.3106413236060392 -0.19179840478527316 0.7884480479104831 -0.561938557187251 0.16058548682121
1645102028.433861 1.2975335079938417 3.2555565562956317 1.309908240318889 -0.19007720705320497 0.7881906573580587 -0.5645635609719607 0.15457593206904105
1645102028.440437 1.2945848284941208 3.25366530084154 1.3095608503744502 -0.1903976991910619 0.7880948500739566 -0.5643540410728975 0.15543273946819192
1645102028.447053 1.2912612518146906 3.252279908684125 1.309628245728838 -0.1916495818684615 0.7881012988723319 -0.5627124085856156 0.15975329980528352
1645102028.4602711 1.2850554245988564 3.2474756579962163 1.3085732858453663 -0.1902128306000151 0.786731216865834 -0.5655576162778501 0.15816839300726845
1645102028.466845 1.2820140610657167 3.2460979635691167 1.3086905842587897 -0.19131711967031698 0.7871714775542938 -0.5632394912238331 0.16284869480162378
1645102028.4734259 1.278637261733625 3.2432617203356555 1.3080920019989077 -0.19044963815321897 0.7862500188702664 -0.5655785991389515 0.16018827148929507
1645102028.480039 1.2753358229395257 3.2411651613377774 1.3078158420238264 -0.19066153421284704 0.7859410472973695 -0.565777862003008 0.1607477768070696
1645102028.486635 1.2722839705986655 3.2397936804292615 1.3081243026921117 -0.1925655696310136 0.7856564811164443 -0.5632497149344974 0.16855788172748754
1645102028.493232 1.2689202734856444 3.236422581252038 1.3072006119872752 -0.1915481552084061 0.7847421749189576 -0.5666391577901255 0.16250744814285223
1645102028.499949 1.2657553898084286 3.2342820008691713 1.306863293789155 -0.19151647647538197 0.7843279841135758 -0.5670718086798472 0.1630344001424969
1645102028.506434 1.2626621479268365 3.2323421160822465 1.306714071825586 -0.19368413923139804 0.7824098852316402 -0.5665563843100885 0.17127373879276764
1645102028.5130382 1.2588045165784454 3.2307311152372065 1.307188650164769 -0.19215761124157033 0.7856075039601845 -0.5653697917669642 0.16202748363714634
1645102028.519671 1.255824705413013 3.226932175511033 1.3059501115216827 -0.19261366230071292 0.7824381919819065 -0.5689741623779878 0.16419028864719698
1645102028.52623 1.2524133080424529 3.2245347128771886 1.3056349670233438 -0.19290192311790158 0.7818844764738024 -0.5695440492769879 0.1645134601964869
1645102028.532823 1.2491837538845953 3.2229024705679445 1.305865846712716 -0.19479083831330068 0.781437353892384 -0.5673332507427247 0.17188589177498864
1645102028.5394518 1.2457989766374509 3.2192950775932743 1.3049117783488369 -0.1932556858226353 0.7806117792895871 -0.5708692331124648 0.16554578949435308
1645102028.5460439 1.2425661138252835 3.216065592985505 1.3040717530043633 -0.1940783333484495 0.7788706958164803 -0.5728475414909413 0.16594975447601856
1645102028.552618 1.2390345243451228 3.2149030679346344 1.3049171509515218 -0.19596831883070626 0.7799835502596894 -0.5684315463530749 0.1735144139746901
1645102028.55921 1.2357897971374348 3.2101610760631347 1.3034078488339649 -0.19465041254409562 0.7772945774502749 -0.5744186491554252 0.1672338828114825
1645102028.5658529 1.2321291793679827 3.2083010008809794 1.3037205669429601 -0.19468922326816548 0.7790168875235444 -0.5720128194536661 0.16742082776764647
1645102028.572444 1.2290544280848437 3.205542232178816 1.3033791635370011 -0.19689320376390554 0.7772646440341716 -0.5716550254911377 0.17407719310894657
1645102028.579062 1.2255513318211027 3.2016098131251516 1.302484669181618 -0.1954207977758746 0.7762508367935074 -0.5751156018185261 0.16878086032717368
1645102028.585639 1.2218405301140995 3.198761987511739 1.302330492709908 -0.196078411698491 0.7762447087974758 -0.5748319382652817 0.16901253585191997
1645102028.592222 1.2185566134945232 3.1958288639702093 1.3021539335330417 -0.19675812293230488 0.776561391103174 -0.5741113582054682 0.16921697509179495
1645102028.59885 1.2149793368277677 3.19358441124547 1.3023084916904115 -0.19786313243871861 0.7770214057352565 -0.5723324378974531 0.17182284439519488
1645102028.605417 1.2110477771487274 3.190285415474246 1.302154977553898 -0.19737594969758457 0.777089951322339 -0.5730898891370731 0.16953323529678144
1645102028.6120079 1.2077752774012303 3.1867791592081205 1.3014772793762637 -0.19728490671659724 0.7754912226587587 -0.5753356956483209 0.16935308060804566
1645102028.6186209 1.204268683245138 3.1835450439447945 1.3012726347506756 -0.19782519087292003 0.7750498932285224 -0.5757125224816404 0.16946250800508672
1645102028.625216 1.2007117293983067 3.180467216468754 1.3010043417354356 -0.19816868590358605 0.7745472879651581 -0.5763270417151038 0.1692702021565739
1645102028.63186 1.1973816822115195 3.1769579058858572 1.3005427288564533 -0.19808000937679557 0.7732722024232827 -0.5780929963263036 0.16918183564584452
1645102028.638454 1.1935894727479932 3.17441076944009 1.3008682847346749 -0.19858401506880705 0.7744171852776988 -0.5765446783092599 0.16863642281431995
1645102028.645063 1.1902327710010294 3.1710723316733525 1.3006335564358484 -0.19880739141956177 0.7735768458939214 -0.5776703617933177 0.16837762004397175
1645102028.6516669 1.18678310714333 3.167946722438356 1.3005161817330597 -0.19920822580569314 0.7731872096847906 -0.5780691325240394 0.16832496703718844
1645102028.6582668 1.183316191026397 3.1648302982324843 1.3004839166996545 -0.1995206459693798 0.7727808132647374 -0.5784629280192086 0.16846826635023332
1645102028.664861 1.1800959487816922 3.1619703536681 1.3005633335347466 -0.1996873996302519 0.7732110291006815 -0.5780417677148589 0.1677407513906112
1645102028.671427 1.1765680759229211 3.1597554810068935 1.3011684393087097 -0.2020197007226246 0.7722871070943917 -0.5759623682567809 0.17614654118974352
1645102028.678014 1.173134648356592 3.1557477872908324 1.3006545641669234 -0.20063173621590552 0.7723359336204397 -0.5788937927916727 0.16770709301922984
1645102028.6846678 1.169609526843849 3.1523414042113456 1.3005433760109666 -0.20108340923817747 0.7708430049406598 -0.5805182141795534 0.16841827556494451
1645102028.691233 1.1663674786404186 3.1499894508112005 1.3009776345980908 -0.20255852077857725 0.771386886923091 -0.5785206159144075 0.17101404299737952
1645102028.6978319 1.1628905497541597 3.1464686833579627 1.3009551417813225 -0.2016286509297401 0.7706823484162661 -0.5805136391949411 0.16851740796454065
1645102028.7044291 1.159749146976015 3.1428191343284415 1.3006519689986125 -0.2020253055683558 0.76875127400101 -0.5827910203013241 0.1690013893835568
1645102028.711031 1.1566570703166046 3.139545678478629 1.3006409294860029 -0.20218175029040739 0.7678572009670767 -0.5837050616453344 0.16972285019222924
1645102028.717624 1.1534101031982773 3.136420587407002 1.3007742442877146 -0.20251395375911457 0.7673799114830042 -0.5841028297441412 0.17011656144790221
1645102028.724235 1.1501588425585922 3.133798832266154 1.3012892483325775 -0.20315888595460446 0.7686239955537938 -0.5821669786700925 0.17036673306867378
1645102028.73086 1.1471879120616284 3.130068037808642 1.3010468475953834 -0.20342422593830273 0.7668636637361402 -0.5841717656072988 0.17111881748185956
1645102028.7374568 1.144014738904999 3.1268522700782677 1.3011940211864965 -0.20394117622487887 0.7664573336331091 -0.5842656039227982 0.17200132433290133
1645102028.744021 1.140802982071104 3.1232591895204456 1.301223872206798 -0.204291288061233 0.7651557743323608 -0.5854797824090651 0.1732475608763338
1645102028.7506292 1.1377582199340095 3.120882592928196 1.3018138381422268 -0.2059896978369131 0.7661484527289623 -0.5824973484898658 0.1768650047684042
1645102028.75722 1.134665795277501 3.116761414837492 1.301576764364927 -0.20518781097583516 0.7647495236122311 -0.5851787857318123 0.17499004683264488
1645102028.7638311 1.1315974274831313 3.1135125420400973 1.3017713853447659 -0.2057354445634958 0.7646948586671256 -0.5848017431353231 0.17584430833944795
1645102028.7704608 1.1286377191396808 3.1102900628958148 1.3019747116030196 -0.20584509627224404 0.7647831987117305 -0.584498218100754 0.176340257083747
1645102028.777076 1.1257312681629306 3.107056971865173 1.3022280932393477 -0.2065252160584921 0.7651598410817363 -0.5835822209793576 0.17694386865937456
1645102028.783621 1.1224886531088727 3.103973521454814 1.3025178148666299 -0.20661877755020427 0.7654884832575048 -0.5829314312950973 0.17755729723311148
1645102028.790229 1.1195178910576578 3.100805241257999 1.3028877275094914 -0.20740368890903832 0.7664482046659054 -0.5813799774618418 0.17758875920328376
1645102028.796824 1.1162426158759866 3.0971004929756587 1.3030509093284548 -0.2081504293113468 0.765751972020459 -0.5817622514321189 0.17846451615577008
1645102028.803432 1.1133250808696467 3.0944201560169833 1.303594430633421 -0.2084270696744532 0.7675816487237701 -0.5794875314521843 0.17768053330370367
1645102028.810019 1.11016791262528 3.0909532557625057 1.3038543906145268 -0.20870137451943094 0.7671692739500706 -0.5798823760751819 0.1778512296278381
1645102028.816628 1.1072823409691386 3.0878206774394172 1.3043083297472637 -0.2099376816976367 0.7679434586135274 -0.5784245458581295 0.17780227731040887
1645102028.823248 1.1042555774018017 3.08476017112223 1.3047940003942022 -0.21060570459884 0.7686338919720836 -0.577501574158667 0.17702743204174365
1645102028.829838 1.1010173979780555 3.0813469597188154 1.3052037396909566 -0.2114944914138171 0.76842543733938 -0.5775209741827778 0.17680936847009188
1645102028.836428 1.0982845964118868 3.0782640690132586 1.3056761957763567 -0.2119221028136355 0.7687442633768389 -0.5772134761709636 0.1759132880319411
1645102028.849668 1.0920189903905186 3.072112657911167 1.3066832609682417 -0.2148703521762796 0.7687469815963993 -0.5765975132315734 0.1743379090497885
1645102028.862933 1.0864009264469001 3.0664199854565695 1.307956686248278 -0.21675535161276047 0.769741544193064 -0.5753608585549742 0.171681541692331
1645102028.8694289 1.0834991329580739 3.063363916820672 1.308302984442484 -0.21785196749153476 0.7692219354534654 -0.5757355317964562 0.17136607858838304
1645102028.882668 1.080331165600917 3.060483709420726 1.309005418487803 -0.21938053170540928 0.7692409214846393 -0.5752177699807044 0.17106928428030715
1645102028.889267 1.0775014610341154 3.057464044031354 1.309404369755538 -0.21981168508073037 0.7688070351348383 -0.5758544756028052 0.17032257180333887
1645102028.895828 1.0747897127499113 3.054580619213003 1.3099003070521344 -0.21985932434267597 0.7689675142700512 -0.5758835787776793 0.16943595437487421
1645102028.902462 1.071678337656585 3.0515945375057503 1.3103949220301152 -0.22076152776325658 0.7686907635679867 -0.5760544870206029 0.16893689874802706
1645102028.90903 1.0690863323256787 3.0481921033479895 1.3105690175088758 -0.22076357919257208 0.7675470968137682 -0.5775946202190899 0.16887550385370761
1645102028.915624 1.0662061655307742 3.0451995574292297 1.3109655795692379 -0.2203446654003722 0.7670125722286479 -0.5783287949128413 0.16933794919474024
1645102028.9222279 1.0634078084947678 3.0425481446735936 1.3115876599925167 -0.22111979138544127 0.7683147174309215 -0.5762293712814859 0.16958135184541356
1645102028.928824 1.061016008470484 3.039922569506458 1.31184176004554 -0.22234567067896097 0.7666653731537894 -0.5760283206610846 0.17600444429222065
1645102028.935463 1.0581520456816969 3.035890102001786 1.3116116907826072 -0.2208105761104795 0.7655222534083191 -0.579250644769341 0.17229818420175685
1645102028.94205 1.0556522504468016 3.0336191691086207 1.312358707223992 -0.22079247108005803 0.7674452296989961 -0.5764168592230196 0.17326773738752205
1645102028.9486349 1.052957894296071 3.0307105339771856 1.3128474122794878 -0.22090098290050855 0.7677338596761077 -0.5757240272673758 0.17415197960956377
1645102028.9552221 1.0505585024455266 3.027102296040606 1.3124273948216063 -0.2205972156253678 0.7653297337204555 -0.5782801339144179 0.17663227346050167
1645102028.9618309 1.0480202332808488 3.024252602571682 1.312907282372735 -0.22141446163174128 0.7659242080898034 -0.5767886830232 0.17790490339859275
1645102028.9684658 1.0452849938626723 3.0216494032085004 1.3133595876717012 -0.22168288765550315 0.7666461279102824 -0.5754241344807097 0.17887725712533903
1645102028.975063 1.0426742481698923 3.0183634738203597 1.313506360729023 -0.2221826184995518 0.7656867591103677 -0.5762856075707935 0.1795916962703447
1645102028.981649 1.0399235397830513 3.0158227463162124 1.3140257499382109 -0.2225447054072335 0.7664618599720858 -0.5749258946195686 0.1801939694039311
1645102028.988232 1.0374690502477526 3.012493694032147 1.3139179850859404 -0.2230504291440918 0.7650110100698011 -0.5762318422501362 0.18155749041117
1645102028.9948642 1.0348507257856263 3.0095720467952867 1.3141256400541286 -0.22325831958136763 0.7649499854267949 -0.5762370381544334 0.18154260799535196
1645102029.00143 1.032184988752416 3.006686029713869 1.3143132112037388 -0.2234869148914603 0.7647547598982983 -0.5764100089789367 0.181534710338193
1645102029.00802 1.0293448435744081 3.00388158339908 1.314770385870343 -0.22419347106688678 0.764970588501025 -0.5759619571553796 0.18117591317863477
1645102029.014635 1.027059006303125 3.0007295666037086 1.3145118577978825 -0.2238304599580539 0.7635235719225234 -0.5780006029304191 0.1812362530906563
1645102029.0212271 1.0245132435222697 2.9971898983840646 1.3143185851506123 -0.22470068732382703 0.7623115214910345 -0.5789890572866245 0.18210438542201116
1645102029.027831 1.0216054849951772 2.9950268569537717 1.315037193098131 -0.22484141217407952 0.7645596398314028 -0.5763867330728832 0.18075627171441197
1645102029.034496 1.0189310686837332 2.992089570910092 1.3149994503300146 -0.22544089224989708 0.7639723133080385 -0.5767615878599819 0.1812963725410809
1645102029.041038 1.0162960835811097 2.989006591393193 1.3151627305209614 -0.22578468614209043 0.7640522968605773 -0.5766773622570237 0.18079871320951763
1645102029.047619 1.0135898561200005 2.9859307503050614 1.3151558054135828 -0.2267731694315638 0.7635175383998897 -0.5766120984160705 0.1820246927794318
1645102029.0542579 1.0109680513811294 2.9828686923734575 1.3150064203407457 -0.22714899922024132 0.7632659872160953 -0.5768301115963612 0.18192028374257635
1645102029.060859 1.00809246835522 2.98023750199035 1.3153989582391288 -0.22790421172665418 0.7643047005039464 -0.5751501726750695 0.18193372433079488
1645102029.0674381 1.0052986221141351 2.977435810322856 1.3155085791810195 -0.22837821529722016 0.7646701291621164 -0.5744166356333148 0.1821211018652078
1645102029.074062 1.0029020515276135 2.9740430710888837 1.314994347950582 -0.22850422939444912 0.7634924272225256 -0.5756722656210516 0.1829376306519347
1645102029.080638 1.0000324344594258 2.9710522375584962 1.3151229193435154 -0.22931489280025114 0.7635014776196936 -0.5752196540535269 0.18330880858090817
1645102029.087233 0.9973104613520488 2.9683040278782293 1.3151025597707728 -0.2293804055723995 0.7639205076031496 -0.5746230886152234 0.18335211407603094
1645102029.0938408 0.9945929510841185 2.9654525376800045 1.3150939102573218 -0.22987696461731466 0.7642194717467371 -0.5737656052494956 0.1841678537015165
1645102029.100425 0.9920330183247763 2.9621984313327387 1.3147668165305548 -0.23017347478894412 0.7634606532184854 -0.5744848584074475 0.1847017741595372
1645102029.1070678 0.9890676224130259 2.959580554681342 1.315010136457952 -0.230820811016336 0.764081527945929 -0.5732786068931022 0.18507406655530417
1645102029.113627 0.9865149386637051 2.95676278039272 1.3148045650946956 -0.2310747937647509 0.7641110178221638 -0.5727640276017815 0.18622502045959652
1645102029.1202712 0.9840646373751761 2.953975672908922 1.3145228539657894 -0.23083295912051613 0.7640474525636658 -0.5725815891015975 0.18734337917540544
1645102029.126822 0.9810886250295331 2.950975358964383 1.314658131042916 -0.23197730439123637 0.763948023594894 -0.5720965229634677 0.18781670832639427
1645102029.1334321 0.9786684706480708 2.9483880755500995 1.3146672483194077 -0.231333704680811 0.7647437031696884 -0.5712651224124319 0.1879030319263438
1645102029.1400661 0.9754064879376543 2.945345066627514 1.3146740742945802 -0.23314572928588279 0.764133980993136 -0.5711432984452175 0.18851325259114465
1645102029.146634 0.9729182857460233 2.942941490081909 1.314574581172683 -0.23287318277408456 0.7645221263416986 -0.5704436108471058 0.18939292972361021
1645102029.153234 0.9700259072151279 2.9393734836339895 1.3143610696741652 -0.23419589858680667 0.7633290742231571 -0.5713520118185136 0.18983538784117732
1645102029.159831 0.9674012518103543 2.936972740767371 1.314579667484641 -0.23391106316265406 0.7644426419951277 -0.5699612857896056 0.18988624529076215
1645102029.1664698 0.9644550524339972 2.934399506448711 1.3144021410055358 -0.23477692535623643 0.7639709154574735 -0.5699277602039411 0.19081454044299762
1645102029.173035 0.961905504045189 2.9308013840764895 1.3141924761476707 -0.23509782313605196 0.763000624274867 -0.5710658185278974 0.1908991337998003
1645102029.1796339 0.9585962477885405 2.9290728163400908 1.3145694323314998 -0.23528294971954603 0.763915226946194 -0.5700550312002874 0.19003237703852022
1645102029.186239 0.9560152330899262 2.9255926019787193 1.3142093903712668 -0.23668284572665305 0.762734872089934 -0.5703202117293112 0.19222696966544586
1645102029.192831 0.9533696875802677 2.9224211610549924 1.3138609579964218 -0.2372270161752293 0.7616671764607579 -0.5712130108880002 0.19313657571422896
1645102029.1994271 0.9504858303434354 2.919721318523405 1.3138715670197503 -0.23784471226831963 0.761607867498667 -0.5707776188062413 0.19389654614477808
1645102029.206044 0.9475352224057421 2.9161449981043983 1.3137225591143096 -0.23912486327368457 0.7604176758103418 -0.571655690838431 0.19440581006239227
1645102029.2126322 0.9448453106966722 2.9137776359816603 1.313998784852757 -0.23877721727659693 0.7613334978048056 -0.5705034256031924 0.1946334383377425
1645102029.219234 0.9418847847514239 2.9102113409743593 1.3136237845820284 -0.24010917250431485 0.759679123687162 -0.571699949846912 0.19594377233825921
1645102029.2258308 0.938852892010549 2.907815821502663 1.3135490830348655 -0.2406174388820529 0.7597231734117913 -0.5710766736129649 0.19696440812113006
1645102029.2324412 0.9364835708039945 2.9039602893612653 1.3128486117003841 -0.24069127794093229 0.7578605606100383 -0.5728886374542298 0.19877945467072186
1645102029.239058 0.9338319137888975 2.901143239161923 1.3125545732356034 -0.24047440730806877 0.7575804723265576 -0.5730571326503467 0.1996221282122242
1645102029.245632 0.9306054769088496 2.89788281699707 1.3126739265330776 -0.24216387817381027 0.7573449009334488 -0.5720858201613392 0.2012530180164264
1645102029.2522209 0.927487220557004 2.894843751844404 1.312443356195179 -0.24277211590255118 0.7566184637004444 -0.5723724555687641 0.2024341239572596
1645102029.25884 0.9243158058529164 2.8923867425623464 1.3124581382283032 -0.24307136394040185 0.7569061112528073 -0.5715300210861116 0.20337768009456805
1645102029.265471 0.9214354014138038 2.8892002995554367 1.3121024635023788 -0.24360510813772626 0.756285145076963 -0.5716218201260689 0.204786260325743
1645102029.2720299 0.9186803192043161 2.886215670689123 1.3121119362547486 -0.24346279856044814 0.7566797328710174 -0.5708661176150185 0.20560429147291956
1645102029.278625 0.9151571784224051 2.8826719123712854 1.3119636462117596 -0.24529048760882616 0.7558035417154633 -0.5709008620251592 0.20655599030307784
1645102029.2852328 0.9121973999916448 2.8801215821994446 1.3119060200286128 -0.24521298608495662 0.7564436308497198 -0.5697170390927364 0.20757097146186457
1645102029.291829 0.9089740193150513 2.8766729778802693 1.311688949905094 -0.24630510314094312 0.7553999675579752 -0.5702101054707756 0.20872164815199254
1645102029.298431 0.9058535125691708 2.8737456015482747 1.3116093779931006 -0.2467239350439457 0.7556810258992617 -0.5694628583047904 0.20924900743227628
1645102029.305022 0.9022351132760487 2.8708638836012583 1.3118150147653647 -0.24839261029341117 0.756047955895115 -0.5680392726645341 0.20981797014046177
1645102029.3116329 0.8991608390806259 2.867379722285113 1.3115416127712627 -0.2491876795972641 0.7549257330369303 -0.5688836236859696 0.21062683546232946
1645102029.318232 0.8951444075655394 2.8646771203743633 1.311992570258034 -0.2511123654472474 0.7555362055949217 -0.5673758378598621 0.21021862091290508
1645102029.324835 0.8923553897773698 2.8606978957389746 1.3112205847720755 -0.25189946114792144 0.7534237839042841 -0.5693824541931973 0.2114295923600595
1645102029.3314402 0.8883816552278615 2.8579892134899474 1.3117426347823793 -0.2538952854600202 0.754205200349207 -0.567544910226596 0.21119674264315758
1645102029.3380742 0.8850977870760973 2.8544403361970008 1.3112890839675233 -0.25535466559618586 0.7525954087955921 -0.5684813060939531 0.21265642406539215
1645102029.3446631 0.8816217063780093 2.8509918867994326 1.3112821748497647 -0.2566251329525229 0.7521216341820948 -0.5685293138777868 0.21267491152573362
1645102029.3512352 0.8779372607660169 2.84699503018484 1.311035783288169 -0.25913464236152617 0.7501797900727676 -0.5695656423145867 0.21371497298050174
1645102029.357855 0.8744144159004286 2.843061055340537 1.310812521019416 -0.2612615945453723 0.7488695658101604 -0.5699657244383542 0.21465188844603766
1645102029.364438 0.8706687724293317 2.8408432483993593 1.3111827758093866 -0.2610355536392649 0.7501878308850474 -0.5685849542398956 0.21398458237549645
1645102029.371041 0.8671624374778318 2.8373297904930763 1.3111834984979551 -0.26205982792622506 0.7500301462841115 -0.5681282017864479 0.2144979305144446
1645102029.377633 0.8635557488993436 2.8336820081198497 1.310896646514719 -0.2634498639935389 0.7487330651171843 -0.5686640500725206 0.21590222317476562
1645102029.3842518 0.8598869498065883 2.8299271135752777 1.3110228398914079 -0.26492246464675606 0.7484060068146385 -0.5681081396128543 0.2166962417909356
1645102029.3908741 0.8565270014048775 2.826275245663073 1.3104930797524525 -0.26543395107165246 0.7468500422539212 -0.5693114889357118 0.21827475764089238
1645102029.397469 0.8524975889988036 2.8238749488337467 1.3111087307036506 -0.2658701678261692 0.7490576459138865 -0.5661351068899247 0.2184407031889444
1645102029.404035 0.8486925619998354 2.820371506807075 1.3113004242357802 -0.26726306496013125 0.7489581552019541 -0.5653529336426719 0.21910681202522236
1645102029.41728 0.8412572948308589 2.813393688724173 1.31114287227146 -0.26898649641038846 0.7481186023476668 -0.5646690282991675 0.22161518477871608
1645102029.4238238 0.8372842068976573 2.8103966496180237 1.3114504385314325 -0.27012550072613123 0.7484989560268337 -0.5632236300140906 0.2226213331625069
1645102029.4304771 0.8336283212993914 2.80662388645875 1.3112009287009116 -0.2714500769156046 0.7471083869312146 -0.5636212836154365 0.22466544145021428
1645102029.437061 0.8297929112144269 2.8032581594918886 1.3113845899209933 -0.2723036861631646 0.747182194474105 -0.5629942943134713 0.2249589037922988
1645102029.443636 0.8259127297623565 2.7999953913517586 1.3115738915129604 -0.2736860331899012 0.7465644234580796 -0.5627101484166107 0.22604068529165838
1645102029.4502661 0.8223101578280281 2.796342540483532 1.3114919165894379 -0.27489380928790635 0.7457882841177815 -0.5624850477345888 0.2276914749782506
1645102029.456872 0.8188064797199832 2.792485874702814 1.311350893389185 -0.27640051570614094 0.744540206083295 -0.5626473360650367 0.22954350050282699
1645102029.4634292 0.8151007079093798 2.789645996445008 1.3117357227414987 -0.2769077560420077 0.7450558286365233 -0.5616696030142614 0.22965361033612589
1645102029.4700649 0.8115382842472032 2.785910609386887 1.3115980079619047 -0.27833880900407515 0.7433557261657818 -0.5625879932222511 0.23117986474858182
1645102029.4766378 0.8074290168392267 2.7830874404594947 1.3122667721408718 -0.2797685283931052 0.744118185447135 -0.5608099590592003 0.23132116171393383
1645102029.4832351 0.8037782215555684 2.779513174403608 1.3124459544836111 -0.28173916783247804 0.743184373140811 -0.5605330950368338 0.23259894828999658
1645102029.489877 0.799892841888599 2.7764357903492543 1.313025425562801 -0.28304424829018116 0.7435098352479507 -0.5594518325222929 0.2325775529701875
1645102029.496445 0.7961907745262475 2.772906152858026 1.3132383925098818 -0.2850193590787074 0.7423285515632473 -0.5595525492892703 0.23369389780814684
1645102029.503029 0.7925053099833372 2.7687001929765342 1.3133290458024467 -0.28781565628784883 0.740416558924207 -0.5599221328611539 0.2354405588339817
1645102029.509654 0.7888430920745623 2.765572886432148 1.3137110748604117 -0.2891750201664787 0.7400850498079494 -0.5592702783467659 0.23636472095538077
1645102029.5162702 0.7848507216652497 2.7622251127978963 1.3140940154419847 -0.29084863320552035 0.7394813266087223 -0.5593381949334238 0.23603983390256514
1645102029.522836 0.7812532656985197 2.7589144418190963 1.3144697318223812 -0.29201235997967817 0.7390098878588264 -0.5588935603238289 0.23713025213533184
1645102029.529421 0.7775658845847442 2.7553624984627634 1.314729011465114 -0.2934257897444804 0.7381479277220531 -0.5588707035653356 0.23812202229063067
1645102029.542675 0.7740034275322317 2.7517050284063385 1.3148743847952953 -0.29473816972975614 0.7368323094834786 -0.5594617516704871 0.23918547269015653
1645102029.549282 0.7667564091767767 2.744886192665598 1.3154825700559776 -0.29700222266631726 0.7360865006410703 -0.5581695219805708 0.24168726572545654
1645102029.5624378 0.7630677066805355 2.7413718353853316 1.3156430900280651 -0.2982095559398018 0.73566228417207 -0.5575813355769427 0.2428471394135044
1645102029.569034 0.7596522323000965 2.7377603809350735 1.3157799827889405 -0.29904504768431606 0.7349905318639207 -0.5574056937172996 0.24425288518679142
1645102029.575635 0.7560002250942655 2.7345396423432065 1.3162206967991095 -0.29993058679823825 0.7356320310711759 -0.555599481152477 0.24534869658596256
1645102029.5822349 0.7524827456232319 2.7310958719512164 1.3164282819850162 -0.30108905675931164 0.7355711476221993 -0.5544650445533483 0.2466750237831678
1645102029.588832 0.749080401476731 2.727555940792745 1.3166519330399498 -0.302246619751947 0.7354957222933569 -0.55335739643219 0.24796820775160955
1645102029.595434 0.7456076550558318 2.7242430498277814 1.3169187291578752 -0.30332179904982526 0.7358838245441697 -0.551777934256106 0.24902129769549936
1645102029.602031 0.7422533607993479 2.7207338391362734 1.3171802572950042 -0.30450225802894376 0.736009361097486 -0.5505567000390502 0.24991103751042112
1645102029.608625 0.7389053016008696 2.717405697530546 1.3175159691595506 -0.3059694931956117 0.7365650266489929 -0.5483915819096847 0.2512387192445645
1645102029.615235 0.7355277450496807 2.7138461510187244 1.3177582382900928 -0.30753941114395683 0.7365019655040262 -0.5475734816526348 0.25129120096889407
1645102029.62185 0.7321751568052963 2.71062649403012 1.318088944510203 -0.30896006828200745 0.7369987234066442 -0.5460053667987166 0.2515040691225805
1645102029.6284292 0.7286366735134816 2.7075272167306212 1.3186463392400845 -0.31060781664868337 0.7381625954601106 -0.5437393242721313 0.25096994349837914
1645102029.635016 0.7255163437731775 2.7037945276969473 1.318751986859025 -0.31260873204583045 0.7373186195356398 -0.5438314359429031 0.2507668215212772
1645102029.641622 0.7220734816839128 2.700799852853291 1.3193306889657173 -0.31450969490538194 0.738339770292829 -0.5414962606660981 0.25043849280569497
1645102029.648225 0.7189330579588259 2.697223649754118 1.3195913580721972 -0.3169076313576638 0.7379223708127909 -0.5407360128167777 0.25028846406259575
1645102029.6548622 0.7155672100265936 2.69415052090531 1.320036894346364 -0.3187406478949636 0.7383937885276556 -0.5395570671417119 0.24911199390142408
1645102029.6614249 0.7125224502307911 2.690649640653859 1.3202105883591275 -0.3209332063509149 0.7375552514878804 -0.5396565319093898 0.24856501385981006
1645102029.668024 0.7090728405222295 2.6875814460859755 1.3207788373661087 -0.3235040286890628 0.7379723372815328 -0.5378886785105849 0.24782519154906943
1645102029.674623 0.706110970831803 2.683959078712304 1.3208865288551095 -0.32592099016359793 0.7367157433361824 -0.5382383854958881 0.2476377989793826
1645102029.68123 0.7034837054908336 2.6801487358662195 1.320882074567181 -0.32826756246658056 0.7353234895275388 -0.5383408053933911 0.24845235199029006
1645102029.687849 0.7000477687699892 2.677298058355282 1.3214183000052813 -0.330065343103198 0.7355614256541813 -0.5375422764755127 0.24709136833404485
1645102029.694429 0.6969926946258846 2.6742332242212528 1.3217341825566638 -0.3316325956390553 0.7353255472167253 -0.5369642915305353 0.2469515901180031
1645102029.7010581 0.6938310198952511 2.671168236228771 1.3221550609890795 -0.3334349323673522 0.7352987996720647 -0.535902830217283 0.2469101042104636
1645102029.707627 0.6909841254834095 2.6678050844368464 1.3222463548848187 -0.33496061405111943 0.7341708085548753 -0.5362638905680748 0.24741715080483595
1645102029.71422 0.6880167066892968 2.6645971830065296 1.3225019089378 -0.3363664829628874 0.7337637449664223 -0.5356844818634604 0.2479719469046407
1645102029.720858 0.6850040220049078 2.6615902023508387 1.3226728777860717 -0.33705448601185917 0.7334048086332461 -0.5356647223196268 0.2481422339091608
1645102029.7274282 0.6822175500825914 2.658404424614578 1.3230273643179786 -0.3378934520331113 0.7337209806869937 -0.5345023783370203 0.24857259173007662
1645102029.734026 0.6793219897378163 2.655385062887961 1.3231920612466508 -0.33862544719183874 0.7333615737817063 -0.5341215582047586 0.24945415434798798
1645102029.7406452 0.6766063499093289 2.652105626524232 1.3232562443300822 -0.33907166063898303 0.7327199495349085 -0.5341329723145158 0.25070592295449745
1645102029.747226 0.6736320475592078 2.6491707410644203 1.3232929772982447 -0.3393994915852323 0.7320674245727523 -0.5342349418543908 0.2519482327363847
1645102029.753865 0.6712186934264424 2.6457470999307438 1.323223320736218 -0.33946568464740334 0.731501341763305 -0.5342557485481 0.2534545693962605
1645102029.7604349 0.6683573341634628 2.642560571892956 1.3231614489218775 -0.33997765281386394 0.7305240218716744 -0.5344919050237529 0.2550840269673189
1645102029.7670221 0.6657417500081888 2.6395594996951344 1.3232821638115406 -0.3398686611147961 0.7310177394070467 -0.5334245603595542 0.2560472411134467
1645102029.7736378 0.662898356204218 2.6366383593900875 1.323517468194975 -0.3399989264763478 0.7313204235888259 -0.5325008261114226 0.25693117043307917
1645102029.780225 0.6603728252598349 2.633197712361931 1.3233053135491089 -0.34023631171969815 0.7304280339065816 -0.5328779325200951 0.25836960945359183
1645102029.7868328 0.6576760715220652 2.6302308507852397 1.3234135090681451 -0.3400329201815431 0.7305595926243024 -0.5325336318548103 0.258974526839188
1645102029.793424 0.6551581347497925 2.626773082668685 1.3232805793727878 -0.34066721778203407 0.729823918481972 -0.5324714979656069 0.2603393431647854
1645102029.800062 0.6524130380838924 2.6236907242324565 1.3233487141929035 -0.3410542999361613 0.7297604999417828 -0.5319327227291554 0.2611105988175757
1645102029.806626 0.6497990910784108 2.620272238733328 1.3232339794455794 -0.34187184370912427 0.7291762534942585 -0.5316802387288267 0.26218571433963705
1645102029.8132238 0.6471987039248561 2.6170886404302807 1.3231637682267448 -0.3422746418873871 0.7289238424883154 -0.5315582202994156 0.2626091284317644
1645102029.8198369 0.6444454990663324 2.613654863230286 1.3231098443249747 -0.343435536554388 0.7284353707225523 -0.5310633373018881 0.2634487707819178
1645102029.8264582 0.6417893883996597 2.610616650323851 1.3231442678831902 -0.3438912740616896 0.728435813157032 -0.530897467638667 0.2631872082773146
1645102029.833067 0.6391457026323821 2.6074532305234475 1.3232346168365174 -0.34467757453594344 0.7288423398046193 -0.5297849744945374 0.26327494134039225
1645102029.8396292 0.6364473894567086 2.6044913520580373 1.323245457325878 -0.3450682392245747 0.7291327742584479 -0.5293208946178923 0.2628922258889648
1645102029.846252 0.6339384980273659 2.6008358795710556 1.323054096215198 -0.34620566288206855 0.7284120869965378 -0.5293573030279959 0.2633209752607083
1645102029.852823 0.6313509272156825 2.597730115759512 1.3230612163338713 -0.346851810442167 0.7285751639474918 -0.5289408345626552 0.26285591923697305
1645102029.8594718 0.6289341271095074 2.59401811671937 1.3227683801844938 -0.34800420799236975 0.7275493255217975 -0.5294781914749521 0.26309215143295833
1645102029.86604 0.6262163568163868 2.591127348176828 1.322946953432817 -0.34841675553128243 0.7284112629588454 -0.528431930485789 0.26226340818795746
1645102029.872629 0.623733649352343 2.587781758029168 1.3228205775503534 -0.3493413869439512 0.728307865078958 -0.5277000007735999 0.2627937261270761
1645102029.879245 0.6212744267361631 2.584381724524951 1.3227043389061455 -0.35025312422143373 0.7278655095229375 -0.5279217423572393 0.2623599982614819
1645102029.8858292 0.6187189670261302 2.580902809888424 1.3225791652120529 -0.3512886752466297 0.7274405984912742 -0.5277061335860151 0.2625876669165038
1645102029.8924658 0.616152496071743 2.577976683022083 1.3226830078317822 -0.35223684792921955 0.727873133122121 -0.5267208510091761 0.262096669856413
1645102029.8990238 0.6137329971411078 2.5740598320231225 1.3222970818217572 -0.3538574569602643 0.7264774641761941 -0.5271368711548422 0.26294813165280095
1645102029.9056509 0.6113954350335873 2.571015328433841 1.3222675800131418 -0.3542354857123106 0.7266144926751413 -0.5269344904869077 0.2624656972395042
1645102029.912221 0.6090973027108612 2.56717829137961 1.3218427293997062 -0.35593731147274243 0.7247982973276376 -0.5274829287838785 0.2640783890933712
1645102029.918827 0.6064518978478303 2.564458738017843 1.3221884213608577 -0.3563138624303108 0.7262889050618918 -0.5259622735130319 0.26250359862962436
1645102029.925419 0.6039627981840041 2.5606955463366727 1.3219533862374195 -0.3579873954970368 0.7249458675139804 -0.5262823435463844 0.2632964106414902
1645102029.9320488 0.6016704419572267 2.557461433781797 1.3219126854851087 -0.3586810348698541 0.7247896518133252 -0.5264537439045581 0.2624384147486414
1645102029.9387069 0.599266216497125 2.553601876700817 1.3216398889575267 -0.3599173740350527 0.7235252380954152 -0.5271711186913989 0.2627944110014066
1645102029.945215 0.5968474993091328 2.5504810324128298 1.321732223016727 -0.3604817913489158 0.7234663476590198 -0.5273764045700311 0.2617690324979422
1645102029.951864 0.5943312027267922 2.547207162865291 1.3216069159589294 -0.36122306526537973 0.7233054422475512 -0.5267917926387329 0.2623683843522522
1645102029.958455 0.5921232538491394 2.5439490908118887 1.3214039766455734 -0.3613710847470482 0.7226696424469987 -0.5278025030136733 0.26188480792778057
1645102029.965024 0.5896262801438541 2.540285178892237 1.321281953201868 -0.362545794343268 0.7220550973498597 -0.5275555906810271 0.2624531392546577
1645102029.971628 0.587436622669014 2.5371744674706953 1.3210974251747638 -0.3624579662788719 0.7218189979031845 -0.5279192054729019 0.26249278837563855
1645102029.9782631 0.585020970010444 2.5334505392295026 1.3209209228065997 -0.3633051056741996 0.7210759912946603 -0.5282302630026594 0.2627378503738159
1645102029.9848351 0.5828840858590371 2.5301377322447984 1.320604508532046 -0.3632069662124551 0.7205977377492346 -0.5286940730349975 0.263252333312652
1645102029.991433 0.5805452593471769 2.5262515604423563 1.3203053939266196 -0.3639432780582465 0.719566945353739 -0.5290386654156181 0.2643603634769753
1645102029.9980319 0.5781952495174959 2.5226475232499252 1.320284991567745 -0.36446844237793613 0.7189856167629042 -0.5294642831119125 0.2643663931841234
1645102030.004641 0.5761213110499074 2.519135122871113 1.3198178153725122 -0.36433950846507746 0.718547253579629 -0.5293782556008515 0.265903794690515
1645102030.011219 0.5738774042811479 2.515710507679095 1.3195561933770954 -0.3644357970557858 0.718057177648269 -0.5297769393971523 0.26630141892475273
1645102030.017819 0.5717500656449572 2.5119096989593523 1.3192137090978397 -0.36480850980665497 0.7173743597562242 -0.5296861455522041 0.2678076398591044
1645102030.024423 0.5695702610786365 2.5081418613468687 1.3190507424946187 -0.36512538158614166 0.7165373553478047 -0.5305086076900455 0.2679885554670847
1645102030.031019 0.5674199786884444 2.504635127972151 1.3186842936491554 -0.36500297080725874 0.7163484650192379 -0.5301631232002763 0.2693405860306615
1645102030.0376399 0.5652330669206662 2.5009047789740784 1.3184969777282687 -0.3653697673187223 0.7159929090885145 -0.530119771958978 0.26987346200210843
1645102030.0442271 0.5631427494717356 2.4971758705421845 1.3181537355152684 -0.36542538595382046 0.715403101258765 -0.5303456201354363 0.2709165928668596
1645102030.05082 0.5613343989964374 2.493007588233017 1.3175881810971646 -0.36620550051509343 0.713822060385262 -0.5311811096251349 0.2723927681619794
1645102030.057458 0.5591317376633655 2.489614293492635 1.317531580409782 -0.365646171360921 0.7143914711976194 -0.5307352657375208 0.2725204292208022
1645102030.064045 0.5571574871293954 2.485628734401968 1.3171751113798593 -0.366158094911276 0.7138792219980121 -0.5305758988948786 0.2734840524623843
1645102030.070658 0.5550097615003434 2.48134199339783 1.316944297084103 -0.36719909437011045 0.7125881735476318 -0.5317082715957049 0.27325599282456076
1645102030.0772119 0.5531453391199675 2.4776931752468174 1.3165727454437637 -0.36714332274319617 0.7126804468224637 -0.5310813499334505 0.2743074137389986
1645102030.0838668 0.5508748141936848 2.4733462964617097 1.316534747394039 -0.3686009919209243 0.7117848864318516 -0.5315457608189343 0.273777762173078
1645102030.090427 0.5487476523706585 2.469645429059563 1.3164534571792323 -0.36906212961469576 0.7123791941180736 -0.5306019395163095 0.273441393634019
1645102030.097055 0.5469899210135559 2.465292389801804 1.315963073275683 -0.3701321502194535 0.7111197590632351 -0.5308797871826625 0.2747310564063635
1645102030.1036181 0.5450767393342929 2.4616807689044693 1.315768332859878 -0.370296128295745 0.7116088846460497 -0.5300271963766963 0.2748897058532208
1645102030.110219 0.5429433093553104 2.4574549805963337 1.315660583476989 -0.37184142474430837 0.7111139089852405 -0.5297355194729823 0.27464678614972265
1645102030.116842 0.5411288245598591 2.4528164319536976 1.3153627621428805 -0.37357038069130116 0.7098972024021997 -0.5298622649590062 0.275203024588309
1645102030.123449 0.5391759310065171 2.449373663915161 1.315294075551727 -0.37374503738363035 0.7107391356803997 -0.5286577713684184 0.27510927378257916
1645102030.130015 0.5371556224250852 2.444868423282103 1.3152494317656036 -0.37562271078390125 0.709876068745456 -0.5287954399214702 0.2745150589635677
1645102030.136655 0.5351299025396248 2.4410492622359445 1.3151302861060854 -0.37612806502276935 0.7104516510863514 -0.5279481928867523 0.27396427905727927
1645102030.143209 0.5333026804872023 2.4370273320904983 1.3149453075252344 -0.3771144627839481 0.7098840024046047 -0.5279533677723193 0.274069737306081
1645102030.1498291 0.5314110800790215 2.4329783838045196 1.3148717735986426 -0.37828126931406353 0.7098827455374902 -0.5272802896659504 0.27376064793982424
1645102030.156418 0.5294191470042405 2.4286972295456093 1.3147477364888747 -0.3796994425414812 0.7092404769428641 -0.5270501619785544 0.27390507250528573
1645102030.163027 0.5277355331100513 2.424374361270848 1.3146382324381176 -0.38076126390387033 0.7082083944357993 -0.5279175277240135 0.2734307865486354
1645102030.169621 0.5257894742930163 2.4205515803872206 1.3145142742386549 -0.3815577501221661 0.7083633538704807 -0.527073843471986 0.2735467202857541
1645102030.17622 0.5240421365256729 2.4162723727238764 1.3144469258038087 -0.3828974333383196 0.7074276518202078 -0.527377812287945 0.2735103592215063
1645102030.18282 0.5224736336966663 2.411970064257893 1.3141706348060076 -0.38352139620142556 0.7065671468577511 -0.527995471739218 0.27366880054445725
1645102030.196057 0.5187561553799862 2.4042172744774186 1.3141752687515287 -0.38549788526800416 0.7061204266644222 -0.5267366210087226 0.27446936428371116
1645102030.2092211 0.5173715056489725 2.3998104376587426 1.3136900698026484 -0.3863221270069185 0.7045989701500359 -0.5272822207889818 0.2761676131694953
1645102030.215832 0.5157977012297543 2.3957970562224364 1.3135505718789204 -0.3866090364298163 0.7039545933686249 -0.5277256099803816 0.2765622146585609
1645102030.2224681 0.513828256882247 2.3925328223467535 1.313617270891312 -0.38681447641651595 0.705077162082753 -0.5256291940373914 0.2774063662809132
1645102030.2290208 0.511578028647254 2.3888755762872695 1.3143381495693456 -0.3882796127182533 0.7056093637152715 -0.524227612580732 0.2766574869838764
1645102030.235617 0.5108041893429196 2.384395107884388 1.3132420546999402 -0.38760986098300537 0.7034912018766347 -0.5261139393458741 0.27939653145698057
1645102030.24222 0.509343319720234 2.3803776268530226 1.3130781829695584 -0.38843589907324927 0.7028547135199733 -0.5254141539220326 0.28116247429159613
1645102030.24881 0.5080222304319661 2.376591138484579 1.3126678840282555 -0.3882099498008045 0.7023109334570817 -0.525394859010577 0.2828643897094213
1645102030.255423 0.5062645424884197 2.372942712084707 1.3127603695712218 -0.3884495097608694 0.7025858409780622 -0.524478456466211 0.28355259333631566
1645102030.262014 0.5049072942299321 2.3688960958669396 1.3124982325437657 -0.38863512795980665 0.7018329494818332 -0.5245936684684834 0.284946146659418
1645102030.268642 0.5034439953164368 2.365287787168941 1.3123662336794875 -0.38865136724329163 0.7019475690157381 -0.5237554358810083 0.2861810066548703
1645102030.275233 0.5019850356776926 2.3613076878874213 1.3121183217398658 -0.3890072116129956 0.7010987007060066 -0.5239035540791497 0.2875042496779265
1645102030.281829 0.5002515410260555 2.3574346181186363 1.3121853118918687 -0.3892209347684138 0.7010842791182483 -0.5236307734362743 0.28774693829879383
1645102030.28843 0.49897278077719687 2.3534111483400126 1.3119953029255642 -0.389732230557645 0.7003984318748958 -0.523382838718845 0.2891726771020492
1645102030.295027 0.49737372062944746 2.3498731972622777 1.3119389794140177 -0.3897876991236132 0.7007912252327498 -0.5225184824696332 0.2897089012397478
1645102030.301627 0.4958133158058528 2.3462942252899435 1.3120347556473384 -0.3904025857400183 0.7012499887792228 -0.5205776955064273 0.2912605646778585
1645102030.308267 0.49421981068487686 2.342386484687443 1.3121444162402525 -0.39100215927761234 0.701015607233628 -0.5204340201441864 0.2912772533582201
1645102030.314832 0.49268326119967004 2.3386495005432817 1.3122650022131885 -0.3917586345901577 0.7011104491695932 -0.5194396970673336 0.2918069673669317
1645102030.321426 0.4912671370039184 2.3349213740234074 1.3123796732121344 -0.39257759578209195 0.7009998640713181 -0.5185662352899688 0.29252461779100547
1645102030.3280158 0.4896963579801826 2.3310906257882733 1.3125124833421546 -0.39370202648368197 0.7006886849466948 -0.5178276744116562 0.29306682568073406
1645102030.334634 0.4881593695812439 2.327214859534829 1.312741060681841 -0.3949439682830771 0.7002485919525417 -0.5174423647395646 0.2931282276598759
1645102030.3412218 0.48659118603742385 2.3235590888111637 1.3129434374853437 -0.39590272768021684 0.6999917973775119 -0.5168965843296347 0.2934110431988021
1645102030.347834 0.48485908823740886 2.3200312824492713 1.3132931869449143 -0.39686959229607405 0.7002442666811852 -0.515846195305311 0.293350969174345
1645102030.354465 0.4835991888463407 2.316040628335201 1.3132607121728548 -0.39770678396917897 0.6988688356699159 -0.5168995144445818 0.29364299168642205
1645102030.361063 0.4819931860141182 2.312293408398758 1.3135484463368 -0.39868377919748954 0.6984662676811434 -0.5167079297348602 0.2936130326857914
1645102030.367676 0.4805493316877562 2.3082605157320324 1.313748149698361 -0.40000392080672553 0.6972204838366718 -0.5170939067951462 0.2940984920251659
1645102030.374252 0.4789015274805554 2.3048967257061843 1.3140586161115293 -0.4001941797596158 0.6974272486337971 -0.516663688782572 0.29410554024229196
1645102030.380835 0.4773771122332987 2.3013396355185427 1.3143301711597821 -0.4007039720245016 0.6973819191094589 -0.5159930737948518 0.29469569004705437
1645102030.3874402 0.47596744966465765 2.2975521477416043 1.3145321469273947 -0.40095008222503953 0.6968641225639388 -0.5163768102778667 0.2949136286930429
1645102030.394073 0.4744455078800995 2.293871597780734 1.3148232710309857 -0.40143692653495355 0.6965753673153291 -0.515900638681135 0.29576557511227325
1645102030.400665 0.47299916847123374 2.2903249532906442 1.3151056373459016 -0.40133750279998753 0.6966512659297478 -0.5154296601648929 0.2965418491473398
1645102030.4072719 0.471640288281026 2.286592579867275 1.3153063718313032 -0.4015567260567466 0.6961968442436937 -0.5151686109572885 0.29776337842006373
1645102030.4138591 0.4701630387578039 2.2831483648118462 1.3156313296061184 -0.40171176243682216 0.6966212142816783 -0.513515950279644 0.29941189278656427
1645102030.420434 0.46852030660572686 2.2794411252120144 1.3160401936990267 -0.4018630846133555 0.6964418931921348 -0.5135547758901137 0.29955943860369705
1645102030.427041 0.46718532002891566 2.275762398071552 1.3162707367671374 -0.4018029838128637 0.6962604886762825 -0.5131009471739305 0.3008366608378709
1645102030.4336798 0.4655410994248617 2.2723774914917088 1.3167147815266835 -0.40177564838233304 0.6968621925761452 -0.5118570584489471 0.30159803854046163
1645102030.440267 0.4640606337339118 2.2688509434441135 1.317111668922606 -0.40210549825936504 0.69701653196343 -0.5106941683410402 0.30277077919633205
1645102030.44684 0.4624181988339869 2.2651500850878765 1.317571673437742 -0.40243019738772806 0.6968485409631611 -0.5106928569806972 0.3027283808314371
1645102030.45343 0.46097951829553496 2.261576720904266 1.3179557405402182 -0.40270806977811147 0.6967102971130698 -0.5103383252867146 0.3032744116995599
1645102030.460039 0.459708522607453 2.257528573372447 1.3181567421673142 -0.40338182534379435 0.6954523777262405 -0.5111175658378154 0.3039531846690131
1645102030.466632 0.4577896876506324 2.2543157537367047 1.3188167023260142 -0.4036847404526298 0.6962146345860554 -0.5101870484996854 0.30336874279787573
1645102030.473236 0.45653610381114645 2.2503012139251637 1.3189924160701176 -0.40434742247290284 0.6948885655814576 -0.5112517550342518 0.30373391193701776
1645102030.479865 0.454905640296243 2.246713039574461 1.3194792683487107 -0.4050333852970255 0.6946604930675067 -0.5111072494367672 0.3035847940143024
1645102030.48644 0.4533543880339209 2.243094126471429 1.3197670773833845 -0.4052935659742189 0.6940410176681923 -0.5120645907900285 0.30304066008639136
1645102030.493036 0.4516475372728819 2.239596563245675 1.3202639866837873 -0.40594881080490536 0.6941061249614403 -0.5114883075554556 0.302987788586272
1645102030.4996412 0.45038352827735306 2.235700435087 1.3204654051902347 -0.40662777398388095 0.6929500513207026 -0.5123777406535823 0.30322064412291305
1645102030.506232 0.4485741725464434 2.2322616967784725 1.3208966712824497 -0.40704991330704554 0.6929944937701163 -0.5121044819835591 0.3030142045971387
1645102030.51283 0.44715123131780943 2.228575473738698 1.3211043797611075 -0.407304031574746 0.6923060709019164 -0.5127643509640989 0.3031303570866131
1645102030.519433 0.4457125706365299 2.224967733922712 1.3213627540511255 -0.40763245635608625 0.6918013858523289 -0.5129230206361254 0.30357236861804304
1645102030.526038 0.44421123548222496 2.2213397120136125 1.3216475551889588 -0.4081801327394883 0.6914549733824089 -0.5126090189543079 0.30415555714789244
1645102030.532676 0.44280388143769367 2.217432183362608 1.321867495163999 -0.4088568063634436 0.6905258921002186 -0.5129164231885609 0.30483846512707763
1645102030.539237 0.44117589252080197 2.2140072840469474 1.3221744745806767 -0.40888679165084724 0.6908615743312326 -0.5122737073845666 0.3051182539730991
1645102030.5458272 0.4398296038673361 2.2103214009629615 1.3224313779139856 -0.4091751126802199 0.6904711486517383 -0.5121045695549893 0.3058984839928312
1645102030.552434 0.43830278587273075 2.206653462905493 1.322641111741588 -0.40964993138809835 0.6901844085390069 -0.5116310710081592 0.30670129884135594
1645102030.559063 0.4369056998365686 2.202905189458579 1.3228229791796442 -0.41014185610536574 0.6897391560973012 -0.5112984690268101 0.3075988812530351
1645102030.56566 0.43469319630822334 2.1999032919001316 1.32387815847136 -0.4108426928068765 0.6913459799372723 -0.5092039452750947 0.30652896686985565
1645102030.572267 0.43400125606509776 2.1956834060926655 1.3232187522784893 -0.4106419377894148 0.6893894267124286 -0.510540016005115 0.3089723904088149
1645102030.578835 0.43264164409576367 2.191693319429334 1.3234458855528441 -0.4117921271504128 0.6886108500888084 -0.5101394753962754 0.3098380912167979
1645102030.585424 0.4314016659531431 2.1878586502849173 1.3234771233684146 -0.41232540925137545 0.6878072549048637 -0.5102322256017668 0.3107597512170237
1645102030.5920372 0.42908436195340943 2.1850633960955186 1.3245210090176929 -0.41302045480854466 0.6897924224049874 -0.5078455623042651 0.3093429228772056
1645102030.598631 0.4285343401344234 2.180470335579536 1.3238048106388134 -0.4135589891550858 0.687148934920363 -0.5096021641902778 0.3116096413386553
1645102030.605249 0.4270459084710623 2.1767185395844084 1.324051126883768 -0.4145905405266019 0.6866904963105905 -0.5092851965384825 0.31176756801891353
1645102030.611878 0.425830148132754 2.1726514441204663 1.3240796837140734 -0.4158884043676458 0.6855162364580151 -0.5091675580846274 0.3128135325664978
1645102030.618489 0.4242260999244637 2.1691864158878382 1.324340886179966 -0.41649594240441135 0.6857922670429895 -0.5084178630321531 0.3126195577875194
1645102030.625052 0.42296385087248667 2.1650853101190903 1.3243043029085317 -0.41758507583406473 0.6844925199916856 -0.5091552114886312 0.31281515352945277
1645102030.63168 0.4217017425010172 2.1612095480017324 1.3244718992040183 -0.41874733698881195 0.6837768414961576 -0.5088150509821473 0.313379563338296
1645102030.6382651 0.42020843779079964 2.1572426634627164 1.3245348096214162 -0.419979544661761 0.6830871440160875 -0.5084794816970597 0.3137790957393286
1645102030.644852 0.41862865271067673 2.1537283729493444 1.324746142800666 -0.42057611286932356 0.6832676275224423 -0.5078060940175239 0.3136776237035505
1645102030.6514711 0.41667191853746366 2.1500404598697958 1.3254445977268745 -0.422288372411002 0.6835222241608254 -0.5066068083282065 0.3127603485704509
1645102030.658082 0.41617668462659896 2.145457753469269 1.3246006209000811 -0.4226939167951916 0.6808343899451904 -0.508279480096438 0.31535057547488665
1645102030.6646621 0.4145869136382826 2.1418757853801176 1.3246614188973027 -0.4231699056837312 0.6811395536780943 -0.5072243153477329 0.31575187535619215
1645102030.671273 0.41333547617457245 2.1376660023411875 1.324587080389576 -0.4237521446224635 0.6800158825835058 -0.5078651849797596 0.3163622885456364
1645102030.677841 0.41203718130317923 2.1335770389788857 1.3245060755353617 -0.4247301695230592 0.6790143070899988 -0.5078263349761354 0.317263076329892
1645102030.684435 0.41097244949087364 2.129204799201129 1.3242996991162623 -0.4255947117520677 0.6775922025638043 -0.5078132448930875 0.31916023790927806
1645102030.691075 0.4093644114649096 2.125516788929306 1.324452735992938 -0.42592593212708363 0.6778148025770339 -0.5070479228564978 0.31946238970368346
1645102030.697682 0.4085251987607137 2.1212180252416446 1.3240053455016787 -0.4267138554281712 0.6761357661817824 -0.5070212811053068 0.32200107559489194
1645102030.7042408 0.40703526709289295 2.11706688438237 1.324087802653539 -0.4274907094996299 0.675520933697467 -0.5067330591839934 0.3227140772795408
1645102030.710857 0.40540932232777593 2.1132352067092652 1.3241163410211345 -0.42783916113858356 0.6754248184910275 -0.5063672360280504 0.3230275255377097
1645102030.717463 0.4028679785459751 2.1091710015087832 1.325086976850996 -0.4299764638798512 0.6758911618997235 -0.5048547672072656 0.3215784083558022
1645102030.724073 0.4026973746927171 2.1045618791889154 1.3239861286840628 -0.42952855478842245 0.6731343100983451 -0.507069554513939 0.32446185259410204
1645102030.730668 0.40146506293500916 2.1005228599607615 1.3237405939110323 -0.43021948345134364 0.6723366094764344 -0.5063506137905307 0.3263177971282223
1645102030.7372391 0.3998564858153224 2.09612233441894 1.323806180597372 -0.43116394202597286 0.6711533271502637 -0.5072436865593684 0.3261199909049557
1645102030.743819 0.39822262972910716 2.0922380460279575 1.323929057999167 -0.43201949113592747 0.6711520908611528 -0.5061327437851817 0.32671590274946505
1645102030.750437 0.3966011939742047 2.0883901773541798 1.32387796917793 -0.43213737583232686 0.6706417697818221 -0.5068341045880621 0.3265206212553166
1645102030.757062 0.39556559409846437 2.083632200593235 1.3236505930764197 -0.4338153159209554 0.6685603701383122 -0.5071292076625898 0.3281020137571037
1645102030.763648 0.3938544620785133 2.079821445361246 1.3236697557847616 -0.4340071924209324 0.6683004495247427 -0.5072833058913825 0.3281394370685158
1645102030.7702389 0.39260348190386685 2.0755263992110087 1.3235708515704008 -0.43496054866137773 0.6670539408224169 -0.507519942303274 0.3290463446203551
1645102030.7768378 0.3915826416777082 2.070952829744749 1.3233067658432334 -0.43648978885039375 0.6648623418378153 -0.5078139147660877 0.33099756121605733
1645102030.7834282 0.3901503824344531 2.0668384721795063 1.3232825155897932 -0.43720585420655056 0.6640448936942286 -0.507968886973977 0.3314553824964615
1645102030.790036 0.38869996472053314 2.0625553730829616 1.3231931204717142 -0.4383018048154635 0.6627809193739669 -0.5080416475480678 0.33242490867683006
1645102030.796629 0.3869820111965566 2.058658903892922 1.3233591571808827 -0.43894678564610945 0.662697071535839 -0.5075959370717616 0.3324218906073172
1645102030.8098922 0.38312183856661985 2.050932918886949 1.3241825672652863 -0.44162476833585707 0.662788478972812 -0.5051519136068189 0.33241568903128177
1645102030.816438 0.38173297795397465 2.0468946632702294 1.3240830475952652 -0.44253935686042145 0.6618063393081833 -0.5048184275607471 0.33366031922532224
1645102030.829718 0.37851588668888747 2.0384148413485264 1.3243317533071062 -0.4450769738083674 0.6600820130517446 -0.5039472216411056 0.33501492732119814
1645102030.836231 0.37676310516573513 2.0349240691120043 1.3245593836688967 -0.44599418086137055 0.6606174196627819 -0.5018106720108816 0.3359456621212529
1645102030.842836 0.3775240179556555 2.0300291684789222 1.3228318143040663 -0.44532029228628495 0.6560968312149958 -0.5051690959961168 0.34063258811382247
1645102030.856081 0.37463364821579853 2.027013143463421 1.3238234365544264 -0.44668234837280585 0.6583756095567683 -0.502179875114238 0.33886776058114015
1645102030.862717 0.3725597116955724 2.018340919812439 1.3234001845257577 -0.4490597440572884 0.6546394450039962 -0.5026146169575991 0.34230209357825453
1645102030.875846 0.3679627999056222 2.015923534747826 1.3256628983895933 -0.4513361631456319 0.659377692558683 -0.4973971130816428 0.33780532762336773
1645102030.882438 0.36708999002765474 2.0117487133854426 1.3255183193795619 -0.4526010088860701 0.6574241014039541 -0.497783887621489 0.3393474933150876
1645102030.8890529 0.36910702979903637 2.006063712450374 1.323037870382364 -0.4527723399368656 0.6504635895060266 -0.5017058756470363 0.34667726178519076
1645102030.8956401 0.36735069660232217 2.0020139669705825 1.3234907876605138 -0.4543450045479488 0.6502154705396026 -0.5007713445597417 0.3464362589623754
1645102030.9022348 0.3661395435275415 1.9978553257017098 1.3235297959224641 -0.4558292015405339 0.6487719502955978 -0.5006754480244588 0.3473304176972312
1645102030.9088361 0.3646253311283433 1.9941240296720404 1.3238476683742326 -0.45754803173768543 0.6484655799304211 -0.49881782847711764 0.3483139194198269
1645102030.915442 0.3633261256461238 1.9898164591056708 1.3240122931011336 -0.45927597660102837 0.6469098172822131 -0.4989994182492062 0.3486724323953857
1645102030.9220638 0.36154394356681474 1.9860266528209742 1.324549242636187 -0.461181864498199 0.6465462301469347 -0.4973656373022253 0.3491651856696654
1645102030.928659 0.36008953804955557 1.9823851335863227 1.3248090020266454 -0.46191379823096873 0.6464679318143568 -0.49694679480510795 0.34893891036746105
1645102030.935246 0.3586412660891078 1.9782669335193672 1.3252455718783551 -0.4643489490436777 0.645314620039563 -0.49530559999649415 0.3501728679249994
1645102030.9418292 0.3573399124904382 1.9742057385952925 1.3254956200756811 -0.46582568659224677 0.6442745969000245 -0.49473896641708304 0.35092688416402373
1645102030.94844 0.3562761100685815 1.9702757890557239 1.3255590888682725 -0.46684039538063615 0.6430060180353555 -0.4949344628109642 0.35162874660211085
1645102030.9550312 0.35410858969388237 1.9669450542071707 1.326216910183727 -0.46790825201335456 0.6437485195529731 -0.49307142311992636 0.35146820782565075
1645102030.961642 0.35320232528963513 1.9626066735245304 1.326396241753155 -0.4696055314983729 0.6420801914565709 -0.4925380027605497 0.3530007865461451
1645102030.968229 0.35187554502037066 1.9587062683545498 1.3266725507819208 -0.4706788550655509 0.6414022133558076 -0.49184107898285284 0.35377470865068955
1645102030.974834 0.3506039428665647 1.9548078672262 1.3268866959154413 -0.47166322879798045 0.6408526533396558 -0.49100371364668094 0.3546218789697232
1645102030.98143 0.3492920601311158 1.9510258116717203 1.3271497041600264 -0.47285156252482247 0.6404573925752827 -0.48942630792266517 0.355931468831852
1645102030.9880562 0.34827515114976915 1.9469363595004074 1.327289653447397 -0.47375765448568 0.6394605186839913 -0.4886899687930689 0.3575271220211945
1645102030.994636 0.346757511757082 1.9433582058472132 1.3277718684411148 -0.4745306007342792 0.6400054250893926 -0.4870358932861793 0.357783957302469
1645102031.00126 0.3457149306188112 1.9392375022730104 1.32794772876924 -0.47592702043953733 0.6390818910515104 -0.48587324691086586 0.3591581590611776
1645102031.007869 0.3444289634851184 1.9355059437513933 1.328318674004847 -0.476818271981346 0.6392550914181594 -0.4840998358559738 0.3600613916159948
1645102031.014453 0.3433692796729072 1.931527889606694 1.3285333326881366 -0.47803902895899086 0.6385812737799201 -0.482752295726763 0.36144500032971166
1645102031.021034 0.3424498002933345 1.9274863913233813 1.3286733921614544 -0.47930565679230824 0.638136805060358 -0.4807407801691097 0.36322912477899566
1645102031.027651 0.34064525121600775 1.9240764227848832 1.3294428034967753 -0.4807217958959241 0.6391333753913707 -0.47837959847219 0.36272261175471593
1645102031.034275 0.33977928170498795 1.9199266555683079 1.329657673267422 -0.4818493052268458 0.6381961697133732 -0.4782124981030867 0.36309688333588397
1645102031.040875 0.33717778209163096 1.9168896768511199 1.3311576205418683 -0.4840558148587319 0.6406069593917914 -0.47422491323248506 0.3611413397555131
1645102031.047436 0.33751835249838014 1.9118497455952232 1.330377369801565 -0.4853887021878613 0.6367864032844588 -0.4756476326113799 0.3642249631770193
1645102031.0540328 0.33457049612927314 1.9091266422107 1.3321658146214532 -0.4874529987251148 0.63969060997159 -0.4718175900774399 0.36134916417995294
1645102031.0606651 0.3347877803851515 1.9046508903061987 1.3316242141210999 -0.48796345374275396 0.6371133211232511 -0.47374073716525184 0.362694904113249
1645102031.0672472 0.3324212180158017 1.9015779210500976 1.332984628327986 -0.48992234216288383 0.6388801715685215 -0.47137119489968277 0.3600235985699929
1645102031.0738492 0.3311972279237028 1.8977099610527493 1.3335142202408368 -0.4916288819846314 0.63814363841453 -0.4712142620765918 0.3592081012004977
1645102031.080451 0.3301269566824483 1.8939632297691509 1.3340039340157521 -0.49299619115395127 0.6372526161619912 -0.4711946546356199 0.3589416229210339
1645102031.087038 0.32996670272525025 1.8897526933528712 1.3335884634480752 -0.49408769386961837 0.6344221300724638 -0.47228944335718426 0.3610099165357638
1645102031.093642 0.3281293422817288 1.8865372685138968 1.334778582051699 -0.4960345999193756 0.6350161997031838 -0.47142569889254876 0.3584153307851961
1645102031.10027 0.3268823440869176 1.8827203648013007 1.335344702310678 -0.49746952420575763 0.6338014600744416 -0.47169950699312024 0.35821632756806926
1645102031.106837 0.3257296350469764 1.8791307137208482 1.3358307197602852 -0.49893632771037943 0.6329110352446132 -0.4713233058239988 0.35824590905750037
1645102031.1134331 0.32560836289511214 1.8750135131744394 1.3353742409495954 -0.49968670976250973 0.6301089375910518 -0.4726118303629233 0.36043538168485056
1645102031.1200352 0.32459050110672644 1.8712980714986942 1.3358304938267533 -0.5011472170097133 0.6287951963986845 -0.47238972304759513 0.36099261349766965
1645102031.126634 0.3223168954425378 1.8682179831305428 1.3371117557445806 -0.5032103940069282 0.6295686657432223 -0.46967273823038935 0.36031883588225116
1645102031.133234 0.3214452345358495 1.8649139535892472 1.337353002430167 -0.5029462785749103 0.6294172964579153 -0.47076407129478554 0.3595269899401004
1645102031.13983 0.32179550379181915 1.8600563422745162 1.3366213260628672 -0.5045121110325651 0.6246744082502077 -0.47109420118733353 0.36512908051400667
1645102031.1464288 0.32120445967650324 1.8567045280991707 1.3366916050377804 -0.5037570976620307 0.6242115153624884 -0.47313651382389155 0.36432154290037466
1645102031.153034 0.31858814102401845 1.8539049557572536 1.338234984727733 -0.5054778854826731 0.6263782798440864 -0.46875946882605135 0.3638770185944856
1645102031.1596339 0.31811462604447516 1.8503381691703917 1.3382348863908988 -0.5049180857972061 0.6258292961578491 -0.47016794104063764 0.36378166978096427
1645102031.166233 0.31732410345809736 1.8467894746144382 1.3382965836711231 -0.5051567986442851 0.625335388661519 -0.4696536957251673 0.3649620026870934
1645102031.172815 0.3161877397574503 1.843507016727868 1.338610457873786 -0.504963676527052 0.6258139051008841 -0.46849538292380905 0.36589651740750107
1645102031.1794581 0.3154778714033444 1.8397331311489225 1.3389187310077544 -0.5056308356022007 0.6248594555039009 -0.4671912615203573 0.3682662927733992
1645102031.186025 0.3141944193153372 1.8362755005715894 1.3393043037375965 -0.5069821224995416 0.6245794563047653 -0.4643931071891278 0.37041629581475904
1645102031.192658 0.31462887513934423 1.8324397884855186 1.3388357554230297 -0.5051181158523471 0.623422913048768 -0.46775310753679283 0.3706834624325034
1645102031.1992562 0.3136411850678377 1.8291020545305783 1.3390778080534638 -0.5057586522159699 0.6240552764416507 -0.46628885409341553 0.37059072106371627
1645102031.2058601 0.31316716717990845 1.8253240503327335 1.3391060661075183 -0.5060055308689041 0.6233414685727933 -0.4665506736946531 0.3711252176717979
1645102031.212415 0.31251117069042256 1.8216811969354545 1.3393467093736808 -0.5065385927621701 0.6221805284008076 -0.46500773455883987 0.3742693513215424
1645102031.219023 0.3133444083307634 1.8172606140427907 1.3382251123342828 -0.5067430105885732 0.619840008768154 -0.4670497575874729 0.3753317670091224
1645102031.2256498 0.3114176486726785 1.8144039679880735 1.339431789392201 -0.5075671295171977 0.6216609358558896 -0.4656420282327283 0.37294821053325866
1645102031.232233 0.31060452823579615 1.8107434458782268 1.3396261025258824 -0.5087564153370098 0.6216063337639885 -0.4649996336848861 0.372219556298795
1645102031.2388532 0.3101263777049943 1.8071111593913898 1.3396668447342654 -0.5094353549216971 0.6208218118208282 -0.46468278794612233 0.372995203847075
1645102031.245454 0.309301320255029 1.8036906131522201 1.3399426132716037 -0.5101726478807359 0.6210888829728398 -0.46410292954442733 0.37226409146133876
1645102031.252053 0.3091025847768335 1.7997319794016147 1.3398865745874575 -0.511124806229518 0.6196585383222273 -0.4641495679001824 0.3732820468792359
1645102031.258633 0.3085617313980946 1.7960761107153458 1.3399530808040458 -0.5120233760801798 0.6190923619997631 -0.4639601163386453 0.37322557275175106
1645102031.265227 0.3082160214700691 1.792256066756027 1.3398908101325027 -0.5131149579619855 0.6182263206625507 -0.46378919877923447 0.3733743490073637
1645102031.271831 0.3076310343968162 1.7888529720947837 1.3400385962441395 -0.5133084726406423 0.6183658203087781 -0.4636433411228264 0.37305836451441504
1645102031.278456 0.3074609692218419 1.7849358639376023 1.3399779180659361 -0.5143669505442412 0.6171841832418938 -0.4634646036149105 0.37377864075479905
1645102031.2850618 0.30697032406606345 1.781188269254037 1.3399675553282102 -0.5152217307355843 0.6170025443368864 -0.46316966636257983 0.3732665496741454
1645102031.291625 0.30670212444863065 1.777389977521906 1.3399359857266384 -0.5159859478772691 0.6165040795718603 -0.46294897991543477 0.3733083027808033
1645102031.298222 0.30610395941524265 1.7736470965805569 1.3399898172068871 -0.5168436508105027 0.6163464354562421 -0.46262800833630985 0.3727795869220904
1645102031.304815 0.30600338179382536 1.7699125522129182 1.339902193709281 -0.5171811545100521 0.6156533073031174 -0.4627314801078887 0.3733280314855076
1645102031.3114188 0.30568218110860335 1.7660067691717323 1.3397964128321416 -0.517731050062698 0.6155379487381736 -0.46265844823877167 0.37284634275185347
1645102031.3180091 0.3052618452183071 1.7624907931032525 1.3397880215744788 -0.5181877860169658 0.6152486418729431 -0.46173019716600544 0.37383861766274545
1645102031.32462 0.30527915087659363 1.758416673685714 1.3394780432937523 -0.5185916456010492 0.6147597933347284 -0.46247312618185665 0.37316387894023234
1645102031.331255 0.3049518627501061 1.7544594359694121 1.3393761238014077 -0.5193421917862081 0.614390572619251 -0.4619115410404685 0.37342358914105767
1645102031.337829 0.30474528568038517 1.750815216475148 1.3392019236560049 -0.5193644408973033 0.6145260846107401 -0.461734639240509 0.3733885976497633
1645102031.344461 0.3045472728584444 1.7468372116953628 1.339084976238479 -0.5199734148568643 0.6139759500715881 -0.46091981842411717 0.3744511669112833
1645102031.351031 0.3045399794103002 1.7430461351120838 1.3388064225663656 -0.5201289292973387 0.6138005577859942 -0.4608723748405964 0.374581236161795
1645102031.357621 0.3042647995041947 1.7392758501774708 1.3386914653481983 -0.5204482812128963 0.6137286750517021 -0.4599896084784403 0.3753397769304337
1645102031.3642309 0.3041889846698016 1.7355255450776388 1.338526103907895 -0.5206217459301937 0.6136722726435075 -0.45935320877524305 0.37597027558283613
1645102031.370869 0.30412803092187496 1.7317078934469246 1.3383347113355273 -0.520843530513415 0.61355723034105 -0.45879736435230667 0.37652907579407296
1645102031.3774562 0.3040022641198601 1.7277894115725 1.3381617752420565 -0.5211805405935837 0.6133589104336067 -0.45843289974548745 0.3768295865385098
1645102031.384022 0.30445750732469756 1.7237229901685756 1.337764834856811 -0.5214105483076837 0.6119429155163055 -0.45877821809288716 0.3783901663676313
1645102031.39063 0.3044417990152305 1.7197473982334606 1.3375920043320038 -0.5218323140504507 0.6118009114059361 -0.4584354802307233 0.37845362888568557
1645102031.397227 0.30452692306582185 1.715886563060842 1.3373771976841353 -0.5219846142433763 0.6114818191239071 -0.458346845517438 0.3788664078494492
1645102031.403826 0.30437728358110977 1.7119702907008147 1.3374956981611046 -0.5226996392988921 0.6110440624935753 -0.45817434857820855 0.3787955365132872
1645102031.410419 0.3051411487230298 1.70767189771512 1.3368241665905392 -0.5231439763355789 0.6090814621988081 -0.4586089535173956 0.3808117217099437
1645102031.4236648 0.3059537982190261 1.6992570590800105 1.336238972169753 -0.52366075257869 0.6071684157393971 -0.45980006630633957 0.38171894372293846
1645102031.430228 0.3066015949257804 1.6949483381676982 1.3358214860098383 -0.5237257159100297 0.6053268857713082 -0.46121843350836245 0.3828418159752168
1645102031.436815 0.30685518881083285 1.690899081393549 1.3356596522039004 -0.5240861279038741 0.6051367091264426 -0.4608044043452137 0.38314780751283617
1645102031.443428 0.30710904902218283 1.686912517567733 1.3353879642270652 -0.5247747134254055 0.6047614068898224 -0.46038372273995454 0.38330353550903973
1645102031.449973 0.3079590669365422 1.6823263306300158 1.3349146003478973 -0.5248277407823144 0.602852506095198 -0.461826318417929 0.38450074037581317
1645102031.456631 0.3080366348027977 1.6787295445015082 1.334958912540306 -0.5252334351675176 0.6033392492535823 -0.45957405850778815 0.385879254407831
1645102031.463219 0.3087056294361865 1.6739443958422517 1.3344594709292505 -0.5256831315575545 0.601903905773094 -0.4614659759226609 0.38525012104901296
1645102031.469825 0.30926650284578555 1.669728496434019 1.334153964187702 -0.5260846950946517 0.601424244869413 -0.4610541463807702 0.3859436663257774
1645102031.476415 0.3098249603351834 1.6653995348270754 1.333944730584321 -0.5265234918177241 0.6007201237429172 -0.46128325950436866 0.3861679462004262
1645102031.483028 0.3106419427308298 1.6609695765511612 1.3335003847971996 -0.5268548065205494 0.599636448320233 -0.4614870747612825 0.38715551139069315
1645102031.4896278 0.3109690672268235 1.6569236819973387 1.3333687148923008 -0.5270696427938061 0.6001986540046973 -0.46130159089891815 0.38621202474367644
1645102031.496258 0.31206929913475195 1.6522931291561656 1.3327254787935359 -0.527423947629258 0.5982509325259262 -0.46154284067851553 0.3884553744447772
1645102031.509475 0.31223770729368355 1.6436965666639805 1.332987854121297 -0.5293802042134255 0.5989937960333107 -0.4599010261054294 0.38659226331655594
1645102031.522629 0.31420929416812016 1.6394763275609612 1.3316365839146114 -0.5279259958894639 0.5970355014935661 -0.46079445478079084 0.3905263756846243
1645102031.5292218 0.31508156856031644 1.634894647755913 1.331268199527195 -0.5287554810921338 0.5958548793311084 -0.4605910797139198 0.3914462327178688
1645102031.535869 0.3145704560264354 1.6306892725835331 1.332067612289575 -0.5304803397755429 0.5974095604666048 -0.4586126094819131 0.3890585619660899
1645102031.542454 0.31668351810433487 1.6259215265488898 1.330527452331861 -0.5297324967146412 0.5948035963222931 -0.4603457593366908 0.39201219332069354
1645102031.5490298 0.3175883780449249 1.6224796451604897 1.3302991298995028 -0.5296167672485247 0.594881713460633 -0.45831387285851566 0.39442328446307295
1645102031.555659 0.31816049069000085 1.617113404948596 1.3301146857412631 -0.5308853229852013 0.5945014454630458 -0.45889278579299503 0.3926141485828592
1645102031.562231 0.3196115176567684 1.6129164236816438 1.329315704396565 -0.53051606615549 0.5933807322821202 -0.45988674659333834 0.39364421410644684
1645102031.5688581 0.3206256604047038 1.608121626442119 1.329138092923533 -0.5314502910033909 0.5922152229943414 -0.4599041811061877 0.3941186128608324
1645102031.575487 0.32143958684932156 1.6040315863405294 1.3287502552430113 -0.5318188749791479 0.5924585355732932 -0.45824085797634756 0.39519183737867447
1645102031.5820649 0.3225466333359128 1.599262953839458 1.3283926068314693 -0.5326295446980664 0.591476870882908 -0.4580370680204377 0.3958063146177229
1645102031.588635 0.3225056211805876 1.5948289188836415 1.3289136835413307 -0.5342231490700762 0.592503554968 -0.45710727856150735 0.3931891393812134
1645102031.595252 0.325021024510908 1.5901573178088897 1.3275742156014971 -0.5334609226396725 0.5903685998681995 -0.458019784944963 0.3963607738118037
1645102031.6018612 0.3258070455528611 1.5856009707554177 1.3274475253430076 -0.5338450872440846 0.5905915435965983 -0.45783560159972875 0.3957236664881343
1645102031.60848 0.32700103107968503 1.5813884618950347 1.327266804021876 -0.5344485585508093 0.5899541408004342 -0.4570349872110547 0.39678391933459534
1645102031.6150458 0.3280850724799397 1.5770069350570006 1.3270832304102995 -0.5346892112183361 0.5902519459001758 -0.4568856722158277 0.3961883633774816
1645102031.6216462 0.32910687919721904 1.572567872594503 1.3271302710785013 -0.5356064821043939 0.5898925028236228 -0.45587770840703135 0.3966454635690292
1645102031.628286 0.3302513096466646 1.567803164149475 1.3268245318652856 -0.5362121485411127 0.5892626308090886 -0.45578443113291284 0.39687060557395337
1645102031.634838 0.3308905175781972 1.5636050329553162 1.3274675799224287 -0.5376455012757835 0.5896578240803405 -0.4547334049598601 0.3955478735270058
1645102031.641441 0.33302422339530924 1.5589903693702203 1.3266408195934594 -0.5379895761469004 0.5885994974982013 -0.45539162777321435 0.3958988887587789
1645102031.648086 0.3334555806309266 1.5545982147828334 1.327192265249937 -0.5390019845246764 0.58826721085483 -0.4543735273449809 0.39618538015134974
1645102031.654688 0.3360078673133645 1.5499522192343576 1.3262759343597197 -0.5389226877447479 0.5857635155423231 -0.45588127170280734 0.398265441350693
1645102031.6612449 0.3373328473581314 1.5456673428736856 1.3261608716824846 -0.5393188363190564 0.58524555597528 -0.4557082649586106 0.3986884241472036
1645102031.667885 0.3370750686483106 1.5411284373084193 1.3272102322857209 -0.5415986746631403 0.586627981384721 -0.4535528701010694 0.3960150224162651
1645102031.6744452 0.33999139556513747 1.5367943654442253 1.3262517676305547 -0.5410953677461283 0.583743137740001 -0.45494667873710104 0.3993531186711731
1645102031.681035 0.34160233877960466 1.532429346054245 1.3259260653249705 -0.5415563004402332 0.5823697119999511 -0.45469038739553286 0.40102192559366595
1645102031.687685 0.34273819658569804 1.5279846634966445 1.3260118528709102 -0.5425400605081482 0.5817819780249112 -0.4544970216482878 0.40076436163734785
1645102031.694286 0.3440768969399437 1.5238222878820114 1.3260801933347959 -0.5426544192376871 0.5812033295252613 -0.45481967732133605 0.4010829294438544
1645102031.700856 0.34351284744905575 1.519486331074498 1.3275287725757159 -0.5454699218744791 0.5831473258226173 -0.45182591766626684 0.3978124193775827
1645102031.707486 0.34642875112671473 1.5157056261993935 1.326198374684005 -0.5433989424332776 0.5813103712608149 -0.4540494843742406 0.4007923428788436
1645102031.714041 0.34749516153499416 1.5115896784613532 1.3263606257673755 -0.5442837835611453 0.5811722823315388 -0.4526943100530183 0.40132458686376776
1645102031.7206872 0.3488656787069756 1.5073297124234566 1.3263057138602414 -0.5449538620987299 0.5804594002731618 -0.4523532904944243 0.4018311463611734
1645102031.727287 0.35035396195649693 1.503589439616398 1.326373772186446 -0.5449182097000252 0.5807403080376282 -0.4517087658098505 0.40219860594717444
1645102031.7338822 0.35146618128176166 1.4993771388569934 1.326513425828543 -0.5465035294361229 0.5800073137607652 -0.4507107186847809 0.4022248373300394
1645102031.740488 0.3519688489041995 1.4955810841139539 1.3274840338572966 -0.5482422313806692 0.5814950288245188 -0.4475877925290138 0.4011965981403438
1645102031.7470531 0.35294472212485023 1.4918260715695546 1.3275508975313566 -0.5481542007834271 0.5815518989666715 -0.44754119739224685 0.4012865570998816
1645102031.7536461 0.3546110589790381 1.4877227412438179 1.327744683272727 -0.549756372958494 0.5806057398174818 -0.4465180894670356 0.40160435548553636
1645102031.760244 0.355801220666352 1.4837414197159808 1.3281374215089652 -0.5506571992890046 0.5801615909650402 -0.4462339357824019 0.40132788944861153
1645102031.766845 0.35785764285974864 1.4798571493606518 1.327692986542995 -0.5506113765521646 0.5785199087763966 -0.447358392838797 0.40250707590338414
1645102031.77348 0.35807103310746846 1.475972784098816 1.3287372539187128 -0.5528829718426134 0.5791864593828483 -0.445122013271507 0.40091088024337196
1645102031.7800891 0.3595559672513441 1.472210439882846 1.3288118651549692 -0.5529573915282472 0.5781518588899497 -0.44645402334754875 0.40082034411332246
1645102031.7866518 0.36073485252325965 1.4685718670193255 1.3290574240593802 -0.5535343025722245 0.577349138343319 -0.4467376658478008 0.400865117114963
1645102031.793239 0.3620313619346387 1.4644603576866602 1.329269406404395 -0.5543000073439126 0.5758464646597945 -0.447816971686632 0.4007641898190696
1645102031.799823 0.36310113236774155 1.4608827735910777 1.3295953784861134 -0.5547243773656393 0.5753894781092919 -0.44798316091994983 0.40064760040020586
1645102031.8064551 0.3643945194271624 1.4573245467504423 1.329718135267894 -0.5551114917153142 0.5744446651703672 -0.44830209529820175 0.40111022333878027
1645102031.8130329 0.36538897050621144 1.4535183547179067 1.3305102290722277 -0.5557576660568055 0.573741278718904 -0.44897277759286547 0.40047146219797136
1645102031.819642 0.36678464751238105 1.4501344359885444 1.3305979370010996 -0.5556740562670369 0.5729744974096168 -0.4493792138029741 0.40122865410792874
1645102031.826265 0.36792647678011103 1.4462640083516378 1.3309482558248682 -0.5562611525527138 0.5719583276075176 -0.4494872962409035 0.4017437595609903
1645102031.832844 0.36927381952916544 1.4427010405658465 1.3309193210903345 -0.5563502978303161 0.5712865763143162 -0.44870100781352246 0.40345133663736577
1645102031.839434 0.3703848691966312 1.4395260788610018 1.3310968745661471 -0.555819506894513 0.5712627461430163 -0.4489084828613117 0.4039854976050699
1645102031.846035 0.371866559404694 1.4360811678453573 1.3311798156199695 -0.5548872687174787 0.5707386860685867 -0.44913760505537825 0.40574935091735526
1645102031.8526158 0.373255170568769 1.4327340880566446 1.3312753698302773 -0.5551644338184506 0.5701227211968339 -0.4484865109285822 0.406954560100464
1645102031.859216 0.3744220006141982 1.4289744357966823 1.3315438508607873 -0.5549464387961778 0.5695651413267129 -0.44816797570985956 0.4083810944168567
1645102031.865814 0.3757027209581577 1.4256156294600797 1.331658573363414 -0.5547555619352645 0.569466387360477 -0.4474155901820127 0.409601273714356
1645102031.8724182 0.37731322631036146 1.4218142027757923 1.331643062869531 -0.5542609961683139 0.5686465196747876 -0.4469687815165769 0.41189126698761475
1645102031.879047 0.37874804502385784 1.4187402399626243 1.3316852757919841 -0.5538286624294231 0.5688965440766384 -0.4460833420426236 0.41308565906659367
1645102031.885622 0.3795878284949236 1.4151403393546949 1.3321445190409629 -0.5545132464364688 0.5688758441481193 -0.445047401788337 0.41331315456012513
1645102031.8922172 0.3807358972979382 1.411690370319451 1.332368589544742 -0.5543242102425505 0.569213524455861 -0.44401895206271197 0.41420707522085953
1645102031.898855 0.3824984728336791 1.408347259403828 1.3321899015358132 -0.5544130198467125 0.5684470246584039 -0.4429201425625893 0.4163118135608719
1645102031.905438 0.38293909047008795 1.4044700240022239 1.3331027210557576 -0.5560960689921376 0.5688416067336116 -0.4411371132922941 0.41542034808083417
1645102031.912021 0.3849828215486173 1.4015676105760284 1.3326601214892548 -0.55480203407701 0.5686151542810953 -0.441568641080685 0.416999157332774
1645102031.918622 0.38560104286162017 1.397639196249068 1.3333590771387231 -0.5565391866268989 0.5686539749296718 -0.4399844568011845 0.4163052477971874
1645102031.931912 0.38865908550297334 1.3911084888546652 1.333172924097122 -0.5565067915087568 0.5678564925954329 -0.4401370420488036 0.41727472608192107
1645102031.938466 0.3893326731248701 1.3873062428890508 1.3337676424001752 -0.5582801896741156 0.5677753951250136 -0.43876911100738786 0.41645599561149765
1645102031.9450638 0.39084050828848615 1.3838490185918435 1.333712252597072 -0.5587744007062014 0.5670679942458539 -0.4383749474705557 0.41717154153483094
1645102031.951675 0.3939705032113451 1.3809462541283226 1.3323753517746764 -0.5566293856173637 0.5647422278890406 -0.441623532284672 0.4197596906023142
1645102031.958269 0.3951092644349091 1.3775473652660144 1.3324887746267098 -0.5574366945542113 0.5642999836779128 -0.44131115086595885 0.4196116239827964
1645102031.964875 0.3963530955268266 1.3741130130071235 1.3325591951186728 -0.5581603837524108 0.5636851863920925 -0.44146852773461387 0.4193103461895854
1645102031.971445 0.3973672956636064 1.37087815994557 1.3327868882788942 -0.5590325785927625 0.5644216298115062 -0.44079099376206293 0.4178679968364981
1645102031.9780328 0.39894170683244456 1.3672664323940114 1.3324986428710104 -0.5596005862556287 0.5625305271714796 -0.4408573400720349 0.41958444832585795
1645102031.984633 0.39864794348606963 1.3638818219226665 1.3337057035462885 -0.5616667291711409 0.5638887088003378 -0.4393531371836215 0.4165674533708717
1645102031.9912682 0.39970868289297556 1.3606390706958895 1.3338197674620955 -0.562210978225826 0.5638948742119857 -0.4389201781905729 0.41628125328520715
1645102031.997857 0.4011164651700059 1.3571597327662748 1.3337037527883469 -0.5628325427978352 0.5629534966705225 -0.43863210020813015 0.417018477439184
1645102032.0044239 0.4021888093351566 1.3537159050662737 1.3337147903147921 0.5633571064790265 -0.5626807692474104 0.4381631297517611 -0.41717122697217457
1645102032.0110111 0.4033965784195178 1.350408353218945 1.3337188080237836 0.5637830851949384 -0.56235925077376 0.43787304813662975 -0.41733388034964075
1645102032.024299 0.40527415323149657 1.3433841357880478 1.3340193880590885 0.5651549149766001 -0.5621149858306012 0.43608777640975294 -0.41767670197295237
1645102032.030823 0.40678219444839797 1.3401104930561838 1.333874201706011 0.5646366946047541 -0.5616824042420495 0.43676757670018374 -0.41824872845262
1645102032.0440671 0.4087607431635424 1.333671551485879 1.3337900196870711 0.5648642454936669 -0.561576328463528 0.4359518248875387 -0.41893445955111136
1645102032.057264 0.40897590560682284 1.3275947907860113 1.3347166108184663 0.5654078105113131 -0.5642727810468825 0.43396636804206934 -0.4166329843163947
1645102032.063817 0.41383367111511793 1.3236441193255268 1.3323557012724476 0.5637267205307842 -0.5578356839415056 0.4365948387952938 -0.42475419348931215
1645102032.070453 0.4149611099296313 1.3202867203892517 1.332240068955569 0.5637030830927753 -0.5572442276298826 0.43643955430678416 -0.4257204618350462
1645102032.077031 0.41609398830792843 1.3168887691690476 1.332040842141077 0.5637770559572264 -0.5565150376935701 0.43659991204438336 -0.4264111804334915
1645102032.0836532 0.41726427867757965 1.3135139110340681 1.3318759381796914 0.563533392395821 -0.5558663726149885 0.4362462282659322 -0.4279387813856323
1645102032.090226 0.4176283352341196 1.310752406800015 1.3316639643214194 0.5627604880785 -0.5565288683791556 0.43648754588969185 -0.427848710120495
1645102032.0968199 0.4211624786578785 1.3062360232491184 1.3303711745044693 0.5631320841397917 -0.5513232166692568 0.43654868628748217 -0.4339929561302984
1645102032.103415 0.4196449292362978 1.3040325520931322 1.331437199422128 0.5627390264662578 -0.5553871549566068 0.4357210135654625 -0.43013560534475265
1645102032.110018 0.4209519314196988 1.3003505870417922 1.3311172639868205 0.5631810924296932 -0.5540675870503886 0.4355879198598508 -0.4313919212548683
1645102032.11661 0.4241244418777698 1.295961931849563 1.3299473776986632 0.5634208370092371 -0.5495217847311811 0.43532421391318465 -0.43712140603509086
1645102032.123222 0.4236106433303492 1.292832178621159 1.3308041182658665 0.5641939100525516 -0.5514284696503807 0.43470949757590216 -0.4343261333386866
1645102032.1298401 0.4237347773295206 1.290207787759217 1.3306600225758864 0.5628398901764964 -0.5530066555297589 0.4347534207347119 -0.43403229167766444
1645102032.1364212 0.42347913962266526 1.2855586345191445 1.3320285960254155 0.5669363625839153 -0.5530186322925333 0.4309563813873299 -0.432469338796127
1645102032.143054 0.42663756529894287 1.282600434635029 1.3302273610809698 0.5644327634388677 -0.5501976988941254 0.43289852311578075 -0.4373748115042994
1645102032.149663 0.4275891169414343 1.279135434267195 1.3300557276076699 0.5645627555827994 -0.549739201172318 0.4327647302938448 -0.4379155808258681
1645102032.15625 0.42866178251669074 1.2756697707578 1.3297743690195825 0.5645850614283926 -0.5492726526075816 0.43234107075151784 -0.4388897327901951
1645102032.16283 0.4295645863387594 1.2722422385276806 1.329594582950086 0.5650064728637385 -0.5490780952253382 0.4317456134188526 -0.439176910920427
1645102032.169429 0.43052908683073865 1.2685353918114732 1.3293934826569205 0.5652745649572557 -0.5483058213916825 0.43123786424639554 -0.4402940827897617
1645102032.182667 0.43261242664943045 1.2611687795014546 1.3288384323800824 0.5660375783155764 -0.5465350454980488 0.43045840918382683 -0.4422738782495854
1645102032.195868 0.4312322032037115 1.2571588632556623 1.33026311433691 0.5692226126129922 -0.548674051399037 0.4269366148875096 -0.4389387552138478
1645102032.202462 0.43337615819030006 1.2548532680608344 1.3285292163506546 0.5661433670373871 -0.5479225036818486 0.4292778378055918 -0.4415685204389431
1645102032.209028 0.43405497012995303 1.2497526986557344 1.329101160606317 0.5698302378712408 -0.5458350991353024 0.4260268160243617 -0.4425588415402727
1645102032.21563 0.4362743498584699 1.2468349090936088 1.3279237796325651 0.567487445173666 -0.5444265667009048 0.4289660378747262 -0.4444608658656459
1645102032.222223 0.43530654748807157 1.2424997716676893 1.3290740982807565 0.5710175937108704 -0.5454296413206402 0.4253150092336833 -0.442212785490182
1645102032.228832 0.43854188488607765 1.2393669566185344 1.3272629349460254 0.5682787770749284 -0.5421727582237832 0.42870706131912756 -0.4464503241930604
1645102032.235431 0.43672680413156667 1.2351090318122986 1.3288623292121458 0.5721674030091991 -0.5447700180026088 0.42435157647171146 -0.4424651618949283
1645102032.242054 0.4384419373180074 1.2313357525741342 1.3280446067025964 0.5720658882201435 -0.5429994361828867 0.42386150797122873 -0.4452340757016927
1645102032.2486248 0.4413919349659863 1.228139383566852 1.3262717389995866 0.569794734112458 -0.5403809055655728 0.4261021908298568 -0.4491760409944877
1645102032.255276 0.43968232754836345 1.2236848415269876 1.327929023078784 0.5732073834994005 -0.5426666716248758 0.4233181499602395 -0.444688058748461
1645102032.261826 0.442781028393767 1.2205767099661993 1.3261149220451283 0.5707045510430352 -0.5399387983685044 0.425324097897782 -0.44928983534583206
1645102032.268438 0.4435969895816605 1.2166921579030634 1.3258843097538928 0.5712623204957898 -0.5394780519101037 0.424522414628819 -0.44989237626491735
1645102032.2750669 0.4444158463073542 1.2127660917640284 1.3256485102271844 0.5717059308305614 -0.5391051719203862 0.4235748405399556 -0.4506682861405119
1645102032.281664 0.44459250549507406 1.2096247031296206 1.3254181267733436 0.5709024706030045 -0.5403900943318051 0.42350528469493554 -0.4502130468418518
1645102032.288237 0.4455840555088249 1.2055077927738245 1.3251905682043876 0.5713903716072114 -0.5395066245160316 0.422881443364546 -0.4512389802071637
1645102032.29484 0.4449270851077637 1.2022775020865388 1.3255836638096024 0.5715814964818514 -0.5420387580451155 0.4215487098290575 -0.4492047330308974
1645102032.301428 0.4479715137225614 1.1968644723375248 1.3249907412582873 0.5737003851927814 -0.5371210055421819 0.4206702728097176 -0.45321639626923893
1645102032.308038 0.4476304436948335 1.1923359595350385 1.3256876432670512 0.5761579497346784 -0.5377690733818565 0.41749372361673887 -0.4522665679826706
1645102032.314634 0.4494616734188694 1.189650937723055 1.3241205733784325 0.5727917289633562 -0.5375508715610957 0.41987922780980413 -0.45458742850210215
1645102032.3212318 0.4500032351134243 1.1855515101686245 1.324391610183686 0.5742216021582979 -0.5376542016745451 0.417837166388008 -0.45454277124255615
1645102032.3278651 0.45146078289432334 1.1813734128971738 1.3236522042588685 0.5742429635273881 -0.5361304975367394 0.4176162070584384 -0.4565146116028219
1645102032.3344269 0.4512638745495622 1.1756051802838163 1.3249027394637478 0.5790566617829199 -0.5350726919576605 0.41360981137987807 -0.4553208905872177
1645102032.3410509 0.4540594428636564 1.172468789354621 1.3233161828986721 0.5763602839356162 -0.5333746972049677 0.4159766543908902 -0.458566523661478
1645102032.3476338 0.4542415312383385 1.1690684692120616 1.3230815077409213 0.5757431709578267 -0.534547118320718 0.4157648755437425 -0.45816852261771984
1645102032.3542268 0.45463188905043295 1.1634714880788406 1.3239714780042764 0.5801139165585709 -0.5329620893014106 0.41152732267291803 -0.4583275261831691
1645102032.36083 0.45510203233820035 1.1591114356869225 1.324177616165651 0.5812264411918353 -0.5327574283414442 0.41141682244919303 -0.45725404585724055
1645102032.36743 0.45722309824392116 1.1565127326438236 1.3224994277819806 0.5782067960976838 -0.5318793284415825 0.41299205409240747 -0.46067190592398044
1645102032.374035 0.458646327702777 1.1524061309393279 1.321908061221459 0.5789805903028509 -0.5304466684371945 0.411607188335941 -0.4625872325732089
1645102032.380626 0.46046373614527475 1.147261926101159 1.3219208334058017 0.5809614244120889 -0.5273744154416176 0.41104514525649505 -0.46411363389125143
1645102032.3872378 0.4599390729171987 1.1437925892957195 1.3219738793751623 0.5810792376565109 -0.5294239620441742 0.4100459592186938 -0.4625140341768507
1645102032.393857 0.46074900755641485 1.1395732125477904 1.3218622963186513 0.5820735797001563 -0.5288105143530523 0.4089933447800872 -0.46289732526748306
1645102032.400453 0.4624086566760953 1.1346830430048747 1.3218136714052218 0.5843676707014703 -0.5264276137560671 0.407709158874065 -0.46385489020469695
1645102032.4070551 0.4628467393336771 1.1312403465874574 1.3213892279126649 0.5835039156850971 -0.5274690808922458 0.408182922635812 -0.4633420403649822
1645102032.413615 0.46344886975850785 1.126820059206828 1.3214778016338475 0.5852458380096573 -0.5271315764569984 0.40608714486423414 -0.4633708805192099
1645102032.4202318 0.4660801311537943 1.1219525863645283 1.320811017811055 0.58727484548381 -0.5233043749114238 0.404903855321164 -0.46616869632499053
1645102032.426846 0.46516964118855875 1.1185001715843406 1.3211481307450366 0.5874511976557361 -0.5258385975194741 0.4036148338691659 -0.46420850528522895
1645102032.433419 0.4657721133270257 1.1142929152290924 1.3211413932943632 0.5886945566875846 -0.5257558086160622 0.4023449780725817 -0.4638293946502026
1645102032.440047 0.4667074819294531 1.1099613187762283 1.321124249417576 0.5897237898064015 -0.5250548835124316 0.40164664285619406 -0.4639211332248353
1645102032.446656 0.46711968076996274 1.1061438690378256 1.3209767139753898 0.5904396541369882 -0.5259046452517041 0.3998825337301885 -0.46357203071455033
1645102032.453213 0.4683650445690069 1.101841659995059 1.32085701347336 0.5912961439230955 -0.5250768383684992 0.39944605653713916 -0.4637948751845425
1645102032.459855 0.47049397375251084 1.0973211853271398 1.3203367057000943 0.5923202235968607 -0.5231232248413455 0.39839826529243266 -0.46559358714839083
1645102032.466451 0.469981451439937 1.0935605963228392 1.3204960273791337 0.592133289446038 -0.524827448672245 0.3979760528585359 -0.4642725425293229
1645102032.473056 0.4719538580344828 1.0887893871760004 1.3202669767858042 0.5937400600421895 -0.5227624723896666 0.3962257829731698 -0.466043813595661
1645102032.479619 0.4695489562783195 1.08621769695231 1.3211811591882285 0.5929812168055614 -0.5289256624870459 0.3953712947543149 -0.46075173329209324
1645102032.4862661 0.47289825639331895 1.0807233558936435 1.3205726753517988 0.5953115795693186 -0.5240814142355341 0.3934983730691968 -0.46486706114728826
1645102032.4928808 0.4726561241103566 1.0763860383314532 1.3212390522765014 0.5973017198322812 -0.5248446172384547 0.3911130458618614 -0.46346404982019046
1645102032.49967 0.473430463856369 1.0726749576812467 1.3212382198252743 0.5978018859607643 -0.5246524588415551 0.38954108952190686 -0.46435987524588973
1645102032.506023 0.47373181022616684 1.069352401716407 1.3206745798168058 0.5968343624553114 -0.5246532108911063 0.3889206500569858 -0.4661202886678911
1645102032.512626 0.4746795757662137 1.0653485945026873 1.3205068576629104 0.5977287904479253 -0.5235736744518358 0.3874220141571653 -0.4674341924393956
1645102032.5192509 0.47538512909537006 1.0612951561254533 1.3205269674288667 0.5985688718015214 -0.5223364486895224 0.38637611163687113 -0.46860748327114554
1645102032.525832 0.4773613756432997 1.0563866298067757 1.320291956220998 0.599866244589314 -0.5183743413320611 0.3865310745846091 -0.4712133126813387
1645102032.5324202 0.4775231549944381 1.0522959774376308 1.3207433330994902 0.6012564309635403 -0.5177399134615877 0.3857363136291825 -0.47079005245154704
1645102032.539027 0.4774710394571938 1.0472486039628974 1.3210845756077698 0.6030747035548554 -0.5162163207876368 0.38487458856946244 -0.470842762459261
1645102032.545616 0.4776375375541746 1.043408329939844 1.32171687750032 0.6048769720650109 -0.5158762960752791 0.3826667917933379 -0.47070290996946546
1645102032.552266 0.47786549155061075 1.039279075606611 1.321872138110857 0.6058985201318827 -0.515241408677507 0.38237067201324415 -0.4703249667008107
1645102032.558829 0.4793332481263737 1.0355786849188062 1.3212418061175688 0.6057668713135724 -0.5129412178573707 0.3823223126047072 -0.4730402105821331
1645102032.5654242 0.4786525630392015 1.0315649860924874 1.3223956658083127 0.6084849882780023 -0.5142941798417915 0.3790165070042096 -0.4707374872924744
1645102032.572027 0.47946899145075317 1.0273776817636164 1.3221975564325303 0.6086876847530037 -0.5130338752845499 0.3793424331531102 -0.4715871298008733
1645102032.585294 0.4808551886280202 1.019681964471184 1.3222223639693726 0.6102901242190488 -0.5121317881731573 0.37725856717225276 -0.47216801971538025
1645102032.591833 0.4805985204923252 1.01518850340185 1.3227062202152775 0.6114660103852942 -0.512973154217226 0.37688101531463347 -0.47002990889462437
1645102032.598432 0.48167038777741544 1.011468638947891 1.3224584506743575 0.6121882654666054 -0.5125216422520436 0.3750954931987009 -0.47100981996397634
1645102032.605066 0.4835052710734632 1.0078028325244537 1.321306929609253 0.6112085187803924 -0.5110987708985508 0.37508350023433934 -0.4738291679534309
1645102032.611665 0.48325130073757494 1.0036738097992912 1.321880367384973 0.6122014904882167 -0.5131654754536082 0.3737262997440801 -0.4713797809159637
1645102032.618228 0.4820438001176537 0.9997284978131448 1.3232590267893514 0.6143799630814718 -0.5166927748837512 0.37150216001267666 -0.46642427261030145
1645102032.62482 0.48445306771865626 0.9974542977013982 1.3212170395650622 0.6109145076464538 -0.5156837263045114 0.3743581198920274 -0.46979715076624673
1645102032.631437 0.4840907978606069 0.9922246706054749 1.322293267329169 0.6147549066068555 -0.5162941197062999 0.3703645596295079 -0.467275547651312
1645102032.638022 0.4834214459819205 0.9884464488058251 1.3234340404879152 0.6169761155942172 -0.518683011305834 0.36847943671482747 -0.46317481850737946
1645102032.644623 0.4884688786449116 0.9849847319533926 1.320265464768657 0.6155800311430368 -0.5117720229214706 0.3696151245307732 -0.47173602735683284
1645102032.651219 0.4869632899538665 0.9814800261266052 1.3212923378384605 0.6165496805628778 -0.5155963171520441 0.36951779765532283 -0.46635088586028045
1645102032.6578188 0.4846742811532076 0.9766214003146433 1.3233701990997675 0.621320424429292 -0.5182219261760165 0.3666801075228284 -0.45929544808403233
1645102032.664454 0.4850436064897753 0.973560849779032 1.323243793119538 0.6217945514384772 -0.5191348739073273 0.3658362718044406 -0.4582946692323212
1645102032.6710231 0.4852559525308337 0.9695193935838159 1.323447213405068 0.6238301689259204 -0.5182608302350761 0.36568304172868077 -0.4566368098082919
1645102032.677614 0.48443542859670186 0.9665672239819922 1.323907405078179 0.6247689975069648 -0.521040748894296 0.36385135706020666 -0.4536433150220865
1645102032.6842182 0.48540552302393614 0.9621733756866511 1.3238623733407116 0.6269429228496793 -0.5180517219443772 0.36444997514572625 -0.4535865831141582
1645102032.690857 0.4874913785545698 0.9597818273993788 1.3218548806219244 0.6244479654372939 -0.5161804214590452 0.3671937724564192 -0.45693647397226744
1645102032.697422 0.48748161623789854 0.9561958274496748 1.3220345734792875 0.625034872691317 -0.5164520664994059 0.3682777993631728 -0.45495016752936907
1645102032.704054 0.48652310559179596 0.9511281454179891 1.3235318581509914 0.6290510404606303 -0.5162058363127727 0.3667689114409183 -0.4508952803792933
1645102032.71062 0.48908499474689654 0.9489951330795022 1.3212001064700254 0.6257692274792852 -0.513781321809106 0.3702844601213235 -0.4553358792023245
1645102032.7172182 0.48729972663982846 0.9442986321554333 1.3234003255849491 0.629781781003907 -0.5164570151418413 0.3664045721967545 -0.4498826148438699
1645102032.7238212 0.48903585984897746 0.9420810192313692 1.321477871672602 0.6265773747047496 -0.5155762186201494 0.36866120780977607 -0.4535091929293247
1645102032.7304409 0.4894241250432962 0.9386594559053115 1.3213625789161392 0.626300297768462 -0.5160866583925319 0.368790344405286 -0.4532062032793635
1645102032.737025 0.4881644820850184 0.9357679006253984 1.3217458015780834 0.6256469031619485 -0.5195895938879423 0.36965191632368055 -0.44938808666549945
1645102032.743613 0.4892355889534823 0.9304781098542576 1.3226090895613116 0.6299958530882538 -0.516504584957355 0.3651916088240865 -0.45051426359597274
1645102032.750221 0.4892126689263514 0.9267909752916226 1.3227073409779866 0.6301210861386441 -0.5171440381192225 0.3651685343067169 -0.4496233227531607
1645102032.756843 0.4908043641352412 0.9233999924821517 1.3212837762669463 0.628556248808346 -0.515262405853378 0.3652254499514676 -0.4539073079670984
1645102032.7634282 0.49226053756528115 0.9220164539574491 1.3201855761027175 0.6255840939877877 -0.5163816820090696 0.3664399765852555 -0.45575857724282726
1645102032.770016 0.491269773316629 0.9171645477089858 1.321870207942038 0.6291091278653723 -0.5173831067991423 0.3628413339031789 -0.45263932799393125
1645102032.776622 0.48927570827655653 0.9139864421718996 1.322501226194362 0.6285872768082995 -0.5216977980804115 0.3623583827113621 -0.44878217030747797
1645102032.783215 0.4915743448253687 0.909888221050572 1.3221151439579293 0.6300856835753432 -0.5177261496226787 0.3610895247670907 -0.4522894299348565
1645102032.7898219 0.49307770748707114 0.9082626922920268 1.3204687736303964 0.6257100696555992 -0.5182784393606844 0.3643372415647595 -0.45511806544075106
1645102032.796417 0.49399007448130877 0.9050413467950001 1.3196811905729289 0.6255495787501455 -0.5167260522879137 0.3634201842471515 -0.457829109270464
1645102032.80302 0.49337645152065585 0.8993548914991327 1.321282193927164 0.6300179711098057 -0.5154321922184583 0.36099237514583066 -0.45507271569814356
1645102032.816261 0.4946941218158357 0.8928973826529489 1.3211610757766192 0.6299017217919072 -0.5154128572331266 0.3611518672064659 -0.45512893599385573
1645102032.8228202 0.49689759977859804 0.8902672060641301 1.320092211889195 0.6285050457586172 -0.5136491488151606 0.3629499507189691 -0.45761646234644965
1645102032.8294232 0.49446026317007175 0.8872262945078273 1.3216513152041947 0.6297865236244098 -0.518494193091749 0.3603859306646197 -0.452387440614249
1645102032.83602 0.4970496036094916 0.8844332690773387 1.320018101819706 0.6280234936056273 -0.5151041416103737 0.3635213543868166 -0.45618642754707234
1645102032.849219 0.4955131555445871 0.8806312670031728 1.3217983852685615 0.6309368572202578 -0.5182209720862291 0.3600236232014495 -0.45138496940048156
1645102032.855822 0.49687828207286333 0.8764090566705495 1.32174377935277 0.6326469008863129 -0.5153425038520053 0.3599933156086939 -0.45231006043725186
1645102032.862412 0.49762590340682666 0.873111835977523 1.3215165815382046 0.6324266362799507 -0.515169733481906 0.3604891077975315 -0.45242010997029397
1645102032.86902 0.4998238594076004 0.8709202458134804 1.3197777718709325 0.6296293086842009 -0.5137955128566296 0.3628750530635828 -0.4559631611253095
1645102032.87565 0.5012602994464402 0.866820149643862 1.3199582847476856 0.6308245684170882 -0.512487440967288 0.3626374079378707 -0.45597223031284667
1645102032.882219 0.5014137642189744 0.8643177856927653 1.319540221200436 0.6294308322140895 -0.5140919091344034 0.3628757714906957 -0.4559026535051353
1645102032.888854 0.5002085795267364 0.8595933148103935 1.3216832736476387 0.6331893405576411 -0.5158321854676473 0.3608508305743097 -0.4503050861629318
1645102032.8954198 0.5014462527176349 0.8555633537521699 1.3210796710999573 0.6329171309902689 -0.514217741556558 0.36121754904670883 -0.45223616867322036
1645102032.902018 0.5026100544573759 0.8528395062388024 1.3206725611444456 0.6314972364506511 -0.5149699559466016 0.36241131118288666 -0.45241014332966506
1645102032.9086258 0.5040895760306133 0.8497537834161597 1.3202102152482258 0.6304382090753698 -0.5148253806431822 0.3632062321072965 -0.45341304099679
1645102032.91522 0.5039712376319359 0.8463028986635321 1.3205752342310537 0.6309670455434948 -0.516477245175597 0.36264215145592293 -0.4512451550069296
1645102032.921823 0.5049047555368974 0.8427374097478159 1.3205163320422675 0.6312607562753079 -0.5162110130274181 0.3624134504826624 -0.4513225853577467
1645102032.928422 0.5064687475045301 0.838642692597456 1.3200648511298563 0.631655752986635 -0.5136863175430022 0.36218731340155313 -0.45382530741434474
1645102032.935037 0.5087252481632021 0.8366661298826856 1.3188248977839159 0.6288260739973766 -0.5141587047015427 0.3643935632951508 -0.45545089236144737
1645102032.9416552 0.5088269109606114 0.8321549683605066 1.3194478633025468 0.6310382538709813 -0.5137857232962936 0.36212787887777464 -0.4546186333025326
1645102032.948271 0.510897962428088 0.8296897880070269 1.3184491313456053 0.6286272754490011 -0.5138227361802734 0.36408258509843977 -0.45635226495430714
1645102032.9548202 0.5103053013170705 0.8253473790008241 1.3194077778431834 0.6304474923389014 -0.5150062192636689 0.36228243403293964 -0.4539335084046027
1645102032.9614232 0.5111672690155327 0.822404869956226 1.3192256349743843 0.6290110661533874 -0.5167171837501856 0.3624295185151736 -0.45386437530240514
1645102032.968055 0.5128329396033325 0.8192580483955471 1.3185607683953604 0.6280677679279818 -0.5160183843950035 0.3633185169661912 -0.4552529022280649
1645102032.974646 0.5133561787168783 0.8153986407158823 1.318751005119754 0.6286544590472583 -0.5165141562558119 0.3626090200203524 -0.4544459828034217
1645102032.981236 0.514547804059404 0.8122893334932885 1.3182813430619575 0.6273411135502245 -0.5173478176328474 0.3626152264586087 -0.45530663456323145
1645102032.987833 0.5167976829392709 0.8102897047260577 1.3168182613872828 0.6239037422945823 -0.5176763021375121 0.36475375048848335 -0.45794065086700003
1645102032.99442 0.5179397921735517 0.8069043840395241 1.3165725002593751 0.6235002996629218 -0.5181232676124287 0.3641401682417892 -0.45847260942238194
1645102033.001031 0.5193339364304275 0.8037796628879208 1.3160779037557098 0.6227150038227584 -0.5180648924674202 0.3642142478813587 -0.45954595436148854
1645102033.00762 0.5189646303087978 0.7992785026955078 1.3172459843767506 0.624918667708247 -0.5197647777787132 0.36266324794052807 -0.455846614952719
1645102033.014216 0.5224455771930322 0.7968289507612992 1.315115599295669 0.6220839671237933 -0.51680897748958 0.3648429809150695 -0.4613126118847725
1645102033.0208168 0.523039584675612 0.7934209051927441 1.3151929236006223 0.6209824272607494 -0.5188913898471836 0.3653981466702404 -0.46001773801893714
1645102033.0274408 0.5216074020751055 0.7885909659412564 1.3171783643853032 0.6237623659762176 -0.5224568470788871 0.36378914454887107 -0.4534494489543371
1645102033.034058 0.525498071617997 0.7854558006722113 1.3152329381623997 0.6220572349778385 -0.5186206111036742 0.36402762451102294 -0.4599575941797064
1645102033.040616 0.5274707486655155 0.782393238928109 1.314337775658465 0.6205879005720498 -0.5184300814171594 0.3629316772788582 -0.46301303941592975
1645102033.0472162 0.5287858816086463 0.7781988654674368 1.3138659887694608 0.6205057001729897 -0.5180439893236436 0.3631907160756802 -0.4633520523171177
1645102033.053853 0.5298564049204413 0.7745959145204399 1.3137822674809854 0.620688817739328 -0.5181699133506551 0.36273306442234515 -0.46332465477446416
1645102033.060423 0.5311198899264995 0.7714764382118795 1.3135130041779985 0.6201500580441447 -0.5190158473405835 0.3624332203328804 -0.4633337478534513
1645102033.06703 0.5324334187422135 0.767945283778061 1.3129744639578684 0.6203171353545363 -0.5186980397963955 0.3615749389484123 -0.4641359008278762
1645102033.073618 0.5333477207864072 0.7643125042554443 1.3134731808187925 0.6202831070630759 -0.5206643578339953 0.3611434814425723 -0.46231198641784726
1645102033.080211 0.53697509612153 0.7620898185160581 1.3106939296831976 0.6160822065613099 -0.5186873591091095 0.3635398543301369 -0.46823561128248203
1645102033.086816 0.5374438617957797 0.7578467258319195 1.311722713480259 0.6186727903974076 -0.5197025012795663 0.3608160160985861 -0.4657947446877132
1645102033.0934231 0.5390741476360104 0.7534910596258675 1.3110721290988845 0.6188340620753118 -0.5188262177662922 0.36071457423229114 -0.46663525170422804
1645102033.1000252 0.5413769150436938 0.7523022921455365 1.309403915713701 0.6148343055945836 -0.519895866449113 0.3626783922241366 -0.4692027027607555
1645102033.106621 0.5414445069782816 0.7463230394979159 1.310717054318843 0.6186887515556985 -0.5203295247356777 0.3605094973478383 -0.4653106335656219
1645102033.1132228 0.5446885756603945 0.7428828955431912 1.3090342970974511 0.6168597847214105 -0.5187975940692082 0.3613027556532596 -0.4688207599777525
1645102033.1198442 0.5455244717050753 0.7403684176156491 1.3093894536417818 0.6176251288859286 -0.5207447075043072 0.35943811355753835 -0.4670846054692937
1645102033.126421 0.5474040782330571 0.7359227383968936 1.3089411031076994 0.6183512168157715 -0.5199160454899996 0.3596319222383247 -0.46689794513497945
1645102033.133017 0.5526435054858729 0.7334915459547288 1.30573460567934 0.6146628047986019 -0.5155861864096133 0.36218789320897365 -0.4745314723220772
1645102033.139621 0.5525266841652472 0.7297807780805391 1.3059846062944531 0.6142156024756447 -0.5187042101548512 0.36235220970816767 -0.4715777938931162
1645102033.146247 0.554901971560343 0.7251856733833303 1.3059387787035184 0.6164877204420195 -0.5168566044948483 0.36059987013492173 -0.47198450377439555
1645102033.152858 0.5568323250579114 0.7230312758417973 1.3049544659225987 0.6144022207053282 -0.5182863877304426 0.3613698538006403 -0.4725470135876456
1645102033.1594172 0.5569378793114441 0.7180836870966976 1.3064553369645886 0.6183603379383359 -0.5197287945988137 0.35748330374687837 -0.4687406838431321
1645102033.166028 0.5600246840720322 0.7142195012596929 1.3051333550168949 0.6183225604049909 -0.517111930124362 0.3578974971163535 -0.4713613205839014
1645102033.1726289 0.5607460480620816 0.7107007282942004 1.3055665064192554 0.6193865858551657 -0.5184222014639794 0.35585102165537513 -0.4700726943161495
1645102033.179233 0.5593364187939889 0.7076629054737541 1.3062686072169132 0.6189974614221783 -0.5245958312266925 0.3552940939147133 -0.4641198309866006
1645102033.1858401 0.5654785471231786 0.7023628576177092 1.3039868863297421 0.6209561215433941 -0.5147938397387124 0.3552387869990552 -0.4724464839844022
1645102033.192471 0.5664548634726093 0.6991655325103835 1.304703200653916 0.6217044846586587 -0.5172870461649675 0.3542704236161863 -0.4694568074571552
1645102033.1990578 0.5691649015992742 0.6952589021321413 1.3036499094872998 0.621296030120153 -0.5155599284615171 0.3550763208621049 -0.4712852867813559
1645102033.205638 0.571581773928168 0.6925972864880107 1.3029332786647598 0.6202494769282535 -0.5154329744129649 0.35483599928145937 -0.4729805151668013
1645102033.212227 0.573294472380244 0.6876105263257115 1.302936145137236 0.6213559462048861 -0.5146491573325397 0.3547429016236293 -0.47245120349148745
1645102033.2188401 0.5748211368913054 0.6849280037663442 1.3031907279026356 0.621474801827096 -0.5165025530740304 0.3541300887124704 -0.47072893423787443
1645102033.232076 0.5805058699861878 0.6767500658002227 1.3012996155118983 0.6211561059379997 -0.5123287382493246 0.3550344261552175 -0.4750100676656213
1645102033.238624 0.5833774686581764 0.6732772195104345 1.3006365690752482 0.6206777805522382 -0.5115242835728117 0.3557506581325874 -0.47596546476881846
1645102033.245235 0.5839075985232484 0.6692105742046878 1.3014450400011857 0.6222725921965967 -0.5135438351124111 0.35416827150352925 -0.4728784306228517
1645102033.251853 0.5882974871603003 0.6655368415360815 1.2997712899820704 0.6213520809107144 -0.509945488658715 0.35542035076905065 -0.4770253370555022
1645102033.258431 0.5901975372878514 0.6611975895467045 1.299918969324054 0.621864818905765 -0.5103762410149523 0.35581659350636635 -0.47559894630189053
1645102033.265058 0.590243653002064 0.6575754334405439 1.3014141774293448 0.6236748867922178 -0.5137046726256708 0.3537131375718307 -0.4711940335368183
1645102033.2716641 0.593520823072705 0.6526242897768973 1.299993403825765 0.6234468642335634 -0.5096700557181367 0.3542350476980453 -0.4754656672504353
1645102033.278286 0.5968677453207498 0.6491859095106153 1.299322936918946 0.6232546171944392 -0.5090993977881189 0.3549814239358634 -0.47577238067965616
1645102033.285011 0.598044665280787 0.6449276370025886 1.2999983828022235 0.6248154793737671 -0.5096672974066466 0.35305847884031477 -0.47454624387904937
1645102033.291459 0.6012106916714917 0.6431747335618025 1.2983617902285922 0.6205235410903747 -0.5102099593575068 0.3556021914127784 -0.47768511116464196
1645102033.298031 0.60241501829789 0.6369636202472215 1.2998064187850693 0.6257500602242012 -0.5087483025123115 0.3513684645618659 -0.4755541341691248
1645102033.304655 0.6071696201314621 0.6341059977123208 1.2982542464994604 0.6239523469949009 -0.5060788932810952 0.35239047986298977 -0.47998772149690777
1645102033.311222 0.6082905541225104 0.6312591879696736 1.2977442426848633 0.6224206825948433 -0.50797878508873 0.3522118913155539 -0.4801004657929735
1645102033.317847 0.6117969675868566 0.6264645142940336 1.298267959802653 0.6253357175052484 -0.5061116742088143 0.350149699466041 -0.4797926041837003
1645102033.32443 0.6129619607090546 0.622931971382502 1.2990652109336251 0.6265073818674198 -0.5076283356209867 0.34789874882665467 -0.4782971342789625
1645102033.331017 0.6167510433977594 0.6198961371815505 1.298073450802538 0.6250480115389148 -0.5065927006429887 0.3484931450764427 -0.4808648989889439
1645102033.3376598 0.6182245731934555 0.6157557861496974 1.2990545518615157 0.6272273529983519 -0.5068538191194686 0.34559837071170413 -0.479840089237404
1645102033.3442152 0.620290740111634 0.6113856160709381 1.2994713433838099 0.6286710191465863 -0.5066236772106005 0.34469606599029484 -0.47884185725260947
1645102033.35082 0.624088386368024 0.6094764040353624 1.29843276297174 0.6261362126651672 -0.5066930817434573 0.3463187084432712 -0.4809144768950819
1645102033.35741 0.6258838019249863 0.6041713122194688 1.2995544533385854 0.6296966776986638 -0.5053390953254235 0.34390082931869703 -0.47942307157393393
1645102033.364064 0.628276447421374 0.6019636104707127 1.2983856249550874 0.6271837004517399 -0.5057775553393538 0.3444151847510095 -0.48187902246431574
1645102033.370646 0.6315814360589953 0.5966933166492292 1.2998009744339396 0.6305432434247469 -0.5045356693320754 0.3430190257751815 -0.47978803547204174
1645102033.383818 0.6338515040004301 0.593359712582372 1.2988280708791964 0.6295394518204069 -0.5035327112211571 0.34347458509296674 -0.4818294665510288
1645102033.390464 0.6389736356417774 0.5863678262953543 1.3002077029173367 0.6308251742687543 -0.5054009525132152 0.3425568920045298 -0.4788359345301942
1645102033.397017 0.6413989889250395 0.5814235550367316 1.3011654052452502 0.6340194304854718 -0.5037949306553986 0.3399231396630416 -0.47818603537808796
1645102033.410246 0.6467025036521126 0.574739172038664 1.3012723053196882 0.6341246170098576 -0.5027906773294603 0.3394260570922454 -0.4794550106373119
1645102033.423506 0.6517891339548774 0.5686755629781297 1.3011168849738677 0.633723795141929 -0.5024327650547541 0.3394103507145063 -0.4803704463796651
1645102033.430034 0.6543185237581208 0.5641929682026635 1.3028409580915252 0.6371187315760064 -0.5020140764050932 0.33714690456668883 -0.4779050500693995
1645102033.436621 0.6562442292667445 0.5607103170994308 1.3035115098613368 0.63819151464505 -0.5020608824620941 0.33665215797285286 -0.47677189637674794
1645102033.443224 0.6596855117663567 0.5585733335689198 1.302724958177483 0.6364494335479681 -0.5016258722118382 0.33857868093074894 -0.4781920628250692
1645102033.4498198 0.6625350494198537 0.5550178758411938 1.3030893065196416 0.6376603935883767 -0.4999833528665468 0.33851716794332326 -0.47834250481758644
1645102033.456424 0.6640716044251055 0.5501280735188813 1.3046779814115865 0.6405028071918059 -0.4997612702391677 0.33678886152176885 -0.475991324856786
1645102033.463088 0.6672079663866193 0.5481857818060384 1.3040750467641773 0.6392042935520018 -0.49894032022770096 0.33782648627875356 -0.47785910189704833
1645102033.469631 0.6698448011752205 0.5443040440431444 1.3044534462182822 0.6396159867654362 -0.49819034483162133 0.3391469803261852 -0.47715489242106507
1645102033.476217 0.6706198344344951 0.5415899633186355 1.3054466891824683 0.6401673944697219 -0.5003662266846565 0.3374797620761238 -0.4753171764539525
1645102033.482825 0.6749770263498656 0.5373662716367194 1.305097313479531 0.6407001485776735 -0.49621069644219856 0.3391717599897162 -0.4777453199417752
1645102033.489426 0.6777432618335307 0.5334527334570547 1.3058095304959805 0.6422327570908752 -0.4947189997588791 0.3375726852692459 -0.47836643785246014
1645102033.502625 0.6783285812930112 0.5307490992606596 1.3063619397643975 0.6411039514479145 -0.4981509782104625 0.33911702043111097 -0.475216525599068
1645102033.509227 0.6830156577146096 0.5266496420336878 1.30632801804504 0.6429471715237317 -0.49296183894233836 0.33721058753981487 -0.4794749700681938
1645102033.5158179 0.6845252737243561 0.5245353366119652 1.306391385051058 0.6416519296549937 -0.4940824462722221 0.3366896310297012 -0.4804218296547158
1645102033.5224268 0.6874445452027198 0.5209655625738021 1.3064561667252876 0.641261475239905 -0.493340649928342 0.3375233503851912 -0.48111986550695285
1645102033.529024 0.6900601858225094 0.5176340022062778 1.306700096989803 0.6415793423978406 -0.49254078843702603 0.33709122864402663 -0.48181801988201445
1645102033.5356328 0.6920859213597527 0.5126366813173399 1.307829109527018 0.6441668448804989 -0.4914317830544293 0.3348455017046718 -0.4810632880188162
1645102033.5422232 0.6942073966420448 0.5091477704621944 1.3083698769067567 0.6441769716973398 -0.492055977751753 0.33426057517331303 -0.4808185975164341
1645102033.548827 0.6980112048131948 0.5062994209988078 1.3076337282755812 0.6430137106932173 -0.49002644766271874 0.33342433817213674 -0.4850106939333732
1645102033.555433 0.7003133012649745 0.5041526794997203 1.3073249600414325 0.6413537563084337 -0.4912081849941321 0.33362147040954226 -0.4858767108580286
1645102033.5620348 0.7028718911302357 0.500736443426294 1.307521424092193 0.6415536505434178 -0.4908784523505478 0.3324845628433579 -0.48672458627924453
1645102033.568631 0.7052072404514902 0.49711216754987575 1.3077761702479473 0.6415292150239679 -0.49127351616731163 0.3323052144767682 -0.48648057078962637
1645102033.575278 0.7080025001414467 0.4939967761764496 1.3077156927972162 0.6415115586088675 -0.49067760065118443 0.33077738957388747 -0.4881436943123182
1645102033.5818272 0.7104193060162928 0.4905524965856253 1.307935058867316 0.6414709393340624 -0.4910969182270232 0.33006824198382656 -0.48825539699738485
1645102033.588436 0.7132425185052211 0.48701804879454336 1.3079270032962709 0.6420209404058089 -0.4899386549505089 0.3293125999215125 -0.4892055385494295
1645102033.595169 0.7152742651192963 0.48234198141176204 1.308973199697994 0.6443926354177232 -0.489510052741213 0.3266297390554542 -0.4883140587558604
1645102033.601674 0.7184516818060812 0.48036383765101986 1.3079849276542022 0.642464465734749 -0.48939274976884434 0.3272227134559885 -0.4905701871057649
1645102033.6082292 0.721173565872649 0.4769136301663256 1.3080829820128368 0.6431980087937389 -0.4885966004223505 0.32646424021681364 -0.49090784113668623
1645102033.6148648 0.7237233198102175 0.47346288234008954 1.3081430965545704 0.6437045976357889 -0.4880613697130713 0.3262617339994046 -0.4909109095024917
1645102033.621431 0.7263872669858285 0.4699816561758481 1.3081186020662903 0.6442162589825613 -0.48711840044964383 0.3259170391318974 -0.49140498766794916
1645102033.628082 0.7288616351501152 0.4664137044474395 1.3082956317069017 0.645206758478414 -0.486400765264369 0.32550362730743443 -0.491090058425158
1645102033.6346729 0.7313107498546598 0.46171795707710417 1.3089553883826541 0.6477693590250768 -0.48445279713329037 0.3240696980679701 -0.4905902174387581
1645102033.641237 0.7341725200485599 0.45918833160064737 1.3083058237089409 0.6467313159510961 -0.4839444335180583 0.32572319013271067 -0.49136603895666264
1645102033.6478631 0.7366353212874477 0.4559438352147899 1.3082575375158987 0.6472616033245737 -0.4831951789673713 0.3252738056216798 -0.49170270476342687
1645102033.6544409 0.7392314316090617 0.4522979048220302 1.3081943833280405 0.6477905051732156 -0.48238502756594276 0.32494709870314264 -0.49201734868081193
1645102033.66104 0.7414454130377564 0.4486954888816515 1.308409730727076 0.6487312201812325 -0.48204415574600507 0.32480603056531926 -0.491204644432756
1645102033.6676428 0.7442875554769037 0.44535721390086497 1.3080852584979115 0.6491457713688905 -0.48038356069610566 0.3245640330551392 -0.4924420905031532
1645102033.674238 0.7468964536698943 0.4415667403902356 1.3081178729298537 0.6500156131144018 -0.47951036616500364 0.3238243602343256 -0.49263254066128354
1645102033.6808808 0.7494742791738187 0.4380447636100442 1.307889941239021 0.6502798523945327 -0.4785925124168134 0.3231610302731454 -0.49361115687945717
1645102033.6874418 0.7521640549577693 0.4344501001342481 1.3078031128994958 0.6509676784162919 -0.4775362999972755 0.3223234083170677 -0.4942745761076871
1645102033.6940548 0.7547989001051781 0.43092322676648787 1.3076390578670494 0.6513500270601958 -0.47660980812444836 0.32150045580761993 -0.49520026363514774
1645102033.700642 0.75730205534417 0.4276010946442775 1.3074211933785076 0.6514333409316123 -0.47603799531467095 0.32079287333059814 -0.4960988740088846
1645102033.707267 0.7597442395021031 0.4239501733413934 1.3072988153072327 0.6516424127071491 -0.47564600234132387 0.3199290709015919 -0.4967576193340111
1645102033.713842 0.7624292747835539 0.42049289810641644 1.3070691343385386 0.6519889322555996 -0.4747014274468703 0.31900739505257375 -0.49779800974463645
1645102033.720464 0.7649367780915259 0.41696071076304936 1.3069080101086699 0.6522161633282338 -0.47411144325764265 0.3177724794285837 -0.49885132225271017
1645102033.727041 0.7675253173245355 0.41340430387268623 1.3067052515826294 0.6522425367865257 -0.4734726693336002 0.31718058218626327 -0.49979921490291707
1645102033.733637 0.7701956910162618 0.4096178034306639 1.3065207268401133 -0.6527493724338495 0.47249206594181575 -0.3162416944679419 0.5006594959449262
1645102033.7402382 0.7725154070158613 0.40497024220210476 1.3069903508522795 -0.6547479072033807 0.4706801966806138 -0.3141663356719771 0.5010628784297366
1645102033.7468648 0.7754816832145545 0.4025713851443058 1.306031471085255 -0.653058744918908 0.4705637091217417 -0.3146963375644914 0.5030401746165065
1645102033.753438 0.7796605819618976 0.3980169509395166 1.3054627639437764 -0.6541366842918621 0.46642970799789363 -0.31362125463040996 0.5061516046499998
1645102033.760072 0.7823670771268112 0.3946968154026696 1.3050383279640443 -0.6544070280950457 0.4646750977777428 -0.31293810993396126 0.507835978132685
1645102033.766675 0.7847466290270282 0.39063010091900224 1.3054441489017823 -0.6556561946140498 0.4641732293152181 -0.3116340576946937 0.5074854725771073
1645102033.77323 0.78745857467969 0.386849425880504 1.3052861395253224 -0.6561547819179845 0.46295831300944323 -0.3107362981717259 0.5085004071878018
1645102033.779871 0.790202807876818 0.38299981191160654 1.3048509096432372 -0.6563628549602923 0.460968534779283 -0.310580975531071 0.5101317979708897
1645102033.786438 0.793084184428471 0.37917174943897797 1.304736590146878 -0.6573519749340867 0.45949817639746243 -0.3095326141168141 0.510821449406069
1645102033.793039 0.7958984224391353 0.37545445848229625 1.304394853085752 -0.6576217915174183 0.4578027061117479 -0.3090479294278168 0.5122879239642325
1645102033.7996328 0.798834341682024 0.3719937749389903 1.3040565581939305 -0.6578353985497116 0.4563940495253885 -0.3086678192133414 0.5134983741138662
1645102033.806265 0.8014174472966177 0.3679596297599594 1.303923488203698 -0.6585196364243563 0.4554996821721122 -0.3077964050601158 0.5139383832460943
1645102033.812829 0.8042272318619096 0.3641804349424808 1.3036948273094273 -0.658856365259387 0.45457000154096394 -0.30714045345198426 0.5147215725175152
1645102033.819433 0.8067903673471972 0.36029745823274595 1.3033477088925323 -0.6597222770064336 0.45259488002340076 -0.30635120598219384 0.5158222836151611
1645102033.826027 0.8096051230512831 0.35638273979000784 1.3031837424534451 -0.6602874385576699 0.45151213015388014 -0.3055733697272631 0.5165088222815591
1645102033.8326368 0.8123597108283312 0.35146858607739584 1.302774447532731 -0.6616329079584768 0.44830027348043183 -0.30472937046935133 0.5180811459194337
1645102033.8392692 0.8149643051255903 0.34837381439799875 1.3025222699719554 -0.661400314300444 0.4483610777626848 -0.304148666254408 0.5186664370215746
1645102033.845835 0.8178393133920489 0.34467131101314197 1.3024780264009546 -0.6619957940299294 0.4476418435182975 -0.3034480388210544 0.5189383045233841
1645102033.8524292 0.8205952991380989 0.3397130690236238 1.3021747175590148 -0.6640868393845688 0.44400026770610324 -0.30209935810475724 0.5201802272600489
1645102033.8590348 0.8232151775874536 0.33664219898896425 1.3019654335689699 -0.6637914771830218 0.4441356344590589 -0.3016116658181842 0.5207246343738569
1645102033.8656251 0.8259726156170809 0.3330104461983749 1.3018214921807525 -0.6643700622614229 0.44323834748931934 -0.3009344460220698 0.5211429505397379
1645102033.872237 0.8286426790471282 0.32865315789891525 1.3019679470707153 -0.6658388718293082 0.4423790544842511 -0.29961264330671034 0.5207598935635995
1645102033.8788218 0.8313652967502707 0.32484171265989714 1.3016368673204066 -0.6668534315490307 0.44007653121935464 -0.2986555260018515 0.5219609741186112
1645102033.8854358 0.8340939936584485 0.3208143284298293 1.3014695488817007 -0.6677067857588963 0.4384920169107062 -0.2978158143090002 0.5226827287267164
1645102033.8920379 0.8366285992088216 0.3166924441136873 1.301458120806142 -0.6690451826802599 0.4370874461614226 -0.29630204000208854 0.523007921770695
1645102033.898633 0.8364238903258165 0.3124693766645037 1.302837857081214 -0.6704505684741316 0.44096350744093893 -0.2965861826399395 0.517767435488289
1645102033.90523 0.841770920924704 0.3090190584232924 1.3013216967247336 -0.6707191628086525 0.4346793104480802 -0.29426465907137295 0.5240202312580475
1645102033.911836 0.8443059142945277 0.30510623215359106 1.3012704508957897 -0.6715820149304645 0.4333737220047693 -0.2932812809534151 0.524547591401978
1645102033.9184709 0.8468557099873101 0.300407254211678 1.3012722356652382 -0.6736809184280325 0.43092179704729816 -0.29179866559918316 0.5247030050660528
1645102033.9250402 0.8462173366659107 0.29652763208371496 1.3025832285657533 -0.6744368585492009 0.43538219185110844 -0.2915212943190802 0.5201844167821238
1645102033.931638 0.8518234192629393 0.2929676396457467 1.3011211621439895 -0.6757046639729333 0.42708654479508174 -0.28919375099930533 0.5266748939068548
1645102033.938248 0.8524060200848107 0.2890280936388166 1.302018923516982 -0.6763951792445134 0.4294491242746866 -0.28971168472103354 0.5235737158565865
1645102033.94484 0.8569632905853433 0.28422986053217253 1.3012562807594716 -0.6782015448905786 0.42333641751671425 -0.28673665768493956 0.5278353741774369
1645102033.951473 0.8582935897615229 0.2813573040937641 1.3014050158850003 -0.6780155820375969 0.42399882036976144 -0.2851958052866078 0.5283771835260479
1645102033.958046 0.8619824103792111 0.27728027480343753 1.3010128123855769 -0.6787712351591025 0.4197662239386757 -0.2850784006226559 0.5308440768289088
1645102033.96464 0.8645344863942445 0.2733212976209887 1.3012774602016797 -0.67981248073638 0.4176862155579737 -0.28409022857817134 0.5316814804537999
1645102033.9712489 0.8671053578944902 0.2692463003080739 1.3013887407936864 -0.6810308267898795 0.41548084855896655 -0.28288174509448666 0.532493994001197
1645102033.9778712 0.8696101682947056 0.264999990923523 1.301550095527038 -0.6824210482614785 0.4132623083218032 -0.281708033215688 0.533062629745109
1645102033.984428 0.8645311104895619 0.2581462376245198 1.3073654735801536 -0.6912208775153958 0.4238858812073012 -0.28008036813681775 0.5138956851964948
1645102033.991028 0.871717335199067 0.25579668224626906 1.3039360337058823 -0.6870263352265125 0.4157295203925436 -0.2804563316904302 0.5258396269804804
1645102033.9976509 0.876480744691356 0.2523910995496991 1.3026210796915967 -0.6873959308155986 0.4088537646887508 -0.2781537461554981 0.5319352452147464
1645102034.0042188 0.8782565543978407 0.24910014627064886 1.3028149179567767 -0.6873823350583153 0.4094220114542553 -0.2766776703468908 0.5322855542750782
1645102034.010835 0.8813858061862249 0.24474708871339407 1.302932227669246 -0.6880714652557041 0.4057212277284752 -0.2766732951494402 0.5342276159472475
1645102034.017421 0.8833938254274573 0.23990233229776475 1.303491602698401 -0.6912001216646185 0.4038085002069386 -0.27491634675972937 0.5325423237246808
1645102034.024058 0.8859550214268526 0.23580822493134979 1.303837319710627 -0.6916567123659012 0.40256426639722903 -0.2739471307025197 0.533390189415188
1645102034.030625 0.8853326205895945 0.23192490507949348 1.3053566643097716 -0.691927984348874 0.40747600317913557 -0.2745197037210325 0.5289965123477361
1645102034.03722 0.8907737274630574 0.22851889274267254 1.3042157469532851 -0.6918024176559078 0.4010251667575212 -0.2719276469701143 0.5353903950449967
1645102034.043825 0.8930188116486175 0.2241368685792144 1.3046085135830245 -0.6930707308962845 0.3997883701470193 -0.2702261133671619 0.5355365533918223
1645102034.050453 0.8953727467793561 0.21981053417937424 1.3050991887304357 -0.6942255931114721 0.39836012457898995 -0.26858091418003843 0.5359325505443527
1645102034.0570571 0.8976578250583775 0.21645588712252978 1.3053246095183118 -0.693891874300688 0.39907172935137925 -0.267176382462676 0.536537008450479
1645102034.0636191 0.8988653074405253 0.2121344306173301 1.3062557308109046 -0.6946092606237104 0.3998365620690503 -0.2675046926145538 0.534873021157852
1645102034.070258 0.9022316226106243 0.20836264746105213 1.3060504559739623 -0.6952748576239457 0.3978418947785215 -0.26374124200194915 0.5373588974493132
1645102034.076855 0.9047993884671087 0.2044419131942736 1.306249623210167 -0.6956706197156736 0.396352824060603 -0.2621144723397299 0.5387412869631512
1645102034.083453 0.9070013648625284 0.20044706710445323 1.3067094864881799 -0.696435628046445 0.3961663219401456 -0.2603859058556083 0.5387283946491747
1645102034.096664 0.9117552011744026 0.19259035447952635 1.30716612751786 -0.6974395639438413 0.39431240526555983 -0.25748615396278657 0.5401815330605126
1645102034.103244 0.9143310940908524 0.188560201707217 1.3076851424276252 -0.6985417146472442 0.3930705357608117 -0.25601128463569134 0.5403633568169022
1645102034.109847 0.9161737107283413 0.18452626516741966 1.308076532006807 -0.6996150987781646 0.3930436098534276 -0.2540207593946812 0.5399335140019665
1645102034.116419 0.9190900859495004 0.1803179351171887 1.3083741340895498 -0.7007143056186088 0.3905881935390154 -0.25375300051084865 0.5404157007881201
1645102034.1230521 0.9214276782505879 0.17582280789066937 1.308954535628976 -0.7026833220462113 0.3890024789995935 -0.25226223545037657 0.5397002394641647
1645102034.129615 0.9236958552936838 0.17230520850710623 1.3092514596862088 -0.703145545359079 0.3885016135281091 -0.2520296604781842 0.5395675985534613
1645102034.136223 0.9261574587170321 0.16811888730787033 1.3095345899948843 -0.7044484978938893 0.38648368137402667 -0.25113733742567906 0.5397332784148287
1645102034.1494458 0.9307364734130248 0.16021965420364265 1.3103934373555952 -0.7072002478336988 0.38418286429584486 -0.24992495300452608 0.5383385464345586
1645102034.156012 0.9331803325608732 0.15608213864745413 1.310758077751886 -0.7087150177413686 0.38223747704015804 -0.24895065269853636 0.5381825810963539
1645102034.1693041 0.9378759815335871 0.1480374585514781 1.3116444932017999 -0.7116984119107915 0.3798905967068912 -0.2476844908935182 0.5364887995279068
1645102034.182425 0.9400825741488125 0.145063525191501 1.3118236149435483 -0.7120856444485332 0.37923739057183536 -0.24715643351149022 0.5366806187761296
1645102034.1890209 0.9422898009205845 0.1412756120541251 1.3122184135647776 -0.713320697681639 0.3782880325392591 -0.24618482768849972 0.5361568807255752
1645102034.1956139 0.9446495337707358 0.1375316845498629 1.3126007992868898 -0.7143173565954971 0.377549844235821 -0.24558156942433337 0.5356267335287018
1645102034.202229 0.9471613871710072 0.1332275205192037 1.3129746231509707 -0.7161482883865742 0.3751864574920428 -0.2444248723610816 0.5353716050788991
1645102034.208817 0.949567823599508 0.1297715625425731 1.313176325311553 -0.7168440272424151 0.3739532558914288 -0.2436401454660665 0.5356608219381803
1645102034.2154932 0.9518361888674574 0.1267697423380614 1.3133565445941608 -0.7166236643120855 0.37414612664481184 -0.243686793440648 0.5357996958887987
1645102034.222021 0.9541434494264565 0.12253600580637893 1.3139609727881052 -0.7182714074513169 0.37275080351409895 -0.24267059842177136 0.5350265194651443
1645102034.228626 0.9565503909614731 0.11866129415253462 1.3143076471667063 -0.7195220513817463 0.3709695421289162 -0.2420969839356913 0.5348439270819553
1645102034.235221 0.9592089114516518 0.11494758552168977 1.3145930140859818 -0.7201343042427316 0.3695972291285316 -0.24132277332692215 0.5353197042853604
1645102034.241894 0.9615226618046848 0.11173657617253116 1.3147354631086439 -0.7204155074779981 0.36871033378936835 -0.24080106477371893 0.5357876081736148
1645102034.24846 0.9638837220187944 0.1087267357944543 1.3148936767020136 -0.7204201146742991 0.3679706482345154 -0.23986931739254153 0.5367071457440779
1645102034.255027 0.96645105255631 0.10469085178396831 1.3153146460064535 -0.7215337432955379 0.3664020928722656 -0.23897710947560336 0.53668233787766
1645102034.261642 0.9687274879944441 0.10137406169806426 1.31563946900234 -0.7222171763653165 0.3656262686232124 -0.2379227531623435 0.5367605420895699
1645102034.268229 0.9714023415554498 0.09777489250753651 1.3158223673544445 -0.7228532195398182 0.36399825745824227 -0.23732417134650424 0.5372756197339921
1645102034.274818 0.9741380745444703 0.09430851598324057 1.3159819780980484 -0.7233015454153365 0.3627029534684392 -0.2366906324507582 0.5378273859638277
1645102034.2814379 0.9764378325131764 0.0913597571946351 1.316288032262251 -0.7233777328757677 0.3626081375850638 -0.23604760032498093 0.5380716117298683
1645102034.28802 0.9789802681035471 0.08789034159579825 1.3165859197369125 -0.7242169857697728 0.36186609217302806 -0.23522892892597175 0.5378005301951898
1645102034.2946172 0.9818118054455943 0.08406359136474537 1.3167127061286445 -0.724922389338719 0.35989456773758416 -0.23447165010495605 0.5385034118649308
1645102034.3012211 0.9843193704398425 0.08072932376785379 1.3169421966924975 -0.725594906098426 0.35906212842144675 -0.23388123986578427 0.5384100075269866
1645102034.3078249 0.9869422408231286 0.07785640847467389 1.3169848024029012 -0.7254115531889517 0.3589675910137517 -0.2333956636942333 0.5389306522538939
1645102034.314484 0.9896997151550779 0.0740757389388707 1.317084934809746 -0.7261531632780912 0.3571350504170721 -0.23275988805755873 0.5394241322103966
1645102034.3211021 0.9921145661280274 0.07087754541062125 1.317244481888852 -0.7267156968361869 0.35659442280622644 -0.2321325544035488 0.5392945706749002
1645102034.327679 0.9953874958080073 0.06709073104983325 1.3171178069900145 -0.7271674507837812 0.35404470153020035 -0.23097898808694423 0.5408584759874966
1645102034.334274 0.9974389644661776 0.06476959211099878 1.3173366476151585 -0.7269287516239836 0.35521335814183186 -0.23154653856572127 0.5401700941270499
1645102034.340841 0.9998973998159781 0.06119788005623206 1.3177328305524956 -0.7283351490608507 0.35474190720543225 -0.23042679827637755 0.5390631517733814
1645102034.347438 1.0025205904260777 0.05781230063506729 1.3176998698696443 -0.7286567148994109 0.3535405815307881 -0.2301627214092512 0.5395304068527274
1645102034.354064 1.0053993095715696 0.05481113133840551 1.3174613307827818 -0.7283940397042374 0.3522793424264805 -0.23028825254103172 0.5406552567667259
1645102034.3606348 1.008221665977198 0.05111965794045256 1.317571444326996 -0.7296174121572393 0.35072413924646473 -0.22929390753898535 0.5404392897415318
1645102034.367282 1.0108704728140228 0.04746623761376824 1.3176347954061864 -0.730651986712565 0.3495154301043468 -0.22907744729767238 0.5399162817355493
1645102034.373881 1.0133874806266117 0.04446199367204837 1.3173988289101324 -0.7304909092882078 0.3490796890920496 -0.2288664878453915 0.5405053747978474
1645102034.3804858 1.017245005820998 0.04041942537581859 1.3169446703399175 -0.7308825901557348 0.3452730957802734 -0.22771416526094274 0.54290221128327
1645102034.3870661 1.019243844504737 0.03749702538139632 1.3170920616969992 -0.7312631015140398 0.34610123339658183 -0.2278779039786639 0.5417927218905112
1645102034.3936388 1.0226928953397465 0.03467832916708313 1.31705127417702 -0.7309895769697907 0.3455862677395242 -0.22936091337392403 0.541864609296641
1645102034.400233 1.0247317516868664 0.031836463653000746 1.3169565108186054 -0.7315356886413503 0.34555448345337747 -0.22752079577629666 0.5419237069092337
1645102034.406843 1.0278466055464301 0.02827377389662676 1.3168247480933135 -0.7324001877271507 0.3441189466323026 -0.22735918526706442 0.5417373294737071
1645102034.413435 1.0307328465958854 0.02491896371042604 1.3167810927326289 -0.7330448919302228 0.3431400305173108 -0.22668288685725485 0.5417697736646293
1645102034.4200408 1.0339514103226728 0.021790691309424737 1.3163208131852364 -0.7325980377009694 0.3417898083730166 -0.22665819226449926 0.5432359284147038
1645102034.4266791 1.0378487030529568 0.018192735847111174 1.3160232304990953 -0.7334675115892187 0.33892656922331255 -0.22592784979726158 0.5441600095660847
1645102034.4332428 1.0398584235337753 0.015523948391831327 1.316185721418053 -0.733910866384188 0.3406493971018472 -0.22632150730316372 0.5423197327044649
1645102034.439876 1.0429817557874315 0.012479052153008374 1.3157575810947777 -0.7334671443782362 0.3397734894887802 -0.22610544775123984 0.5435583326137071
1645102034.4464798 1.0461907044564709 0.008985748273158303 1.3160591257425742 -0.7354478811397477 0.3387343033167503 -0.22512233703934223 0.5419362795623017
1645102034.4530828 1.0509490051296106 0.006362945250940208 1.3146260835426555 -0.7332219512889898 0.33380266673703124 -0.22450805228455048 0.5482307394143348
1645102034.45968 1.052544833132719 0.003161950116140788 1.3151720718893816 -0.7346032323197051 0.3370115172462908 -0.22521325630706876 0.544113713335337
1645102034.466232 1.0560676257506514 -7.133832373715232e-05 1.3149039970115333 -0.7352807434240961 0.3336542606160932 -0.22358184579517515 0.5459375293197234
1645102034.4728808 1.0591869706328476 -0.0032391875957338973 1.3148874399762716 -0.7360027147499333 0.3342908607058436 -0.22441078314800852 0.5442324558310779
1645102034.479476 1.0622946535617543 -0.006611353370590059 1.3147004221643366 -0.73671247529144 0.33365897961403407 -0.22401764866057625 0.5438215885249564
1645102034.486083 1.0656615232375426 -0.009064039221751002 1.3142525080684895 -0.7358230284973898 0.33339773728560873 -0.22414979040548977 0.545129922034538
1645102034.492693 1.0691896310008866 -0.012411155102941412 1.3140665795264654 -0.7367603035084529 0.32989776665449017 -0.22222514681468974 0.5467789003928627
1645102034.499279 1.0722032443968028 -0.014884119978326157 1.31376943801406 -0.736216492495712 0.3318396882500182 -0.22371390186834364 0.5457282317819065
1645102034.5058718 1.0753611950249533 -0.01806757425565994 1.3135790479859228 -0.736814228955146 0.3313082399417871 -0.22330637995702304 0.5454112336145036
1645102034.512446 1.0791285774161659 -0.02100898671910556 1.3132988937199206 -0.7370025241930679 0.32986913720818245 -0.2232637482747183 0.5460460332610569
1645102034.519073 1.0829386110266892 -0.024093667148925607 1.3128426959996466 -0.7369759196938033 0.32729334658316267 -0.2220655979261121 0.54811667692285
1645102034.5256388 1.0856125549544737 -0.028433202391771717 1.3130545687502404 -0.7390514458489263 0.32856677541239293 -0.22211034449747624 0.5445302101367789
1645102034.5322602 1.089353423813061 -0.029994081146256846 1.312679296486155 -0.7383622533128079 0.3286033952830347 -0.22247210300096698 0.5452949408484444
1645102034.538883 1.0930072616197173 -0.033480475193615536 1.3124683481109232 -0.7393645488934081 0.3271073375924625 -0.22193683003088077 0.5450545413023447
1645102034.545436 1.0964363632563736 -0.036072743432894516 1.3119689758880255 -0.7386803037695565 0.32659755652022937 -0.22169309315416535 0.546385484751528
1645102034.552039 1.0998426032191901 -0.03897166386704631 1.3118974908676866 -0.7395196197490568 0.32661981440450694 -0.2211452665149064 0.5454581735525006
1645102034.558677 1.1036822630443184 -0.04283848729849232 1.3114386327427174 -0.74038179749816 0.32410630072706165 -0.22011436769072237 0.5462041411288391
1645102034.565253 1.1075526716626602 -0.04535804467785398 1.3109006813545132 -0.7396848084449635 0.3214583973823278 -0.2181667712878256 0.5494849492339362
1645102034.571872 1.1108220480913862 -0.048951285183155474 1.3110446393750457 -0.7416521702840232 0.32235759974422457 -0.21850368236553772 0.5461622920878473
1645102034.578482 1.1142769069522616 -0.05134627090618987 1.311191378897116 -0.7425567719620941 0.32325097955014026 -0.21864599218125022 0.544345165649756
1645102034.585044 1.1184537682417035 -0.05378748407829345 1.3104434135573095 -0.7411575303365495 0.32014670121791944 -0.21729754584165234 0.5486099839012145
1645102034.5916438 1.1221258106910723 -0.056429791589525324 1.3100384731822903 -0.7408956978489222 0.3191001309023153 -0.2172887513380404 0.5495758810268009
1645102034.598238 1.1254231232697434 -0.060038900628246045 1.310190658024834 -0.7427151549692204 0.3197955037987542 -0.21751897161534392 0.5466168044493116
1645102034.604845 1.1295648720239027 -0.062093015975556276 1.3097640429642718 -0.7415858153656808 0.3175916766341638 -0.2174843395652125 0.5494414473073295
1645102034.6114361 1.133257934969256 -0.06494463764365713 1.309876578887719 -0.7423681961265376 0.3173696004324512 -0.21750402626090176 0.5485046653934155
1645102034.618047 1.136989325890423 -0.06856369426375034 1.3100033813217924 -0.7440091886633543 0.3165641482043923 -0.2172782912180284 0.5468337676104951
1645102034.624659 1.1408688762824437 -0.07140852130998257 1.309873732253974 -0.7438427877048001 0.3147699478217214 -0.2169623090145217 0.5482195605962645
1645102034.631278 1.1447049157465288 -0.07436151205914594 1.3099047273835966 -0.7448258814452163 0.31562389428862003 -0.21769154191868997 0.5461005176797086
1645102034.637842 1.1486436842649876 -0.07693286337091015 1.3095630621299565 -0.7439030117682028 0.31380897985223083 -0.21749943873923347 0.5484756307686176
1645102034.644454 1.1523254803264134 -0.08057899015815387 1.309853220782788 -0.7455531467409581 0.3146140781191075 -0.21755935284729122 0.5457434727899498
1645102034.651051 1.1565254215703062 -0.08358317808801952 1.30975522975559 -0.745769957277679 0.3116187435622279 -0.21542936042749936 0.548005976202684
1645102034.657665 1.158769715047779 -0.08572751848725782 1.3099689507055714 -0.7457642827832017 0.31508767846998875 -0.21435926926846624 0.546447438831401
1645102034.664274 1.164236171054911 -0.08884413641636628 1.309923201305839 -0.7462746122921724 0.3140091531504404 -0.21635114862734375 0.5455860815562328
1645102034.670841 1.1683974535499069 -0.09148261164096794 1.3096214355147782 -0.7456138956247673 0.3119560434504129 -0.21516429441931884 0.548130514002142
1645102034.6774452 1.171869373900761 -0.09428460661607843 1.3099588854953015 -0.7466730153781911 0.31394771505512886 -0.21467317415551593 0.5457389500579465
1645102034.684055 1.1761757881466648 -0.09674562603512568 1.309598382058741 -0.7457817662802606 0.31173308064271965 -0.21359080339241726 0.5486440773628275
1645102034.69068 1.1797488903664812 -0.0999339049381833 1.3098467699470742 -0.747034389759246 0.3130482428192938 -0.21285647136114474 0.5464723004800828
1645102034.6972768 1.1839951365994152 -0.10281552133256339 1.3100515465696843 -0.747810135441219 0.3117350982932056 -0.21177336620501713 0.5465826552903792
1645102034.7038379 1.1881997404514277 -0.10572288521134099 1.3099080472928382 -0.7478467687743822 0.30872973480932336 -0.20932738850731594 0.5491746760602103
1645102034.7104352 1.1917280833527155 -0.10851762423443256 1.3102860123429536 -0.7490685862876362 0.31153829762137225 -0.20997108420674365 0.5456663115445644
1645102034.717042 1.1940152186620245 -0.11049432295079131 1.3103259465115182 -0.748060027026739 0.3118122565028328 -0.2072341168497662 0.5479350218093568
1645102034.72366 1.1977032122968485 -0.1138043807699614 1.3105424333057152 -0.7491751042463534 0.3128293282177623 -0.2079561102324332 0.545553080661258
1645102034.730274 1.1993158912257351 -0.11475271658013171 1.3106247414192607 -0.7477783904761206 0.31493322827887604 -0.20419335251424972 0.547675987918077
1645102034.73685 1.2052602966432042 -0.11912058772640463 1.3107606364596005 -0.7496157121841619 0.3120736928095357 -0.20697711272420044 0.5457529020395836
1645102034.7434309 1.2088758323884397 -0.12167961431589747 1.3110874214478732 -0.7500067444343911 0.30976622008124355 -0.20413374121002373 0.5475981537463861
1645102034.750002 1.2141050661923873 -0.12529009588052595 1.3116338259794953 -0.7509159492564874 0.3092776566889591 -0.20887461678361333 0.5448334674091873
1645102034.756674 1.2166155759022033 -0.1268000130455637 1.3110615265763974 -0.7497841681639494 0.30840920351238427 -0.20472716058722767 0.5484465648970163
1645102034.763241 1.2209504451195872 -0.1306857203179136 1.3119261343802517 -0.7526069569861555 0.3078975827483873 -0.2048756609680025 0.5448001599804151
1645102034.7765188 1.2283283020437405 -0.13547146913572844 1.3123391770330797 -0.7525801155995374 0.3064803668561884 -0.20521904039109456 0.5455066559760791
1645102034.783076 1.2302616198991714 -0.1387596015379478 1.3135343657393468 -0.7534338201495412 0.30785153827051204 -0.20564514612717397 0.5433914709096019
1645102034.796247 1.2357296868656695 -0.14147192205526973 1.31359834735004 -0.7539872593765901 0.305418858315713 -0.2065547376708359 0.5436516253161464
1645102034.802927 1.2414744973734817 -0.1451105127563843 1.313248953831366 -0.7520032031100878 0.3065886279572769 -0.2058592477338293 0.5459999908929345
1645102034.816121 1.2480931014030738 -0.15074864573127494 1.3144979655612115 -0.753141437714395 0.3039347814578712 -0.20216254307052703 0.547294670931619
1645102034.822685 1.2499555641027944 -0.1520102000977998 1.3146130380299774 -0.7516161859206294 0.3093447412353908 -0.20467533684400324 0.5454232217096254
1645102034.8358421 1.2523460980809251 -0.1526758035829079 1.3148262567143842 -0.7492225461141035 0.3114192888821219 -0.20167162227296284 0.5486453378059419
1645102034.842456 1.2589319559364391 -0.158330892954779 1.3154043140173188 -0.752205116355624 0.3026755847481007 -0.202199978008419 0.5492628847239537
1645102034.849041 1.262477049536684 -0.16124466525427128 1.3157735727641675 -0.7525901108378934 0.30374132240636514 -0.20295818198003251 0.5478656819446565
1645102034.855655 1.2637594024392473 -0.16188959108092169 1.3158607515689922 -0.7501042564683426 0.3063555334926895 -0.19975612344074994 0.5509870628910191
1645102034.86224 1.267720924683445 -0.16479897412374356 1.3159362863905384 -0.7499030137598114 0.3071657437752654 -0.20305720300054897 0.5496016492815008
1645102034.8688488 1.2741257559316375 -0.16873144990014083 1.3162655800502034 -0.7513219023874113 0.3009078123768696 -0.20069270218348026 0.5519887935114165
1645102034.875444 1.2769220122663554 -0.17045813210848743 1.3168626222408022 -0.7508157443887603 0.30331530361241604 -0.20093403581496067 0.551271734551385
1645102034.882041 1.2816226012512986 -0.17359415694903105 1.3167338341015555 -0.7498168020651942 0.29888974935646623 -0.19992508921302898 0.5554000857688214
1645102034.888682 1.2835809565359217 -0.17439839149341013 1.3168548588042557 -0.7482520683957327 0.30485772557605373 -0.2019187750779324 0.5535422052709811
1645102034.895297 1.2848287668009442 -0.17653134681599125 1.3173017504307425 -0.7480349157228039 0.3056122247666035 -0.19512713960752842 0.5558505509351702
1645102034.901846 1.2919145569512138 -0.180909706381208 1.3172706602554327 -0.7494572387015574 0.30027762290937565 -0.19695424727756805 0.5561974729139679
1645102034.908478 1.292503532893036 -0.18181277390816553 1.3173918810917125 -0.7475711851461007 0.30679401107502596 -0.19870755330046744 0.5545534505992412
1645102034.915083 1.2985826991563203 -0.18617006150582663 1.3178097094299823 -0.7497702408492923 0.3005729846508205 -0.19567374429586826 0.5560680742776352
1645102034.921643 1.2983457106853595 -0.1841242341239201 1.3176706606294721 -0.7443859398996987 0.30972825041149804 -0.19405796010305632 0.5588371453495127
1645102034.928236 1.3061609936707945 -0.1898278938965294 1.3175067616656144 -0.7472256983320268 0.3003260594042 -0.1982959377377267 0.5586915428577272
1645102034.934857 1.309140718067148 -0.19288854806631547 1.318059221241235 -0.7479928601282432 0.299818223380985 -0.19638439969967994 0.5586129638495123
1645102034.941437 1.3106599935312024 -0.19388496735654592 1.3177034004807415 -0.7467573795919987 0.30477584730961277 -0.19679599773761236 0.5574368747263573
1645102034.9480479 1.314627013157763 -0.1971859383185333 1.3179318434677336 -0.7474066784699362 0.3037646238848298 -0.1959629467746062 0.5574120405053115
1645102034.954643 1.3205000294429572 -0.20031112875022408 1.3178523069097707 -0.7477934627887501 0.2987017382786192 -0.19810539137916322 0.5588702983977465
1645102034.961236 1.3211611261117049 -0.2006629043721387 1.3177952588071744 -0.7466659289392197 0.3036765278084382 -0.19447189938128875 0.5589729830159794
1645102034.967839 1.324859631183366 -0.20312827986607906 1.3177116356678589 -0.7469410062432847 0.3024035236432265 -0.19365818358454095 0.5595777134363482
1645102034.974472 1.328153582016069 -0.206301838649532 1.3179072418269093 -0.7482185989713085 0.30114238150418265 -0.192467743295847 0.5589613003220401
1645102034.9810948 1.331919038306886 -0.20776931356097844 1.3176382990186506 -0.747334456402193 0.3010928772895147 -0.19290001296267287 0.5600208670114929
1645102034.987669 1.335085577642962 -0.20979455440084366 1.3175730385557556 -0.7471698241918858 0.29896002907377045 -0.1893850179878325 0.5625769915345108
1645102034.994246 1.3436878559966468 -0.21677073635292776 1.3186043712536928 -0.7526103933488512 0.28945405825560766 -0.1918014398240935 0.5594691279095384
1645102035.000841 1.3450881728557456 -0.2165561058423457 1.3175904173812776 -0.7502359307160978 0.2903684551170196 -0.18727327947773095 0.5637025053962296
1645102035.0074508 1.3480178906082956 -0.21828800082848715 1.3178071241672278 -0.7495969883599277 0.2955018717414116 -0.1942127092648311 0.5595211391333628
1645102035.0140328 1.3494846416164106 -0.21875911676998916 1.3172271381798555 -0.7485649308985562 0.298062134343396 -0.19015647620201862 0.56093629721252
1645102035.020643 1.356533918668534 -0.2248648410266646 1.3175005914845417 -0.7525919732973942 0.2878205895132034 -0.1876279949580392 0.5617471706146319
1645102035.027274 1.3605407024932719 -0.2258163758359656 1.3173959299412779 -0.7521287765411131 0.28779097763733974 -0.18950270961412577 0.5617534350342064
1645102035.0338829 1.3638669786465636 -0.2277522141466014 1.31689126251824 -0.7511193957654538 0.2847456194915683 -0.18618704251325535 0.5657503954941837
1645102035.0404322 1.3663318222049745 -0.2287589113968262 1.3168034672189561 -0.7506944298926703 0.2894441566870931 -0.1906121673464594 0.5624469249864196
1645102035.047086 1.36939998347698 -0.23101509291199046 1.3168187547399275 -0.7513436908966702 0.28893525879315995 -0.18861430632681153 0.5625150144701572
1645102035.053674 1.3709500045619567 -0.23209936603559458 1.316655094135228 -0.7508623241316498 0.2918511399697354 -0.18640584832159032 0.5623887877435445
1645102035.06028 1.3750016604723982 -0.23424268948505753 1.3164234243492174 -0.7507074789846911 0.29060376848855857 -0.18736982442342484 0.562920616046124
1645102035.066876 1.3809268885148118 -0.23800287289130045 1.3166186489457843 -0.7528134165849872 0.2842793133610671 -0.18781169536538905 0.5631904438042052
1645102035.073437 1.382059569568621 -0.23870082293936398 1.3164310042375797 -0.75192113953888 0.288041893400008 -0.18522563324637428 0.5633271385619407
1645102035.0800252 1.3878132928501852 -0.24300084501124306 1.3168556138342042 -0.7549660133805496 0.28131554561138467 -0.18297257699018502 0.5633902066997032
1645102035.0866508 1.3893382608672562 -0.24315528176844858 1.3162872907389285 -0.7530266132470526 0.28573474461575116 -0.18444982377298244 0.5632799431374089
1645102035.093237 1.3932633595545534 -0.2451870902674967 1.3161168097855223 -0.7530571064926302 0.2843112244088136 -0.18464512466344674 0.5638951167330591
1645102035.099849 1.4002629029188072 -0.2508289701687553 1.3165536470292745 -0.757138938755098 0.27347974476160625 -0.18175468289661761 0.564725014778514
1645102035.1064792 1.4006611322305784 -0.2504191247947394 1.3159674911123656 -0.7546514977908086 0.27951413542757425 -0.18072727020232499 0.565429094581596
1645102035.113083 1.4063508563990335 -0.25548852239179787 1.3169461290188156 -0.7578778597966584 0.27428812096801936 -0.18342882850446607 0.562797014200175
1645102035.1196768 1.406821364321774 -0.2525704434647861 1.3157569758496979 -0.7529120094819567 0.28076267465388327 -0.1776463015091971 0.5680995818241741
1645102035.126248 1.4110389823754228 -0.25580122266377076 1.3160617728927275 -0.7547708306167278 0.27774435185649804 -0.1765803926548522 0.5674486469991192
1645102035.1328561 1.4164066411387488 -0.26238958852679894 1.3164840769644652 -0.7596561105885352 0.2718310223961347 -0.17823607234905114 0.5632600042198465
1645102035.139446 1.422628479449968 -0.2647733111315784 1.3161664860663786 -0.7590478458405389 0.2669913572568316 -0.18056723585259152 0.5656474792363769
1645102035.146058 1.4239877210343699 -0.2637636225819362 1.3151716411957077 -0.7564710759671054 0.27165440177223016 -0.17654292595346224 0.5681440438794871
1645102035.152693 1.430279868464049 -0.2684024723011012 1.315318580910408 -0.7589638270265116 0.2645590999337691 -0.17606870169753963 0.568314827113383
1645102035.159274 1.4356340086606945 -0.2713472405684888 1.3152580117646486 -0.7598954190914646 0.26096315494702155 -0.17432072639912155 0.5692706995206219
1645102035.165845 1.4394040825226064 -0.27324700326875284 1.3150288485709187 -0.7597521422276602 0.26058501748906676 -0.17363845560178118 0.5698432695098821
1645102035.172448 1.4417357621436842 -0.2704850985567938 1.313493968804982 -0.7528657488172666 0.26981500905069716 -0.1814506290583065 0.5722483200355319
1645102035.179042 1.4472041784805942 -0.2768297179429534 1.3143144920601353 -0.7586296448614351 0.25999532393073593 -0.17206146467385994 0.5720820974841685
1645102035.185641 1.4500877485333412 -0.27798713170054545 1.3143292152065593 -0.7577068319665864 0.2637653274011995 -0.1758184885659556 0.5704345843149176
1645102035.192269 1.4560579140336423 -0.28230212129965115 1.31477735956122 -0.7604646959350904 0.25715547477847556 -0.17187863948600182 0.5709832451208349
1645102035.198838 1.4599532133370723 -0.2837756921050562 1.3140977422899431 -0.7606093343401458 0.25623042522273 -0.16745304836874933 0.5725193292958495
1645102035.205467 1.4606280198793908 -0.283985495570786 1.3138679755196692 -0.7587020436946444 0.2621117572954097 -0.16723411186442216 0.5724517019378382
1645102035.212078 1.4674220420629702 -0.28776303649420776 1.3138735055383157 -0.760013373956848 0.25637425232995786 -0.16954815036294169 0.5726297496553588
1645102035.218653 1.4706933290828104 -0.28932878683755614 1.3138507648728575 -0.7602288078497303 0.2571435870559267 -0.1680242268338012 0.5724481164196177
1645102035.225237 1.4751859757237178 -0.2920494150842814 1.3137092526094492 -0.7614902695459981 0.25354583501761985 -0.16316677203894178 0.5737797072499613
1645102035.231843 1.4793056515852538 -0.29331156707444045 1.3131302691613633 -0.759734341812822 0.2542504640643661 -0.1666102264337116 0.5748052891807117
1645102035.2384288 1.483959639854288 -0.2964883969183246 1.3133347330511103 -0.7610850592325487 0.2514452963639596 -0.16595269906984011 0.5744422586322832
1645102035.2450361 1.485675621531345 -0.2969742564916727 1.3129954193779114 -0.7603174578017982 0.2546256512278054 -0.1625899181778591 0.5750191787229726
1645102035.251625 1.4917192386777738 -0.3005129987449322 1.3132754742715693 -0.7618643229893326 0.24974834008043828 -0.16420568599582547 0.5746517879518365
1645102035.258283 1.4960956975651647 -0.30257060650510353 1.3130939232605936 -0.7622905833938699 0.24753474329685457 -0.16306317346619342 0.5753690506473695
1645102035.264843 1.4998768236743865 -0.3045617192374014 1.3130880183261704 -0.7623517371205596 0.24700270442290034 -0.16258442792378477 0.5756520232190526
1645102035.271451 1.5034869871247039 -0.3047359830239613 1.3124034031985263 -0.7599459495681608 0.24959226477724306 -0.16586265130331712 0.5767797681749944
1645102035.278081 1.5086199770862254 -0.3085556241556532 1.3125998652576938 -0.7624925151999492 0.24297989704979958 -0.16094386406915667 0.5776353043208646
1645102035.284647 1.5119999168828187 -0.3111768398501143 1.3130522499570312 -0.7641573732146854 0.24180661394955885 -0.1581491384637423 0.5766988115272992
1645102035.291245 1.516289702254055 -0.31381438769127734 1.3131537820292105 -0.7650363087453883 0.23928363858567922 -0.1569367381075655 0.5769168886130805
1645102035.2978392 1.5211706187470366 -0.3163777617565628 1.3133293913206008 -0.7661494207385675 0.23589985145901332 -0.15488683573148634 0.5773870937635289
1645102035.304435 1.526204778709086 -0.3194142724443112 1.3134987836081504 -0.7673698341862163 0.23194355965598942 -0.15410196052730826 0.5775793470350588
1645102035.311046 1.530396250104467 -0.3222151236233356 1.3135956927874446 -0.76823290246828 0.22956284213279624 -0.15193753156384213 0.5779564845975862
1645102035.3176372 1.5343718282463348 -0.3240531604654801 1.3137775018902325 -0.7685836154935374 0.22823397301063972 -0.15107403780842887 0.5782426279109506
1645102035.324254 1.5384393917710364 -0.32647511961652365 1.3138571754164268 -0.7691385637658897 0.22642002307726256 -0.1491460009719886 0.5787183955577572
1645102035.3308601 1.5426273390309293 -0.32819901515403205 1.3139848851340503 -0.7693262862000813 0.22509819439112375 -0.14952730308820703 0.578885938577692
1645102035.337447 1.5462249287793923 -0.3303487569116458 1.3141829166094485 -0.7700847360039671 0.2242117500616217 -0.14824655526838787 0.5785508965929365
1645102035.3440409 1.5504009545787873 -0.3326791228459428 1.3142649297515467 -0.7699827830271714 0.2229443745923089 -0.148516458355292 0.5791067855402504
1645102035.350685 1.5551535286872804 -0.33674049674910833 1.3151376426616235 -0.7726098175299004 0.219479179536725 -0.14714278936623781 0.5772793374142042
1645102035.35724 1.5583526556830032 -0.33659304355547737 1.314327568799297 -0.770413789798687 0.2203853023555984 -0.14767034699447115 0.5797293146237056
1645102035.363859 1.5624188398789547 -0.3391106447430239 1.3146538551475362 -0.7711342025584628 0.21866964199655695 -0.14547790246762682 0.5799754299274119
1645102035.370483 1.5677345299484895 -0.3431316970904766 1.3154441693777201 -0.7742038161270505 0.21335388594530538 -0.1418405919851581 0.5787653491704863
1645102035.377086 1.570955416659086 -0.3450232859076234 1.3157585558571885 -0.7740527661331892 0.21453319678987462 -0.1438559537126567 0.5780335597588206
1645102035.383677 1.5758558891261958 -0.34729271760828695 1.3159384940462366 -0.7746589181936291 0.21104464728764283 -0.14158683527877133 0.5790652038602415
1645102035.390242 1.5806207213842762 -0.34981525091155613 1.3160275175856357 -0.7751818652673148 0.20583418827541056 -0.1373188627606216 0.5812644764617889
1645102035.396838 1.5844903869925409 -0.3521302036544295 1.3164617289301372 -0.7762148190979172 0.20643366877380606 -0.13726721604581002 0.5796836331448552
1645102035.403454 1.5878096588941384 -0.35406242186972814 1.316809742863104 -0.7761403771844304 0.20725242763535362 -0.1383674223173388 0.5792292007857458
1645102035.4100401 1.592771300433333 -0.35598828403095023 1.3168792169748962 -0.7760095042728011 0.20379333141210282 -0.13593773136401027 0.5812040695100821
1645102035.416658 1.5967953402600206 -0.3582409205102956 1.317150662403491 -0.7763004480897254 0.20238437334309212 -0.13476266579796287 0.5815813207753981
1645102035.423264 1.6006245069362528 -0.360856753397565 1.3177266924012956 -0.7770695282574103 0.2020653603301897 -0.13451993785050292 0.580720701187429
1645102035.429868 1.6054029487726773 -0.36229282844038635 1.317440929128357 -0.7758519496769481 0.19959040390437238 -0.13402077366695347 0.5833142409647287
1645102035.436434 1.6090113467863871 -0.3649919814005324 1.3182602094797364 -0.7774078266432329 0.19810913582772977 -0.13186262161611778 0.5822385054238379
1645102035.4430668 1.6129355572435327 -0.36646441025938714 1.318319028673716 -0.7767296501645168 0.19777452231530498 -0.1306681117050449 0.5835253086626803
1645102035.449674 1.618033637472372 -0.36889678397857106 1.3186530739898235 -0.777133338811534 0.19474456610419144 -0.1282513257541527 0.5845420965132574
1645102035.456276 1.6207550619788569 -0.3710504180566493 1.3186759288648067 -0.7770016217891743 0.19516848321726094 -0.1267779813925943 0.5848971481842402
1645102035.4628422 1.624894831203637 -0.37333566318827927 1.319169317907403 -0.7779790735404204 0.19427862888384567 -0.12561980180016705 0.5841436094047208
1645102035.469447 1.6279323336845852 -0.3754110688259019 1.319919547754761 -0.7791865101945338 0.19411766235995756 -0.12335180838428964 0.5830700008891291
1645102035.482742 1.6355619993299615 -0.37887386696037856 1.3201355659036564 -0.7796747940570966 0.19114663698444362 -0.11994829352165154 0.5841080201273428
1645102035.489247 1.6400463609966371 -0.38151698279336826 1.320831804815766 -0.7814250315514594 0.18839304270242735 -0.11781943706895619 0.5830961321778707
1645102035.502441 1.6448710543674687 -0.38401544334972054 1.321291628197519 -0.7828523851030313 0.1839953017217873 -0.11466047670801739 0.5832156573441005
1645102035.509099 1.6483795171425142 -0.3860811586057138 1.3217554241355325 -0.7840267594656332 0.18328808730186244 -0.11456292373151637 0.581878368174215
1645102035.5156639 1.6529373428896033 -0.38871077594013587 1.3221050895519164 -0.7856996624319086 0.17776473984569569 -0.10998857951212485 0.5822181871352989
1645102035.522281 1.6566797416999979 -0.38957369162532685 1.3221635809719425 -0.7854822603472595 0.1769022019850747 -0.11260452273318108 0.5822740636812407
1645102035.528846 1.66039256789355 -0.3914945125379722 1.322598077692951 -0.7863753433321773 0.17418425177146624 -0.11029770372292605 0.5823294487687412
1645102035.535446 1.6643653579385274 -0.3937887779863749 1.3233538169731331 -0.7882917480979524 0.17413569759314873 -0.11146100703668202 0.579524759760621
1645102035.542044 1.668306901712614 -0.39494145906951406 1.323279921879897 -0.7882929096599908 0.17207857762138742 -0.11194280555564334 0.5800446004879983
1645102035.548651 1.6726190278792175 -0.39704947532911306 1.3239348749697375 -0.7898143159403399 0.1689205233985984 -0.11097062044024224 0.5790891915084537
1645102035.555284 1.6763725819128497 -0.39888511728583237 1.3240909015338704 -0.7907407419406293 0.16714565162611666 -0.11035436752499636 0.5784573814729769
1645102035.561831 1.680388739247501 -0.40091188073698414 1.3245737282091428 -0.7918268159469561 0.1627148489743591 -0.10812185639211021 0.5786565393934927
1645102035.568467 1.6840815779892357 -0.4023111373815751 1.3247543245264701 -0.7924536765451631 0.16320756620294796 -0.10889630126936603 0.5775132566822282
1645102035.575063 1.6878721814256852 -0.4045720567801504 1.3253618312380757 -0.793989508939187 0.16152497155574327 -0.10800318010239536 0.57604275597775
1645102035.5816529 1.6917286196034527 -0.40573226793446 1.325185951429971 -0.7940759407852336 0.1600396466076116 -0.10852781128520962 0.5762396755468959
1645102035.588266 1.6947399383909965 -0.40701889134343866 1.3255110499895668 -0.7942650167096255 0.16005158451521198 -0.10706131906484531 0.5762499146503712
1645102035.5948648 1.6984996704641593 -0.4084112194862433 1.3254871330342395 -0.7948498100321237 0.1588488859392688 -0.10683652417796109 0.5758179303066228
1645102035.601435 1.7027056219055905 -0.4109133860800132 1.3262807598118111 -0.7969378320188071 0.15689746979383318 -0.10510905014848532 0.5737811600638768
1645102035.608025 1.7062476911123918 -0.41254500323778287 1.3267981925157393 -0.7980192735129903 0.15518836759933002 -0.10159704699170062 0.5733754739657125
1645102035.614629 1.7099394477107897 -0.41327156521872666 1.326295753059535 -0.7968929412963198 0.15522126932297875 -0.10258926135712311 0.5747548249731924
1645102035.621224 1.7138201357679876 -0.4147167098606688 1.3264200740892311 -0.7972878183491046 0.1534651616755801 -0.10098084427488963 0.5749636167410901
1645102035.6278322 1.717383458813342 -0.4163805869455491 1.3267472401308575 -0.798214140411344 0.15281999394935786 -0.09980673673875017 0.5740544376677049
1645102035.634434 1.7212458057996758 -0.41729716045108534 1.3264284383921787 -0.7973971047478032 0.1512317646948299 -0.0986453230161834 0.5758085667278658
1645102035.641025 1.7248435326904712 -0.4190989936134887 1.3269229085654437 -0.7986410582565122 0.14967180088842866 -0.09531513997790825 0.5750525064285349
1645102035.647628 1.7282045004268858 -0.42018962155492534 1.3268886503252544 -0.7983995545661373 0.150046067789688 -0.09556473336053882 0.5752489302195298
1645102035.654218 1.7317031121548856 -0.4214669331988498 1.3270648248916264 -0.7990992768391189 0.149603922560385 -0.09447800963657256 0.5745715676156784
1645102035.660867 1.7353192923428133 -0.4222735918233589 1.3268493713305487 -0.7986358422474708 0.14896046531105514 -0.09395838445913589 0.5754676217755426
1645102035.667424 1.7389904595501349 -0.4234686850560312 1.3268872592053027 -0.7991914443635563 0.14799335376144476 -0.09226720651968302 0.5752194956678789
1645102035.674029 1.7426955055695743 -0.4246058236106416 1.3269401771813434 -0.7998216285404917 0.14634471953008596 -0.09069916961035954 0.5750145903316901
1645102035.6806169 1.7453959931249097 -0.42493956975171004 1.3266723874519508 -0.799298213185034 0.14700721674211656 -0.09083653779266404 0.5755516088707952
1645102035.687273 1.7497343459144326 -0.42655471595894207 1.327127775266042 -0.8007934429474787 0.1444409881640879 -0.08915879381537736 0.5743840745906023
1645102035.6938272 1.753419229333726 -0.42756144477360153 1.3270210109495681 -0.8014519205663783 0.1427212895040932 -0.08751333963168816 0.5741485239254014
1645102035.700435 1.7568879195887623 -0.4285146109742982 1.3271275618892444 -0.8021891917586912 0.14145133986149924 -0.08673234482984879 0.573551348743107
1645102035.707019 1.7608134336101826 -0.4295628919432427 1.3270168700662732 -0.802871525409533 0.13930954598970635 -0.08693977158177967 0.57308926025647
1645102035.713632 1.7640689550354447 -0.43024283182626205 1.3269988633098782 -0.8030462928967749 0.13848617687346823 -0.08586775960748967 0.5732055342319969
1645102035.720261 1.768039033219916 -0.43087180175133627 1.3267144552103185 -0.803419146892224 0.13627818659976149 -0.08623131042915949 0.573157733263485
1645102035.726836 1.771595270519101 -0.4317502668505977 1.3268497423347283 -0.8042427650025071 0.13440717106937652 -0.08468720860192563 0.5726743680784698
1645102035.733435 1.7747121396769734 -0.43273732227459194 1.3269981981772931 -0.8051433264943021 0.13414420122592907 -0.08488078829473986 0.5714407093986591
1645102035.7400699 1.7787559701110507 -0.4334106878416473 1.3267954650597071 -0.8056904187549321 0.1318509081262495 -0.08407951418886495 0.5713218325982544
1645102035.746659 1.781921961846562 -0.43411319912069296 1.326753052805511 -0.8061947502468415 0.1315993366317876 -0.0842032053710252 0.5706497495645751
1645102035.7532248 1.7859477831862725 -0.4348608641668023 1.3265301968975387 -0.8068065994234486 0.12978974814471583 -0.08469454923198982 0.5701264872895526
1645102035.759851 1.7892521236253287 -0.43592827525341404 1.3269339542413807 -0.8083725391007387 0.12889728383468285 -0.08347702658927955 0.5682872953108904
1645102035.766453 1.793306313728886 -0.43633704858375666 1.3263321850616183 -0.8083540661663855 0.12721840223988679 -0.08347996044442452 0.5686914862356276
1645102035.773102 1.7972364913715806 -0.43681379733471226 1.326101039761616 -0.8085634530863189 0.12542811159520173 -0.08272586274279364 0.5689017091060382
1645102035.779655 1.8006289631164507 -0.4374796424433949 1.3262098422857156 -0.8094399246579375 0.12495310500748155 -0.08252059223193947 0.567788455539801
1645102035.7862458 1.8046393609605953 -0.4378480698753177 1.3257934972415406 -0.8094609724129658 0.12313137445261375 -0.08097364800197104 0.5683787412279283
1645102035.7928681 1.8084714270699598 -0.4398081570814914 1.3262081598055189 -0.811693998744892 0.11806149359172909 -0.07361981972830987 0.5672690733102032
1645102035.799472 1.8116300190185712 -0.43935851388703906 1.3256939692784326 -0.810991685498014 0.12138031076935633 -0.08048225189715433 0.5666406579082559
1645102035.806062 1.815837713468023 -0.44097867551185277 1.326135997024015 -0.813107576290596 0.11594540884977515 -0.0741674490096961 0.5656072384828292
1645102035.812659 1.8189304478972699 -0.44051336356762316 1.3256511403401237 -0.8122642618527155 0.11899139437639396 -0.07959947904927532 0.5654479966334324
1645102035.819277 1.823521569204206 -0.44215771360514655 1.3259125530365474 -0.8139638446195774 0.11346422064843434 -0.07508122122315693 0.5647575655723097
1645102035.825828 1.8269698822158367 -0.44089578781139105 1.3250627733679883 -0.8114749470007577 0.1153274629209459 -0.0792434408481384 0.5673871363288143
1645102035.832436 1.8310579115764551 -0.44251332192720594 1.3254024777768565 -0.8133320216467925 0.11096582512580284 -0.07452587988423931 0.5662359999446341
1645102035.839073 1.833758157579367 -0.44107079428764273 1.3242939023550555 -0.8106706448844749 0.11388807612863369 -0.0790076624985866 0.5688585036719223
1645102035.845643 1.8382032555084833 -0.4420784879517283 1.3246704730604033 -0.8118373446701629 0.11166233004708505 -0.0776223414987391 0.5678256166891004
1645102035.852229 1.8420445782534747 -0.44213513796660037 1.3243153546885724 -0.811423695367419 0.11059367857176051 -0.07722410589002164 0.568679808236821
1645102035.858837 1.8457465233055914 -0.44286532117505006 1.324488295713829 -0.8120046669250656 0.10958483817466429 -0.07692807114580823 0.5680856736261427
1645102035.865427 1.850017496571515 -0.44259311208112745 1.3238801559179922 -0.8111155888149276 0.10766016622294852 -0.07616616342613458 0.5698237976541084
1645102035.8720372 1.8535279399476958 -0.44297396386750065 1.3238132655118764 -0.8109372726055446 0.10783660342106569 -0.076773461674629 0.5699626293504593
1645102035.8786361 1.8574400301089438 -0.4434985888853947 1.323790581906219 -0.811321940920799 0.10677830952463828 -0.07640804335118861 0.5696634696209796
1645102035.885248 1.861253369910413 -0.4434956158883752 1.3235342445250744 -0.810996966983518 0.10620090695441015 -0.07602995753289117 0.5702844493824498
1645102035.891832 1.8649792554677993 -0.44364849733955447 1.3234250552816182 -0.8108093063421206 0.10566957383772485 -0.074862509615038 0.5708042532197893
1645102035.8984451 1.8693038281830134 -0.44341107469807844 1.322816284406738 -0.8096944513337502 0.10423741182591255 -0.074530179582973 0.5726904338724924
1645102035.9050272 1.8729022400174946 -0.44389459953114396 1.3227756578663357 -0.8101960735996065 0.1043231852573564 -0.0742290057612919 0.5720040336021425
1645102035.911631 1.8770004741193824 -0.444007786743841 1.3223672602776213 -0.8100570552511527 0.10353862632832059 -0.0748045015725736 0.5722685889492342
1645102035.9182239 1.881548926947147 -0.44469488453909345 1.3223833229892021 -0.8107579891205621 0.10081997288565213 -0.07178163479200277 0.5721484482471471
1645102035.9248378 1.8848280971288496 -0.4445118952666434 1.3219972656054793 -0.8105415977208126 0.10229784070356861 -0.0736835784429523 0.5719508636779626
1645102035.9314618 1.8889478078603013 -0.444364030464198 1.3215844830267722 -0.8101544310930548 0.10140380015247588 -0.07305085328772608 0.5727392783675128
1645102035.938038 1.8931441899203036 -0.44436713321289545 1.3212335069843806 -0.8098087793194945 0.0999173617316683 -0.07283172725169941 0.5735167126886317
1645102035.944714 1.897032966527829 -0.44430683944778915 1.3209854687409894 -0.8097759704956105 0.09950461907980619 -0.07236651976383485 0.5736936510588324
1645102035.951245 1.901089781421937 -0.4443108023118835 1.320537892328173 -0.8094336482382339 0.09862187710630643 -0.07167249680016469 0.5744158807298259
1645102035.957834 1.9051996751863698 -0.4443205391093157 1.3202806187122185 -0.8094012533305686 0.09761197928373093 -0.0712882561063686 0.5746817281706036
1645102035.964457 1.9089847993646651 -0.4445282712265405 1.3201984649426426 -0.8098926883312821 0.09736452923153939 -0.07068402315536373 0.5741057825757276
1645102035.9710479 1.9130800953624372 -0.44435191218205755 1.3197624745208176 -0.8095886040729975 0.09649356225529893 -0.0703257905063364 0.5747252273421474
1645102035.977654 1.917051218625007 -0.44478145328396657 1.3196957271031136 -0.8102585676607987 0.0960609058295102 -0.06954907928066784 0.5739477193505256
1645102035.984242 1.9212334808732086 -0.44421815075065263 1.3191628202977568 -0.8092045840797529 0.09508193080735505 -0.07017315034598118 0.575519442064342
1645102035.990845 1.9252711943702705 -0.44447679916826255 1.3190127130091245 -0.809302084425707 0.09456654713356086 -0.07008114042403346 0.5754785751373126
1645102035.997441 1.9295729852690238 -0.444477471107165 1.3188002181917204 -0.8092147925503304 0.09330625247137234 -0.06992848877537884 0.5758254891921828
1645102036.0040278 1.9333993800516722 -0.4442282012770403 1.3183952776308374 -0.8086055958909404 0.09362867432105493 -0.0702885135827919 0.5765845826632098
1645102036.010648 1.9384069089563147 -0.44558275791531915 1.3187020948281116 -0.8101659059018548 0.08795314875507537 -0.06503265739954207 0.5759042396666935
1645102036.0172281 1.9419734928127725 -0.4443856096658033 1.3182279873485325 -0.8084617895059951 0.09097999058003622 -0.06809722651287262 0.5774725666198681
1645102036.02385 1.9465179809372626 -0.4452494566628211 1.3181938301823712 -0.8095434984984896 0.086679040252376 -0.06452274808304208 0.5770290983811401
1645102036.030426 1.9519795000769802 -0.4459134793278885 1.317764866180407 -0.8102606877798775 0.08436160737216136 -0.06731097376402895 0.5760464375417089
1645102036.037017 1.954088824048106 -0.44393557473026024 1.31732092371157 -0.807852218034797 0.08938743641677671 -0.06893336988237814 0.5784743237779482
1645102036.0436192 1.9580751765923905 -0.44347718945441883 1.316902444081431 -0.8073336772195668 0.08890685996198286 -0.0683903893579418 0.5793361782393915
1645102036.050223 1.962218161187566 -0.44333618872233943 1.316643917361531 -0.807413855298399 0.08801863052178978 -0.067552847871609 0.5794581894023498
1645102036.056821 1.9662557306817032 -0.4433288231865551 1.3164438211084633 -0.8074362218272583 0.08762102674706117 -0.06710529012937627 0.5795393371412069
1645102036.063421 1.9702713002488543 -0.44277204546737814 1.316071051846617 -0.8067937295542262 0.08751028678461054 -0.06691123799732991 0.5804725368624156
1645102036.070018 1.974151391651767 -0.4429403153409083 1.31596767232366 -0.8071972537085819 0.08740785468218366 -0.0660842992614278 0.5800214614338436
1645102036.076649 1.9783609246246645 -0.44260222572192853 1.3156605882721524 -0.8067015159338727 0.08676992119517209 -0.06458395831677893 0.580975215588818
1645102036.083219 1.981999572304928 -0.44276164586533306 1.3155548234554337 -0.807658867489748 0.08748254672467216 -0.06422842185077107 0.579575827951458
1645102036.096475 1.9902503719130065 -0.44248031252456466 1.315096386158546 -0.8077544927725165 0.08614199290382514 -0.06368394919927799 0.5797036297632443
1645102036.103018 1.9939205418310808 -0.4423832848713084 1.3150851356100564 -0.8081886945645489 0.08626116306325636 -0.0637081595533744 0.5790776736284369
1645102036.109619 1.9980688704787846 -0.44199909785220853 1.3147741418852033 -0.8082062260039599 0.08534692599511036 -0.063345088484343 0.5792284525297958
1645102036.116259 2.0016421329900926 -0.44273171199774447 1.3149662173582906 -0.8096873109225621 0.08569213657731307 -0.06291806272665182 0.5771519277970072
1645102036.122856 2.0057390367639307 -0.4423043221874348 1.3148386995813444 -0.8095242006271013 0.08414042024020693 -0.06343331032721819 0.5775524026288889
1645102036.1294432 2.0094813271003433 -0.4426120161398792 1.3149522006485956 -0.8107673570025322 0.08388276940572861 -0.0631330625640107 0.5758765014392535
1645102036.1426911 2.01947734236037 -0.4446045512593013 1.3152058622822795 -0.8132475170451942 0.07563698616007908 -0.06255686740601078 0.573579874109037
1645102036.1492312 2.0224408008328196 -0.4437424551090581 1.3150351329133492 -0.8124467960348577 0.07620331201789662 -0.06154552245656173 0.5747477864866083
1645102036.162431 2.024608322025238 -0.4419420231550632 1.314653113465846 -0.8103304633538768 0.08182370136333943 -0.06578411172915663 0.5764907025193826
1645102036.169052 2.0287311192504354 -0.4424559287006766 1.3147142125755706 -0.8111459172515275 0.08054717196671922 -0.06479072234153326 0.5756355620762558
1645102036.1756558 2.0328835117819737 -0.44183089848311285 1.3141800765152318 -0.8098095822021991 0.07947791043458037 -0.06498052222740461 0.5776408096336744
1645102036.182249 2.0366401839899306 -0.4416206064475859 1.3140519954639116 -0.8094707095695887 0.07929274271972568 -0.06489236217556214 0.5781507818747248
1645102036.188822 2.0403888725120103 -0.44192321425157666 1.3141761201580922 -0.8100998335912505 0.07939614857302449 -0.06434908875478287 0.5773156426413186
1645102036.195416 2.0441804631135048 -0.44191574432554015 1.3140526456307513 -0.810267021280906 0.07999942758650758 -0.06278181263391654 0.577170367801114
1645102036.202018 2.047942567076265 -0.44135645891806274 1.3136710231682653 -0.8094016125792486 0.07981885244290249 -0.06131758837861919 0.5785652933943028
1645102036.208626 2.0516933188253352 -0.44120515806546534 1.3135883989765769 -0.809178711290722 0.08057162446979449 -0.0597474786416995 0.5789369431047674
1645102036.2152479 2.0555092281631384 -0.44131431335321153 1.3135600531046163 -0.8097311656538803 0.08158385239234874 -0.0579396935675449 0.5782059840110035
1645102036.221822 2.0595422556770613 -0.44039212652463666 1.3128417100840548 -0.8080339887341902 0.08096946123127423 -0.05580367821156154 0.5808706422967697
1645102036.2284129 2.063291653129509 -0.44038934970639365 1.3128062136199252 -0.8083439889939753 0.08292150807576079 -0.05475910488482226 0.5802629286179863
1645102036.235051 2.0669052672584227 -0.44012231422850123 1.3126718245493412 -0.8081854595634981 0.08409903597520535 -0.052850480155733806 0.5804911906013428
1645102036.2416372 2.0708113174646265 -0.44001168668536295 1.3126235863510964 -0.8087549452177869 0.08487076842672084 -0.050967954522565764 0.5797536511573109
1645102036.248217 2.074174153753793 -0.4393814351634985 1.3124094873008372 -0.8083812732297669 0.08664187848833009 -0.04960633335110904 0.580130736095695
1645102036.254816 2.0785139978232015 -0.44015590518422953 1.312680447346082 -0.8100707850277865 0.08728974316876392 -0.0488730125664569 0.5777343174616267
1645102036.261416 2.0823705595975586 -0.43909936680867556 1.3121206499313431 -0.8093223430903032 0.08734910644942903 -0.0469788930172526 0.5789302182474829
1645102036.268019 2.0863116538749127 -0.4392016863392915 1.3120210308891598 -0.8086309622265114 0.08806741211948295 -0.04674788607877675 0.5798055297809409
1645102036.274652 2.089438899719997 -0.43868300966498874 1.3122035071540927 -0.8102627872424687 0.08991231556074142 -0.04596110380546112 0.5773017059222786
1645102036.2812119 2.0941963876194656 -0.43866369655262244 1.3119080775677971 -0.809650633498615 0.08820997479013588 -0.04605940799673866 0.5784142400268837
1645102036.287819 2.0979097416913404 -0.4383218791908097 1.312159939856504 -0.8113047821790782 0.08847148911266363 -0.04651750169414695 0.5760147916588773
1645102036.2944121 2.10139796330244 -0.4375158131264075 1.311987316028948 -0.8111133751277213 0.08903654977373501 -0.045691270495839265 0.5762633685335727
1645102036.301019 2.1059366978203418 -0.43782261488790647 1.3120581211008358 -0.8123636758194893 0.08828562487427248 -0.04749794406498724 0.574468891948636
1645102036.307621 2.1090549441309956 -0.4370548055307953 1.3121206147496522 -0.8120428174432434 0.08919229066119484 -0.04637298437937055 0.5748742168331631
1645102036.314261 2.11406365644859 -0.4368186235848137 1.3117967630196725 -0.8123787173772548 0.08622113611758801 -0.04868794241362204 0.5746614728439543
1645102036.3208508 2.1181070087292033 -0.4370654727223565 1.3121475016916222 -0.8133247329345482 0.08618877320899454 -0.050234595706378 0.5731931867516812
1645102036.32745 2.1215456065049256 -0.4358753746535169 1.31164114954779 -0.8126828729298403 0.08602837299898844 -0.048626637678287433 0.5742654148690308
1645102036.3340611 2.126239440855675 -0.43547814476347063 1.3113690732018475 -0.8126495198166809 0.0840840718216102 -0.04947236453143548 0.5745284027046769
1645102036.340666 2.1301436258115785 -0.4354133584277909 1.3114163366655989 -0.8132238159781929 0.08385213080891732 -0.04932668320366125 0.5737615289293895
1645102036.347265 2.133818996330069 -0.4351019120469537 1.311268229437881 -0.8133720457022167 0.08375735979807547 -0.048474521802876265 0.5736379336846753
1645102036.353838 2.1378295489732144 -0.4342666124772864 1.3110609047791741 -0.812804112059693 0.08320136916932383 -0.048276841195349834 0.5745397761148912
1645102036.360426 2.1417525376868674 -0.4339783997701554 1.3106636634903217 -0.8117784501607731 0.08325439850374829 -0.04662163185334112 0.5761168028168329
1645102036.3670552 2.145016246234253 -0.4331892707986862 1.3107126195132808 -0.8125452434987697 0.08399467632163578 -0.04524575317285141 0.5750369064334268
1645102036.3736582 2.1491256500937763 -0.4327577744965508 1.310182438810376 -0.8109744209462589 0.08386463980037898 -0.04387740339586163 0.5773747026040694
1645102036.380288 2.153470670865492 -0.43186569084420406 1.3097474991736948 -0.809852602733859 0.08378296344946931 -0.044650201615537344 0.5788999794548368
1645102036.386917 2.15771976943098 -0.4310391692531764 1.309688995079741 -0.810794666292578 0.0826264269406634 -0.042969425502296904 0.5778737374222899
1645102036.393506 2.1611176156261647 -0.43067972020212575 1.309460973416064 -0.809560241483581 0.08438820257393574 -0.04152219753274693 0.5794535736264728
1645102036.400102 2.1650811986624308 -0.4297718858775033 1.3096467201558792 -0.8102358380106729 0.08404034357786827 -0.039276364661261734 0.5787160173679112
1645102036.4066901 2.169822581373754 -0.42943994919092987 1.3094034340589498 -0.8101315124375614 0.08311632593799728 -0.04075465972477663 0.5788930825814779
1645102036.4132328 2.173345726785146 -0.4281136132283828 1.3089025646548214 -0.8092669261795651 0.08400136071370023 -0.0386010184768037 0.5801210971663225
1645102036.419869 2.177394189419831 -0.4271185361009202 1.3084546664692875 -0.8086811616579253 0.08359249358513345 -0.03693726295678348 0.5811045126243775
1645102036.4264581 2.1818158349038894 -0.42627259465080825 1.3082136718735724 -0.8084581350921216 0.08251579642902006 -0.036429841128941716 0.5816004910296937
1645102036.433026 2.185477603003112 -0.42568678432219575 1.308126358769023 -0.8083896565018271 0.08313047401015818 -0.03584173425101692 0.5816447408109549
1645102036.4396648 2.1899943413985956 -0.42479539927274124 1.3078383118127965 -0.8079314015688973 0.08156047828802836 -0.035245290359129496 0.5825394099935545
1645102036.446235 2.193898472200232 -0.4242081014172109 1.3079750342257115 -0.8081353839072845 0.08162933866972977 -0.035644942917730287 0.5822224756471712
1645102036.452828 2.198218262654728 -0.42294507181659524 1.3074177407604552 -0.8075463070889966 0.08009405608444814 -0.03341759267336248 0.5833839820505963
1645102036.459471 2.202188234546054 -0.4217414681793728 1.3069032274477062 -0.8070249618426721 0.07960651459624286 -0.032827061107017684 0.5842050168270648
1645102036.466066 2.2064692592336135 -0.4206855717656152 1.3066542760775266 -0.8067756803807435 0.07873575537105915 -0.032834768405853455 0.5846666165082393
1645102036.472668 2.2107794820489834 -0.41975903789675695 1.3064534103417027 -0.8068617433212822 0.07749231229339351 -0.032139061617246695 0.5847527849316754
1645102036.479257 2.2149733544310526 -0.4191462858456211 1.3065244123683255 -0.807285159828733 0.07707797294583042 -0.03288666836363393 0.5841811548737771
1645102036.4858491 2.2191232253238464 -0.4183129961514299 1.306365006953226 -0.8075380373333391 0.07656134773668527 -0.032601185622351855 0.5839156277895177
1645102036.4924319 2.2232750734574624 -0.4175712173005465 1.3064167355995515 -0.8084898214681501 0.07551469133382452 -0.03153830307923813 0.5827922201916491
1645102036.49903 2.227391952373329 -0.4159388773945595 1.3056729600455936 -0.807933317562222 0.0743835782492172 -0.029128403415801873 0.5838339232359311
1645102036.505621 2.2324206943155445 -0.4147362359625376 1.3054114016402583 -0.8079837731080569 0.07216241393096413 -0.02902932523604265 0.5840476528065148
1645102036.5122292 2.2367970788376255 -0.4138478793545728 1.3054174427045961 -0.8082222898594978 0.07127679471854467 -0.029459367374632024 0.583804969730846
1645102036.5188391 2.2410158178813924 -0.41260928394712354 1.3050983502004545 -0.8082245005505951 0.07031122554434198 -0.028346366080040625 0.5839739101279553
1645102036.525449 2.2453191553283314 -0.41127285129475377 1.3046382397692566 -0.8081495653914677 0.06915686168490712 -0.02662841235423856 0.5842964371246918
1645102036.532068 2.249734167048733 -0.4103475831892869 1.3045309878495535 -0.8085390435838669 0.06812496685865231 -0.026101145035311517 0.583902386265162
1645102036.538641 2.254298529403212 -0.4087935790903693 1.3040481093120588 -0.808109675727951 0.06640375345551135 -0.02530607810313416 0.5847295159522221
1645102036.545231 2.2586651984218085 -0.4077341569820871 1.3038906943927921 -0.8085109463140913 0.06520698740582358 -0.024214605810216325 0.5843555808254515
1645102036.5518122 2.2630343321706743 -0.40650216888316104 1.3038803523583284 -0.808533929849746 0.06401675188134692 -0.024009032509624332 0.5844639182586724
1645102036.55845 2.267307202261015 -0.40562770961801226 1.3038340201593894 -0.8088186918119051 0.06333529117797612 -0.02358562305861562 0.5841612237693243
1645102036.565048 2.2717903304966134 -0.40428206032080705 1.3039150873213068 -0.8086484510391891 0.061491934383683514 -0.021266691360861883 0.584682587706887
1645102036.571685 2.2770190553191276 -0.4028823837659917 1.3034552732579994 -0.8082385751527033 0.05906456207436149 -0.023224695080985562 0.5854245895077859
1645102036.578272 2.2812701402209172 -0.4008746373934598 1.3029166733495088 -0.8067642764134109 0.0577808561567433 -0.01949604809770188 0.5877180006930522
1645102036.584845 2.286301973293281 -0.3997903946703305 1.3026749132492503 -0.8067001755958474 0.055905999759229 -0.02130238193067475 0.5879245236992201
1645102036.591449 2.290837058137482 -0.398248022524172 1.302549864911011 -0.806144336848449 0.054379110278172334 -0.020280065208859 0.5888654572234988
1645102036.59805 2.2951473166313665 -0.39688453308340654 1.3025506300828773 -0.8058250041514092 0.053228517446115925 -0.017451647619979707 0.5894981054367503
1645102036.604645 2.2997528106844327 -0.3958399745784493 1.3026072594510765 -0.8058827808185508 0.052160867870290645 -0.01692880297493723 0.5895297363671835
1645102036.611263 2.3048966011446637 -0.3939971640259244 1.3020078875997252 -0.804615153320416 0.049454878790528276 -0.01504321988741691 0.5915419858270283
1645102036.617842 2.3095857334095604 -0.3928412964746149 1.302001536610402 -0.8044408676256055 0.04852023399545129 -0.014588806644172702 0.591867891059867
1645102036.624463 2.3148584232454246 -0.3910014417785973 1.301346113590558 -0.8033550146718406 0.04629050390395988 -0.01529504550165544 0.5935010703089642
1645102036.631032 2.3182031173142965 -0.3896124753154616 1.301452928014404 -0.803039128879007 0.0480714372604976 -0.013783295729566197 0.593824001563061
1645102036.637623 2.323025564531144 -0.3879360503341519 1.3012175936100803 -0.8022926506735827 0.04640924101550624 -0.012155486286239437 0.594999605496791
1645102036.644224 2.3277711998878887 -0.38613508689223985 1.3009545852579802 -0.8014820348390199 0.04514773571359702 -0.010900227791799858 0.5962123692827865
1645102036.6508229 2.333589986997055 -0.3853479679258994 1.3013349699111167 -0.8024438008978285 0.04212333136743608 -0.008643328306002885 0.5951760616335386
1645102036.657436 2.3374343073245787 -0.38320046644418726 1.3008039732366468 -0.8010699950270215 0.04257134279780851 -0.00818433765926025 0.5969984120296994
1645102036.664025 2.342377677764116 -0.38155393895358913 1.3006113926807563 -0.8005690830896455 0.040925167744875805 -0.006566345505067558 0.5978050167479205
1645102036.67063 2.347362061677775 -0.37994487622645456 1.3004840314677746 -0.8001962823200887 0.039164181359139905 -0.005259440370870776 0.5984346547568216
1645102036.6772218 2.3532547535621884 -0.37888373620938104 1.3007641454025218 -0.8006931834977653 0.03601880942474857 -0.003076563295722135 0.5979826892865744
1645102036.6838322 2.35806703417469 -0.37752511094226465 1.3008542317776461 -0.8008506332545049 0.03477487720406354 -0.002026011241608518 0.5978499093275842
1645102036.69043 2.362285107711839 -0.37483054330441196 1.2998806851376015 -0.7989355675490584 0.034099617251203786 -0.0027006901871773578 0.6004427869231335
1645102036.697032 2.368081001669787 -0.3739388626852256 1.3003283010528452 -0.7998660649392926 0.031048789671639022 -0.000881508494672423 0.5993739990952062
1645102036.703628 2.3720680708930697 -0.37195971888090623 1.3000062070382363 -0.7987865846556147 0.030709437433632393 0.0015923076877530835 0.6008277486957463
1645102036.71023 2.377019560436178 -0.37020373350192115 1.2997999768734383 -0.7989197283140289 0.028758512680858522 0.0010813861272801215 0.6007485864921093
1645102036.716867 2.382233376269902 -0.36837525008291594 1.2996293939630628 -0.7981406028453338 0.02646209181430279 0.0025072344558047916 0.6018843172647056
1645102036.723436 2.3871561630758418 -0.36683606859956175 1.2996710967778835 -0.7980471409935986 0.02502974923799178 0.0034513896200299462 0.6020647560583047
1645102036.7300339 2.392125878969675 -0.3653126564080742 1.2996042776830012 -0.7980983651671337 0.02337928161788817 0.004466070688716926 0.6020565225306752
1645102036.736639 2.39707168765444 -0.36366107877710613 1.2998280401465008 -0.7982253807670343 0.021175080301297604 0.006731575645111135 0.601948677865295
1645102036.743225 2.401699289749626 -0.36116344817429713 1.2993515266797129 -0.7974114790138356 0.01891481965868191 0.00951854962082241 0.6030639935793282
1645102036.749836 2.406850884374762 -0.36108253955944647 1.300327558917137 -0.7997414791900763 0.01795927550615727 0.00899608086482215 0.6000081622960151
1645102036.756468 2.4119731416725014 -0.3588566948277887 1.300073050617641 -0.7989897457401627 0.015573078228721365 0.0106800126922141 0.6010478386513675
1645102036.7631512 2.417954159799771 -0.35757188319673017 1.3004583197978719 -0.7999046891973011 0.012299089587659138 0.011843980524031007 0.5998839360341967
1645102036.769622 2.4220148210726244 -0.35522430827952295 1.3002246640379196 -0.7991777482207869 0.011461436995991442 0.013837706140478035 0.6008259466541275
1645102036.776257 2.426999272078162 -0.3532715774297967 1.3001870108125475 -0.7991387224360582 0.009811209881499538 0.014407254479491573 0.600893708947106
1645102036.782872 2.4320201228050733 -0.35175273874617496 1.3005581433603663 -0.799830941774227 0.008049807538580282 0.016011643681122567 0.5999574673229473
1645102036.78944 2.436789748657431 -0.3493737126113536 1.3002317862800623 -0.7989236654661668 0.006546405536509715 0.019203021010408473 0.6010898399348155
1645102036.7960262 2.4420173945921446 -0.3484934853766938 1.301106977359945 -0.8004487246303993 0.00558855621337426 0.01860060817229252 0.5990862864630468
1645102036.802634 2.447728735066506 -0.3465923737459714 1.3013520454300362 -0.8003979769594946 0.0029457254210297134 0.020540285242746415 0.5991095035626728
1645102036.8158772 2.452091667129959 -0.3446371925354134 1.3015340028193119 -0.8003864276233846 0.00266698971814147 0.02121687040293836 0.5991025776160364
1645102036.822467 2.4575254303906995 -0.3426433738232252 1.3017075660526327 -0.8003164553928991 0.00043301270247005904 0.022476299992514177 0.599155990158653
1645102036.829026 2.462175438597153 -0.34073367887761985 1.3021135776448833 -0.8006803394640083 -0.0006328282685974608 0.024758769459803813 0.5985794457772775
1645102036.835627 2.4670921897070195 -0.33898193761967754 1.3025276669793626 -0.8008499331345449 -0.0012937590448658409 0.02620938333463524 0.5982895754842075
1645102036.842218 2.4720600618536874 -0.3365927848369816 1.3026063014535083 -0.8002983541503939 -0.0024719906981246903 0.027739188657744454 0.59895454487232
1645102036.848869 2.4768746398031323 -0.33617888377941935 1.303848180450091 -0.8024780575971941 -0.0018620848540991154 0.027384535928991628 0.5960496034212276
1645102036.855463 2.482206472183877 -0.33322606452644454 1.3036368540098837 -0.8012434958404232 -0.0044256174905049845 0.029969174348493242 0.597570652637109
1645102036.862068 2.486916501176989 -0.3312214773599725 1.3039702089238334 -0.8014207505225721 -0.0051275872546468005 0.03136237363258017 0.5972559327777509
1645102036.868624 2.4917424214898825 -0.32878313731865394 1.3040644254041527 -0.8010521730444268 -0.006681350752224076 0.03356570739690722 0.5976151532587666
1645102036.875268 2.496318967407176 -0.32645381836297954 1.3044580702316753 -0.8011068889387467 -0.00799830513408201 0.03547352336721853 0.597415301927383
1645102036.881833 2.500603227458831 -0.3251355455982957 1.305067674631444 -0.8025013065813683 -0.007995388059850209 0.03751320076875232 0.5954159194431531
1645102036.888436 2.5060951184817633 -0.32355015309011204 1.3059730112148922 -0.8030225267915456 -0.009794159675266407 0.03665051655175983 0.5947397630958763
1645102036.895034 2.510720968480838 -0.3213334136723654 1.3063764074988755 -0.8031928539988358 -0.011556224604441511 0.03863534720099734 0.5943524011924535
1645102036.901628 2.515168394037734 -0.32016118836933216 1.3073421888398573 -0.8049235430265681 -0.012744410442047247 0.03940959190456048 0.5919309251595637
1645102036.908223 2.520038143011055 -0.3168675902319932 1.3070209759442184 -0.8033201436897909 -0.015345971654620236 0.04093591917670528 0.5939404678986816
1645102036.914869 2.5246158129181824 -0.3164192665261977 1.3085188572473845 -0.8060648964249745 -0.016118868850680246 0.039863112437918326 0.5902628137159547
1645102036.921452 2.529022907323783 -0.3144689265545614 1.309139087478066 -0.8067427441894917 -0.017592144613104654 0.040064181844439994 0.5892801795417961
1645102036.92803 2.5337670411667843 -0.3114302600808632 1.3090679831987229 -0.8058227215198294 -0.020729521525406407 0.04140787602913004 0.590343229252452
1645102036.9345841 2.5381466781314947 -0.3092816303790269 1.3094257848966393 -0.8061395384609181 -0.023364968356872292 0.04279482854903527 0.5897129247726959
1645102036.941233 2.542714291098754 -0.3075359268494874 1.3100963217681234 -0.8067821107809415 -0.025023798759426452 0.04182691397003321 0.588834907374298
1645102036.947823 2.5471199240218616 -0.3055090819683487 1.310635205482953 -0.8072472551116505 -0.026975560309808102 0.041947114045623936 0.5881022978260925
1645102036.9544692 2.551101312315944 -0.30451822201763423 1.3118776255187279 -0.809253737764826 -0.027914035850387407 0.04136628431517847 0.5853355458575783
1645102036.961059 2.5557109140387646 -0.3008622321662575 1.311689268543165 -0.80720027207623 -0.030249757930633968 0.04256459930721267 0.5879630851840038
1645102036.967639 2.559786103060778 -0.30031212564394205 1.3128322542735145 -0.8099396640493767 -0.03197047225278633 0.0424424974197763 0.5841010157176528
1645102036.974234 2.5638156864632533 -0.2979459796704683 1.3130440319672565 -0.8099313988994724 -0.03393234471253498 0.04425187747093471 0.5838675173323203
1645102036.980871 2.5680122157528222 -0.2960784535426448 1.3136766901263124 -0.8106528664901888 -0.03522082201784632 0.04448437171839414 0.582771143057761
1645102036.987446 2.5720593935021885 -0.29404986667859445 1.314196732802809 -0.8111312454988031 -0.03650573118132291 0.04504647594193769 0.5819827364287685
1645102036.994071 2.576371362983316 -0.2911036910049556 1.3141236381993393 -0.810120135652238 -0.038445862908124774 0.04629016743416559 0.5831673689554284
1645102037.0006669 2.5802334379113416 -0.2899472482931268 1.3152355555257698 -0.8118872919527456 -0.03885357084763284 0.04628774472243251 0.5806776118182903
1645102037.007267 2.584196818265314 -0.2882480859340186 1.3159950198315276 -0.812715437525448 -0.03950740134312745 0.04672333983294162 0.5794388576938541
1645102037.0138612 2.587950035763278 -0.28511539730722957 1.3158660484303795 -0.8117226252035676 -0.04159284178489704 0.049752728775345215 0.5804315319970126
1645102037.02047 2.5922325790641834 -0.2828922727145874 1.3161875240297785 -0.8116212886845258 -0.04223173786525995 0.049517555923921465 0.5805472655033164
1645102037.027058 2.596060952903839 -0.2813587014119445 1.3171687605920208 -0.8128841951725617 -0.042978981565027476 0.050050063610397356 0.5786767536536657
1645102037.033634 2.5999174784750827 -0.27764841491836323 1.3166500450853167 -0.8110182792493478 -0.04560777294711404 0.0534516013235712 0.5807855775720229
1645102037.040223 2.6035433201900524 -0.2779916264605412 1.3188721702776949 -0.8149819312013958 -0.044546002805187536 0.05215964847862748 0.5754121647066711
1645102037.0468302 2.6075725892670287 -0.2734334176267817 1.317721431315074 -0.8116690836483147 -0.04723634679643736 0.05491523136318168 0.5796085487494316
1645102037.053463 2.6111521187203244 -0.273540729305931 1.3199371487908627 -0.8153586523995336 -0.046759991237841365 0.0536843344400789 0.5745619286512457
1645102037.06003 2.6152339187859215 -0.27114413393890846 1.320552892926928 -0.8153799703198436 -0.04851075558539577 0.05453428413295174 0.5743064386813402
1645102037.0666208 2.619002513864109 -0.26656133764770573 1.3192529019876893 -0.8118982434693327 -0.0509591590436819 0.05684515177907437 0.5787856083308004
1645102037.07323 2.6228344164678874 -0.26449680220106075 1.3199666925948985 -0.8123980997725382 -0.052260154415394784 0.05711270944052621 0.5779412529000973
1645102037.079862 2.6266242993990008 -0.26147409189003273 1.3201116961178598 -0.8114653568448128 -0.05451064703926368 0.05841252811998165 0.5789129967230477
1645102037.086449 2.6310449687806754 -0.2595989264013655 1.3208287669758847 -0.8121995494784852 -0.05700395445307367 0.05796738531728393 0.5776867548458342
1645102037.0930932 2.6341473686914867 -0.2568747948990685 1.3211105458556691 -0.8115747205871331 -0.057204894230743576 0.059024883909487284 0.5784374117846024
1645102037.099643 2.638417107443023 -0.25488115867938405 1.3218825164014176 -0.8121651122816509 -0.05937327104447153 0.05966061626571072 0.5773238322385429
1645102037.106272 2.641498418502859 -0.2531885697527785 1.322814110785984 -0.8132396611498093 -0.0591676132816788 0.058566116492787965 0.5759427883388174
1645102037.11284 2.6460504802152145 -0.25017698793886206 1.3229060355703686 -0.812202795291909 -0.06231103414635984 0.05976762055193618 0.5769501337657839
1645102037.1194592 2.649170828773458 -0.24751977241873202 1.3231122213665616 -0.8118886523799018 -0.06294881787376208 0.05976919782419215 0.5773228384044662
1645102037.1260421 2.653495336497634 -0.24503473349194543 1.3235094141952202 -0.8118267739816867 -0.06532950930131744 0.06056782484123384 0.5770618815798835
1645102037.1326358 2.6565614952296874 -0.24349400606056462 1.3244413786820508 -0.8132149014978066 -0.06489753427143215 0.05912048878180086 0.575303549362562
1645102037.1392791 2.660855601385404 -0.24026996904616468 1.3242290314459801 -0.812107719940114 -0.06760247942966431 0.06091993402089033 0.5763673785760883
1645102037.14583 2.663625989379348 -0.2385061840529883 1.3248562748975747 -0.8132945858468419 -0.06700211804063068 0.06079660814584173 0.5747747553186787
1645102037.152439 2.6677888205942897 -0.2352096332923866 1.3247619947059017 -0.8121276120930347 -0.06926295122935706 0.061104804691969515 0.5761225345784928
1645102037.15904 2.6712996133430016 -0.23354626419831434 1.3256018190660468 -0.8134947629050773 -0.06944566314413514 0.060612659180848856 0.574220690122263
1645102037.165664 2.675139545254604 -0.2300601480138357 1.3252900338743334 -0.8123341147899985 -0.07131604453520578 0.061892909322815985 0.5754965070066563
1645102037.172238 2.67885343980742 -0.22761239377335002 1.3255773521569487 -0.8126389946713829 -0.07238018910240236 0.062181047964937924 0.5749019000566327
1645102037.1788821 2.6825850578837627 -0.2250181536412988 1.3258244608068532 -0.8127822016615549 -0.0734745373183291 0.062162572918564994 0.5745625621282351
1645102037.185452 2.6863014640217333 -0.2225107580045367 1.3261309042933642 -0.8131651943689174 -0.07467594120083693 0.062198088553035616 0.5738614494463332
1645102037.192045 2.6899249202561686 -0.21934941612076359 1.3256937871759624 -0.8124505009036235 -0.07628912801367463 0.06455588085698614 0.574400862076591
1645102037.198694 2.693171967571726 -0.21767127615191195 1.3267533702179841 -0.8144257573902272 -0.07615757892736018 0.06320694199242005 0.5717649656390477
1645102037.2052412 2.6969960845121324 -0.21396715775965033 1.3262510792873348 -0.8130665139546702 -0.07824157508662984 0.0641612442397845 0.5733098403274972
1645102037.211877 2.700720050653739 -0.21092589835403325 1.3262800833210837 -0.8127541477602669 -0.07991976563899249 0.06423166596714511 0.5735133782492928
1645102037.218448 2.7048009256847574 -0.20809613404048274 1.32635895832233 -0.8126322519379501 -0.0819213942495485 0.06428003110353293 0.5733981034850567
1645102037.2250361 2.7081339347532523 -0.20568730886348718 1.326780773357768 -0.8134219183030151 -0.08261332727700785 0.06331363433233493 0.5722857095572905
1645102037.2316391 2.7121704484480205 -0.20306538198700735 1.3275020883327182 -0.813948678872914 -0.08427195047726646 0.06094577216548523 0.5715514859139774
1645102037.238274 2.7156823414437348 -0.1997767082691587 1.3270916417729244 -0.8132572978260041 -0.08581571369882975 0.06217491142784234 0.5721731601967094
1645102037.2448928 2.7191205997038614 -0.19640785987657663 1.3268610964038192 -0.812743109319095 -0.08756043114012022 0.06313232120372732 0.5725344622869184
1645102037.251473 2.7231815122701857 -0.1933342657055326 1.3268077777456941 -0.8123369730718787 -0.08966483809639555 0.06327158454053255 0.5727697881090733
1645102037.2580411 2.7271071447216113 -0.19062853474132627 1.3272603315432385 -0.8129679403481976 -0.09164157551830467 0.06330325215283777 0.5715568074184445
1645102037.264628 2.7299572300600055 -0.18826287544906103 1.327815846344046 -0.8139717606066663 -0.09143845949662269 0.06154123064290359 0.570351955105948
1645102037.271229 2.733745858425628 -0.18410858623788515 1.3272758562242049 -0.8124368474239291 -0.0938490996956414 0.06261460752411863 0.5720295313494911
1645102037.2778392 2.737451169808539 -0.18223483100069404 1.3281420377879447 -0.81406986910831 -0.09411849262107531 0.060357294145467345 0.569902187338223
1645102037.284435 2.741045889682166 -0.17847997871207932 1.3279596232164657 -0.8133024394531915 -0.09623997555518672 0.06189160614773777 0.5704788062150058
1645102037.291072 2.7445894150589707 -0.1744166441612086 1.3275093068940218 -0.8119686852094521 -0.09736843044439808 0.06271703319823832 0.5720948471151089
1645102037.2976372 2.7484926927048554 -0.1720244881047947 1.3281413822478578 -0.8128974757454333 -0.09877391935342818 0.061487728382584456 0.5706666367871387
1645102037.3042262 2.752177909090171 -0.1684134107010925 1.3280621105571557 -0.8123311647854484 -0.10033515324257263 0.062096461269486106 0.5711345087678288
1645102037.3108559 2.7559178537329285 -0.16538294209200272 1.3282725267756395 -0.8124426947854556 -0.10111787032498655 0.06170617173074124 0.570880076264091
1645102037.317438 2.7595844999651877 -0.1617099134420073 1.3281657421850142 -0.8118910302094603 -0.10242876820713732 0.062304518100834975 0.5713660751268701
1645102037.324064 2.7631875455740977 -0.15789815951847103 1.3278807719402463 -0.8112101001228148 -0.10394647607281007 0.06359132992966182 0.571917047780909
1645102037.330667 2.7669643667900337 -0.15372518617575953 1.327390853207561 -0.8097502863208778 -0.10526928989125339 0.06469065155326995 0.5736179187546583
1645102037.3372421 2.7705503641058704 -0.1507592445771014 1.3278376350888996 -0.8103413768451777 -0.10568207328665664 0.06438498227973267 0.5727410509888281
1645102037.343828 2.7745092509636295 -0.14674727841335727 1.3273568622967913 -0.8085824650608613 -0.10674721247537539 0.06393407360770281 0.57507511284927
1645102037.350432 2.777785152251475 -0.1434489359903141 1.3278264142855185 -0.8094136019560173 -0.10677186712908049 0.06529101213958166 0.5737474748400517
1645102037.357024 2.7823383686205374 -0.13887898345796984 1.326781981882493 -0.8069474704129113 -0.10945844707309202 0.06672063895143336 0.5765435556618583
1645102037.3636758 2.7854676558591986 -0.1364718258336601 1.3276617591214945 -0.8093245144756916 -0.10909041389478383 0.06553901157472317 0.5734085853770867
1645102037.370254 2.790072889173215 -0.13194934435057165 1.327239849217 -0.8075153107108255 -0.11222523562721926 0.06786296010831604 0.5750814901352445
1645102037.376833 2.7929839968864645 -0.12836380667252534 1.32711118275134 -0.8073946393631849 -0.1116171729764209 0.06724190718619814 0.575442082506085
1645102037.383434 2.7967693467335404 -0.12364152149623853 1.3265885640037611 -0.8057662170826687 -0.11315821266247268 0.06831056708451638 0.5772947645488323
1645102037.390054 2.800799038925202 -0.12003365432101783 1.3263149666381329 -0.8052991542512397 -0.11423274634926948 0.06940185656644098 0.5776046735219318
1645102037.3966348 2.8039631771041185 -0.11707752226729759 1.3271319958999277 -0.8069672543233612 -0.11382708215261328 0.06814811439260089 0.5755020481644061
1645102037.403243 2.8077617923406653 -0.11252919278508182 1.3263994307250073 -0.805421530807587 -0.11515025016702717 0.06915318879666367 0.5772817089296806
1645102037.4098282 2.8113057682190483 -0.10797515949067772 1.3253712539856888 -0.8029189326741829 -0.11560056362646878 0.06970435736926693 0.5806018838841329
1645102037.416502 2.8150908031004733 -0.10451681950571882 1.3260133192740922 -0.8040220910612241 -0.1170688351227712 0.06955361259426969 0.5787964650494141
1645102037.423031 2.8183872715954883 -0.1011500495468583 1.3262545545343771 -0.8046861777098007 -0.1173145879534844 0.06979778846151201 0.5777935093059307
1645102037.429652 2.8219664039774877 -0.09669119132513786 1.3256759870660242 -0.8033032105647787 -0.11839593604369537 0.07081310162625815 0.5793717026041693
1645102037.436235 2.825770978388064 -0.09223118797967941 1.3253494654878464 -0.8024660434867686 -0.1203985313852121 0.07182573586836338 0.5799941711490011
1645102037.4428349 2.8293133853470347 -0.08813901349723548 1.3252912088902737 -0.8022774928300278 -0.12162210484453699 0.07235115149910606 0.5799344782762054
1645102037.456098 2.8360843824759097 -0.08017352723630108 1.3250568891508228 -0.8014390240670838 -0.12291202773534235 0.07303870554538079 0.5807349328262768
1645102037.4692302 2.83980172378009 -0.07562699154058691 1.324714326311957 -0.8008389646951086 -0.12471759135958102 0.07463401959964767 0.5809749940206933
1645102037.4758642 2.8434424720220552 -0.0717163424601546 1.3250499258441546 -0.8014375055779874 -0.12611319595871318 0.0750478273797582 0.5797937140488446
1645102037.482486 2.846814703024475 -0.06734600724225827 1.3248545052122156 -0.8009417899632117 -0.12702177010989354 0.07612787237575214 0.5801395699474292
1645102037.489034 2.8503661565328224 -0.06335003030966738 1.324864494143207 -0.8005705472366561 -0.12762650019184665 0.07647088490307297 0.5804741232443867
1645102037.495657 2.8540354738427096 -0.05943579037856542 1.3253292499899898 -0.8016106428756571 -0.1292232185079637 0.07743719081936096 0.5785540686522705
1645102037.5022342 2.856830135995916 -0.054558260388864244 1.324426777410121 -0.7996736288259519 -0.12812735305424236 0.07804231929172253 0.5813902011096839
1645102037.508853 2.8598550773069324 -0.04976852342037377 1.324432045381267 -0.7984120439426828 -0.13026079183030512 0.08202517512941462 0.5821012752481363
1645102037.515434 2.864834535540547 -0.046821625184277904 1.325294038840065 -0.7996230955173343 -0.1329528503142769 0.08238202606552518 0.5797751943805539
1645102037.5220559 2.867797956305156 -0.04243724005313365 1.3251967999359429 -0.8004485900751768 -0.13200954388129285 0.08133577224112506 0.5789987585416769
1645102037.5286348 2.8711756070705348 -0.03848329105360432 1.3252202857659836 -0.8003052175035787 -0.13188699497425047 0.08206143292161466 0.579122573819516
1645102037.535239 2.8747024680414643 -0.03415737753660583 1.3250585920908469 -0.7991067892719776 -0.13209115470152047 0.08351071617451812 0.580522119899639
1645102037.54187 2.8788848703448333 -0.03127797383232399 1.326134635715803 -0.8014339935369481 -0.1331632533948851 0.08320155048084796 0.5771033266081121
1645102037.548466 2.8815810366824097 -0.026516448800535455 1.3253705278069512 -0.7997664036746087 -0.1322574888656119 0.08465737452217631 0.579408662597151
1645102037.5550342 2.884963714492247 -0.022295587991876448 1.3253407877518146 -0.7993371871923202 -0.13252633193768928 0.08615603624355922 0.5797183913987966
1645102037.5616288 2.8876948341114406 -0.01722579233528654 1.3243516012173957 -0.7968217717922185 -0.13097796973191855 0.08696744559902805 0.5834005840239044
1645102037.568237 2.891798283264302 -0.014298706614412932 1.325672427234674 -0.7994776015119286 -0.13228561766894942 0.08796679449216635 0.5793078612145595
1645102037.5748239 2.894382336599494 -0.008920198909397853 1.324575600143491 -0.7970277072827411 -0.13238631493343359 0.0904337036045371 0.5822731530377634
1645102037.581429 2.898239407231404 -0.005628626530377573 1.3252793231192288 -0.7981954878745677 -0.13298008899473476 0.09135029187003052 0.5803920420750124
1645102037.588083 2.901655879644033 -0.0020458149354980193 1.3254825619500756 -0.7984113464274235 -0.13296312190403958 0.09239056667908373 0.5799343514965887
1645102037.594635 2.9051729337109573 0.0018543261882295048 1.3259630285435806 -0.7991571541585895 -0.13431369224112116 0.09382152463528473 0.5783638328493168
1645102037.601228 2.9080565496537196 0.0062699477037126 1.3255763372460905 -0.7981505643236211 -0.13433739794826227 0.09514891063305718 0.5795303863968418
1645102037.6078389 2.9108913757680273 0.01098558928473023 1.3247879734969836 -0.796156234734913 -0.13422270593380728 0.09632458993024304 0.5821001762780443
1645102037.6144278 2.9140133009068205 0.014801163057356986 1.325520205672253 -0.7967485389848976 -0.13600647326172352 0.09850626655554608 0.5805085417935243
1645102037.621032 2.917438138848962 0.01735395945761478 1.3264442717806935 -0.7987564731763119 -0.1364646817258084 0.09929657697664072 0.5774991888381042
1645102037.627658 2.9205792851883987 0.022383155977913585 1.325763052741434 -0.7974939714953504 -0.13675891652334568 0.09826363550371657 0.5793480688506413
1645102037.634238 2.9237746740718027 0.02624116618833358 1.3258871141881474 -0.7976299781160056 -0.1372268169181019 0.09783699174099798 0.579122407508875
1645102037.640867 2.926575045535439 0.031025201168546943 1.325139805271469 -0.7955999343247188 -0.1375134604653471 0.09868349370543153 0.5816976120795355
1645102037.647521 2.9298697859751255 0.03420682366402554 1.3260435416169474 -0.7975524894220165 -0.1390010955030944 0.0999083399249935 0.5784518901917091
1645102037.6540642 2.932704062504344 0.03844053739053638 1.3259053982698679 -0.7969600847763526 -0.13958817428242076 0.10081778604540842 0.5789691322290426
1645102037.66064 2.9353609556322446 0.042642171462570974 1.32538691193073 -0.7958002913668718 -0.1389896950214852 0.10105433930839983 0.580664630657186
1645102037.6672351 2.938382425681607 0.04632570732962121 1.325531892254018 -0.79654172351144 -0.1391184826677258 0.10084417584875532 0.5796528299474089
1645102037.673874 2.9412971506920735 0.05064631672528794 1.3253401979772188 -0.7957449354793578 -0.14051701565006955 0.10316889118287541 0.5800006546350343
1645102037.680429 2.9441727221346627 0.05484736998301748 1.3251289859986546 -0.795180910455949 -0.1412394564106358 0.10407694431447656 0.5804364243969843
1645102037.687039 2.947218684166342 0.058037905679984625 1.3259839843833139 -0.797462120027436 -0.14198997223833007 0.10515009582065309 0.5769195103419476
1645102037.6936362 2.9498493321254755 0.06236882840474209 1.3254211867693175 -0.7965413583062674 -0.14174319734748977 0.10628993757316303 0.5780423364451778
1645102037.70023 2.952938209966112 0.06610816432400124 1.3257578082427435 -0.79738540377633 -0.14280314311433953 0.10720539896165188 0.5764464256455538
1645102037.706868 2.9556114343251974 0.07054173862311991 1.3251770217838386 -0.796691204262418 -0.1426361044654923 0.10834616691240771 0.5772336422048249
1645102037.7134311 2.9585452814555744 0.07398647538538122 1.325739668121603 -0.7982137263184524 -0.14325794984422197 0.10919358072307575 0.5748115109649236
1645102037.7200708 2.961444441901441 0.07802067924070732 1.3257223499612487 -0.7982233414402139 -0.14429615753047884 0.1109285885737433 0.5742059214925687
1645102037.726673 2.96427190418359 0.08203216193839993 1.3255933646418376 -0.7984942453775599 -0.14459884287816333 0.11178588674412082 0.5735866626361082
1645102037.733227 2.9669024724758 0.086617250736642 1.3251830298150016 -0.7975220899819591 -0.14505360294514225 0.11265406060845126 0.5746535332943652
1645102037.739876 2.9694560965466508 0.09082807535158033 1.3245872689618898 -0.7968092951573916 -0.1445669688371419 0.11312342734510936 0.5756717160026739
1645102037.746467 2.9725659744288584 0.0952106087011482 1.3247639253606953 -0.7972789215151597 -0.1466448950637476 0.11473210035990443 0.5741757315211131
1645102037.7530859 2.975252985949013 0.09889874179582017 1.3248168345478697 -0.7977094126955097 -0.14697038568752627 0.11523762033974996 0.5733928223026521
1645102037.759665 2.9778481256207345 0.10372863949594693 1.3240552306978637 -0.795971660891663 -0.14791184420431197 0.11693360883914186 0.5752193433836004
1645102037.766237 2.9808596755288823 0.10700302747686169 1.324760156992499 -0.7978621987372074 -0.1489515146054506 0.11711519215826864 0.5722874714620619
1645102037.772865 2.983532058104392 0.11120885313308232 1.3244898559670868 -0.7974980267811906 -0.14973503345803413 0.11792975414149151 0.572423327075974
1645102037.779467 2.9862426857677167 0.1160156059847229 1.3240316488559756 -0.7968177679571468 -0.1507477804875225 0.11880422020005231 0.5729237727860111
1645102037.7860548 2.988984320310151 0.11939270518953868 1.324259163328854 -0.7978204430773046 -0.15102008344904644 0.11879489105203932 0.5714567043668507
1645102037.7926762 2.991301084831215 0.12357042503397031 1.3240535967772618 -0.7973672750649524 -0.15163602352337432 0.11962324808844843 0.5717533340430512
1645102037.799274 2.9943530511163297 0.12620139501409222 1.3250400096000463 -0.7998457724705751 -0.15207457490547124 0.1186567968675523 0.568366271598245
1645102037.805841 2.997116892888133 0.132318325689592 1.323453888309595 -0.796382305842144 -0.1546517733408901 0.12195187875055176 0.5718263492718831
1645102037.81247 2.999817661185157 0.1362667776163555 1.323395575412842 -0.796665142647949 -0.15556439265204225 0.12297877718092394 0.5709643642292
1645102037.819044 3.002455768991059 0.14114510296632066 1.3227291221535356 -0.7953493677877413 -0.15732357822547116 0.12517366428603824 0.571839038221738
1645102037.82564 3.005192529275438 0.14476282709985105 1.3228364879077013 -0.7963418759308539 -0.15783861105177505 0.12592207897688049 0.5701489467443416
1645102037.832277 3.007858329687751 0.15029837920214892 1.3219047107793547 -0.7943074436751641 -0.160398337533776 0.12875109502404916 0.571638824521686
1645102037.838878 3.0106916209137293 0.1541546375457091 1.3217126839572435 -0.794657803181627 -0.161082944131751 0.12875019787206654 0.5709591906738001
1645102037.845474 3.0132382935045823 0.15840802588401817 1.3214342552047658 -0.7946879362985217 -0.16186075201574893 0.1305769780585778 0.5702818059546558
1645102037.852038 3.0159368909617474 0.16282480925457302 1.32107192409822 -0.7945169331566564 -0.16315881456928966 0.13214287402704555 0.5697894318268781
1645102037.858678 3.0186871125891415 0.16768849176355544 1.320435527417745 -0.7935505139004396 -0.16478313570140035 0.13369667680353176 0.5703059620368525
1645102037.865247 3.021406226526548 0.1711766094251134 1.3204225760367003 -0.7945271994665614 -0.1650505295117623 0.13386938028798487 0.5688263816601583
1645102037.871882 3.024180760190847 0.17608407320747105 1.319824072201532 -0.7936157832790344 -0.16707854968880495 0.1357639395757723 0.569057523204518
1645102037.878438 3.026741650976383 0.17990746905147847 1.319618538598534 -0.7942779933833597 -0.16719727490635342 0.13596794872583917 0.56804926169305
1645102037.8850482 3.029548547814037 0.18514252406062548 1.3188554527990801 -0.7930318202281437 -0.1695311196062151 0.13755658084731506 0.5687157668217241
1645102037.891639 3.0321971799636858 0.18856879851533512 1.3189764934068304 -0.7945146029400979 -0.16955034474744277 0.1379008973013244 0.5665529283379883
1645102037.89825 3.03487558859784 0.19331952139830577 1.3182468278742179 -0.7931962769969216 -0.1711341931852858 0.13918556579092078 0.5676087541634605
1645102037.9048378 3.037656864172196 0.198209668339088 1.3176950384533626 -0.7924978099734521 -0.17312563767904876 0.14107759613458848 0.567513386352434
1645102037.9114392 3.0403164899737645 0.2027624474276878 1.317241050102754 -0.7920836672980495 -0.17478673174267553 0.14312795289320518 0.5670688925074899
1645102037.91804 3.0425349848449903 0.2064711667466451 1.3166341127310843 -0.7925697595653179 -0.17457898444997103 0.14480298806302513 0.566027335312408
1645102037.9246469 3.045428719629752 0.2117287038842722 1.3161338630261479 -0.7913216572993562 -0.17744288639361996 0.14674525583267226 0.5663828691387092
1645102037.931263 3.048062164392371 0.21619070196318757 1.3156295847910768 -0.7909666708146361 -0.17845912133360098 0.14775587177476363 0.5662965652578055
1645102037.93785 3.050426513577552 0.22016502882581965 1.3151302587779392 -0.7913917340778633 -0.17935040292740978 0.1509199125177266 0.5645841285104207
1645102037.9444811 3.053319262735757 0.2251284187477281 1.3146055231183948 -0.7902560571290356 -0.18153593642128754 0.1518102680986861 0.5652374996202377
1645102037.9510558 3.0559903210197104 0.22939956781772552 1.314215755595171 -0.7902362778273198 -0.18285432016337969 0.15393557067708882 0.5642643714812584
1645102037.957633 3.0589979315818208 0.233476564112095 1.3138650636956004 -0.790191570737394 -0.1845755209984548 0.15432861895812544 0.5636589325184717
1645102037.964246 3.061201437280263 0.2375987322266772 1.3136378623546792 -0.7905694966162984 -0.18479978587228402 0.15690059672028397 0.5623438989783617
1645102037.970838 3.0639248883923047 0.24292467597818462 1.3127272444473983 -0.7889220498329252 -0.18701963390412457 0.15924627762898194 0.5632636623033629
1645102037.97745 3.0664715042809556 0.2472829799902797 1.3122834676694919 -0.7885741135481759 -0.18789225735575668 0.16012071454403273 0.5632123681620035
1645102037.98405 3.069168464277021 0.2516243824138522 1.3119315227361323 -0.7883973697924735 -0.18948054671051398 0.16226897573587706 0.5623122761756073
1645102037.9906409 3.07199217276393 0.25621418990258027 1.3114425317997185 -0.7874317614160341 -0.19135306801397203 0.16431140141182662 0.5624380037695665
1645102037.997278 3.0745786592878455 0.260526190039826 1.3110058728206226 -0.7871163279437294 -0.1921286369419687 0.1646479546913185 0.5625168012171291
1645102038.003834 3.0772134815597063 0.2649927613310744 1.3105886162745641 -0.7866646311672114 -0.19364002367968253 0.16612852147115298 0.5621950447463476
1645102038.010428 3.0799445849846 0.2698030488788683 1.310168071222172 -0.785990275668941 -0.19587864016186954 0.16811610760619966 0.5617717070824965
1645102038.017022 3.0825156596910914 0.2742885495417592 1.3097793674699325 -0.7856979198386637 -0.1974019642003849 0.16931061844244769 0.5612884205945162
1645102038.023615 3.0850769901614936 0.27863015659685997 1.309371179759096 -0.7852514521144911 -0.1986724938854851 0.170344583350214 0.5611521424866083
1645102038.030221 3.0879213808293087 0.2830246334108236 1.3092075791825752 -0.7850481443461655 -0.2011980464886431 0.17157962097706048 0.5601596425133919
1645102038.036818 3.0910128233771954 0.2875329697968118 1.308881220922673 -0.784530882230582 -0.20401821596791286 0.17239876582783661 0.5596124048525549
1645102038.0434198 3.093122114011245 0.29210880875179773 1.3084199529414324 -0.783638680349827 -0.20466666889274104 0.17423964554832239 0.5600554378533943
1645102038.050066 3.0963382832703292 0.2967471608613457 1.3082243300897818 -0.7827982004462509 -0.20834976670471406 0.17523509778972826 0.5595618502445586
1645102038.056628 3.0994307974128006 0.298725977782188 1.3095065052680934 -0.786185085746722 -0.20865087801318924 0.17395076750190622 0.5550842885968869
1645102038.063246 3.1014718215628925 0.3052257976575794 1.3079237885531692 -0.7823800789854716 -0.21140014015272252 0.17683478991886448 0.5584983237097568
1645102038.076448 3.1068802548946053 0.3135083083876403 1.3078757048224845 -0.781792907655475 -0.2154460319480651 0.1791804512574366 0.5570248143532779
1645102038.083051 3.1094693750121603 0.3179440944149866 1.3075397962608621 -0.780727502702921 -0.2174838313635695 0.18049397786421195 0.5573031780659623
1645102038.0896409 3.1122040236116053 0.32250620469193036 1.307565599067778 -0.7799120768774594 -0.22022847583906732 0.18203056783333393 0.5568671602596099
1645102038.096243 3.1149133138622083 0.3263276069061398 1.3075493392526367 -0.7798449768545994 -0.22156274599919526 0.1818054278721837 0.55650531113294
1645102038.1028218 3.1176969862935993 0.330693865710423 1.3075490205629205 -0.7791991595010322 -0.2242598291976379 0.18374531311675857 0.5556918353183014
1645102038.116062 3.12301319136941 0.33907765838032 1.3076177130114026 -0.7784217420624567 -0.2277752482377954 0.18526837902698076 0.5548452989865966
1645102038.129228 3.1254899181306053 0.3430214526120537 1.3074772724379842 -0.7779503552644588 -0.2287504169981679 0.18614309696094034 0.5548123201222231
1645102038.1358202 3.1284358601788145 0.3467918968177575 1.3080621597493527 -0.7783297400438948 -0.23139984671760944 0.18723104476154934 0.5528118775106505
1645102038.142456 3.1311487845168333 0.35132746244218505 1.3081598962222276 -0.7775059965039921 -0.23387137831944851 0.1887778175990031 0.5524048023720168
1645102038.1490262 3.13371309079907 0.35510767217559575 1.308378801657168 -0.7775037844878299 -0.23518398167126467 0.1890036234254804 0.551773208516294
1645102038.155649 3.136650197760856 0.358330317915839 1.309610485723152 -0.7786924351388049 -0.23742822939272779 0.18885431325563906 0.5491807971074079
1645102038.162226 3.1392833925599617 0.3627124762551964 1.3098276933479125 -0.7778057013784335 -0.23983747593892912 0.18931806179887514 0.5492307048384991
1645102038.168818 3.141044736811583 0.3673156293587516 1.308816753704869 -0.7749547184676487 -0.2408385588800855 0.1925598440328111 0.5516903197922964
1645102038.175416 3.1439318151022047 0.37164559732633184 1.3094042116974274 -0.7741939389722895 -0.2443119182563452 0.19486694550729916 0.5504196252984375
1645102038.1820421 3.1476990242670384 0.3736555125433437 1.3115849700364761 -0.7772983984017207 -0.24634820101604576 0.1927134244069828 0.5458763208480402
1645102038.1886668 3.1500348536222593 0.37814235003788166 1.3114840016001312 -0.7752622407596863 -0.24835800489526325 0.19419574305030615 0.5473337850856154
1645102038.195216 3.152230933981935 0.38277736706863613 1.3119342948448764 -0.7741436055647211 -0.2507152335566172 0.19480647888753766 0.5476253412113535
1645102038.201816 3.1548363703464757 0.38651687845724536 1.3126285176151715 -0.7737456185420627 -0.2528680012970056 0.19627224783074917 0.5466737925615225
1645102038.2084212 3.157200804380687 0.39204182596143544 1.311839142087453 -0.7700681686750309 -0.25529959479505904 0.20002816138232402 0.5493682122302351
1645102038.215012 3.1597385629070227 0.3948436423213091 1.313127835173782 -0.7712176565636131 -0.25622169933950617 0.19922908934161573 0.5476140212269572
1645102038.221653 3.162105340506385 0.40000133007296806 1.3126626859576829 -0.7682763997933674 -0.2585857546445594 0.2029698488306084 0.5492609232492115
1645102038.2282162 3.1648767569945773 0.4022713303666873 1.3145424153864143 -0.7710727597271645 -0.2593784828172484 0.20175612385154498 0.5454021783360264
1645102038.23486 3.1667636171422995 0.40718611297876417 1.3137001164977362 -0.7676893475685743 -0.26148595946134245 0.20680571749476606 0.5472742202452019
1645102038.241437 3.1686545516236513 0.4112277680480266 1.3136009232746 -0.7664593058297461 -0.26127906167177084 0.2068911981954374 0.5490618024643311
1645102038.248018 3.1714730921361447 0.4149504856023174 1.3147764407479572 -0.7671188459281675 -0.2637460510815823 0.20914275630992146 0.5461003054429532
1645102038.254611 3.1735394694344135 0.41895387017111657 1.315149545184424 -0.7665788209047089 -0.2656473137581909 0.21061833954734024 0.5453695622764062
1645102038.2612212 3.1754552017297595 0.4225257535899358 1.3156973183233616 -0.7664937858445929 -0.2663543923577741 0.2119040546595995 0.5446454951840717
1645102038.2678258 3.177537078288008 0.4264629339982524 1.316203443194415 -0.7656102312269777 -0.268610931937983 0.21357455292332023 0.5441273085968042
1645102038.2744598 3.179572027800109 0.43033921018914867 1.3165288252732545 -0.7646777244789927 -0.2698929693629365 0.21567887881436731 0.5439741890613398
1645102038.2810502 3.182043309425611 0.43434956739600694 1.3174501457429322 -0.7642054797169459 -0.2731237122726864 0.21661642754632493 0.542651044041339
1645102038.287627 3.184193180315115 0.43860931657280045 1.3176833995430977 -0.7624648149205854 -0.27600898720063755 0.21915569075264668 0.5426202867096964
1645102038.2942998 3.18643281129552 0.44214602620593735 1.3184759832083208 -0.7623056054792189 -0.27843254350937674 0.21951651197329014 0.541458708103857
1645102038.300828 3.188345174870985 0.44590697538888396 1.3189721536461545 -0.7612109509963481 -0.2809309373051949 0.22024199798987978 0.54141359260168
1645102038.307424 3.1903050651437197 0.4491784607183384 1.3202702987512052 -0.7618077738542439 -0.2836465821710274 0.21982511335083507 0.5393235035685943
1645102038.314028 3.1924339088391473 0.4526836072415837 1.3205594264412253 -0.7603144782961232 -0.28641306539759853 0.2203821523967305 0.5397411383256296
1645102038.320662 3.1942840917203537 0.456564754246114 1.3213677046243053 -0.7596017098730865 -0.2892944486805195 0.22037890543409183 0.5392091887240668
1645102038.327235 3.1961485798340177 0.4602279257634856 1.3215410804528978 -0.7578513559118104 -0.29175694096446564 0.2207488052606827 0.5401931015252811
1645102038.333826 3.197710081973249 0.46394773457479904 1.3220762395188976 -0.7568517755093694 -0.29443494020020367 0.22089805465266504 0.540080486984771
1645102038.340427 3.1994799914906746 0.4675758454353637 1.3222304484474585 -0.755150152953086 -0.29673723820816134 0.22179792438144152 0.5408330656042996
1645102038.347029 3.201376169130216 0.47077539382906564 1.3229658854469144 -0.7550202361412981 -0.299211821609478 0.22246691697682155 0.5393744453479122
1645102038.35363 3.2029807863643778 0.4743999782277801 1.3233006971562664 -0.7538898295397086 -0.3018162661446379 0.22393046552831136 0.5388986903465336
1645102038.3602219 3.204776201120976 0.4779178096049166 1.3242029500570598 -0.7539582423292239 -0.3048482729759712 0.22410010636552705 0.5370225112692444
1645102038.366869 3.2059988938274455 0.48123025908489897 1.3239890814607536 -0.7527189206729378 -0.3051337893028312 0.22433913370807168 0.5384969018894429
1645102038.373426 3.2078398096248404 0.48423784761861166 1.324781491844232 -0.7535026600719946 -0.30662788653852735 0.2245513338828538 0.53645998254041
1645102038.3800309 3.2091769472853144 0.48780217997759406 1.3251742031093467 -0.7533896775306853 -0.3085301157096314 0.2251792544168037 0.5352633746198232
1645102038.38666 3.2108789992557916 0.49173995410984456 1.3250247568722096 -0.7516607832117576 -0.311577240287388 0.22820346065976643 0.5346477885499527
1645102038.39323 3.212829508175573 0.49493089497204895 1.3255766573365435 -0.7518611648183384 -0.3137414643050637 0.22919478104117919 0.5326726828561151
1645102038.399831 3.2136399565996743 0.49848533073529355 1.325861145513653 -0.7526213091097359 -0.31356822207344226 0.2290840226829982 0.5317480157165348
1645102038.406466 3.2157433028770774 0.5015529923473838 1.3263230784689743 -0.7526708272148951 -0.31669790848124013 0.23105813262929015 0.528961911122939
1645102038.413027 3.216790857610523 0.5054789735687099 1.3262252703275075 -0.7521516327373455 -0.31810464797866495 0.23171607180785686 0.5285683872124834
1645102038.419639 3.2179679866095143 0.5090601555716652 1.3263653878835473 -0.7520368943815455 -0.3196190333975672 0.23249288668143614 0.5274759084538875
1645102038.426222 3.219298054064407 0.512201314040546 1.3266530683395363 -0.7525162496492049 -0.3211415071400253 0.23330566045521114 0.5255047796530509
1645102038.432836 3.220702676732524 0.5156508558592632 1.3268258067386696 -0.7522687217050424 -0.32360296935599653 0.2348903354898772 0.5236399467225924
1645102038.43946 3.2216754111261174 0.5191080508895966 1.326859514088323 -0.7521945762171246 -0.3249364483031731 0.23518102353740833 0.5227895280239433
1645102038.446062 3.222410327963369 0.522091617185493 1.327292084295244 -0.7532189895988881 -0.32560989225619547 0.2341327102365543 0.521364151951299
1645102038.452661 3.223714659726079 0.5257190541482983 1.3270760705708704 -0.7522963400366688 -0.3279196796774078 0.23486302431923542 0.5209200485740454
1645102038.459231 3.2248617665130905 0.5290737948926943 1.3271568524741617 -0.7517638101463386 -0.3306217418005257 0.2364002370483481 0.519282801693799
1645102038.465821 3.2251638798435116 0.532228730394211 1.3271322042255773 -0.7521336195433135 -0.3303615307803416 0.23553081385236974 0.5193081225777453
1645102038.4724329 3.226096938297531 0.5352939896705707 1.3273606962040152 -0.7527831819354074 -0.33227699424227736 0.23410059935496724 0.5177892891344633
1645102038.479022 3.226960843674366 0.5388292103324043 1.3271264553938003 -0.7511784029581551 -0.3346181479006623 0.23612720892080988 0.517692055011573
1645102038.4922628 3.228852720077118 0.5453422531434129 1.32745700291309 -0.7510722264439904 -0.33920355261911456 0.23660837981091332 0.514633091386524
1645102038.498828 3.2296210359372197 0.5480742448597411 1.3275475207183094 -0.7520203988515374 -0.34055742735483463 0.23487558475177225 0.5131460302550801
1645102038.505426 3.230251509243113 0.5518765370498638 1.3270267126771678 -0.7497633429750203 -0.3431714550096933 0.23785368156728642 0.5133355441889524
1645102038.512034 3.23096858368754 0.554488470018678 1.3273181146815831 -0.7509572677289499 -0.3446046082415271 0.23649226092607076 0.5112548480362009
1645102038.518639 3.2320349489193805 0.5583307017345962 1.3271994326383842 -0.7495919288019135 -0.3476172274664547 0.2375081973191389 0.5107478653606858
1645102038.525237 3.2325408603309715 0.5613889989029044 1.3271759850065876 -0.7498293759879275 -0.3494458677025433 0.23781654892494455 0.5090050225396769
1645102038.531826 3.2331279602554623 0.565083953823436 1.3268712953831603 -0.7484265346693031 -0.35158014429554074 0.23844506520141512 0.509305825069334
1645102038.5384262 3.2339155366433445 0.5676764805763861 1.32729617465072 -0.7498258729488358 -0.35300463112054026 0.23765164377451198 0.5066261429208917
1645102038.545061 3.2345708246598854 0.5711245957531217 1.3271359009028239 -0.7490261069126762 -0.35482444073634867 0.23804706711280554 0.5063521374377439
1645102038.551625 3.235092995382604 0.5744583153776077 1.3265622563446315 -0.7477262709295894 -0.35661050690961543 0.23812640750086467 0.5069809025289642
1645102038.558225 3.235814177325403 0.5772257080966746 1.3268202250903363 -0.7485625646673385 -0.3578632094274754 0.2371413867285719 0.5053229966827183
1645102038.5648232 3.236337587082529 0.5807124553312878 1.3268326255787684 -0.7481222129628751 -0.3595263709009698 0.23612984690554634 0.5052682851618049
1645102038.571418 3.2368194721293757 0.5838460307465261 1.3262995760185692 -0.7466252647478032 -0.360991408591999 0.23725501016286993 0.505910450895722
1645102038.578027 3.2373195742412357 0.5866422566543098 1.3265046840100028 -0.747423086527871 -0.3619628751722344 0.23581108257829003 0.5047118813780861
1645102038.584631 3.238045678829919 0.5899874914629234 1.3264247474185054 -0.7466711047470026 -0.36376861491865137 0.23492537782618106 0.5049396423259328
1645102038.591232 3.2390138337736816 0.5925544437126737 1.3263055464724791 -0.7463096156730447 -0.3665723489312316 0.23578181241808344 0.5030436497376087
1645102038.597815 3.239791193014485 0.5955573066372566 1.3271540673539879 -0.747334128476864 -0.3669948844284658 0.23298307060754614 0.5025183648593147
1645102038.6044219 3.239523412625356 0.5987829864970984 1.3258347581501553 -0.7457480800534557 -0.3679130768298387 0.23524676325064164 0.5031482310778423
1645102038.611016 3.239930867999806 0.6019740927753172 1.325590614940617 -0.7448129739666989 -0.3685934888576841 0.2359476129183995 0.5037068088845783
1645102038.617624 3.2411183592529498 0.6042147626960803 1.3258328946258653 -0.7455726947376037 -0.3714572893154993 0.23584560220268885 0.5005169371363541
1645102038.624213 3.2417007031100287 0.6073397646471259 1.326490663963987 -0.7465234191811384 -0.37159274488372246 0.2333828199228659 0.500153485081605
1645102038.6308181 3.242416267437709 0.6093998687649348 1.3267219452153955 0.7474846449655851 0.37153194767673625 -0.2321172089988946 -0.4993515426845415
1645102038.637414 3.2424776981227104 0.6135519168352352 1.326074234828265 -0.7455205112447315 -0.3729533011473711 0.2337909286726094 0.5004459440197625
1645102038.6440582 3.242390176174059 0.616503245026275 1.3250527445225762 -0.7448328759434628 -0.37257639814976495 0.2354262243588243 0.5009837759218833
1645102038.650625 3.2433171579361892 0.6191630798708901 1.3259140313401965 0.7462443930649421 0.3735098331494973 -0.23367926339220083 -0.4990023267155657
1645102038.657227 3.2444963476909523 0.6216924069955728 1.3262863863278374 0.7470926401091392 0.37409378259366094 -0.23168098732988168 -0.4982269230832664
1645102038.6638458 3.2445906695213362 0.6239780022119701 1.3258127177604218 0.7467842109962007 0.3737974437696982 -0.23382097353302386 -0.49791199241682393
1645102038.6704261 3.244611452442329 0.626968423262374 1.325741203509904 0.747170856420988 0.3729679947542725 -0.23368481337075298 -0.49801788222889554
1645102038.677032 3.24581569184092 0.6298484933900097 1.3259776149508735 0.7466169479101838 0.374137161948804 -0.23254337493127863 -0.4985054172205134
1645102038.683624 3.2446574730932656 0.6337301743407783 1.3242281730600223 -0.7441629728948209 -0.3720808670164166 0.2365776984314056 0.5018044046686719
1645102038.690222 3.245676371756616 0.6359825441810666 1.3251877115420314 0.7456203714782413 0.37314290252601384 -0.2344984629228519 -0.4998247848433971
1645102038.696831 3.2463131501186915 0.6379859285966553 1.3259172004792579 0.7475223751142844 0.3736849780626706 -0.2326998199827558 -0.49741351981480947
1645102038.703424 3.2460428423541665 0.6414963078819623 1.3247350307241295 -0.7448951093072215 -0.3728097565559734 0.23551434164845744 0.500676180058337
1645102038.7100558 3.247307324202309 0.6442696192394346 1.3253308466897038 -0.7450128486153045 -0.37365962802834907 0.23243556578877256 0.5013058650649157
1645102038.716627 3.2477275360522455 0.6471702833445552 1.3255178261697862 -0.7443270422914648 -0.37520160629532245 0.2333428239791765 0.5007508874523043
1645102038.723237 3.2478726889421536 0.6492882538903196 1.3256010809238514 -0.7452344498817305 -0.37358224412595137 0.23219560949853052 0.501145086111875
1645102038.729824 3.2479554125441865 0.6517836921400977 1.3253970568159217 -0.7451531804151982 -0.3733768501931335 0.2329176785790605 0.5010841844083506
1645102038.736437 3.248478856302784 0.654646697061942 1.325487487883762 -0.7445171248271721 -0.37407778718356033 0.23253214586147047 0.5016854359163591
1645102038.743016 3.248887671981758 0.6577689085722145 1.3257401157859423 -0.7434046250373513 -0.37490514016037074 0.23162773948925114 0.5031338872488879
1645102038.749653 3.2492073994592507 0.6599602011984061 1.325484510901619 -0.7434615231383677 -0.37437580751150273 0.2322995351300839 0.5031340467140818
1645102038.7562492 3.249696691224089 0.662627221084617 1.3258795881594063 -0.7431324500450452 -0.37456204509725394 0.23052462512375682 0.5042966714641272
1645102038.769453 3.2501080611879143 0.6674408891858014 1.3257297881403718 -0.7425979715380108 -0.3742681967477796 0.2309264131512316 0.5051176799378435
1645102038.782649 3.25133449883823 0.6722660101296232 1.326937368102126 -0.7429659483249125 -0.37442150599738216 0.22668027458817733 0.5063848493933989
1645102038.795826 3.2512322242682448 0.6742075706598674 1.326614741366491 -0.7430977943484469 -0.3732314385974977 0.22797180703656714 0.5064900288592458
1645102038.80242 3.2518739861155304 0.676404237663096 1.327109577918312 -0.743357532958466 -0.37340015041578817 0.2271796340064133 0.5063404760197957
1645102038.8090491 3.2522582454072104 0.6788952228059925 1.3274806920061168 -0.7433989407078403 -0.3732446749329312 0.22664381140209713 0.5066343549468508
1645102038.815649 3.2522426374044158 0.6812905953377624 1.327521184930583 -0.7431957034891307 -0.3722850785922063 0.22614179175114577 0.5078613565156457
1645102038.8222249 3.2524952732952386 0.6835975460320842 1.3277783673659522 -0.743320048204653 -0.3714777513572181 0.2259065058714482 0.5083749545187253
1645102038.828851 3.2524407479039836 0.6864658227151483 1.3270576554243174 -0.7411391037345333 -0.37102616462958893 0.22865920355873648 0.5106532894740219
1645102038.835433 3.2535261687340444 0.6884765590847046 1.3283732205523775 -0.7424666197187423 -0.3711302316347952 0.22651320641206488 0.5096046932159246
1645102038.842016 3.253535762059731 0.689906799337545 1.3288035275744907 -0.7441359507063279 -0.36899297581712315 0.22615973153989333 0.5088782439923498
1645102038.848622 3.253242093867975 0.6925940566144722 1.328238535750153 -0.7430423689385826 -0.3671020183665584 0.22717063725501546 0.5113872411136609
1645102038.855225 3.253540563936946 0.6944957671131696 1.3288246795273482 -0.7443271308628555 -0.36555580314526653 0.22607701998144716 0.5111112815408745
1645102038.861824 3.2544739192950365 0.6964004924595912 1.330325618856048 -0.7455268142126303 -0.36588300674866225 0.22465750386695618 0.5097526797625767
1645102038.868424 3.2540397764938316 0.698255469463639 1.32985089217062 -0.7452498376834066 -0.3635754316072064 0.22610904018883854 0.5111649477577311
1645102038.8750231 3.254264018102359 0.7003321523105174 1.3303252079476902 -0.7454886020365648 -0.3627763121846112 0.22595155763433847 0.5114540638336398
1645102038.881669 3.2559763085153866 0.701406994101718 1.3325803727414633 -0.7481547676030438 -0.3634035475885592 0.22281509435824295 0.5084831092561967
1645102038.888224 3.254834109122662 0.7035957010182241 1.3315352369789948 -0.7460528029274034 -0.3614608236033472 0.2254959789228277 0.5117637446651334
1645102038.894822 3.256402957005251 0.705234287622564 1.333881964086844 -0.7477507040009473 -0.36273645892195183 0.22138365140869085 0.5101760839326726
1645102038.90142 3.2551203789462146 0.7077160287214881 1.3325205492363912 -0.7446092432185153 -0.36133254133362724 0.22506180125128009 0.5141424998654918
1645102038.9080372 3.2551321071354975 0.7092344947837788 1.333076211517709 -0.7444574130893015 -0.3609819644731741 0.2247311357581285 0.5147528107527443
1645102038.9146612 3.2552852567802386 0.7109172941100287 1.3337213849250578 -0.7441542298911772 -0.360968922797442 0.22387769972100158 0.5155715380301583
1645102038.9212182 3.25549792434851 0.7125579325286543 1.3343874244088552 -0.743490588279084 -0.3612588327296608 0.22332333850147587 0.5165653177813162
1645102038.927823 3.2555350404421417 0.7143497328996472 1.334935366823565 -0.742685904578689 -0.3614228978866583 0.2225466673181133 0.5179417278510129
1645102038.9344199 3.2553691116976826 0.7159324445312288 1.335329697812245 -0.7420588276678282 -0.3612326532279716 0.22277644832696708 0.5188734477567031
1645102038.9410539 3.2559091424835422 0.717507094256429 1.3361688533804916 -0.7414582769904732 -0.36256287410530913 0.22299213518555067 0.5187114879231468
1645102038.947655 3.2557205366706943 0.7193514307844429 1.3367400137772532 -0.7411781444076057 -0.36193653227615846 0.22160173067298486 0.520143296392506
1645102038.9542599 3.2553065287386547 0.7206705521101747 1.3371402413441411 -0.7412158404549268 -0.3606213509592786 0.22142034867914479 0.5210794395460701
1645102038.9608572 3.2549657617471146 0.7227137249793398 1.3372383520540214 -0.7397468615238318 -0.36071556112412245 0.2232192216980818 0.5223325992252718
1645102038.967425 3.2548024323100773 0.7242760824283371 1.337960532189302 -0.740481296608325 -0.3596584757564492 0.22224050918363508 0.5224383111108968
1645102038.974019 3.254475613591777 0.7260429633230484 1.3383618716559296 -0.7401562619335548 -0.3596428638163636 0.22377526044679594 0.5222546131690848
1645102038.980629 3.254207846916929 0.727761627403734 1.3387956162514318 -0.7403702924834532 -0.3587795445832743 0.2244399259508465 0.522259640883272
1645102038.9872289 3.2537495313124105 0.7293260681071057 1.3393462935079206 -0.7410877426962337 -0.35774766297998956 0.22525048070531498 0.5216005886786458
1645102038.9938219 3.2532373771689373 0.7316746481723574 1.3394461676806542 -0.7399558365497386 -0.35763771832705527 0.22689970254198613 0.5225672786454265
1645102039.000459 3.2524335818178 0.7331980926230836 1.3398021587145208 -0.741038511332958 -0.35579108263683396 0.2273703337761074 0.5220888084841565
1645102039.0070221 3.2519348017589134 0.7348138658948217 1.3403431032668585 -0.7417854056372396 -0.35529659919274204 0.22850330877798694 0.5208688153143558
1645102039.013613 3.2509031623650535 0.7365507554323315 1.3406212815587297 -0.742183355109497 -0.35356736608814604 0.22861928893286185 0.5214275102092777
1645102039.020221 3.2498541338945484 0.7388150602957325 1.340797342964169 -0.7425085506800858 -0.3530657810471489 0.2301244904650855 0.5206416951506181
1645102039.026819 3.248823030693007 0.7411425878586867 1.3408593757594949 -0.7421015184686309 -0.3528174381672803 0.23104208447969674 0.5209839169872865
1645102039.033422 3.248859163940036 0.7426760573711778 1.3423746443175728 -0.7442116876204785 -0.3536474057924439 0.22941483108282265 0.5181224235297698
1645102039.040055 3.2478594254041795 0.7445983920027657 1.3427524751759756 -0.7447017135895346 -0.3538602833589493 0.2306514167243137 0.51672190734856
1645102039.046659 3.2448674490618115 0.7479218524637432 1.340921029489221 -0.7414194310490382 -0.3524268371015327 0.23421545781367564 0.5208024220357689
1645102039.05322 3.244045922066272 0.7479812450649098 1.3420869527398147 -0.7453336176726967 -0.3499072305467038 0.2310063447051412 0.5183418039827142
1645102039.05986 3.2420367077035195 0.7523512730639521 1.3411886731662679 -0.7416090935709326 -0.35289352195502655 0.23509928113626288 0.5198170177079653
1645102039.066422 3.2401148059099514 0.7552240932410906 1.3409335348534115 -0.7407825976917669 -0.3537824568187191 0.23666092438634478 0.5196826543827897
1645102039.073024 3.2385921954431796 0.7581571949997418 1.340859529252415 -0.7393669237919646 -0.3561102611631344 0.23822066944020814 0.5193961629406586
1645102039.079652 3.236612277000232 0.7609803835620269 1.3408652348041927 -0.7394608580701326 -0.35621094610609744 0.23699765260753505 0.5197528377748559
1645102039.0862248 3.234124593204791 0.7639915823157241 1.3398043250445437 -0.7376642757259113 -0.35621826092245135 0.23852498544716436 0.5215985956199106
1645102039.092878 3.232994606006904 0.7657659887584668 1.3403970823384128 -0.7390617821168864 -0.35705780654648184 0.23679302086014506 0.5198325300087995
1645102039.0995 3.2298063173575975 0.7697943573302216 1.3387191004441412 -0.7358239332717652 -0.3580894315976765 0.24040870768332062 0.522051882159806
1645102039.106117 3.228001158964383 0.7723983906753503 1.3390191855387148 -0.73649968053232 -0.3597327598151853 0.23975294588436707 0.5202677663595838
1645102039.1126761 3.225912291690964 0.7750202205597341 1.3385977430114113 -0.7364134138147735 -0.3611612187623101 0.2408885210079792 0.518873598815586
1645102039.11923 3.2227237728617144 0.7791028130733414 1.3366547229752928 -0.7333514121238306 -0.3614389178399884 0.24375756951178001 0.5216695331597002
1645102039.125827 3.2200630280837417 0.7823698432167392 1.3354818383602292 -0.7320757121186177 -0.36257722883235227 0.24653167958050398 0.5213680152581092
1645102039.1324182 3.2175797035756926 0.7854533569164277 1.3346167815822243 -0.7317002159852479 -0.3636713177135966 0.24808226840825728 0.5203966184989582
1645102039.139018 3.2148987483229305 0.7885017259071637 1.333819245248609 -0.7319960683783859 -0.3637977898319009 0.24780091460046855 0.5200260661628304
1645102039.1456141 3.2131218503134553 0.7911659361059895 1.3335294581303454 -0.7330047969365174 -0.36501101724170887 0.2480426184589704 0.5176342997161635
1645102039.152252 3.2105728883227704 0.7945433276478994 1.3325776797119058 -0.7326788389789286 -0.3666567871350121 0.2501583501211926 0.515911544092031
1645102039.1588109 3.207562219556316 0.7979945104578916 1.3313823098684354 -0.7327437098844332 -0.36684501759313604 0.25070132907241305 0.5154215995116344
1645102039.165418 3.204589400159393 0.8015304475081505 1.3298837071450036 -0.7318352362244585 -0.367275491500829 0.25297219664532045 0.5152964064492573
1645102039.1720152 3.2022539761668765 0.8039042084036909 1.3292736815122101 -0.733663308275797 -0.36661924284905234 0.2515739612602274 0.5138466041691182
1645102039.178617 3.1982028779215472 0.807963741228247 1.3266426993121583 -0.732102192790968 -0.3662978865936569 0.2558093153080855 0.5142112958666534
1645102039.185218 3.1955150957131013 0.8115997773053024 1.325420937424278 -0.7317285359859927 -0.3673355411541818 0.2572751038893087 0.5132706021630248
1645102039.191817 3.1930473123143477 0.8138949523899142 1.3249886364372696 -0.7337736270410462 -0.36815485053581304 0.2564285364306819 0.510178513768427
1645102039.1984189 3.190554819984288 0.8173296493383114 1.323842751738053 -0.7328601216576435 -0.3707752497136605 0.25854372035999723 0.5085235922230417
1645102039.205059 3.186864231478 0.8208948841032628 1.3222451197522729 -0.733232059169557 -0.36978037667956626 0.2582293450742063 0.5088716034283971
1645102039.21162 3.183989931152958 0.8246378040021529 1.3206172288701619 -0.7317870155663533 -0.3718924502904736 0.2604697313204203 0.5082702487135167
1645102039.218225 3.180685670072772 0.8278110862764154 1.3194898006801483 -0.7324807027209397 -0.3722082738702628 0.2601895151172407 0.5071823430631748
1645102039.224851 3.1782075310691478 0.8311092889557029 1.3184367921625142 -0.7321043394693305 -0.37392211938362063 0.26029506543730274 0.5064101831809313
1645102039.231429 3.1746882792771816 0.8350107051791322 1.3166349321436297 -0.7309889963173868 -0.3756813828461957 0.26285254248015594 0.5053972768660951
1645102039.2380228 3.171047897838632 0.838520439678357 1.3146235610481605 -0.7297337525697263 -0.3762951215095085 0.26522641502756694 0.5055146455571548
1645102039.244629 3.167700950249672 0.8418469292645717 1.3131716562702667 -0.7299410360757371 -0.3769068755283777 0.2649286839596282 0.5049151748312648
1645102039.251225 3.1647159957333164 0.8452763428357579 1.3117154562072206 -0.729064555578074 -0.3791699105962172 0.26738056748494937 0.5031919093941926
1645102039.257865 3.1608356280187633 0.8488624985674711 1.3099133430358936 -0.7288632591584849 -0.3784927480209313 0.2662864362571149 0.5045716997244646
1645102039.264423 3.1578031113188714 0.8521685230233733 1.3084246562191393 -0.7283542387335082 -0.38021903425641473 0.26783033228919606 0.5031895135453354
1645102039.271033 3.1547378181207404 0.8556230943863681 1.307098594630817 -0.728059889996735 -0.3819388026226579 0.26834356546242055 0.5020384184689275
1645102039.277623 3.1511252402056313 0.8582745072533415 1.3057368270117367 -0.7289247677468832 -0.38167946206417 0.26803752200720793 0.5011434084894135
1645102039.2842371 3.1482661249661774 0.8617627270020715 1.3041824566576885 0.7276284880354458 0.3846686744574306 -0.2705824033902447 -0.49937114966830914
1645102039.290852 3.144566107351888 0.8648942704158715 1.3026206916311205 0.7279157433323813 0.3844912847861386 -0.26987476978658864 -0.49947202469242596
1645102039.2974331 3.1415007257128207 0.8682884740390787 1.3010856956925598 0.7269926422093547 0.38662400295907373 -0.271143375500446 -0.4984822499558057
1645102039.30403 3.1381234589564975 0.8712771036030198 1.2997877829063686 0.7272883140664151 0.38756103886636933 -0.2707848919174255 -0.4975171637473553
1645102039.310633 3.134724819668558 0.8745623810032249 1.2980033375516837 0.7262697366350227 0.38918454720181017 -0.2721885220330893 -0.49697157344506554
1645102039.3172328 3.1308728668591397 0.8778099481031854 1.295794681227539 0.7249156841617882 0.3900262836938504 -0.274382361479109 -0.4970823820141886
1645102039.323918 3.128213487290281 0.8807188607743137 1.2951009440278511 0.7254589414620874 0.3927840872919177 -0.27437468358952355 -0.49411342062650593
1645102039.330462 3.1246018628043313 0.883954201108724 1.2929781974717438 0.7236865317491094 0.39463408750149354 -0.2777521989978019 -0.493350904805746
1645102039.337034 3.1207066290251966 0.8866697236404403 1.291401289788638 0.7235626668758194 0.3946073280729587 -0.2789076535300043 -0.4929019488978151
1645102039.34362 3.118461048302028 0.8894137915109114 1.2913787140441497 0.7249997130349182 0.39750393049257965 -0.2783028464056665 -0.4887874790833311
1645102039.3502378 3.1156204397256486 0.8921798097604479 1.2900962165850067 0.7245865877588068 0.39907784610188196 -0.2798004680611062 -0.48726007617881123
1645102039.356825 3.1118052438743504 0.8955604998422613 1.2885132817307208 0.7232541300271527 0.4006929392782157 -0.2819727812559841 -0.4866618476420422
1645102039.363428 3.109253566964957 0.898825886440987 1.2875619701575804 0.7227248592922799 0.4028319680803543 -0.28322791340498166 -0.4849502547178961
1645102039.370066 3.106458651263737 0.9008786219742115 1.28666870033707 0.723649546504956 0.40297261269281914 -0.28315889279092077 -0.48349261150553363
1645102039.376683 3.1032819949403487 0.9041166898950053 1.285385803027591 0.7226449358143022 0.40421687314056587 -0.2843580309767574 -0.4832526114100017
1645102039.3832629 3.100195425658067 0.9067988242002714 1.2843949962324905 0.7226113989724937 0.4048069311091847 -0.2849938007911454 -0.48243360398808643
1645102039.389832 3.0970885377192383 0.9095872749189541 1.2832628010350127 0.7219654901726842 0.40602085466948173 -0.28646717419973067 -0.4815071163128011
1645102039.396467 3.0941366160528876 0.9123442425675191 1.2823110171403858 0.7217121657674469 0.40694787649556613 -0.2874485437415099 -0.48051848803933916
1645102039.4030342 3.0911390019213423 0.9151093186349291 1.2813803995368949 0.7211364948066862 0.4081078999254267 -0.28864332416225047 -0.4796820000254037
1645102039.409631 3.0875763663167812 0.9182023360728798 1.2798769067998335 0.7192292561784867 0.40861353464713157 -0.2906622963164436 -0.4808942358348595
1645102039.416228 3.0834372500622167 0.9212492775705814 1.2780816847003162 0.7173438745609682 0.4092787062827756 -0.29442728689665987 -0.48085442921721794
1645102039.429473 3.0790730994061546 0.9260612269905051 1.2778163257241482 0.7180148988932034 0.412778666891912 -0.29503858614907963 -0.4764664686387975
1645102039.436051 3.0763307949753758 0.9288910232501265 1.277150482521415 0.7172138765625963 0.4141857773103232 -0.29626464838359945 -0.47569025579380086
1645102039.4492302 3.0734821829760306 0.9314634997777579 1.2764757663537467 0.7167676837375649 0.41484992238502416 -0.2976575617657477 -0.4749138190401418
1645102039.4558258 3.0688967543056935 0.9346477703873721 1.2743513983260475 0.7138677864008605 0.4143196595216537 -0.3012514203811379 -0.47747164589869706
1645102039.4624279 3.06585517844881 0.937268300223003 1.2735447918386706 0.7128057814298043 0.4151105388884982 -0.30267263088257734 -0.47747263371833865
1645102039.4690309 3.065107036733874 0.9397175946413394 1.2744634048535346 0.7144445238262803 0.4175483128996171 -0.30095438764072363 -0.47397105638729836
1645102039.475629 3.062257787803459 0.9423822097529658 1.2737494558744702 0.7137154422108403 0.41805462955233674 -0.3021729017567473 -0.4738477164419555
1645102039.482218 3.05957509982574 0.9451155849375814 1.273262375542764 0.7129814405093303 0.419001066766913 -0.3034058228950969 -0.47332872651278585
1645102039.488837 3.0554835694372215 0.9483779010185381 1.271506543314438 0.7104652365165479 0.4187221962385732 -0.3064529627119716 -0.4753915919374156
1645102039.4954581 3.0544351536867924 0.9505703631020727 1.2722812559861916 0.7118325728297568 0.42079607413698816 -0.305026768751485 -0.47242296071609396
1645102039.5020318 3.0518532895041317 0.9531793257753117 1.271849652905976 0.7112192751415634 0.4216986933076049 -0.3061308436811543 -0.47182715373406714
1645102039.5086248 3.049370812172487 0.9558155386758035 1.2714807599530245 0.7105542871525242 0.42269140980970354 -0.30721857967563093 -0.47123352280630126
1645102039.5152268 3.0469998135109715 0.9586465328511831 1.2711419044797707 0.7098245305712374 0.4239906538501727 -0.30822736287273683 -0.47050663945577614
1645102039.521827 3.044586672128665 0.9615187065220454 1.270700474732921 0.7086648894522869 0.42549431159382645 -0.309411882804014 -0.47011991337626724
1645102039.528456 3.042035512064915 0.9640964163897369 1.2703047924490125 0.7078750458530055 0.42638126297629453 -0.31087736394159415 -0.46953902211019877
1645102039.535052 3.039710283385741 0.9669685963533402 1.2700250335521321 0.7071587226942532 0.4272567662219847 -0.31174154096578804 -0.4692494762946395
1645102039.541654 3.037389369673807 0.9697699332297134 1.2696834253234923 0.706246360093646 0.42832140697936444 -0.3131966976428892 -0.4686836245191548
1645102039.548218 3.0350373965407345 0.9729242277863779 1.2692751954864867 0.7045999403242057 0.4302148297710861 -0.31522912649078605 -0.4680645153841289
1645102039.554819 3.032735874353732 0.9753333005864533 1.2689987839957952 0.7041334704831327 0.43043609881533496 -0.3166615558325922 -0.4675958511930835
1645102039.5614169 3.0289507529346205 0.9785774908614145 1.2674822823857324 0.7011612024240621 0.4302364669864812 -0.32038860641889066 -0.4697025920168577
1645102039.568017 3.028470640066444 0.9807557851534875 1.268657576497424 0.7028140314399218 0.4321074818320578 -0.3195183723998141 -0.4660934337289459
1645102039.5746088 3.026062854206191 0.9833721740747425 1.268264032021975 0.7018290884439013 0.4328097463954688 -0.32204709971681367 -0.46518485037235474
1645102039.5812201 3.023776500957378 0.986700357896181 1.2678247685609505 0.6999204621990338 0.4333547952852529 -0.32312263164848815 -0.46680445457455183
1645102039.587819 3.022097357164022 0.9891852393889012 1.2681012824998177 0.7000207686125716 0.43470388391475157 -0.3241012811591842 -0.4647167312637824
1645102039.5944262 3.017601592927398 0.9926932155074958 1.265926146127013 0.6952007101093336 0.4338412058365538 -0.3294244282688844 -0.4689956071985919
1645102039.6010518 3.0176687940855746 0.9945008231803903 1.267585266914655 0.6976657538621743 0.4362415494518762 -0.3276458125322206 -0.4643313779819451
1645102039.6076632 3.0157057432557957 0.9978749914026424 1.2674774625706686 0.6959456871416126 0.4377395691282715 -0.32816864755833497 -0.4651330821437538
1645102039.614262 3.0124254821927914 1.000948137265159 1.2662832674436115 0.6931149171263266 0.4374301685958696 -0.33123887695998017 -0.46746876777620056
1645102039.620833 3.010489830085855 1.003718066326407 1.2661783064776457 0.691952201077005 0.43847704566490686 -0.3322102930161107 -0.46752123221276143
1645102039.627434 3.0101670604796045 1.0060086268808086 1.2672987636553745 0.6929750973727941 0.4403900558682191 -0.33087370264863136 -0.4651499102219303
1645102039.634024 3.008388077204681 1.0089288050299456 1.2672764038627682 0.6917480746883039 0.4415363568567316 -0.3318132241603052 -0.465220112512596
1645102039.64062 3.006616227138432 1.0117942952030712 1.267155246986574 0.6904741122231208 0.44270384210384583 -0.3328869850993404 -0.4652363484638084
1645102039.647226 3.004622064577385 1.014877310394916 1.2669176213878584 0.6887932873285604 0.4439828852670188 -0.3341916112815948 -0.4655733916840787
1645102039.653825 3.002805455804092 1.017325918584045 1.266753366536335 0.6882284048162591 0.4443096023368454 -0.33553014507454554 -0.46513413929960223
1645102039.660436 3.001389015745378 1.0201269885091389 1.2668094575663602 0.6874130272143628 0.4453897931654147 -0.3357608070139533 -0.46514027201281855
1645102039.667022 2.9996904553624235 1.0230095954590184 1.2666658924419978 0.6866765859561464 0.4460555526723535 -0.3366331148762918 -0.4649596310483487
1645102039.673653 2.998099867275238 1.0258318875883932 1.2665810818272765 0.6861772065309889 0.44659784856247725 -0.33761948937646724 -0.4644607521218911
1645102039.680228 2.996086353915789 1.0286112736026625 1.2662117499292271 0.6848233450559048 0.4478329731001994 -0.3400374776900974 -0.46350471309170366
1645102039.686829 2.994641618153627 1.0315166925763508 1.2660984080405937 0.6842671721571681 0.4483514226938589 -0.3409536788459875 -0.46315197087967647
1645102039.693422 2.991649129598778 1.034190966731162 1.2649113322786658 0.6822836251438935 0.4472578816906704 -0.3445133117704396 -0.464499254413868
1645102039.700027 2.9918543012724723 1.036392671720022 1.2660337612259613 0.6842222008771828 0.448746235694268 -0.3429399775061843 -0.4613659495704416
1645102039.706625 2.9882673545390035 1.0399762045533183 1.2641433242840774 0.6802272022243392 0.4477196675641133 -0.3468045834207481 -0.46536459421712323
1645102039.713226 2.9886934581611198 1.0422212298573719 1.265590846689586 0.682513397908098 0.4499472077185528 -0.34540659221507086 -0.46088701443074975
1645102039.7198238 2.987521039107157 1.0451492909654296 1.265529404056386 0.6822600718328264 0.4500705521075214 -0.3449813110927771 -0.4614599669873613
1645102039.726461 2.9861225246832195 1.0478609629282492 1.2653290880954378 0.6813645137643153 0.45066968286257103 -0.34613614716791585 -0.4613336322724256
1645102039.7330291 2.9851706067228436 1.0503447095915228 1.265295310542895 0.6813963866732664 0.4510071821124604 -0.3462867977028773 -0.46084338307950534
1645102039.739626 2.9835811525585756 1.0533969767055766 1.26502083025614 0.680332441162295 0.45164321293201076 -0.34746199570248787 -0.46090763402597046
1645102039.7462468 2.9822621966491383 1.0562040928667131 1.26470782971134 0.6793412311206527 0.45219051511803243 -0.34872990165010936 -0.46087546111869054
1645102039.752855 2.9811190133186525 1.0589860606002004 1.2646140510425972 0.6791231422148475 0.45246262842690727 -0.3492824506173593 -0.46051155833655155
1645102039.759427 2.980009451573975 1.061807576185265 1.2644892895082818 0.6785761508565894 0.4529899432049447 -0.3499525723654399 -0.4602906032834212
1645102039.7660558 2.978860264457577 1.0642362987341725 1.2642554181776713 0.6784361207021009 0.45307847945472124 -0.3502787025212715 -0.4601617949495528
1645102039.7726212 2.977791957968686 1.0670592165794717 1.2641699020010408 0.6783836990214881 0.45342114852098536 -0.35068805489828914 -0.45958953315150547
1645102039.779226 2.976580120328854 1.0703453053669898 1.263780953620286 0.6772894200984322 0.454506128151081 -0.3514941431634572 -0.4595157896965054
1645102039.78586 2.9740765690583335 1.07333269199643 1.2624982398634677 0.6755112815679407 0.4534031711151783 -0.3538499250471119 -0.46141089303678595
1645102039.7924259 2.974393254599335 1.0761088157775471 1.263384485281758 0.6769038393227271 0.45544394699072593 -0.35219189507985277 -0.4586201459747274
1645102039.799027 2.973753584234643 1.0787135980829452 1.263438531792703 0.6777059603881291 0.45538993494621743 -0.3519152803307421 -0.45770076008330607
1645102039.80565 2.9710881149820207 1.0821759079319766 1.2619051382490434 0.6748772306043169 0.4549263940834374 -0.3549898260327659 -0.45996166948359873
1645102039.8122182 2.9716046957133395 1.085042115556911 1.2628055956548152 0.6766519549241425 0.45685132091925584 -0.3527723012774198 -0.4571436921741591
1645102039.818827 2.9706591133499813 1.0880733713808108 1.2625777327700904 0.6764022544308884 0.4572965693914198 -0.35316052624259003 -0.45676815479909505
1645102039.8254158 2.9695956399862578 1.0909800367783924 1.2622599792761982 0.6764075578913074 0.45752071530036964 -0.3540620715731624 -0.4558369398000329
1645102039.832027 2.9689243529750207 1.0941817036098571 1.2621905920622483 0.6763387390599017 0.458029011229292 -0.3534714205440625 -0.4558869109650042
1645102039.838631 2.968162924864848 1.0971594176271229 1.2619699190589657 0.676430499264464 0.45831834367725915 -0.3536800931426202 -0.4552978542176513
1645102039.84523 2.967358461515858 1.1001915019515398 1.2616953924186443 0.6761724208735578 0.45859862117498096 -0.3541061391159565 -0.45506775686768774
1645102039.851858 2.966352402200902 1.102941921287381 1.2613800720956416 0.6760896607010279 0.4585961853712484 -0.35515254165132226 -0.45437720241439594
1645102039.8584268 2.965478692536371 1.1059071030957224 1.260999878201836 0.6758416095315813 0.45860093516752126 -0.3555763793737637 -0.45440996409274814
1645102039.865023 2.964996088055538 1.1089515630958264 1.2609522183324475 0.6760560278647842 0.45879885149526517 -0.3558491833969766 -0.4536770327415572
1645102039.871626 2.9641854582481475 1.1119914739135854 1.260583225947687 0.6757918112137448 0.4586762680983861 -0.35626461815399774 -0.4538685232459153
1645102039.878261 2.9637813300735107 1.1147516634483279 1.260546256007507 0.6759153747538655 0.45892427247552237 -0.3565743617085685 -0.45318999128046894
1645102039.884827 2.9629580082798195 1.1179522340882326 1.2601725978865879 0.6754088407756194 0.4586545155966983 -0.3568648523288446 -0.4539889701356834
1645102039.891422 2.962534019527516 1.1208051369303433 1.2600594905794722 0.6753965785571278 0.45890874998551984 -0.35707101295057647 -0.4535881066083502
1645102039.898031 2.960767999319267 1.123698918175565 1.258950112390898 0.6741818482007187 0.4574052749755921 -0.3590879881682751 -0.4553182660365291
1645102039.904628 2.961607250748797 1.1264986728657493 1.2598320735004087 0.6757609589568443 0.45850068738921096 -0.35715706836435157 -0.45339021020895154
1645102039.911226 2.9611309961057817 1.1293813304180296 1.2596682681735474 0.6754481500593433 0.45853409578908877 -0.35777784133384344 -0.45333301115157665
1645102039.91783 2.9610208405103116 1.1319912752622237 1.2598551283027912 0.6763214609203541 0.45832816770033824 -0.3574159495549869 -0.452524119842507
1645102039.924462 2.960456581523622 1.1348399374114762 1.2596376727159786 0.6759341633427496 0.4580470154368961 -0.3581481156010606 -0.4528083781833849
1645102039.9310348 2.9602202418203283 1.1373084516935807 1.2597261368546289 0.6763833927883763 0.45805453961180337 -0.35826456044219535 -0.45203715980321363
1645102039.9376268 2.9601052626703845 1.1400137380964257 1.2598108553644853 0.6765715496103141 0.4579358461155232 -0.35869690622449096 -0.4515328243150265
1645102039.944235 2.9596445877393887 1.142725521059378 1.2597349527987847 0.6766700548446968 0.45740316274284315 -0.35868792074425004 -0.45193198186903333
1645102039.950826 2.959261177625405 1.1451683807457473 1.2597767344104036 0.6765469918541771 0.4573474187148162 -0.3594590437513846 -0.4515600379603651
1645102039.957463 2.9591421003475773 1.14782291986151 1.2598561273312852 0.6764396516962197 0.45728747628289923 -0.35973837600084113 -0.45155896652751054
1645102039.9640498 2.9591028973995757 1.1502228639750065 1.2601721392751255 0.6769032007346251 0.45712277740677826 -0.35986902380948205 -0.450926581889308
1645102039.9706671 2.9590698993992124 1.1524943733852724 1.260437422597191 0.6770944553981603 0.4568991768066262 -0.3600254382089591 -0.4507410273581003
1645102039.977233 2.9589648950055953 1.1549467071652948 1.2606180862080125 0.6767234580646718 0.45718584838481485 -0.3601467627763834 -0.4509104627562474
1645102039.983878 2.9591619468584045 1.1574955515672765 1.261029121543852 0.677042976182185 0.4568419620880555 -0.35912048932360424 -0.45159763035076067
1645102039.9904482 2.959234815216073 1.1599935168961697 1.2613686315145594 0.6766700153694915 0.45708007876125456 -0.35929745637383603 -0.4517747318885981
1645102039.997031 2.9593357754401812 1.162097546007165 1.2617601587143419 0.6768843391441435 0.45687810552956704 -0.3590020354741561 -0.4518926966633702
1645102040.0036402 2.9593275786308157 1.1644865409683753 1.2620739641343508 0.6765912069841458 0.456796164317544 -0.3587908761735783 -0.4525820414241103
1645102040.010231 2.959226505143626 1.1666064018212108 1.262331416919869 0.676015379248098 0.45700715908991957 -0.35954174712425774 -0.45263344722654714
1645102040.016854 2.959442611801542 1.168611913355032 1.2628587248428889 0.6760754069576763 0.45689108063559053 -0.35941934769545386 -0.45275816695467974
1645102040.0234208 2.9596289043988278 1.1708734252149426 1.2633181100716857 0.6758140754232351 0.45693423800676114 -0.359174888125415 -0.4532983593585889
1645102040.030026 2.960060547021137 1.1732439467569027 1.2639390521736202 0.675495365734993 0.4571222242307243 -0.3579012614891182 -0.4545894677021685
1645102040.036652 2.960309893726349 1.1753244623033834 1.2644900194454036 0.6754146430389526 0.45703824543237614 -0.35750577178146264 -0.4551049531862994
1645102040.043249 2.9605708100612698 1.17711170783211 1.2650559821253535 0.6752017746555686 0.45723650362840584 -0.35819476639783704 -0.45467938270207975
1645102040.049821 2.961042341215835 1.1794171896166925 1.2656794493069865 0.6749577649039037 0.45712826629396586 -0.35700885066736865 -0.4560811663341683
1645102040.056426 2.9613217021873672 1.1814972592549038 1.266149911810927 0.6741921745032428 0.45735397526946886 -0.35698242506446004 -0.45700702136884264
1645102040.063031 2.961516058009272 1.1831125892345307 1.2667604095302367 0.6744172986976915 0.4569817157154974 -0.3571104749939027 -0.4569472482646068
1645102040.069642 2.9622541328500196 1.1852125527561292 1.267567303533935 0.6744147737548648 0.45700229031789696 -0.35574144029686794 -0.4579970108807735
1645102040.0762281 2.962103737255023 1.1871499001944985 1.2678240339384477 0.6734823349248195 0.4567530002301211 -0.35698740692954717 -0.4586478618472924
1645102040.08946 2.9631305691113066 1.1908441149759998 1.2692183417738292 0.6732552930319363 0.4564367255104257 -0.3566451684837659 -0.45956141145506163
1645102040.102664 2.9640479834237086 1.1941196525873632 1.2706596291438246 0.6733917359182006 0.4557109788980101 -0.35649758810171406 -0.4601956894849868
1645102040.11583 2.9649672955756836 1.1960225291895248 1.2715723748155245 0.6736396467625986 0.45540099854202015 -0.35548741286493185 -0.46092066808886084
1645102040.1224341 2.9653402226826273 1.1973712052601322 1.2722136692863812 0.6736315263390846 0.4548797835609624 -0.35636040104630856 -0.46077309417072326
1645102040.129021 2.9657651651784094 1.1990208492643168 1.2728475227724472 0.6734889555582773 0.45426222756687024 -0.35668273894171343 -0.461341017940822
1645102040.1356192 2.9658866231665786 1.2007653094706463 1.2732283782247027 0.6726137405513916 0.45367422167113797 -0.3577468172109727 -0.46237153494203226
1645102040.142217 2.9668560611531536 1.2020306095722113 1.2743029673842652 0.6732723942491421 0.4533684538312807 -0.35698839319538633 -0.4622989458216609
1645102040.148823 2.9676467096277364 1.203356893468515 1.2752817916778192 0.6735280400237987 0.453068609727159 -0.35643899501950677 -0.4626441631007924
1645102040.1554189 2.968417535058499 1.2047244349266797 1.2762380699687361 0.673515884287833 0.45298272623180275 -0.3562924450788387 -0.46285887428834543
1645102040.162019 2.9690857667343997 1.2059569032000965 1.2771107878762558 0.6735154359894298 0.45262214662073147 -0.355956940952598 -0.4634700193787091
1645102040.1686459 2.9696822216860257 1.206979345918243 1.2778112924490037 0.6734595243634751 0.4517149285980646 -0.3557090221470226 -0.46462530831263593
1645102040.175245 2.969157667504878 1.2087194973039448 1.2778363042314886 0.6711614535136867 0.4513731629794462 -0.35748562543923396 -0.4669135656580275
1645102040.181823 2.971145227852007 1.2097843276608886 1.279743825381517 0.672385730935626 0.4525844929334067 -0.3552513462981175 -0.46568304192023835
1645102040.188423 2.971800216004639 1.2108342767410798 1.2806836245532738 0.6720489140877356 0.45245236910124753 -0.3549799769514764 -0.46650387077084843
1645102040.195019 2.9723971552153805 1.2120414028545787 1.2814687138727132 0.6713525737012017 0.4526337729491358 -0.35507095552720935 -0.46726058612146076
1645102040.201642 2.9730673780942243 1.2130932008635669 1.2822871340586843 0.6706016314451256 0.45286403755619 -0.3550375724304979 -0.4681404161190349
1645102040.208221 2.9740121400185657 1.2140113557002734 1.2834432777607243 0.6705485979720387 0.45308500150104597 -0.35405821132677917 -0.46874418112350485
1645102040.214813 2.974766599496336 1.2148755537662013 1.284410436702969 0.6702519429479086 0.4532786417603 -0.3536091618155509 -0.46931976237059575
1645102040.221421 2.975546784996585 1.2158153939822727 1.2854141248365227 0.6701665244909606 0.4532075616845056 -0.353019649617677 -0.46995362927760137
1645102040.2280488 2.9750424845920893 1.216799040805248 1.285397205455181 0.6680900794178968 0.45226544584039335 -0.35495053806633625 -0.47235724037671556
1645102040.2346518 2.977040931742986 1.2173344958497943 1.287281356459453 0.6693573601476961 0.4535277914123472 -0.35301502602004964 -0.47080076964186734
1645102040.2412171 2.9778261034146736 1.2182432677055504 1.2882133377335179 0.6693802317758375 0.4531547083870648 -0.35216548351473964 -0.4717626014332004
1645102040.247819 2.978630149462772 1.218844460458087 1.2892285465065376 0.6692290142001053 0.45309358419544427 -0.35181545439876916 -0.4722968277456134
1645102040.254418 2.979888810176544 1.2195460667846971 1.290483014203047 0.66970741169911 0.4532121302385889 -0.3503699982994478 -0.47257931033762335
1645102040.261021 2.9804794001523316 1.2198262864482148 1.2913008690863244 0.66967216428786 0.4529739661614942 -0.35137796557925344 -0.47210915709702306
1645102040.2676532 2.981350071544476 1.2203477206194246 1.292267425768839 0.6697164133368312 0.4528020923938961 -0.35075801497411874 -0.47267183380013555
1645102040.274223 2.9822159807147344 1.2208310619420633 1.293246606213778 0.6696816481604901 0.45266616883381994 -0.35037470537241255 -0.47313526243274046
1645102040.280819 2.9832957273556913 1.2213316554192837 1.294419747349948 0.669879845175457 0.4526302791955314 -0.3492796663417368 -0.47369839637313144
1645102040.287456 2.983985399086111 1.221455243986929 1.2953028232587573 0.6699075262493741 0.4524826655662811 -0.34978000517491065 -0.47343089885199097
1645102040.294017 2.9853014033230054 1.2217748836284505 1.296587868798568 0.6700041237309613 0.45292034785693736 -0.34849936194035636 -0.47382020455587714
1645102040.3007202 2.985941957287781 1.2216858630064464 1.297350367306259 0.6699029111563771 0.45276082408814755 -0.3492056224487743 -0.47359574208174504
1645102040.307251 2.9869956372981235 1.2221798837261695 1.2984555408297682 0.6698910374104509 0.45259249856147155 -0.3476627262178697 -0.47490663314529524
1645102040.313828 2.9876472176973308 1.2221810435938163 1.2992725287014033 0.6694661691546987 0.4527909329762243 -0.34803479193869513 -0.4750440932783957
1645102040.320457 2.9886985403383335 1.2221537432871041 1.3004454556956317 0.6694765771358888 0.4531069958300761 -0.34738186418296735 -0.47520598928795676
1645102040.327035 2.989831759673188 1.2222963972710184 1.301565466321177 0.6691754103203297 0.45348091099834165 -0.34629630681551204 -0.4760651145081565
1645102040.333626 2.990557427178914 1.2221259349114333 1.3024720120503972 0.6688707247788612 0.4536569539813512 -0.34650235744517077 -0.47617551140678915
1645102040.34023 2.9914025591543063 1.2220576336123126 1.30343042030364 0.6684887852007724 0.4538351307445037 -0.3459361996751198 -0.4769529992548973
1645102040.346863 2.992671911416885 1.2221377570789873 1.3046032765558944 0.6681501751474861 0.45425812592624026 -0.34468455819003946 -0.4779300470199565
1645102040.353429 2.9935673042218456 1.2218169668421168 1.3056056948628714 0.667562925434196 0.4548674242618747 -0.34494797085592244 -0.4779810806196784
1645102040.3600209 2.994589683571277 1.2215472433730858 1.3066374464563952 0.6674865673061688 0.454880025985901 -0.3440239033311831 -0.47874106437902136
1645102040.36665 2.995922201760977 1.2212422494805304 1.3079380077346139 0.6675912019377368 0.4551303933885787 -0.34242485209955015 -0.4795030980687489
1645102040.3732202 2.9952724096774705 1.2207601816633455 1.3077628308929703 0.6655594186099877 0.45381790897756497 -0.3450466104748376 -0.48168706317245785
1645102040.3798258 2.997923194528458 1.2201036867896256 1.3098766940960864 0.6673280076057065 0.45482250599127827 -0.34218419015579854 -0.4803328312116364
1645102040.386431 2.999129870777743 1.2199774897773032 1.3110770359652695 0.6670329433176047 0.4552659323933823 -0.3408726677343333 -0.48125397654378715
1645102040.3930612 2.9999398692235775 1.2193612917643784 1.3118762221041755 0.6665908996617382 0.455347531683276 -0.3414184899943268 -0.4814023228738355
1645102040.399621 3.001203618500823 1.2186935565262302 1.3130371902672637 0.6666459992037629 0.4554754271205145 -0.34105623845724775 -0.4814619887828232
1645102040.406222 3.0025549590266816 1.2182410691858492 1.3141472289265144 0.6664420058789015 0.4555620826508438 -0.34011827886624985 -0.4823252347287756
1645102040.4128141 3.0020770765833102 1.2174522350226207 1.3140071104296978 0.6649108952349236 0.45407143068497124 -0.34241711302319616 -0.48421348738325054
1645102040.419425 3.0046465767795363 1.2167692847716693 1.3159901950503006 0.666257089704287 0.4554604592978109 -0.3402052456615098 -0.48261505299832547
1645102040.426046 3.005935564550348 1.2155994076431742 1.3169803353689629 0.6666677162216212 0.45486206788419975 -0.33969393512563467 -0.4829723085036737
1645102040.432626 3.0076756900358146 1.2147088984721472 1.3183774003193136 0.6670912440616996 0.4550784898396432 -0.3382963026763192 -0.4831645687321439
1645102040.439256 3.007087978383906 1.2143747500657203 1.3180675800027764 0.6648210928238774 0.4539208873635939 -0.3407393916911603 -0.4856592882368948
1645102040.445825 3.009763118389471 1.2128751710113053 1.3199960251430531 0.6667035021737685 0.4546444802976954 -0.3383673704720229 -0.48405785627795433
1645102040.452461 3.011385132516524 1.2122445213023936 1.321294344405382 0.6665737892182384 0.455363392738162 -0.33729587913662024 -0.4843086609715646
1645102040.459035 3.0126745991490376 1.2107276844269814 1.322157932178735 0.6670443941106774 0.45467213331909245 -0.33688264812266383 -0.48459765763133933
1645102040.4656188 3.0136145348941787 1.2101244225369405 1.3228624628069183 0.6659573050596828 0.45505527999383544 -0.3370511260614775 -0.4856146548115036
1645102040.472224 3.0154363705933784 1.2084406393107536 1.3240812809975977 0.6669096210795392 0.4546913933328611 -0.33558844843247737 -0.4856617124232643
1645102040.478822 3.016931265174141 1.2072052962563717 1.3250662536814637 0.6670570993106207 0.45471155438694905 -0.334784070442375 -0.48599528466829633
1645102040.485447 3.0178077405092147 1.2062738862842255 1.325686795045619 0.6660691985647134 0.45497904820774 -0.3349787310507113 -0.4869647573748858
1645102040.492021 3.0196886547356914 1.2046569607544875 1.3268748188744892 0.6670767461645339 0.4545824780410713 -0.3332365026887856 -0.4871515058489376
1645102040.498624 3.0211977072721847 1.203242093412462 1.3278129180622158 0.6669932254124347 0.4548294722658907 -0.3330286003487015 -0.48717734178694844
1645102040.505219 3.022401136900765 1.202203718774914 1.3285820908667925 0.6666643199613658 0.4551110651858367 -0.3327047479503419 -0.487585687502325
1645102040.511863 3.0238839661356094 1.2004075875360882 1.3293586488509381 0.6673543965741906 0.4542880445658464 -0.33157887334077585 -0.48817580490076173
1645102040.5184221 3.025619644334693 1.1988393174819378 1.3304150046794898 0.6679739414700605 0.4543062907599473 -0.3303835798812032 -0.4881218338914128
1645102040.525065 3.0268911594279984 1.1976077596031256 1.3311488450135 0.6677638728226192 0.4546341014748839 -0.3303325606092489 -0.48813865057058725
1645102040.53826 3.03017280436529 1.1940648472786999 1.3328234985046716 0.6685880032221474 0.45412627108885584 -0.32874270065626804 -0.48855622203577603
1645102040.544857 3.0315337798877486 1.1926178403330454 1.3335373581699823 0.6689143324962493 0.4540000622282605 -0.3278782622856462 -0.4888076903101507
1645102040.551424 3.033049745800979 1.190951090389771 1.3342012119538613 0.6690265119758622 0.45387564181510215 -0.327219095504444 -0.4892113597118118
1645102040.558059 3.0347400640194655 1.189196731166594 1.3349563675291094 0.6693132470200409 0.4538736954889475 -0.3264014814500632 -0.489367016075618
1645102040.564662 3.0366559982288877 1.1868358631748883 1.335850116374492 0.670147943771794 0.45332589770943243 -0.3250253817036761 -0.4896484036945029
1645102040.571219 3.0380978945223687 1.1854790423723593 1.3364033109540678 0.6694627412487665 0.4537336514868888 -0.3247251371608972 -0.4904066017723398
1645102040.577827 3.0397437266334157 1.183470300323942 1.3370784131574383 0.6697618569707073 0.4534948077817137 -0.3235569498017695 -0.49099079920350175
1645102040.584451 3.0414780953751595 1.181393216637446 1.3377777503998813 0.6701924791739469 0.4533631229799489 -0.3225746032161899 -0.49117131452407614
1645102040.591051 3.0431647087562395 1.1794145800151554 1.3383987962937542 0.66987768913173 0.45337904223856407 -0.32234531398003746 -0.49173631513099736
1645102040.597622 3.044716521153182 1.177345645306778 1.3388368872672114 0.6695675621940588 0.453173330825667 -0.3220604043741641 -0.4925342413473808
1645102040.6042602 3.046740307721736 1.1750024774215717 1.3395034718662822 0.6701543713815075 0.452310644844013 -0.3202399501058886 -0.49371473323738885
1645102040.6108239 3.048126222361154 1.1729805106530493 1.339843291041451 0.6693022791005387 0.4526752141182499 -0.32118431797508074 -0.4939229563413537
1645102040.617436 3.0499450754261344 1.1708348765810634 1.3403761913988643 0.6697683034957974 0.45213775894668645 -0.3203365261143978 -0.4943340414473351
1645102040.6240351 3.0517639636252825 1.1683141480025747 1.3407935630961545 0.6698227393924292 0.4514761564454966 -0.32011574871128534 -0.49500728890989154
1645102040.630642 3.053105168310914 1.1666197071314386 1.3409076461046967 0.6689038684473037 0.45151258734359634 -0.32050028344830017 -0.49596681392516384
1645102040.6372201 3.0551109202809963 1.1641539980045534 1.3415197443696112 0.6695120197156949 0.4511299205765822 -0.3191690331002614 -0.4963527919885933
1645102040.6438332 3.057119207355873 1.1612587150001499 1.3419610015219274 0.6703284046282578 0.45049816997497966 -0.3183194011925608 -0.496370397993865
1645102040.6504939 3.058730254915439 1.1590286744368037 1.3421211446893329 0.670390739618949 0.45002083711096336 -0.3185924259489139 -0.49654401296358136
1645102040.657129 3.0586076692758644 1.1569286544362474 1.341044363113256 0.6683614995247688 0.44816425021639394 -0.3212681397636093 -0.4992275910121148
1645102040.663674 3.0618415075824434 1.154737802666983 1.3422743692007444 0.6697628617453498 0.44958367876466576 -0.3189448120257723 -0.49756010822215396
1645102040.670324 3.0637080623899875 1.1521060545888777 1.3425656567903745 0.6706130949069868 0.4488146608639874 -0.3182067526738223 -0.497581837270735
1645102040.676856 3.0657666251582145 1.1494266963733144 1.3428236010680281 0.6715578951928654 0.4478168805007658 -0.31728185383840046 -0.49779709942421285
1645102040.68343 3.0674262662459846 1.1465853654965947 1.3428780919434689 0.6720460304653083 0.447341092299475 -0.3181214383246868 -0.4970297418366121
1645102040.690026 3.068971626553964 1.1448633430290551 1.3428210626025467 0.6714406118726073 0.44717852621896126 -0.3186787760223412 -0.49763681384133435
1645102040.69662 3.0708443832292875 1.1420575769915227 1.342852869824782 0.672210091320289 0.4461567911206324 -0.31837987680548085 -0.4977064334337925
1645102040.703226 3.0725322995437994 1.1396214777149967 1.3427771751591477 0.6724451109410265 0.4452617715144968 -0.3183736939102489 -0.49819415129512085
1645102040.7098181 3.0739126339217893 1.137327683220054 1.3425069480277545 0.6717668120089151 0.44514519414432596 -0.31958672374509617 -0.49843662284911316
1645102040.7164218 3.076019605456019 1.1343934684332388 1.342668160587426 0.6728748994315263 0.4439756167853422 -0.3189418209047733 -0.49839808910225714
1645102040.7230568 3.0776567290862706 1.1321371308047177 1.3425401548520393 0.6727928729437459 0.44353210615826844 -0.31943889450714413 -0.4985855006317392
1645102040.7296598 3.07968108939189 1.1291355472915419 1.342550807180173 0.6740859890667235 0.44193539599736176 -0.31856881062135606 -0.49881336813169314
1645102040.742856 3.0813916693605323 1.1265798814446386 1.3423245095096095 0.6741108147808771 0.44118082044560625 -0.31864596580640037 -0.49939824400786187
1645102040.749484 3.08477479815746 1.1218097546354695 1.3418608055120582 -0.6744911056147707 -0.43939712633748373 0.31799083299514974 0.5008721664459851
1645102040.756025 3.086315931416714 1.118894041983079 1.3414986024728546 -0.675077981390819 -0.43833733269088315 0.3184434868843946 0.5007224725770104
1645102040.769225 3.088167931813163 1.1163797381586715 1.3413224953280034 -0.675485851623685 -0.4376273695596164 0.31793629890071035 0.5011156874176972
1645102040.775823 3.0902108575740526 1.1132461969879306 1.3412406248020308 -0.6771990414889467 -0.4362110667954341 0.31692275685501287 0.5006799469550808
1645102040.782424 3.0920137393351035 1.110670399630726 1.3409940542436816 -0.6777252313578767 -0.43551719622808677 0.3166574459630835 0.5007400254852078
1645102040.789025 3.093811806392437 1.107861906317881 1.3407746638931868 -0.6787337146565544 -0.4347308156008796 0.3161925765592647 0.5003509987943702
1645102040.7956228 3.0958550367495588 1.1050338889871187 1.3406432841117684 0.6802121360272987 0.4337373666814223 -0.31531234432491495 -0.4997610982612757
1645102040.802218 3.0976051089067624 1.1023808028056354 1.3404150400454373 0.6811210703049654 0.43294516621093504 -0.31477648729267743 -0.4995477893193968
1645102040.8088598 3.099218714153809 1.0997107390741532 1.3400083616765877 0.6819710861880872 0.4319282830352701 -0.3143440176343081 -0.49954070285957825
1645102040.8154418 3.100823664988111 1.0971976239054837 1.339608092596951 0.6824864845388402 0.4313545610289068 -0.3143880262418923 -0.49930476363691
1645102040.8220632 3.102690928101775 1.0946863558420115 1.3393495746929558 0.6835322438268661 0.4303741035885389 -0.31319426832148684 -0.49947057531835826
1645102040.828619 3.1042898243796206 1.0924161151860023 1.3388937855644878 0.6837317146040445 0.43008195969236135 -0.31299858325604724 -0.4995717198708049
1645102040.835299 3.1058542863606666 1.0897431047580888 1.3384293207706033 0.6844418093895612 0.4293284122680467 -0.31303140402034546 -0.4992269434502218
1645102040.84182 3.1075851147171933 1.0873089426905123 1.3379970006760897 0.684893236594423 0.4288344118981448 -0.31266777482606756 -0.49926042265619813
1645102040.848425 3.1090236960350057 1.0844788604335913 1.3374139404292904 0.6855645353870975 0.42800409793934047 -0.31297186600445254 -0.4988607713031416
1645102040.8550231 3.1107379953594845 1.0821662635897273 1.3369478731130442 0.6861327317324977 0.4268731813624181 -0.31212895072245755 -0.49957617026516965
1645102040.861653 3.1125323610003757 1.0796012155533603 1.3364931529998068 0.6867022978517155 0.4264455555964213 -0.3118106550090671 -0.4993575027497804
1645102040.868223 3.1154318585133924 1.0762703836611904 1.33670219840455 0.6892023947486792 0.4255421040576451 -0.30952027895559475 -0.49810723076502955
1645102040.87487 3.1172186306545013 1.0736109966287029 1.3362850984686108 0.6900643752174355 0.4245390934759127 -0.30879792842942844 -0.4982179099848485
1645102040.8814201 3.118762753472671 1.0713250929877287 1.3356154960528395 0.6902523211676505 0.4238048828848757 -0.30874612575034127 -0.4986147859025426
1645102040.888028 3.1205735195110815 1.0687994610110105 1.3351832648656616 0.6910565792607498 0.4227062205708272 -0.3078254257398223 -0.49900234040124797
1645102040.894621 3.1206841880204603 1.0669632200853967 1.3333884054130143 -0.6892976246586225 -0.42054251923057545 0.3094971755804699 0.5022185150231077
1645102040.901223 3.124316165971754 1.0638275778394475 1.3343204502425172 0.6927523264220695 0.4206437168277415 -0.3059291456635069 -0.4995599138949909
1645102040.9078221 3.1260969861774677 1.0613572260331945 1.3337647756418354 0.6933547053527521 0.41965082156033684 -0.3052850683674383 -0.4999532153824435
1645102040.91445 3.1270226350223154 1.0595452117184498 1.3327463373140844 -0.6927910671494995 -0.4184943137038334 0.30566364168677834 0.501469751613083
1645102040.921055 3.1298762048159836 1.0564955783909358 1.3328744753356434 -0.6953178813284498 -0.4171961441386704 0.30348398926443343 0.5003769484253615
1645102040.9276218 3.130955713713728 1.0546488203570992 1.3319699985865014 -0.6949415468192203 -0.4165234445354834 0.30390646006793376 0.5012031396562028
1645102040.934261 3.1335844609967767 1.0516767608544133 1.3318892481503664 -0.6970469868038661 -0.4149256285074248 0.3023940367923452 0.5005191662277348
1645102040.9408262 3.1338643291396147 1.0500283382555784 1.330197217373208 -0.695584810130266 -0.4127342990915844 0.3043074881667328 0.5031981159012263
1645102040.947457 3.1363548214414183 1.0476904216593916 1.3304283496385545 -0.6974215461601984 -0.4124691735875838 0.30297386199259685 0.5016755281137923
1645102040.9540648 3.137469579389417 1.0452545299224274 1.3292894855154267 -0.6975440697494149 -0.4101179223854636 0.3038629721676135 0.5028936999186204
1645102040.960652 3.1398245997728425 1.0429376205873109 1.3294867136873132 -0.6992130350792569 -0.4095363840352879 0.3027997209886001 0.501689886416809
1645102040.967228 3.1409209443934185 1.0407538188948673 1.3283335067485704 -0.6988708367611995 -0.4072200251767282 0.3038168718729888 0.5034340700816617
1645102040.973817 3.144310630116995 1.0378337236290114 1.3292582917026106 -0.7023680527896616 -0.40637989444276296 0.3007656171111418 0.501072564897802
1645102040.980424 3.1450169981943126 1.036391575816453 1.3282647332274558 -0.7014464929066984 -0.40494632949765175 0.3016325465046919 0.5029995529340029
1645102040.98706 3.1460364391931166 1.0343130787145336 1.3270888064246926 -0.7010414543748142 -0.4022524631513309 0.3025069995135758 0.5051957184475661
1645102040.993633 3.1476159001862607 1.032214361695681 1.3266823474702372 -0.7014176796879579 -0.4009974923351082 0.3022220591661418 0.5058411600542073
1645102041.0002198 3.1491061500718067 1.0301105479788768 1.3262032131833554 -0.7020288773526999 -0.3992363905945538 0.3015927267589134 0.5067611495523846
1645102041.006828 3.1522569617526432 1.0274087027408874 1.3270959017557291 -0.7047949335789684 -0.39897421972020625 0.2989761906084434 0.5046743055197637
1645102041.013458 3.1521325724134273 1.0262575824446174 1.325444803456572 -0.7026511745610325 -0.3967932893752549 0.3009051437117974 0.5082241672983662
1645102041.0200582 3.1533935471007393 1.0242658606293527 1.3249647062850005 -0.7031165654141661 -0.3952225586864883 0.30059916995571473 0.5089849574229078
1645102041.0266519 3.1547315209424123 1.0222660683797113 1.324602815802511 -0.7036813645070155 -0.39414195069787505 0.30015924300712615 0.5093018817425332
1645102041.033226 3.1560882587515655 1.0205487810524045 1.3241827870007359 -0.7039897285836249 -0.3932618111217819 0.2997875808210541 0.5097746666444153
1645102041.0398169 3.157930428842829 1.0185910147760129 1.3245793533939096 -0.7056364474681326 -0.3931075460397572 0.298199385048627 0.5085470676282988
1645102041.0464199 3.1590404012834314 1.016877090852972 1.3241797130025406 -0.7061386247807425 -0.39179482247069286 0.2980092235292138 0.5089743000105176
1645102041.053057 3.1593143459630904 1.015143614946502 1.3229452273880555 -0.705849579848569 -0.3893540401682752 0.29860492837248054 0.5108955719397142
1645102041.059648 3.160285185823377 1.013340703431213 1.3225555369635502 -0.7065540518703266 -0.3884162932373997 0.2984734574066489 0.5107122211474219
1645102041.066216 3.1610897317583975 1.011853472174731 1.322077607239285 -0.7072859464179715 -0.38692738958347755 0.29796295306985626 0.5111274733080445
1645102041.072822 3.161775728730709 1.0102625040561959 1.3216237549762853 -0.7080850744476599 -0.3856293362252088 0.2977012729164638 0.5111544041197402
1645102041.079422 3.1623351441391696 1.0087603328793868 1.3210594604642096 -0.708758441815507 -0.3842850915427867 0.29761877056839114 0.5112816133624171
1645102041.086024 3.1632728286621155 1.0071628538759954 1.3211302105710552 -0.7104171963557374 -0.3838284753975371 0.29668525613781693 0.5098630493869748
1645102041.092627 3.1635369334571615 1.0058625725847716 1.3204591063142777 -0.7110220143809618 -0.3825779192589493 0.2967063412172514 0.5099475908274991
1645102041.099226 3.162870091517396 1.0046687257398206 1.3188846592534116 -0.7105512262301789 -0.37994363959671806 0.297955137334176 0.5118416248603265
1645102041.105836 3.16284597884459 1.0034412388076492 1.3181219300883502 -0.7112076255975553 -0.3786434220923692 0.29815557376672924 0.5117767917677293
1645102041.112426 3.1630823266159127 1.002303807870483 1.317813826785792 -0.7125134107448856 -0.37831282853775555 0.2979389277339422 0.510329055830583
1645102041.119045 3.1620694791832658 1.0013506324391082 1.316127438539667 -0.7121074409621321 -0.3759329362347166 0.2995835241782314 0.5116897482870506
1645102041.125652 3.163090887793529 0.9996731045933598 1.3163942246434828 -0.7152384741646446 -0.37576475884743465 0.297643089688854 0.5085692654282493
1645102041.132255 3.161118979143317 0.9996924286295296 1.3145101362563854 -0.7138049061497994 -0.3745267270257775 0.3000216832915374 0.5100965308015244
1645102041.138866 3.1591432934554824 0.9986785503915617 1.3123662045535083 -0.7132774787667495 -0.37219505638093864 0.3033850501690302 0.5105514937528505
1645102041.1454442 3.158147103790477 0.9986215355426239 1.3110934467940816 -0.7133625374696674 -0.3714123269511241 0.30351520999847426 0.510925256082559
1645102041.152061 3.1573888234344603 0.9981401563199376 1.3103540168981047 -0.7146223137634885 -0.37160629251293226 0.30351524060114143 0.5090200908528438
1645102041.1586182 3.154951092062812 0.998012441665173 1.3078907276335314 -0.7134670209462416 -0.36983139586449143 0.3066451670289805 0.5100564761172042
1645102041.1652238 3.153698395496062 0.9978522612239725 1.306923900906971 -0.7146460820257324 -0.36983049219187397 0.3068453021659706 0.5082830721637553
1645102041.171828 3.1507468012145483 0.9978832186523681 1.3041933497247573 -0.7135393256904536 -0.36770565813541256 0.30956863232487636 0.509726200192077
1645102041.178429 3.148109227606901 0.9974779530437227 1.3021722132708753 -0.713829895727545 -0.3666058034765403 0.3122430663706703 0.5084787979391475
1645102041.18503 3.1456555637799686 0.9983046020175922 1.2999897457639513 -0.7132819667310755 -0.36597892016103134 0.3131018822478433 0.5091704799931827
1645102041.1916301 3.1426466185113178 0.9983176851211051 1.2977081239607127 -0.7133547738162392 -0.36522889714742074 0.31582037245791433 0.5079267669068255
1645102041.19823 3.1396994587588054 0.9993363491194059 1.295259814372021 -0.7125352343090993 -0.36512083782671795 0.3174964063438681 0.5081097848207811
1645102041.20483 3.1365085892388263 0.9999213055827101 1.2928313324806715 -0.7124299135240916 -0.36491967708533185 0.31960476386269365 0.5070792412271807
1645102041.211427 3.1349381440556123 0.9998003300799632 1.2916808158180735 -0.7148973139034653 -0.36639525402144163 0.31953946449884246 0.5025634726079046
1645102041.218028 3.13103501837021 1.0006091290310564 1.2888475529706254 -0.7145610700139732 -0.36602958111882905 0.32232200939984845 0.501530180225997
1645102041.224663 3.127074850304871 1.0015908240672484 1.285996478916537 0.7140286038250943 0.3663881489102222 -0.3257075943236173 -0.499837140752633
1645102041.237886 3.118441534351706 1.0033768522555995 1.2801835041105467 0.7136755085805362 0.36692682696210577 -0.33263975956740277 -0.49536083122257907
1645102041.244427 3.1120873992850733 1.005800015462108 1.2756326647150331 0.7101995459646087 0.36619218255704455 -0.338179060311293 -0.49714634801383245
1645102041.251016 3.1092819165093744 1.0063246295775448 1.2739375271148148 0.7126387677667325 0.3680183839796877 -0.3391098220692379 -0.49164289901291003
1645102041.257617 3.103828510058559 1.0081988011171108 1.270343897405751 0.711129972229735 0.3679354937642685 -0.3432685886769885 -0.4910030859432926
1645102041.2642229 3.098787447174297 1.0099101363596632 1.2670617572412433 0.7106100641387078 0.36860282003908096 -0.3467744383806027 -0.4887867224324441
1645102041.2708638 3.0910794279493037 1.0119678325772437 1.2622678741247253 0.7074316490516311 0.3673828779383768 -0.35390307893473766 -0.48920596779504905
1645102041.2774599 3.087399662105813 1.013588350201529 1.2601878386466234 0.7094954581405682 0.36931206425828045 -0.3539716015494228 -0.4846941983857767
1645102041.284041 3.081925341941396 1.0158418395759485 1.2568977340485556 0.7092692393461459 0.3698973129059488 -0.35555879794830325 -0.48341576127665153
1645102041.290621 3.0750373901732435 1.018536186231375 1.252985058981924 0.707677748093988 0.3703563842884899 -0.3591031854712568 -0.48277626126464374
1645102041.29723 3.0686505606609535 1.0205221905033917 1.2494026043417708 0.7070993692836646 0.3707091052563159 -0.3620957135681038 -0.4811149898594478
1645102041.303818 3.0634097181211937 1.0222325594152644 1.246604271571642 0.7085529476035124 0.3715166674523842 -0.3623264671474773 -0.47817079224546355
1645102041.310422 3.0571614373280123 1.0245380732119276 1.243486124558673 0.7089143080619499 0.3725344848087359 -0.36329796534498626 -0.47610169330361785
1645102041.31702 3.0504674998802606 1.0277260956741907 1.2399736032760897 0.7077050306914145 0.3740241712521518 -0.36444703442021054 -0.4758545187414414
1645102041.3236558 3.043401805999169 1.030050416651678 1.236614200232118 0.7072799138482905 0.3749766091466553 -0.36643744337843615 -0.47420562517645354
1645102041.330252 3.0363740135380275 1.0329260783988312 1.2332724862597915 0.7065098512350154 0.3765035191320897 -0.36791365972610957 -0.4729991751418727
1645102041.3368242 3.02912051311544 1.035966187992175 1.2298778602166553 0.7052545542264166 0.37834394119502596 -0.36950412339223837 -0.47216345423942896
1645102041.343454 3.0217097998596345 1.0391060453585075 1.226508738709768 0.7036232819392709 0.38063320881247303 -0.37123511549459187 -0.4713987511572961
1645102041.350019 3.0140409500860668 1.0424248159307372 1.2231244491441498 0.7019397921825996 0.38255746874555324 -0.37272874045345056 -0.47117212038813533
1645102041.3566232 3.006099659098523 1.0456343178870933 1.219752151906773 0.7002181279642763 0.38433395192035286 -0.37425574093770164 -0.4710778522664408
1645102041.363219 2.997815853892216 1.049567012072222 1.2163099896543552 0.697450777164632 0.38691080867950844 -0.37622327615733514 -0.47150620651077835
1645102041.376467 2.9811030030337653 1.056523123687703 1.2096157276524564 0.693208531727061 0.390397921699119 -0.37854713118280514 -0.4730254768871119
1645102041.38962 2.97223886069425 1.0602760687613497 1.2061575249824836 0.6904027066286141 0.3924330587752233 -0.380036901401787 -0.47424891829249055
1645102041.3962839 2.9540936145704872 1.0680542010798455 1.199446914237423 0.684988241156867 0.3957799910918499 -0.38277765973874006 -0.47710609770410567
1645102041.402821 2.9446674499517806 1.0723782697371784 1.1961329253655042 0.6815764040742229 0.39835977709322284 -0.38444674796911354 -0.47850121422561015
1645102041.416054 2.9352639151626336 1.076106785543479 1.192950848273562 0.679286673189103 0.39965906609625296 -0.38524117550382614 -0.48003222348097324
1645102041.422657 2.915840434085134 1.0846605388090507 1.1865022347237248 0.6735425856805276 0.4031694305759491 -0.38772525961980375 -0.48318062870428324
1645102041.435817 2.9052667478949794 1.0887739698872176 1.183014735812686 0.6703890660393929 0.40448029570069677 -0.39108559747409644 -0.48376228276660455
1645102041.4424498 2.895080239902984 1.0929599655851705 1.1797942642767616 0.6681475381942629 0.40583900655124133 -0.39333579755286613 -0.4839008642118482
1645102041.4490519 2.884124034398901 1.0973288272124349 1.1761833863504432 0.6645758062607818 0.4063243534313323 -0.396104279046129 -0.4861486153830096
1645102041.455647 2.8740614463276173 1.1011941346599559 1.1733594956063895 0.6638025720263974 0.40731006248323864 -0.39767444513726624 -0.4850972042355398
1645102041.462218 2.8629611691135337 1.1055632600947674 1.169913168203789 0.6610149644827211 0.40743812804794005 -0.40068159902155726 -0.4863201811732069
1645102041.4688141 2.8518899797360078 1.1103514299432098 1.166536928718207 0.6585907908207357 0.40847841334768714 -0.40471508497100833 -0.48539551298464556
1645102041.475438 2.841251825379889 1.113692658646982 1.163794550522835 0.6587499023994603 0.40750697194830515 -0.4055711602634538 -0.48528173893207094
1645102041.482049 2.8304235438186645 1.1180673986259897 1.1608573946764444 0.6581984364768987 0.4078901515156889 -0.40752762683293214 -0.4840673619447581
1645102041.488651 2.8170087752949318 1.123078238472445 1.156675307625321 0.6539103150154731 0.40636435620012673 -0.41286192010143247 -0.48663548167399223
1645102041.4952278 2.8071659847063577 1.127497796634946 1.1545258218183476 0.6551709661675695 0.4081160662517984 -0.4136035131281409 -0.48282939661406304
1645102041.501843 2.795508285367755 1.1317557224069938 1.1515444749040182 0.6545176137363847 0.4073241679632989 -0.4156842698296169 -0.48259703049993613
1645102041.5084522 2.782054315632586 1.1369986016022098 1.1475663052478589 0.6509432170165034 0.4065923158948545 -0.42035860278210846 -0.4839976618472796
1645102041.515054 2.771518407560023 1.1419366380948024 1.1453388846758799 0.6516721023518364 0.40829957470460243 -0.4207058238397951 -0.48127043768047784
1645102041.521617 2.759973676581545 1.1468126671853824 1.1426487367863767 0.651483162001999 0.40914544693232563 -0.4227676367186843 -0.4789956160969465
1645102041.5282292 2.747556117632635 1.1509963722910688 1.1397184237850295 0.6515908362124088 0.4078908780627624 -0.424283992271574 -0.4785782996963722
1645102041.534817 2.7353048961786754 1.1553557968708708 1.136888073324769 0.6516571039926763 0.4082683545371381 -0.4253792300501248 -0.4771918361989865
1645102041.5414212 2.723965618695371 1.160044915736056 1.1346193207658377 0.6524783862752337 0.40954647017566576 -0.4261990771150013 -0.4742336047457393
1645102041.548015 2.712756337407656 1.1644499918031372 1.1326228196881034 0.6528866350675341 0.4112920141103906 -0.42775372869022105 -0.4707486680494805
1645102041.554623 2.7022351348447713 1.1698749879663393 1.1308977434481176 0.6534601740745545 0.41448993181134935 -0.42692326023698196 -0.4678932553501498
1645102041.561213 2.6906524929768443 1.1734431908033272 1.128836078344336 0.6544967090016286 0.41545295686552863 -0.4271527724315498 -0.465374062170611
1645102041.567822 2.67906266451565 1.1785968717805517 1.1265156350391357 0.6526857054059927 0.41654460458597276 -0.4264870202215592 -0.4675472311914627
1645102041.5744169 2.66827732891789 1.1836779376862754 1.1245255815034227 0.6513043846378583 0.41980602229334185 -0.4259826643197655 -0.46701595483258523
1645102041.581056 2.6570907044490135 1.1872638884388775 1.1226068402498577 0.6505727825611384 0.4209428349914064 -0.4267128361769423 -0.4663454692680754
1645102041.5876532 2.6454573385859916 1.1934507822282108 1.1201162575505852 0.6453743294982341 0.423456285957015 -0.42565504669991777 -0.47222262582869845
1645102041.5942342 2.6357484996547647 1.196364649166893 1.118564473355107 0.6459001567182758 0.425301109125138 -0.42436304471988595 -0.4710071677164254
1645102041.600826 2.6273242176589733 1.2014679902284664 1.117553425497464 0.6445345363282469 0.4306114359645119 -0.4208262244011659 -0.4712258681716986
1645102041.6074612 2.6158943113016853 1.2053868047296539 1.1149190825520743 0.6408462755743884 0.4304637339424637 -0.4205542844395413 -0.4766033826384333
1645102041.614047 2.606290573196192 1.209605750684236 1.1130815273656764 0.6385153783796841 0.4327336304585971 -0.41787901429281865 -0.48001731654501284
1645102041.620655 2.5975714385485382 1.2138172698033047 1.1115376956580134 0.6357461611383427 0.43599834289132927 -0.4178550028303681 -0.480758936075375
1645102041.627251 2.5876293280296965 1.2182656634633315 1.1090513121047727 0.6305123102546213 0.4374238518903999 -0.4181805755542708 -0.4860443030795353
1645102041.633826 2.579360639620703 1.222489012793885 1.1075253086529517 0.6275657456053477 0.4407291353151807 -0.417670871505516 -0.48730878575820213
1645102041.640427 2.572299334793213 1.22572883833248 1.1064219280279648 0.6269867588204906 0.4446800285160199 -0.41696128796238546 -0.4850671441003513
1645102041.647031 2.5639687294972617 1.2296401291113532 1.1043392634155198 0.6229003937865429 0.4463623584451586 -0.41798493335566084 -0.48789747304001446
1645102041.653617 2.5568561556092946 1.234185719389875 1.1029436057917807 0.6197624202565564 0.4493870884074769 -0.41674455538490285 -0.49017284318882115
1645102041.6602209 2.5506344310388953 1.2355561069885619 1.10158291532747 0.620930921026573 0.45152429871098976 -0.41746965197634345 -0.48609591872627883
1645102041.6668139 2.5437166131422986 1.240085120970106 1.0998732589170699 0.6170613058537993 0.45298960132837535 -0.4163926156391877 -0.49056346013633506
1645102041.673419 2.5399165059331783 1.2410182538381946 1.0995782738726199 0.6211386336229389 0.4546868204246607 -0.4139753430744717 -0.4858711982473819
1645102041.6800508 2.534306274043503 1.2432788732918025 1.0981433446108004 0.6210854531830996 0.45559434774364016 -0.4132811249624023 -0.4856799037881551
1645102041.686649 2.5303355987885308 1.2461872649019325 1.0978797374542968 0.6230668167701457 0.45765677149863077 -0.4095127692150287 -0.48439334580536714
1645102041.6932201 2.5239194185066065 1.2486391064455036 1.0959103387874767 0.6212335327752818 0.4576119155184255 -0.41158512237745304 -0.4850336458753158
1645102041.699848 2.520634218713009 1.2491829774211274 1.095391214198203 0.6245663495914575 0.45746489751658587 -0.40981048294561045 -0.4823874994465769
1645102041.706468 2.515369710127049 1.2523310820687348 1.0940246089671801 0.6226684123484384 0.45729530767248805 -0.4100900554703285 -0.484758403113382
1645102041.713026 2.5144818976092913 1.2529408593754356 1.0950777467443222 0.6286782094198405 0.45925556573280296 -0.405447462334155 -0.4790197347157065
1645102041.719616 2.5109046595163464 1.2530744527670128 1.0944281875071207 0.6308346629463712 0.45833776827275446 -0.40669200654554555 -0.4759994421939711
1645102041.726221 2.5068358284425725 1.2554672528605668 1.0932200401127325 0.6288152030124762 0.45803550139486604 -0.40796548816485184 -0.47786894864079793
1645102041.732817 2.5060828170809564 1.2556440219112297 1.0943990134014954 0.6333435807004759 0.46017309429117415 -0.40497775315577195 -0.47234459953590446
1645102041.7394218 2.502669174674047 1.2582219920414757 1.0937768676524289 0.6308121504438022 0.4582469910950541 -0.40465825821043566 -0.4778462431838323
1645102041.746054 2.5015680516982353 1.2565731975568517 1.0944645180457249 0.6356381025022703 0.4567703266019285 -0.4045015601479211 -0.47297271181946915
1645102041.7526221 2.499350027438724 1.2575414268631737 1.0944511940523922 0.6345198354655363 0.4564342368246559 -0.4065032552594769 -0.4730827390068291
1645102041.759253 2.496840428344356 1.25838200162339 1.0941915808653087 0.6325140952205796 0.454245486296826 -0.4084122552397791 -0.47622060772899943
1645102041.765858 2.4958470374283572 1.259177739089054 1.094826901391785 0.6315734159597598 0.4542630189870512 -0.4105807070292086 -0.47558722462505343
1645102041.772417 2.49612852190749 1.2603234146388946 1.0963538945732993 0.6320141960053 0.45551445607148633 -0.40911565106943265 -0.4750670071299894
1645102041.77904 2.494183710225558 1.2604675436597226 1.09624597360202 0.6289526167870754 0.452302519989754 -0.4128708087303834 -0.4789345684623907
1645102041.785621 2.493297235298518 1.2599212827493238 1.0967288936332587 0.6281366860502716 0.4511337480921986 -0.4172767841114443 -0.47728660081576935
1645102041.7922208 2.4910435646769926 1.2599906926492395 1.0965482897176826 0.624193400057562 0.4480849477019387 -0.4212145511534993 -0.48185113329685536
1645102041.798831 2.492607269272243 1.2600097219268653 1.0984480633206202 0.6244305313855959 0.44897447491618286 -0.42118714475607316 -0.4807385483778036
1645102041.805422 2.4937554297124427 1.2600340605523517 1.1000482985917774 0.6246359439173312 0.4489485225857407 -0.4200928004472308 -0.4814528336043362
1645102041.812017 2.49468606053457 1.2591285059519453 1.1012518086593157 0.6234739908899759 0.44979050702528517 -0.4234990434441517 -0.47918342770190364
1645102041.818624 2.494771644589087 1.25914319951909 1.1020193550248005 0.6206778257269726 0.4482630076873883 -0.42615846658386386 -0.48187965135496325
1645102041.8252149 2.4943359251410304 1.259176629726386 1.102540410448575 0.6169231002716551 0.4459138565857457 -0.4283764865851374 -0.48688815596465207
1645102041.831819 2.49602947529493 1.2590383628872237 1.10393836396652 0.6149018757305189 0.4467408449426058 -0.4301015149972329 -0.4871658126182122
1645102041.838441 2.497884067280154 1.2585277526071963 1.1055272239593992 0.6138552964671875 0.44761648921024133 -0.4311692128597394 -0.48673789015322005
1645102041.845022 2.4999853513712043 1.2580107176158313 1.1069844691941237 0.6123506097041804 0.448498661561813 -0.43195924732146285 -0.48712064740036654
1645102041.851619 2.5015865871292884 1.257786161509277 1.108199024902669 0.6096639840721378 0.448369605259982 -0.4334836302806366 -0.4892506672878807
1645102041.8582358 2.5032294930802497 1.2575268219120967 1.10925583941001 0.6063542387761284 0.4479547537356315 -0.4352548837450617 -0.4921625407366664
1645102041.864817 2.5063301811815353 1.256643422470747 1.1110154901891205 0.6060166907825353 0.4492076083723216 -0.43515606812062857 -0.4915232442239848
1645102041.871422 2.509132774355168 1.2561047435104442 1.1125662960378357 0.604574227925091 0.44907727956668786 -0.4356753901871232 -0.4929565415055379
1645102041.878017 2.5122946044033037 1.255460031586043 1.1140018569573382 0.6032177563029368 0.4496155560178162 -0.4354847614716993 -0.49429441877898833
1645102041.884635 2.5163708235978346 1.253443481793269 1.1159174000911838 0.6046198374515555 0.4489833310108741 -0.43389652652913957 -0.49455259323944734
1645102041.891285 2.5194340520196796 1.2535224956560167 1.1171656353176689 0.6016695225292338 0.45023904569785084 -0.43560790992044957 -0.4955038451602757
1645102041.897822 2.523295889623637 1.2536313688822922 1.118875152621676 0.6001465982711989 0.4501621215081959 -0.43414874407730675 -0.49869097570922155
1645102041.9044218 2.526530612634965 1.252714363794133 1.1199276626492396 -0.5971352814746128 -0.44975391542427995 0.4357198057206516 0.5012965161975828
1645102041.91102 2.5286252031232905 1.2524769668413345 1.1205859243956284 -0.5921172633808259 -0.4493303797268284 0.43941669429467256 0.5043919409830377
1645102041.917619 2.5336947195244908 1.250557258861489 1.122401130507738 -0.5928341516392202 -0.45051692736443916 0.4398009271485593 0.5021516119884044
1645102041.924237 2.5382172146372257 1.2493192283902115 1.123986266261825 -0.591151251575848 -0.451051136322255 0.44106299588614983 0.5025490132643549
1645102041.930815 2.5423349162119453 1.2481980919323865 1.1252177556959717 -0.5881154107841278 -0.45051076093942766 0.44293992322320475 0.5049390967729152
1645102041.937429 2.5474525002415542 1.245168310058459 1.1265438146648932 -0.5883800273248331 -0.4512317562637425 0.4449523610725403 0.5022103788029377
1645102041.944016 2.5530827014972286 1.2445963477105784 1.1284816618902667 -0.5861297469882719 -0.45254315941618833 0.44517222735614276 0.5034651941490106
1645102041.950621 2.5580964660036756 1.2418972477003263 1.1296815636550397 -0.5845687091600589 -0.4528030998028634 0.4483029050160939 0.5022670956444865
1645102041.957221 2.563604688352712 1.240141473947586 1.131231252665255 -0.5827669048449218 -0.45348297464469567 0.4496472651778921 0.5025457394881343
1645102041.9638212 2.5690414096206955 1.2383796821280795 1.1326120051615314 -0.5804389518809562 -0.45417652416493803 0.4512009213409757 0.5032205365308855
1645102041.970454 2.576893116824499 1.2359666537646026 1.1350015718781756 -0.5821337261029703 -0.45597286283844174 0.4489023405797628 0.5016919201696417
1645102041.977022 2.583109476884976 1.2338958353957157 1.1367346083189254 -0.5812355353646371 -0.4567338247394459 0.450159262523814 0.5009143489790906
1645102041.9836202 2.588816765746474 1.2320770580977425 1.138210693854365 -0.5796302198309199 -0.45666961001627426 0.4510188854286214 0.502058355988401
1645102041.990224 2.594816363471569 1.230119529598031 1.1396397658801767 -0.5781846543644635 -0.45705934947533455 0.45166072494505743 0.5027931453358891
1645102041.996819 2.5990913909265596 1.2285509349928039 1.1402252889778373 -0.573972461269791 -0.45594283776086675 0.45615962144232486 0.5045682646693169
1645102042.0034518 2.6077548577656793 1.2258387290065265 1.142930819623923 -0.5772575706279386 -0.45706038150450484 0.4527856165707136 0.5028456360334224
1645102042.010019 2.6118980400122895 1.2241541774715454 1.1433583972143915 -0.5735102314540373 -0.4554114008557978 0.4562493072904774 0.5054918346742739
1645102042.016628 2.6187057164967262 1.2220818378970935 1.14526868112066 -0.5732755560389301 -0.45483455021467795 0.45681253408144085 0.5057687243490953
1645102042.023238 2.625218344812736 1.2198060836432703 1.1467829903161888 -0.5730145702629015 -0.4546068886824502 0.4577878246623685 0.5053870479735171
1645102042.029821 2.6326948383408757 1.2174005507966232 1.148963089867154 -0.574259227228878 -0.4550840322275476 0.45691937685856177 0.5043298960009589
1645102042.036418 2.638268456287936 1.2153776007507895 1.149950568347649 -0.5721730508298952 -0.4531578218114273 0.4602275831823634 0.5054260415683967
1645102042.043018 2.6467905300086993 1.2124069031806037 1.1524742218805637 -0.5752207283592001 -0.45322291904645434 0.4591209235943525 0.5029085974185318
1645102042.049619 2.6510198182654654 1.21039525943312 1.1529006013395944 -0.57130177086438 -0.45039301699711076 0.4648459059904047 0.504655924018748
1645102042.0562198 2.660255779068347 1.2076262811755405 1.1557516636219183 -0.5748640669374488 -0.45153641190453664 0.4625984450337294 0.5016450224563088
1645102042.069453 2.6740860767383032 1.202721741732985 1.1594838363197635 0.5752429859217769 0.4492271679660321 -0.46667114223189876 -0.4995078622665806
1645102042.082651 2.678750731664891 1.2007740135411864 1.1603095991078676 -0.5717886514553113 -0.44632776817856507 0.47165699318782206 0.5013859216892683
1645102042.08922 2.6857789414093305 1.1984219735469452 1.1621409374080778 -0.5720674689149243 -0.4450679680332942 0.4724283446366809 0.501461611701476
1645102042.095818 2.6924245707097705 1.1957319691496724 1.1639511795433561 -0.5719601028793804 -0.4428642404860924 0.4750286165440572 0.501078316381233
1645102042.102418 2.699548403646178 1.1933702893039635 1.1658704273623912 -0.5721349329866259 -0.4414268488941805 0.47601975446984274 0.5012065952997605
1645102042.1090271 2.7068683683752717 1.1907381147042182 1.1679138463060055 -0.5732470138692956 -0.43909208206829337 0.47637799215203 0.5016462158768241
1645102042.115639 2.716138162077063 1.1876643153725146 1.1709724710411804 0.5771072122059117 0.4388773729149391 -0.4744190753436928 -0.49925967655105846
1645102042.122276 2.7205923612790377 1.185577989020487 1.1719353591535269 -0.5734857371781704 -0.4344469331703051 0.4795636144949235 0.5023820602890721
1645102042.12884 2.728087813725117 1.1830750592630501 1.1741583139300125 -0.5739728158230494 -0.43306514043480465 0.48035730620347716 0.5022606270443569
1645102042.135433 2.7353239630049018 1.1804250674623522 1.176414945841995 -0.5751397982003373 -0.4305816550308773 0.48129018476854113 0.5021676997897099
1645102042.142032 2.7424423446281025 1.177958205894311 1.1785560746763641 -0.5749355704232666 -0.42875891619280065 0.48289844127997705 0.50241707234608
1645102042.148618 2.7497289388693402 1.1752254137004532 1.1809712530022587 -0.576268946971883 -0.42657437853954056 0.48375158661767054 0.501928028519307
1645102042.155259 2.7569548138652022 1.1726715532598102 1.1832785246219308 -0.5765929553795943 -0.4245731179583437 0.4849818236402854 0.5020656183215949
1645102042.161817 2.764139112756644 1.1698971575299548 1.1857282405178269 -0.5775412650979562 -0.4226103298328531 0.48614092475247694 0.5015102140133703
1645102042.168448 2.7711519484284413 1.1674468513256602 1.1880609088767051 -0.5774921828136871 -0.4200252038776853 0.4871252158572588 0.5027818807010849
1645102042.1750112 2.779109772754243 1.1645625296539805 1.1908042840780029 -0.5802903106734646 -0.41815638249697445 0.4865325204446501 0.5016906828974863
1645102042.1816509 2.7857608228931925 1.1619136331755788 1.1931061524737805 -0.5797527673663414 -0.41534512094671616 0.4880313007003007 0.5031894718030593
1645102042.188237 2.793547397312207 1.1591536636217896 1.1958409420094218 -0.5820432609862948 -0.41354676268994256 0.4876589195262583 0.5023869180183966
1645102042.194826 2.800369382702188 1.1565594035956752 1.1981979584675344 -0.5819028440528295 -0.4104243593292784 0.48864511180650033 0.5041485475946009
1645102042.201421 2.8082926826214214 1.1536441875920365 1.201099690389714 -0.5846561844779122 -0.4085123789563043 0.4879575980315785 0.5031811813553593
1645102042.20803 2.815273529768423 1.1510404942886145 1.2035415187151388 -0.58450989444928 -0.40566018278828814 0.4885784363828681 0.5050526291359203
1645102042.214644 2.8227808576287523 1.1482111532688541 1.2061895677914418 -0.5856513135703729 -0.4034765619845738 0.48859747952365223 0.5054608604259829
1645102042.2212212 2.830076288411274 1.1455547979574652 1.2088963981394887 -0.5867495175173486 -0.4013683987019705 0.4883902270886552 0.5060656404502912
1645102042.227848 2.8375372717725886 1.1428692032825856 1.211435360854872 -0.5873102892201055 -0.3996166484579848 0.48845431521537885 0.5067391934055508
1645102042.23442 2.845163372640219 1.1399249331394374 1.214186218720374 -0.588574495328019 -0.39789126785966455 0.4882536268581296 0.5068235771864567
1645102042.241044 2.852700445090059 1.1369667669070633 1.2169876540786408 -0.5898318039172991 -0.3960419785849916 0.48806684507207354 0.5069901915115815
1645102042.247618 2.859900118594017 1.1340886448441085 1.2196679146072724 -0.5905256793399444 -0.3941038645790518 0.48828645425716527 0.5074808902895295
1645102042.254207 2.867271950680178 1.1310900375913508 1.2224754146850199 -0.5914614001719397 -0.3923922224828942 0.4882819213788493 0.5077219492024727
1645102042.2607749 2.8751452997947946 1.1282483535964687 1.225462214488375 -0.5931795195284264 -0.3909028446882004 0.4874399786131303 0.5076754893287524
1645102042.267448 2.8825656506641164 1.1252764900582353 1.2283938730498478 -0.5943774558667682 -0.38928469044989034 0.48679605445314006 0.5081352841833049
1645102042.274019 2.8899575488093663 1.12239181534942 1.2313048978740677 -0.5952913502746247 -0.3878792492114262 0.48637574875139195 0.508542475619401
1645102042.280616 2.8975564791413255 1.1192517307526095 1.23433272199265 -0.5968487749823493 -0.38638103364704385 0.4859269774739812 0.50828650909963
1645102042.287219 2.905017600190373 1.1161925946871671 1.2373604165511214 -0.598016313448742 -0.38493951884480265 0.48546009509296006 0.5084542603426615
1645102042.29384 2.91228138370878 1.1132338324783604 1.2402875341294268 -0.599220945352637 -0.38275696063958375 0.48506061844935644 0.5090644967669424
1645102042.3004212 2.9196994232509668 1.1102146460990356 1.2433367379432683 -0.6002324099261597 -0.38131445300504385 0.484681373598147 0.5093165402324094
1645102042.3070521 2.9268982117614897 1.1071351339405093 1.2463006856505086 -0.6012135942517635 -0.37942541145663383 0.4844415367645285 0.5097978641024261
1645102042.3136482 2.9342702081279395 1.10396530783601 1.2493097870013135 -0.6021848895465697 -0.3780764115082481 0.48429687757418827 0.5097913665567565
1645102042.320247 2.9414566608771118 1.1007437500446482 1.252370709645152 -0.6034067500791603 -0.3760478988232062 0.4838561889648976 0.5102651244524992
1645102042.326824 2.949002213039479 1.0978607070289883 1.2554163192797185 -0.604322127692136 -0.375296595768878 0.4827906452096009 0.5107439848215705
1645102042.33342 2.9560674464486163 1.0947406357232314 1.258412569428151 -0.6056793440759518 -0.37314270708773084 0.4816835863351149 0.5117588564193105
1645102042.340019 2.9634572981356637 1.091523117264898 1.2615710323118927 -0.6073851951529903 -0.3719590699409461 0.4803081286446541 0.5118914215936664
1645102042.3466399 2.970500702941045 1.0884001236928942 1.2645595294632295 -0.6083449847240947 -0.37043216876611434 0.4788618567164471 0.5132123233817978
1645102042.353219 2.9774524311873174 1.0854055793551634 1.2675350111117751 -0.609485979244305 -0.3687978529210875 0.4770928827775872 0.5146810606735189
1645102042.359854 2.9845589750800077 1.0823544921159893 1.2705639288087867 -0.6106471992729433 -0.36795905572743914 0.47519596335789976 0.5156589291203423
1645102042.3664188 2.991488373163711 1.0793694558236002 1.2735145746521004 -0.6116795209024698 -0.36697473068644465 0.47333261587517267 0.5168491197508498
1645102042.3730502 2.9983564833517895 1.076261128274067 1.27655654615034 -0.6133689273329574 -0.36550992406551924 0.470732268657121 0.5182579637982364
1645102042.379621 3.0054953604029215 1.0734736287842848 1.2795463652319743 -0.6146466114485353 -0.3652235179157663 0.46805701255290294 0.5193680901505073
1645102042.386224 3.011912617292773 1.0704802030365115 1.2822507193414239 -0.6155554983617456 -0.3638907312594499 0.46588744427857914 0.5211746220088329
1645102042.392818 3.0211587572837866 1.0674146573528511 1.2860229274349697 -0.6197442220046324 -0.3655459202293943 0.46116229160614175 0.5192512560365159
1645102042.399415 3.0251373191248487 1.0648276704354913 1.2877855144849444 -0.6179805444910733 -0.36243344254798016 0.4613189484998906 0.5233794092255739
1645102042.406059 3.0317996117168082 1.0618547922492552 1.2905802991392625 -0.6199239210654819 -0.3622329867933474 0.4587298879443635 0.5234954664104756
1645102042.4126542 3.0381068024910296 1.0591473152355229 1.2930187048995923 -0.6208324059765479 -0.3618728226742408 0.456571840324008 0.5245535169886333
1645102042.419224 3.043995953202232 1.0566837448403263 1.2953092767236276 -0.6212748236257497 -0.3614182701510813 0.45475713109453486 0.5259177811120102
1645102042.425813 3.0501437678282666 1.0541421329381782 1.2977703518658286 -0.6227122558050774 -0.36107254027150293 0.45267973434813547 0.5262472928915719
1645102042.4324522 3.0558321160559574 1.0514678195434646 1.300113176111014 -0.6242932712441018 -0.36034453773216274 0.4510932476887657 0.5262353054203808
1645102042.4390159 3.0616426875704885 1.0490996712507656 1.3023269305329863 -0.6254400089822217 -0.3603970054902026 0.44925372141019965 0.5264115888015184
1645102042.445622 3.0670556958240383 1.0467436009201605 1.3044653505280892 -0.626693762384093 -0.35978500257952334 0.4478936216628746 0.5264979586493695
1645102042.45225 3.0726712530267495 1.044276462799569 1.3066113921531826 -0.6290100555466305 -0.3592712248858615 0.4457614801983716 0.5258957919702274
1645102042.458827 3.077589437617508 1.0420662186328005 1.308591657624343 -0.630003996053725 -0.35911026454376316 0.44498233152321 0.5254757113185772
1645102042.4654222 3.082728524764318 1.039970033277236 1.310704368661563 -0.6319633006906941 -0.358699867293793 0.44293467397993913 0.5251332288136921
1645102042.472021 3.0874261830639966 1.0378774871420653 1.3125872838901336 -0.6334069601851448 -0.3582620403823136 0.441558664685883 0.5248513361650812
1645102042.4786181 3.0921196299179345 1.0359703759529195 1.3144495732474957 -0.6353287726516135 -0.35761915305474146 0.4397108044334368 0.5245183562412092
1645102042.485226 3.0964149128606504 1.0340129435440104 1.3162679724028283 -0.6370838840854105 -0.35681207011041566 0.438224775737531 0.524182832633553
1645102042.491832 3.1005846652861826 1.0321735519490929 1.3179559037963022 -0.6386914005171347 -0.3561531257916922 0.4368469665443724 0.5238245130857389
1645102042.498463 3.1046142147137585 1.0302572347859718 1.3196782719950049 -0.6407485045460427 -0.35549458650220367 0.4354905585018641 0.5228882955822278
1645102042.5050292 3.1082973655485326 1.0287262991391701 1.3212482139732866 -0.6419915083081958 -0.3547994546240182 0.4339327956317979 0.5231307519896363
1645102042.511629 3.1117083742303446 1.0272857541179785 1.3227563741481687 -0.6432442235386711 -0.35397277512058173 0.4324971695295364 0.5233407635267081
1645102042.518233 3.1149838594010126 1.0257788315242022 1.3242121938000924 -0.6447531497009336 -0.3530511351891337 0.43086439155259737 0.5234533570988734
1645102042.524849 3.119999537601067 1.023678121167399 1.32653860510486 -0.6492621798106398 -0.3536496046685508 0.42698365867060384 0.52064854344806
1645102042.531423 3.120752000582199 1.0229174265637693 1.3269430947300433 -0.6475450701223419 -0.3511905632570089 0.42845880390132757 0.5232329967081684
1645102042.5380301 3.1249173756454707 1.0212065749597443 1.3289390621402668 -0.650953292270633 -0.3515014976788281 0.4250534343652375 0.5215700234302975
1645102042.544626 3.1251952498429487 1.0206820616910095 1.3291405785265908 -0.6492416801527027 -0.3487545042138022 0.4261450795372934 0.5246475374781454
1645102042.551229 3.127087521450916 1.0196426666119767 1.3302477600797118 -0.6499978136647125 -0.3475755503062746 0.42570031683936416 0.5248547122548032
1645102042.557854 3.1282942049508144 1.0188022512397659 1.3309791707437508 -0.6500239307991698 -0.34596328884961053 0.4251739906270622 0.5263122640061514
1645102042.564437 3.129629953739935 1.0179746263074552 1.3318275648394746 -0.6504773759387199 -0.3451514083213529 0.42476290243595904 0.5266169556059739
1645102042.5710258 3.130924888639113 1.0171875314452665 1.3327392676555332 -0.6515759411678907 -0.3446358716472221 0.42389942351610815 0.5262922526486109
1645102042.577615 3.131459090785793 1.0166058307237134 1.3333378599071524 -0.6516286935281796 -0.3437619771646578 0.42376656129945983 0.5269050169275017
1645102042.584238 3.1313923853831294 1.0162801638690357 1.3336559871544476 -0.6504900784335478 -0.34277461717863267 0.4245579436027883 0.5283162243180887
1645102042.5908291 3.1315084019503843 1.0157976281266619 1.3341546385648888 -0.650393900807652 -0.3428482343697589 0.4251360419844157 0.5279218324087072
1645102042.597425 3.131062221557889 1.0156804839426776 1.3343721434717184 -0.6495366094784205 -0.34265787698531913 0.4258251153925509 0.5285451147980849
1645102042.6040692 3.1301266513494204 1.015778257311637 1.3343359503580456 -0.6478833997973782 -0.34259418852141854 0.4270522382468282 0.5296242996918326
1645102042.610629 3.129130601052072 1.015749889224038 1.3343482143094914 -0.6469375343276255 -0.34281473117995204 0.42839133760646864 0.5295564349433155
1645102042.617217 3.127892717885229 1.0161055630564286 1.3342009222433884 -0.6455981470022752 -0.3431315845327237 0.42952056693135193 0.5300707727552583
1645102042.623817 3.126015065140676 1.0165846814259158 1.333598728463988 -0.6432204535418623 -0.34345265564899263 0.4315560050166306 0.53109922887712
1645102042.630451 3.123969274387835 1.0170491458375477 1.3330442620611622 -0.6415266802287471 -0.34361159150321696 0.43351305535898316 0.5314511005535625
1645102042.6370409 3.121779883686604 1.0177788577430065 1.3323810725351768 -0.6400094538090468 -0.34389519973891647 0.4351296307743798 0.5317756074304157
1645102042.6436648 3.1189230210743495 1.0187100930163406 1.3312836951144156 -0.637880327119137 -0.3438536228312401 0.4369502043516766 0.5328668461340236
1645102042.650252 3.115792097384901 1.0194934297680125 1.3301320686470206 -0.6363707287836048 -0.34368418226076586 0.4389753979812055 0.5331165060952983
1645102042.656818 3.112613115139576 1.020520709618835 1.3288538820335805 -0.6354123347449521 -0.3437556451489972 0.4400457923235426 0.5333310898557484
1645102042.663418 3.1091978973727734 1.0216454221417564 1.327449451626271 -0.6344895873540435 -0.34424052161357827 0.4413835421190162 0.5330114522680175
1645102042.670016 3.105562211389105 1.0228148998592188 1.325924831069192 -0.6341855955557478 -0.3449391000481954 0.44237465334936393 0.5320989841566394
1645102042.683317 3.097165703331051 1.0260341117760845 1.3223685359277515 -0.632477473238709 -0.3469005233057757 0.44364972332542024 0.5317955051035721
1645102042.6898189 3.0925085720533394 1.0274764859924292 1.32037792143656 -0.6321587983553429 -0.3482907981632505 0.4442612149836845 0.5307541085650749
1645102042.6964118 3.088062357145431 1.029189557929602 1.3184575797886104 -0.6323246342885943 -0.3507173594983199 0.44412508635457393 0.5290700704220525
1645102042.7096589 3.078447277008298 1.0340327073283024 1.3142506439885806 -0.6318974223987296 -0.3571218633061804 0.44172064252447524 0.527306094118652
1645102042.716226 3.073045984993907 1.0347483055183775 1.3120593162850962 -0.6333748906818367 -0.3607887424825782 0.44201307675325635 0.5227728010910753
1645102042.722823 3.0673499047479287 1.0367123979038328 1.3095650671273942 -0.6336570953824892 -0.3636704630390055 0.44115401852335073 0.5211570771258742
1645102042.7294211 3.0613890118569955 1.0389395357210993 1.3071034684308198 -0.6332420444412539 -0.3681493416597552 0.4402549683388292 0.519273911010119
1645102042.742621 3.0554662885071946 1.0414245173540033 1.3045699135042872 -0.6334399794729664 -0.37258356963366573 0.43790499009260075 0.5178547847960269
1645102042.749254 3.043288789490864 1.045906999600277 1.2994140395202698 -0.6348167723486804 -0.3823156917371316 0.4324147015473823 0.5136720258452473
1645102042.762447 3.0394268470785226 1.047456925903881 1.2981125586254614 -0.6394154870543413 -0.389701622169051 0.4266032060174482 0.5072368880401172
1645102042.769056 3.030106175524179 1.0505328228853041 1.2939780660620188 -0.6358292006366062 -0.39205295499416926 0.4267436258680933 0.5098085162720355
1645102042.7756622 3.0259815113665502 1.052478110168656 1.292499516830396 -0.6393998543932559 -0.40011460710290364 0.4219320360049873 0.5030393276219641
1645102042.78225 3.0167218451343514 1.055113342134457 1.288566746944405 -0.6370502564335984 -0.40289788342163696 0.4206156516722902 0.5048977897958415
1645102042.788821 3.0101311572425993 1.0577297367449934 1.285970881487421 -0.6375026293425344 -0.4087048174652237 0.4170737787643336 0.5025926334444166
1645102042.795419 3.002397640358803 1.0604235989676667 1.2827145100388428 -0.6361965360775069 -0.4137616200189383 0.41503657110960673 0.5017957059808942
1645102042.80202 2.9936295116836673 1.0629962844265783 1.2788739218630358 -0.6341593041059457 -0.4168865483330263 0.413786514610064 0.5028195651238262
1645102042.8086221 2.98730409119579 1.0660846958727486 1.2763984745884893 0.6337014743026023 0.4242986897225344 -0.41047771472163175 -0.49990072167798805
1645102042.815252 2.979473010019331 1.0687774656023152 1.2731124316771543 0.6323288023123624 0.42897376685249367 -0.40930166670327 -0.49861157600854233
1645102042.8218188 2.971883047346723 1.072011679572686 1.2699081472071327 0.6307971594831162 0.43402424528968386 -0.407235690193309 -0.49787198363814156
1645102042.828453 2.963921442282169 1.0748112599856012 1.2663935560204904 0.6293439956138279 0.4383059059133689 -0.4058335519984251 -0.49710442973161484
1645102042.835055 2.955732246167457 1.0778474308091313 1.2627732984746185 0.6274733633439473 0.4422784489130141 -0.4052223758854498 -0.4964487344015066
1645102042.841655 2.947593705344909 1.0810194536803583 1.2591861999329677 0.62597661822296 0.44596439591637643 -0.4049723367934999 -0.4952434855148905
1645102042.848253 2.9396078037939106 1.0840615430535863 1.255581784796572 0.6253727175791274 0.44913005054265365 -0.40413149219768657 -0.4938304866435533
1645102042.8548532 2.931376827435733 1.0871851097967518 1.2518169332288622 0.624746070455745 0.4517711968858278 -0.40413905555171137 -0.4922056162698778
1645102042.8614452 2.922903318761304 1.09016992630066 1.247892011315388 0.624526834385718 0.4537169216826698 -0.40413879935862995 -0.49069192513177395
1645102042.868018 2.914703408725567 1.0933216177765521 1.2441631560483497 0.6246526165248439 0.4557909963221109 -0.404950897240719 -0.4879324914752946
1645102042.874655 2.9062883405218813 1.096406028041366 1.2402039035418673 0.6246978023795221 0.45779126648792134 -0.40538661606046794 -0.4856347914741015
1645102042.881217 2.897872958812813 1.0997531840626087 1.2362236717620585 0.6246100620607701 0.4596950649415707 -0.4068756036547774 -0.482695183662312
1645102042.88782 2.8896021240541487 1.1030243278696308 1.2322090012730944 0.6248502945590669 0.461508593961004 -0.408043841757703 -0.47965805329644995
1645102042.894461 2.8812078038873703 1.1061683651218508 1.2281343467969348 0.6258063385698875 0.4625230451698369 -0.4088259900063971 -0.47675971759748587
1645102042.901021 2.872880981837974 1.10960826391214 1.223936062964706 0.6260278104724144 0.4640345971832331 -0.40994296966084526 -0.47403328304750714
1645102042.907653 2.8645447924532155 1.1130137528438395 1.2197035536878127 0.6267618180702504 0.46522713602086624 -0.411351119121496 -0.4706625568612437
1645102042.914228 2.8563531423431554 1.1163702520175354 1.2155011204075286 0.6277258589118226 0.46630389015273405 -0.41255761564547283 -0.46724376345740837
1645102042.920821 2.8490699357137808 1.1197456996107251 1.2117606563723384 0.6310450075809854 0.4675102318910137 -0.4112724400696815 -0.4626780699201485
1645102042.927428 2.8404300289206805 1.1230846223327673 1.2071983881814294 0.6331936552356171 0.46688649303775664 -0.41166577861374437 -0.4600148474745363
1645102042.934022 2.832214994748901 1.1265633557603836 1.2028232044662364 0.6360874647794289 0.4667426344985406 -0.41085379483709783 -0.4568838228271278
1645102042.9406269 2.8245196465356615 1.1305259436716222 1.1987217308876215 0.6386125883514742 0.46722776048257547 -0.4096851410065997 -0.4539051700733094
1645102042.947219 2.816981044920705 1.133809217029369 1.1948045361306532 0.6434030647930946 0.46732981487663966 -0.4077040281667366 -0.4487899836420443
1645102042.9538481 2.808533891864638 1.1373681297541403 1.1902975488180443 0.646192076392347 0.4668756351472458 -0.40649371847000987 -0.44634681715227004
1645102042.960425 2.8021392394152875 1.1412622434278579 1.1870480502806506 0.6509320129788833 0.4680771876464553 -0.4026414503166644 -0.441668196305216
1645102042.9670248 2.795022041838777 1.145627604164099 1.183398341620454 0.6537862928487674 0.46938042321442847 -0.39915157444531585 -0.4392303818223387
1645102042.9736261 2.7859578207918503 1.148757716077034 1.178139223191089 0.6548552890000988 0.4683377420680524 -0.4006874711219111 -0.4373482340357623
1645102042.980224 2.7790987276242682 1.1530276945530555 1.1742481914286833 0.6572391604220782 0.4691812361606246 -0.39714741003233855 -0.43609540878080233
1645102042.9868212 2.7716445758080623 1.156724907785586 1.1700379274081707 0.6593646015307839 0.469467183194022 -0.3954490120681844 -0.43411820408704277
1645102042.993429 2.7645472489785137 1.1606820772226514 1.1658674153339257 0.6612512198462317 0.46986179556880003 -0.3932522683938454 -0.4328151790009971
1645102043.000024 2.7580889998991793 1.164753262724545 1.1619948141657925 0.6640654590303063 0.47006668450979705 -0.38975658456002404 -0.4314440760782365
1645102043.006624 2.7514588525735086 1.1683475725605812 1.1580214952943784 0.6672891951090747 0.4697798617123614 -0.38744876391350835 -0.4288532680982663
1645102043.013242 2.745440135001332 1.1718233892466967 1.1544520619847032 0.6710006111809559 0.4703108623767553 -0.38517748128834456 -0.42450421368958735
1645102043.019826 2.7398718187316904 1.1746783202085476 1.1511671837889308 0.675964459206383 0.46952337841903097 -0.38253337670637705 -0.41986620837207117
1645102043.026422 2.7327384547205638 1.1783379086022365 1.1465135737195857 0.6781970143201735 0.4680884371620265 -0.3819413407221479 -0.41840476781368097
1645102043.033024 2.727588680476347 1.1817946226849543 1.1432769897353896 0.6818963014430204 0.4690270683450209 -0.38083365653716245 -0.41230613527745913
1645102043.0396218 2.721995452612642 1.18415210917499 1.1401324681770488 0.6865863421888442 0.4683704223665208 -0.37766460499834964 -0.4081635046076373
1645102043.0462341 2.7169524612850213 1.1869789402323272 1.1365968201012056 0.6904310132921752 0.4671570905438266 -0.3758377621233973 -0.40474046526246693
1645102043.05282 2.7110081914277036 1.1894687110727744 1.132524744378978 0.6932513233147513 0.46542029450581385 -0.37439741929568165 -0.4032526914784974
1645102043.0594509 2.7070726055331895 1.192098200656089 1.1301785461741907 0.6968855076522631 0.46660551972359304 -0.37250324405975116 -0.397329609580708
1645102043.066022 2.7026700527482537 1.194191228461615 1.1274024218129413 0.7003001408037106 0.4663720646614987 -0.3699116832754763 -0.394007429418444
1645102043.072638 2.698413913754388 1.19617484396694 1.124591750560272 0.7030506604119303 0.46560321293823115 -0.3680599728958965 -0.3917460609445989
1645102043.0792232 2.693543037517775 1.1986752135597263 1.121298411042599 0.7031745334117948 0.4669274596032744 -0.3688385426399051 -0.3892071160321766
1645102043.085841 2.6895817326466163 1.200175201608967 1.1188558596756555 0.7059193266491883 0.46609529522546045 -0.36464516344070325 -0.38918703648724806
1645102043.092418 2.6863728258091513 1.2023198945710087 1.1168508948553204 0.7071620458072717 0.46737396138968995 -0.36309887786330064 -0.38683636672430105
1645102043.099023 2.6825113086208803 1.2047684395833973 1.1141184724469562 0.7063585167966798 0.4688941492906148 -0.3624806707675574 -0.38704450484020114
1645102043.1056151 2.6786974693023167 1.206432194994645 1.1118045356348034 0.7059196065256753 0.46972714072925204 -0.3622261948615518 -0.38707328659006973
1645102043.112223 2.6755923277001807 1.207949854821687 1.1099104601325243 0.7064579606778729 0.46997364759212523 -0.3601531304510852 -0.3877257351393305
1645102043.1188219 2.672980154073315 1.2095303673804618 1.1082222437541671 0.7066464413650334 0.4701293748028065 -0.35748092487507455 -0.3896616473866088
1645102043.125418 2.6702988218408104 1.210496412357211 1.1067136102809345 0.7068005105919271 0.4695249613224498 -0.356259491098085 -0.3912265340501954
1645102043.132019 2.667562596385424 1.2119698283328146 1.1049036336998435 0.7058187462738663 0.46933690623641294 -0.35622739554267857 -0.3932486380789027
1645102043.1386292 2.6645163310818285 1.2127106697596037 1.1032442767010224 0.7046112788841817 0.4687529288817875 -0.3576850341260075 -0.39478438392334325
1645102043.14523 2.6626947982153264 1.2135885410871832 1.1022242013578187 0.7048814252566005 0.4676374148747397 -0.3570019700145793 -0.39624073975107077
1645102043.151833 2.6601915563898397 1.214374830025749 1.1010764233050814 0.7032914959505878 0.46729660482026497 -0.3595944647131189 -0.39712270096404806
1645102043.158426 2.658621480722062 1.2143789258323188 1.1005421927463028 0.7043827718598888 0.464692767015904 -0.3587781786951267 -0.3989777383961784
1645102043.165045 2.6565556299566566 1.2155711125321156 1.0995645692630052 0.701843312261711 0.4645778135767433 -0.3631571520973815 -0.3996246835037533
1645102043.171623 2.6546439136655917 1.215840383586035 1.0988951309764958 0.7004909596779365 0.4631660236913716 -0.3675447403225022 -0.3996251830380722
1645102043.178252 2.6531115642057945 1.2159763427867303 1.098597527791546 0.7000771397238055 0.4609479749531984 -0.3692381168363373 -0.40135011258518055
1645102043.184837 2.651360085593926 1.2159213815688346 1.0981263998481785 0.6987103921261268 0.4586000931098263 -0.37342452904931456 -0.40254625684239587
1645102043.191424 2.649979005809779 1.2153990185081882 1.098134205377142 0.6982545358046326 0.45582101118972534 -0.3761398486754134 -0.4039630949557962
1645102043.1980429 2.648157516688536 1.2156167574560885 1.0977753010804194 0.6962490158123774 0.4541396009865998 -0.3804822891376166 -0.4052498906785901
1645102043.2046552 2.646902287343742 1.2158249806781058 1.0978173872421997 0.6932119575747285 0.4527416097509774 -0.38611933480876276 -0.4066863072803916
1645102043.2112288 2.646381177205076 1.2155443543609075 1.098757980523839 0.6923754756109674 0.4517893959903896 -0.38737863302053993 -0.4079707000334574
1645102043.217825 2.646072077151049 1.2156032656402307 1.0996585453616847 0.6901477607486085 0.45136806559795534 -0.3907209018899702 -0.40902300049603846
1645102043.224423 2.645241474844181 1.215631688646183 1.1004281262799118 0.687153256342334 0.4509658767807351 -0.3932618702834602 -0.41206176462224614
1645102043.231061 2.6451637402724697 1.2150928399809977 1.1010538446830525 0.6843466886566955 0.4495869260369889 -0.39596233681562165 -0.41563773342661653
1645102043.2376478 2.6440637830327702 1.2156271320525673 1.101177801293995 0.6791087276401464 0.4492357818293373 -0.3999895657269052 -0.42072141600460544
1645102043.2442482 2.643773188242405 1.2153450646937427 1.1021739180475019 0.6759349757327544 0.44814162690522413 -0.401344278817834 -0.4256798371446228
1645102043.2508218 2.6440629123418407 1.2147852675797375 1.1033426538743643 0.6726407525209568 0.4478150483164791 -0.4049092190577595 -0.42786013877529316
1645102043.257422 2.644052621075075 1.215314169278405 1.10431240897038 0.6682042141491954 0.4477528638712114 -0.4076382733899664 -0.4322628190943526
1645102043.264019 2.643808104727588 1.2150600470887112 1.1052474264325451 0.6642857346895974 0.44704680521755763 -0.41096131419799875 -0.4358714874441691
1645102043.270627 2.6426228670165544 1.2149851227075548 1.10535338577157 0.6592898508539989 0.4449590898370867 -0.41550483278228295 -0.44125223385294315
1645102043.277218 2.6424963573807316 1.2148390513670626 1.106335863812446 0.6557026132031832 0.44401340875253403 -0.4181066745374963 -0.4450760079688422
1645102043.2838259 2.6442412901570616 1.2146873458612273 1.1083359399929775 0.6543498999914366 0.44478521045824143 -0.41932853587226154 -0.44514648038641524
1645102043.290435 2.6436130110159475 1.2145935453631471 1.1088583102288854 0.6497067985575892 0.4427262970062615 -0.42452605467730553 -0.4490567662696221
1645102043.297036 2.6451163473668378 1.2140812111303652 1.1107784321870593 0.6487885396310208 0.44311526958850217 -0.4268563046606274 -0.4477898756599457
1645102043.303654 2.645458213279084 1.213761458971946 1.1119276034876002 0.6465682852845319 0.44111801943438633 -0.42965394000668533 -0.45029040532533876
1645102043.310252 2.6462826763461327 1.2134266544032168 1.1133379087148871 0.6443352581185195 0.44009149417133475 -0.4328635571214476 -0.4514204142858879
1645102043.316854 2.6484309307808727 1.2132632999762036 1.1154380318505892 0.6432453749812165 0.4403033497928933 -0.4351511109514135 -0.4505679638342127
1645102043.3234508 2.6487410318233446 1.2125414097170992 1.1166872538898192 0.6408758249808257 0.43811266902443724 -0.4390491765403803 -0.4522950817652702
1645102043.330018 2.649972357040041 1.2120538258109563 1.1182753604666236 0.6389232174181164 0.43703859256858585 -0.44203008719779313 -0.4531925173337517
1645102043.3366551 2.6510116740830734 1.213177537448402 1.1199699237082124 0.6342724845220103 0.4372800290417366 -0.44480540897177173 -0.456763088633241
1645102043.3432178 2.652518871150568 1.2113708422383287 1.1215762889003371 0.6332023784347708 0.43496359235868504 -0.4491969129647787 -0.45616144334006703
1645102043.349817 2.653899514647598 1.2107917970939366 1.1233376651788403 0.630368933280042 0.43354877524281754 -0.45291009934332765 -0.45775800048553317
1645102043.35642 2.6549238382224947 1.2103410226266451 1.1248919476559145 0.627091585854986 0.4317666216782519 -0.45608230806888295 -0.46078433830734267
1645102043.3630521 2.65633076957895 1.2102641618885195 1.1266699066689976 0.6225672096216223 0.43061527344095213 -0.46105445642284765 -0.4630432188479864
1645102043.3763142 2.6601817305826243 1.2091395130595466 1.1309550785573927 0.6177059697278005 0.42809814836530213 -0.46772029647313457 -0.4651974550268762
1645102043.389469 2.6635095711589982 1.208292332985364 1.1349856207731186 0.6105845588357349 0.42463488514431436 -0.4765255458403093 -0.4688227055564025
1645102043.402668 2.6653488653248694 1.2078104573580142 1.1371803547016308 0.6073901445199129 0.42241692357197597 -0.48125009691404597 -0.47014809289789294
1645102043.409222 2.6667641415803036 1.2072213383116401 1.13927549713919 0.603951632535969 0.4191998447071507 -0.48597877554188496 -0.47258665352796214
1645102043.415854 2.669266847876979 1.2065187560401134 1.1417443184766036 0.6019961544438721 0.41696922284005283 -0.490152083464339 -0.4727451296268375
1645102043.42242 2.671076026829654 1.2058839064521545 1.1440281059726727 0.5992561407439236 0.4138659146486612 -0.4950288533560215 -0.4738704029186516
1645102043.429016 2.6729023429967413 1.2053193675731104 1.1462803436886646 0.5963017817866876 0.41070646243139913 -0.5000432430117976 -0.47507983359298034
1645102043.43562 2.6748984189034752 1.2046838790308951 1.1486127724452027 0.5934883505100533 0.40776852150321785 -0.5050519479314575 -0.4758346410054731
1645102043.4422731 2.6763993895178064 1.2042922031450356 1.1507667420097691 0.5898422153450481 0.40395809980467573 -0.5105773818227111 -0.4777179199935208
1645102043.448849 2.6786914423594372 1.203596691912804 1.1532356502336607 0.5874694251273681 0.4009413278803105 -0.5153491879154847 -0.47805926561074635
1645102043.4554539 2.680715607042837 1.202948508683099 1.155522544534361 0.58441177640914 0.39794885493914994 -0.5207809813061509 -0.478420651100076
1645102043.4621341 2.68305267316852 1.2023859111439574 1.1581527263003235 0.5824865574368969 0.3951395929126541 -0.5256917933041574 -0.4777257723702995
1645102043.4686232 2.686514280078481 1.2011767149624153 1.1611218000206605 0.5821314738157062 0.39269515708697406 -0.5284154160963045 -0.4771691323688411
1645102043.475225 2.686731127268456 1.2011992584093851 1.1627801507687028 0.575853151829991 0.38851673635054174 -0.53646320916972 -0.47922313469582695
1645102043.4818199 2.6911195344972576 1.1998746190482397 1.1661312566313173 0.5772085802141886 0.38705526244360683 -0.5384456270449767 -0.47654424584629634
1645102043.488428 2.6913721792354623 1.199801177368386 1.1679358788601686 0.5711781100463276 0.38286071747436434 -0.5463378767478636 -0.4782131405873491
1645102043.49504 2.6953231064277468 1.198631727649145 1.171123118004633 0.5721533700904079 0.38058824238505784 -0.5476601816737873 -0.47734788696695185
1645102043.501624 2.697290438153355 1.1981228000378727 1.1736118818964423 0.5688865110222632 0.37810497031414175 -0.553090188938128 -0.47696506309135656
1645102043.508214 2.6978351887202967 1.197890538755818 1.1756776345343407 0.563866942668599 0.3737714676556911 -0.5598840256890882 -0.4784124395943171
1645102043.5148191 2.701959533803175 1.196680422299319 1.178962106382616 0.5647177187988803 0.37251173678721833 -0.561992826288362 -0.47591233753625894
1645102043.521441 2.701652044799858 1.1965658790098304 1.1808897861507375 -0.5582368613211673 -0.36789314523224026 0.5692587942593169 0.47850763718241035
1645102043.52806 2.70407905468529 1.1961155239420618 1.183652925157217 -0.5562235655190936 -0.36538244694097594 0.5727617186430223 0.47859580853271544
1645102043.534622 2.706010631525791 1.1954288059087121 1.1863489972347272 -0.5541842666387946 -0.3617298380278861 0.5763032200924756 0.4794838978464368
1645102043.5412211 2.7079497567235964 1.1947727126740386 1.18912354349447 -0.5519239337163421 -0.3583375870023755 0.5797891887069838 0.48043483976379725
1645102043.547822 2.7097633621906603 1.194229715539867 1.1917002333393738 -0.5487836056689545 -0.3552281517955566 0.5832845895576968 0.4821074508597385
1645102043.554421 2.7116885907271757 1.1938146501512183 1.1944155227843585 -0.5456825405741055 -0.3527613384935391 0.5862832958756743 0.48379834093754315
1645102043.561016 2.7142286566585776 1.193178535490994 1.1973924428483882 -0.5444125687149284 -0.3498209157931375 0.5887461009066131 0.48437307605586943
1645102043.56764 2.7161955627123593 1.1924376840683006 1.2001925022121618 -0.5419650080934004 -0.34733303244654906 0.5922797978092428 0.4846002329175998
1645102043.574225 2.718343533468156 1.1917744136223731 1.203066575232599 -0.5396121611406113 -0.34512945599446543 0.5951887703728691 0.48523578105352627
1645102043.580817 2.7201977632766137 1.1911987393628605 1.2058676628644147 -0.5359611599017785 -0.34244570917753137 0.5991554907589355 0.4863006077922712
1645102043.5874162 2.7221219878380705 1.1905626161874592 1.208806848468096 -0.5333926522552191 -0.33973845010048925 0.6025752326524408 0.4867979119647054
1645102043.594018 2.724059011472542 1.1898484326279242 1.211625714894622 -0.5305159206337675 -0.3373188305916076 0.6060705469874079 0.48728469002788644
1645102043.600624 2.7260492250087136 1.1891500254424223 1.2143825415099687 -0.5272923926178807 -0.335198493659928 0.6094558966215334 0.4880238800481754
1645102043.6072488 2.7281806113194715 1.1882528754962678 1.2171891136008555 -0.5252022540674821 -0.3329340823246847 0.6124977651590031 0.4880194369340553
1645102043.6138399 2.7302706127260215 1.187510807751396 1.219979339427564 -0.5224059540139049 -0.3305536464765226 0.6158309310963336 0.48844411883271455
1645102043.620424 2.732147869907325 1.1865621480126356 1.2228712832122728 -0.5201817853021966 -0.32767624807223555 0.6193315522633264 0.4883305724481791
1645102043.6270232 2.7342664775925662 1.185754281970009 1.2255403727921443 -0.5175911993510828 -0.3255644394981359 0.6221286835065022 0.4889398042443103
1645102043.633657 2.735883493957206 1.1846493785858774 1.2282063230295248 -0.5147860938530612 -0.32229290801384214 0.6258191238904516 0.48935889299117935
1645102043.640255 2.738539871690105 1.1838477612534244 1.230969691492056 -0.5133484668245591 -0.3206376849802212 0.6279504148121245 0.48922604301228917
1645102043.646824 2.7407048091244373 1.182955629817088 1.2336208940623372 -0.5116413394117532 -0.318268461014951 0.6302963693931872 0.489544515620402
1645102043.6534169 2.742763314841666 1.181872680000662 1.2362394645205343 -0.5089646655875383 -0.3156373253563377 0.6335582654073049 0.4898276233062801
1645102043.660019 2.7448331785623896 1.1809587828019767 1.2388213841111535 -0.5066204785001321 -0.31333538854134363 0.6362339658206458 0.49026740605284685
1645102043.666652 2.746756982372624 1.1800875899361667 1.2413126244099417 -0.5038862361832028 -0.3108273285455118 0.6388420314584516 0.4912890559025926
1645102043.6732202 2.7490478683897415 1.1790585727116454 1.243812138529782 -0.5021640975502806 -0.3087128770255231 0.6410660297508347 0.4914886629877421
1645102043.6798131 2.7502053846847505 1.17789860270593 1.246311135845384 -0.4985622954272499 -0.30469824062222145 0.6446604744619514 0.4929570689709448
1645102043.686424 2.753238978256168 1.177025974283812 1.2487011389365754 -0.4969216777269861 -0.30390538452530774 0.6463932153224949 0.492834003474862
1645102043.693063 2.7554757242942673 1.1758942888791883 1.2511027226702718 -0.4949927873373913 -0.3014995558237119 0.6485887425886607 0.4933679701345352
1645102043.699626 2.7578366743335883 1.1748571505380956 1.253367199393692 -0.4929028377534889 -0.29967485093817675 0.6507150419080167 0.4937720269807249
1645102043.706221 2.7601492132287824 1.1736024448646858 1.2556532825026132 -0.49102834914607035 -0.2974597682001178 0.6530374404965859 0.4939130232004641
1645102043.712857 2.7623124463100988 1.172518572381213 1.2577786675286329 -0.48846149417901036 -0.29537072355448135 0.6551579733016719 0.4949027979891539
1645102043.719428 2.764644571956133 1.1713996594940008 1.2600232252171812 -0.4867354347265411 -0.29324344091103643 0.6572346573926017 0.49511481537161955
1645102043.7260249 2.7672217871532143 1.1701711105230683 1.2621644218129096 -0.48503045891823576 -0.29165265304995713 0.6592379736842698 0.4950642760145527
1645102043.7326238 2.7695537555023924 1.1689239103780211 1.2642980983422503 -0.4832629273958809 -0.289415609324935 0.6612442594888791 0.4954298014866456
1645102043.7392309 2.772179083498841 1.1676326217647144 1.2662578942725529 -0.4816907783868242 -0.28785612005632516 0.6631445325619526 0.49532955894952346
1645102043.7458482 2.775250809918599 1.1663842169305212 1.2683740016716312 -0.48127363456152 -0.28569577230368154 0.6638273761195118 0.4960705454219483
1645102043.752429 2.77803954344229 1.1653163866147742 1.270316056221758 -0.47975935422327326 -0.28384100637016035 0.6653632457261512 0.49654428647440213
1645102043.759061 2.7800831801931434 1.1635844731511278 1.2722552944522878 -0.4772900420937612 -0.28153383715325253 0.6686447991016825 0.49582881018249014
1645102043.765634 2.7834141532450034 1.1625689265999022 1.2740771797746542 -0.47687351602679373 -0.27970946779066097 0.6690400343504177 0.4967281486003534
1645102043.7722628 2.7859757871057647 1.1611443054416848 1.275776236974105 -0.4751096209158992 -0.27709067849653257 0.6708951228830442 0.4973837402162594
1645102043.778837 2.788789570793016 1.1595252551041582 1.2774623670534884 -0.47356757614738 -0.27476648097945056 0.6727528807512578 0.49763434337185913
1645102043.785429 2.7916771762713806 1.1580495815489877 1.2791385563705922 -0.4722751690389771 -0.2722102839679974 0.6743941141376792 0.49804570712139723
1645102043.792035 2.7945362871420913 1.1565958219981978 1.2807596642969161 -0.47070208195390817 -0.26963495324879855 0.676138355847002 0.4985705682443574
1645102043.798667 2.7976301262251226 1.1550605947236028 1.2821917301683445 -0.46917228470439665 -0.2674680506128351 0.6776197510274152 0.4991681921840813
1645102043.8052402 2.8006532625350746 1.1536236753418954 1.283638351672469 -0.46768397719910226 -0.2649792359857915 0.6787127473287315 0.5004055318511246
1645102043.811861 2.8035633002794085 1.1520520027335057 1.2849692378588649 -0.46597770913789976 -0.262441291575115 0.680098386870747 0.5014523637661523
1645102043.8184562 2.806684825564513 1.1504435204100494 1.2863458327984088 -0.464619557629754 -0.2603988198412555 0.6814928552853484 0.5018840059778732
1645102043.825024 2.8100414824102784 1.148907845153783 1.2875649280724304 -0.4632813849686036 -0.2590079562632112 0.6827425818188486 0.5021420389645409
1645102043.8316789 2.8131287374032117 1.1470668102920265 1.2888650794137773 -0.4616925296792596 -0.25695121123091946 0.684473246439154 0.5023061072611369
1645102043.838233 2.8162350158110137 1.1454796952764232 1.2900549814033453 -0.45999262724196366 -0.25524106478023034 0.6859858405223195 0.5026739261010167
1645102043.84483 2.819400062972222 1.1439349090859652 1.2913127663911343 -0.45850864548815157 -0.254014290093601 0.6871228495236892 0.5030981127026065
1645102043.8514628 2.823232075296496 1.1422266500213096 1.2923070406162616 -0.45827746565620014 -0.2531785471552595 0.6879056165466797 0.5026601020971091
1645102043.858033 2.8264534654279276 1.141056134391395 1.2932926724391496 -0.4570040187135029 -0.2526154363615833 0.688598419011675 0.5031539568098626
1645102043.864629 2.829865586522201 1.1394648014027577 1.2943071016151317 -0.4563307310179274 -0.25155865544208844 0.6892104778621827 0.5034563891636262
1645102043.871238 2.833331170496244 1.1381125927518323 1.295279936950432 -0.45640679359038433 -0.2503674899319113 0.6889002837106725 0.5044048466008664
1645102043.8778582 2.837295492284364 1.1361485695502709 1.2962476017418936 -0.45694199514683814 -0.2499969934303859 0.6885341815367076 0.5046039653795233
1645102043.8844318 2.840960608963888 1.1346684187314733 1.2971198163858333 -0.4574025330136788 -0.2498295014845479 0.6880010377814088 0.504996630883759
1645102043.891028 2.8443344308795875 1.1336547533896981 1.2977940060676398 -0.45707589816055577 -0.25014182334338775 0.6873721499813681 0.5059932147140119
1645102043.897666 2.848197663528629 1.1321658424255954 1.29849566383267 -0.45794079184365205 -0.25090110643912744 0.6861854673369526 0.5064457767759735
1645102043.9042392 2.8523223988202884 1.1305788232918779 1.2992804683056163 -0.4595396769000978 -0.25172627803380015 0.6844938074662761 0.5068769982795845
1645102043.917494 2.8600272038927343 1.1278286436513625 1.3006630385815117 -0.4617993251511546 -0.25468173828151397 0.6815098734569539 0.5073675906368744
1645102043.924026 2.8639211215061944 1.126753217312867 1.3013638319858984 -0.46325808493411696 -0.256715060679209 0.6794146054342747 0.5078227934824169
1645102043.9306638 2.867464031473305 1.1252860873567827 1.302033257165867 -0.4646910358503082 -0.2581817561375313 0.6773716466592415 0.5084988310261837
1645102043.937228 2.8714368873059644 1.1238932141683817 1.3027410772593773 -0.46691043510039587 -0.2604859463775997 0.6747102665783888 0.5088287205412143
1645102043.943866 2.8755110730850184 1.1226347591807362 1.3035128372928149 -0.46961235806364193 -0.26309620788650157 0.6718802932169932 0.5087439748323987
1645102043.950434 2.8796846760413946 1.1213693460701655 1.3042466945426896 -0.47244642811035176 -0.26637856316908076 0.6683632986234045 0.5090444113214707
1645102043.957035 2.8836297573477756 1.1202089361463856 1.3048480154264768 -0.47510852908918966 -0.26976652098951376 0.6645258198580812 0.5098060758174066
1645102043.963636 2.887019472145259 1.118869573041475 1.3054525273126067 -0.4768978806976725 -0.2734750204440918 0.661581293051521 0.5099891033671853
1645102043.970264 2.89154190335942 1.1178647393689718 1.306079851713113 -0.4807361076715016 -0.2777755209915323 0.6559409698870668 0.5113452390121782
1645102043.9768739 2.8947190288832556 1.1165523408972382 1.3066164433841716 -0.4821320983538683 -0.2814813878304422 0.652799574755863 0.5120240444244035
1645102043.983435 2.8989212522973618 1.1155401659034354 1.3071801698502505 -0.48527920497050275 -0.2867298832288232 0.6476595674469837 0.5126657026149462
1645102043.990027 2.902744155075843 1.114450490748216 1.3076374380726403 -0.4877730551575454 -0.2916745703994362 0.6424406183239562 0.5140742292442022
1645102043.996665 2.9066236721189003 1.1133537257361628 1.3082487883789296 -0.49067269304329103 -0.2966369153207705 0.6372288936391824 0.514961349617217
1645102044.003223 2.9104369848096416 1.1122961875454918 1.3088432380917472 -0.4933627766699005 -0.301572460464723 0.6319463001347071 0.516032962488828
1645102044.016459 2.9183213972616473 1.110414673353194 1.3098999935496822 -0.49985400748835446 -0.3122657621105712 0.6188835518834498 0.5192477186902534
1645102044.0296729 2.9255277861343227 1.1081560469387535 1.3110877437065271 -0.5057274823214963 -0.32260112426690074 0.6063456755816671 0.5220269334098021
1645102044.036226 2.9293707930540296 1.1074278440149097 1.3115564261782056 -0.5088858846113643 -0.3281969461778147 0.5985354165624294 0.524477226406503
1645102044.0428228 2.932901896422567 1.106147777017221 1.3121937857716746 -0.5118417583044991 -0.3338960469602738 0.5920106136790673 0.5254082865112172
1645102044.056093 2.940572364969529 1.1044719632239002 1.3133547406665376 -0.5183756737553636 -0.3458912035975244 0.5754771335448656 0.5295951153859949
1645102044.0692291 2.944018033223343 1.1034744723441678 1.3139281891451002 -0.5213339103458563 -0.35197419787037243 0.5678772704202073 0.5308855239297982
1645102044.075825 2.9474189152677575 1.102387435639223 1.3145851957700145 -0.5244832043169627 -0.358008468908146 0.5600999936988961 0.53200980278503
1645102044.082425 2.95085340879636 1.1014615776816599 1.3152806149883425 -0.5278485642248169 -0.364258328175482 0.5518709355302592 0.5330377574201912
1645102044.089021 2.9537370910013343 1.1003786764300736 1.3157445073444491 -0.5303068563193443 -0.37051357388048817 0.5452210055600565 0.5331299405255158
1645102044.095615 2.9569420069795265 1.0992401766943816 1.3164124243590534 -0.5336566048328448 -0.3763816447932323 0.537118498674061 0.5339010689683676
1645102044.1022239 2.9598766047518836 1.0983543484236715 1.3169507626908556 -0.5359957581625069 -0.38239849246212654 0.5294174272943883 0.5349731692245185
1645102044.1088362 2.963137237446147 1.0973031284493708 1.317683255284442 -0.5392883655091193 -0.388632861871007 0.5213432983620939 0.5351007085061235
1645102044.1154912 2.9662102752890487 1.0963046681568374 1.3182697938020846 -0.5422941916298152 -0.3943882781354585 0.5131926082405481 0.5357306601363042
1645102044.1220212 2.969406945439263 1.095141072191678 1.3189686910479268 -0.5457025126131239 -0.40033890557232266 0.5051448186993476 0.5355046862120416
1645102044.1286259 2.9726840080135806 1.094052833757609 1.3196520646011682 -0.5488628151741005 -0.4063912554308473 0.49672040610581053 0.5355965838842696
1645102044.135221 2.9752263332856277 1.0931159524948522 1.3200834037800742 -0.5509258175270579 -0.4117772461024324 0.4894067041655467 0.5360974829605256
1645102044.141833 2.978048018460061 1.0920857991218893 1.320656249497648 -0.553818651181059 -0.41721109917774735 0.48153887577019605 0.5360403310020211
1645102044.148418 2.9807845331670024 1.0910340782708379 1.3211836776931463 -0.5567528473373646 -0.42272534435970593 0.47387197764759514 0.5355127381487013
1645102044.155019 2.9837242860330586 1.0898756791453723 1.321794364185019 -0.56012270244314 -0.42845533076318454 0.4660584914050144 0.5343006721857904
1645102044.161706 2.9864171110633393 1.0887896855023054 1.3223071053953 -0.5631674438395577 -0.43404973737378366 0.45869995010206654 0.532950856862261
1645102044.1682281 2.9888610816620256 1.0875249872364725 1.3228516996877733 -0.5664483320065499 -0.4389576662544924 0.45191040630787793 0.5312518787592063
1645102044.1748228 2.9912987564559805 1.0864650476974975 1.323268754726776 -0.5694982359621656 -0.44449387083263814 0.44479029528372366 0.529393581563076
1645102044.181451 2.99403629906022 1.0855164356117237 1.3238938277438919 -0.5731732059415773 -0.44934136106491024 0.43727187781260174 0.5275957516745128
1645102044.188021 2.9966411477447084 1.0843772311841384 1.3245038669343696 -0.5765567599458419 -0.45445457719461907 0.43041633706168847 0.5251611097847504
1645102044.194651 2.9988842574754613 1.0832958711060556 1.324893004852727 -0.5796759432073376 -0.4587024807353369 0.42370005441132563 0.5234932535302592
1645102044.201237 3.0009641987217073 1.082165011575375 1.3253541620354024 -0.5824414704368923 -0.4629376760287454 0.4175645439179068 0.5216221456640331
1645102044.207817 3.0031986702701587 1.081201352153252 1.325756402563656 -0.5851755529106133 -0.4672133332103321 0.4110469192013115 0.5199237944014315
1645102044.214422 3.005703954091966 1.080194884576441 1.3263403187210012 -0.5884825990865967 -0.47120119137175426 0.40419286357801887 0.5179623761332517
1645102044.221021 3.007850804310743 1.0793004216442872 1.3267703868985699 -0.5910758335755064 -0.475007033748189 0.3977089552342363 0.5165503735754498
1645102044.227627 3.0101312995109604 1.078333033585634 1.3273727024825344 -0.5939695870445142 -0.47877281986749154 0.3913023810871319 0.5146438196318914
1645102044.234242 3.0122237354568013 1.0773819723987648 1.3277974994297466 -0.5965642739059742 -0.4823967945675705 0.385478917867808 0.5126494132239526
1645102044.2408419 3.013983275574317 1.0763510263280152 1.3281262454688532 -0.5990313926048215 -0.4853592452086143 0.38004719699951806 0.5110293547128486
1645102044.2474291 3.0162192841465356 1.0755391989255203 1.3287737345513337 -0.6018206946560642 -0.48901467946224564 0.37429360056985284 0.5085073590647831
1645102044.254017 3.018381550332175 1.0746809501884258 1.3294040651786838 -0.6046683132409698 -0.4923099004446633 0.36872793163594153 0.5060099515166178
1645102044.260624 3.020261947059198 1.0738579706490265 1.3299285744520062 -0.6071456651898572 -0.49519868080115453 0.3635729420572378 0.5039504755909071
1645102044.267221 3.0221741524267776 1.0730368064201554 1.3305131910117316 -0.6098183094880087 -0.4977871354832894 0.35844281831611396 0.5018438982816587
1645102044.273823 3.0239711466655974 1.0721446664444512 1.3310638221781617 0.6123117004056082 0.5002328462383296 -0.3536273109144111 -0.4997887005783873
1645102044.280417 3.0254384247831014 1.0710852137504825 1.3314764811992068 0.6146328154702145 0.5021305366819306 -0.3494015745299271 -0.49800567288976055
1645102044.2870321 3.026986327015267 1.0703925244860624 1.3319130125780414 0.6164698335551192 0.504032909149324 -0.3451088048140953 -0.49680506882761843
1645102044.293623 3.0290422835539217 1.0697364548868713 1.3327401637413678 0.6191924234624913 0.505971712073223 -0.34038016319797343 -0.4947061940568415
1645102044.300221 3.0305954806909816 1.0689895190864822 1.3331891775435751 0.6210723567744412 0.5078378809681782 -0.3363774685481393 -0.4931729097270856
1645102044.30686 3.0322375239471127 1.068394432745513 1.333793285290576 0.6230442134134112 0.5095096364887386 -0.3326446200203438 -0.491490582526292
1645102044.3134248 3.0336680290421505 1.0676580254731916 1.3342790232408186 0.6250079092750636 0.5106448427470993 -0.32917890764132646 -0.490150853168349
1645102044.320023 3.0348240753605 1.066614978349323 1.334666179222444 0.6269927867604292 0.5115193643313048 -0.32641995855657324 -0.4885462957530989
1645102044.326656 3.0361533535379106 1.0659959268212515 1.3351439103827294 0.6290140553701001 0.5123213221128707 -0.3233760110519371 -0.48713026667256476
1645102044.333214 3.037489762629905 1.0655284430669716 1.335604520528643 0.6309715064693261 0.5131778495494032 -0.32057621549063975 -0.48554506762839567
1645102044.339825 3.0385084116530923 1.0646407386964214 1.3359435987563302 0.6330622497583656 0.5136838557008766 -0.31851953381784115 -0.4836382526309269
1645102044.3464162 3.0395809080223977 1.0642222939324808 1.336302342267202 0.63487820176111 0.5142382078666288 -0.3164857577056959 -0.48200122235555565
1645102044.353019 3.040511480817767 1.063623195409254 1.3366432801684727 0.6367326284392483 0.5145937810396681 -0.31481722601511797 -0.4802650637636238
1645102044.359648 3.0413551954312594 1.063043806148741 1.3369067589660777 0.6384485997202005 0.5149054145135389 -0.31352008974127077 -0.478498202984022
1645102044.366221 3.0421037489267375 1.0625093990949945 1.337138011629255 0.6401872969686752 0.5150040590817608 -0.3123702988085147 -0.4768181478826751
1645102044.3728268 3.042695221027356 1.0617962866606865 1.337287361473226 0.6419660431323816 0.5149146553330981 -0.3114959297508136 -0.4750919049678819
1645102044.379416 3.0432234156084528 1.0613373392577312 1.3374051412836312 0.6434762414280294 0.514802329880859 -0.3104997451472904 -0.47382132305300717
1645102044.386018 3.0438302953832523 1.0611006280820636 1.3375904444563596 0.6449025561436116 0.5148561630186956 -0.3093460649983607 -0.4725764693900762
1645102044.392622 3.0451907410112753 1.0608073734361942 1.3384525200076038 0.6472817678640961 0.5155397744550658 -0.30697183944989376 -0.47012023246707707
1645102044.4058518 3.0458245248402998 1.06031924878907 1.3385476967458834 0.6497865569835567 0.5152716028268006 -0.3047340569434911 -0.46841161416400606
1645102044.4124632 3.0457867036322366 1.0599959689394074 1.3383535512506155 0.6507457453763374 0.5149692961676005 -0.30407830064966285 -0.4678382396280597
1645102044.4190211 3.046210019274957 1.0601954028098408 1.3383968125097163 0.6518499858964976 0.5149212240961752 -0.30184331191662933 -0.4678010543545069
1645102044.425652 3.046031002989195 1.0599496662948242 1.338112706268347 0.6533301669949326 0.5140367703221453 -0.30093520830700765 -0.4672938401857747
1645102044.4322188 3.0456289818746614 1.0599818556298464 1.3375453845412102 0.654126588546532 0.5137530545990692 -0.3011037624349137 -0.46638227865892556
1645102044.4388201 3.045304461560619 1.0602745403490337 1.3370944132108424 0.655022253924865 0.5135169936674898 -0.3006952463864598 -0.46564800261369615
1645102044.445459 3.0450853701814733 1.0603649196243896 1.3367635512094742 0.6563857618385196 0.5132100384309599 -0.299745988761857 -0.4646773567285483
1645102044.4520519 3.0449660128580667 1.0605203064576683 1.3365225792226318 0.6579636679034709 0.5129056982683232 -0.2982962943463927 -0.46371373426767104
1645102044.458626 3.0441313263290657 1.0607233031576333 1.3357056295393506 0.6587391759682839 0.5126387440351318 -0.29892311570653374 -0.4625026697735707
1645102044.465216 3.0434445826647147 1.0610765721406294 1.3349260575782933 0.659544477663418 0.5123406064201743 -0.29838570625283695 -0.46203238770596244
1645102044.471824 3.042580639182182 1.0612683191546932 1.3340373334431768 0.6602041391682472 0.5120881117373709 -0.29822508565030925 -0.4614732639230659
1645102044.478422 3.041743554647986 1.0619371872116508 1.3331341446150518 0.6607404549499528 0.5118806492361385 -0.29750119079003606 -0.4614031139246327
1645102044.4851441 3.0412607970429884 1.062514631487466 1.3325009180039378 0.6615120084258653 0.512158018131129 -0.2957008663240883 -0.4611471798675596
1645102044.491622 3.039930834993277 1.0629484868960977 1.3312406287247323 0.6619729853287498 0.5116369052781168 -0.2958156492611222 -0.4609902410782294
1645102044.498223 3.038875180477526 1.0636068045741505 1.3301448704439498 0.6624654279781458 0.5114405432232195 -0.29462224967812184 -0.46126509773020535
1645102044.504816 3.0377912975832633 1.0641344556572714 1.3290212121363187 0.6632298142262181 0.5113198584457681 -0.29389019785390774 -0.4607674061331908
1645102044.5114229 3.0360062517810467 1.0649349914469106 1.3272711186161046 0.6631050427549791 0.5113336575064001 -0.2946311972700252 -0.4604581690814915
1645102044.51806 3.0350466737571913 1.0655570259936835 1.326287214431556 0.6642579592356385 0.5115319687660582 -0.2933749183981948 -0.4593769458203507
1645102044.5246248 3.033144029597553 1.0663215369643466 1.3243739005616668 0.6644956753699597 0.5115038291591054 -0.2944035106631723 -0.4584055273143753
1645102044.531223 3.031763447658307 1.0671252074041473 1.3229360271505262 0.6654388416796516 0.5114419155483351 -0.29361840327194094 -0.4576091527922802
1645102044.5378208 3.0301214151193516 1.0678421828271667 1.3212894622115274 0.6664282916654248 0.511409058140339 -0.2931826710926866 -0.4564840879661146
1645102044.544422 3.028335790993867 1.068671727703891 1.319493959951556 0.667350312244487 0.511386729346774 -0.2934237847306871 -0.4550046442591478
1645102044.551019 3.0264402958159526 1.0698293990051908 1.317527647660694 0.6678715481449792 0.5116597500899337 -0.294085475711396 -0.4535031797734012
1645102044.5576582 3.023429511668108 1.0706687177122476 1.3146034205017074 0.667957683972642 0.5101828029735539 -0.29577089693409564 -0.4539441545530616
1645102044.564231 3.022325997383233 1.0715560124953636 1.313472989887182 0.6701760910481839 0.5109525680580584 -0.2941714974926001 -0.4508373150811151
1645102044.570822 3.0202599260464607 1.072197771722473 1.3113315829665066 0.6716928731860035 0.5103170347939775 -0.29403258238566127 -0.44938806122457003
1645102044.5774379 3.017640132702762 1.0734852383927191 1.3090248114305028 0.6724210494272412 0.5099687606649543 -0.294196169595982 -0.4485866092746952
1645102044.584021 3.0153390446942776 1.0745072667118514 1.3067470234505936 0.6733839617431377 0.509893335443637 -0.2941617129878739 -0.4472485221822096
1645102044.590662 3.012850142910473 1.0758836621842305 1.3043408219434647 0.6738793215847156 0.5099517031604858 -0.2943249186126043 -0.4463277192042079
1645102044.597219 3.01019639437638 1.0771810352612425 1.301763101502803 0.674288562089692 0.5099890727206978 -0.2947991333724303 -0.445352784094327
1645102044.603816 3.007500344091706 1.078413517878653 1.2991385809256617 0.6747322867770643 0.5100294377903279 -0.2949928413260123 -0.444505509736684
1645102044.610421 3.004769195780936 1.0795322698906749 1.296570495263254 0.6754982668552392 0.5098821862514228 -0.2951440619680796 -0.44340927610915803
1645102044.617059 3.0019792696057293 1.0808849036169463 1.293826235903609 0.6758712350748999 0.5100750609465228 -0.29568468591393965 -0.4422575054144319
1645102044.62363 2.9987638513803843 1.0821976486476905 1.290807253441203 0.6760681810255905 0.5101780974609462 -0.29732882846297726 -0.4407326218275519
1645102044.630216 2.9957938321389985 1.083810063047013 1.2878941233660013 0.6763208682655525 0.5103714719127305 -0.29785598086550935 -0.439764099894151
1645102044.636817 2.992939748168519 1.0849694954029048 1.2852550255905935 0.6774863262550654 0.5100573226721398 -0.297056517113312 -0.4388746123125048
1645102044.643424 2.9898659896542363 1.0862456567226446 1.2824189826729355 0.6783393632873539 0.509969253051327 -0.2972744706807037 -0.43750958334575096
1645102044.650058 2.9867807698735835 1.0873779029280701 1.2793994511569542 0.6792205435883898 0.5095204355011037 -0.29757345541169855 -0.4364606979575118
1645102044.656651 2.9834710008118455 1.08899268105855 1.2764322499240797 0.679637019102834 0.5099761710510654 -0.29824352005398735 -0.4348196315413105
1645102044.663254 2.9801291792891744 1.090406910022601 1.2733784866710094 0.6802934240810502 0.510010072700801 -0.2987405896930323 -0.43341016414398603
1645102044.6698189 2.9766625100643083 1.091773881793429 1.2702035340823108 0.6809817886299007 0.509861859594208 -0.2993256171219557 -0.43209778589696496
1645102044.6764212 2.9731806595447057 1.093249474564009 1.2670428562590932 0.6817076251318419 0.5098330231371078 -0.29999687643103184 -0.4305189448619056
1645102044.683031 2.9696012972876646 1.0946771556741814 1.2638297723557272 0.6824501141566678 0.5098087567708441 -0.30065449222269897 -0.4289093876713672
1645102044.696254 2.962477183216548 1.0974653409790287 1.2576651581938676 0.6843175199692856 0.5102990003353557 -0.30079519894580664 -0.42523674272711176
1645102044.70942 2.9584025007001777 1.098905918278685 1.2541596334680478 0.6848036993811449 0.5105201204135821 -0.3020710677452648 -0.42327989581359104
1645102044.716059 2.95121588541286 1.1020703477977278 1.2479009275659967 0.686671844600092 0.511450947598008 -0.30137239310055264 -0.4196116498181957
1645102044.7292202 2.9473124117843783 1.1038878342285656 1.2444704974918364 0.6869289084329476 0.512119639259658 -0.30179303657405604 -0.4180700555939972
1645102044.735818 2.943587465987556 1.1051346888174072 1.2412533789077476 0.6882672041872617 0.5121596413589867 -0.30132739088404953 -0.41615148243283434
1645102044.742441 2.939599551450889 1.1068448082006674 1.2378704999337427 0.6886897233449076 0.5127164842299489 -0.30129103702362064 -0.41479109821530846
1645102044.749013 2.9357900872867475 1.108451309821818 1.2346722397894105 0.689571215539072 0.5132654055452965 -0.30097797385713887 -0.412870333934362
1645102044.7556171 2.9313763895155094 1.110412086840523 1.2309780939612636 0.6893581230762754 0.5138190839869893 -0.3013499777351089 -0.4122660152046684
1645102044.7622101 2.9273823986399665 1.1120471953275484 1.227731441915917 0.689987417058001 0.5143172360000906 -0.300881705642332 -0.4109318423280192
1645102044.768853 2.9238017877631863 1.1136492599204644 1.2251093133194857 0.6911306427461057 0.5154458371234265 -0.29896201911048026 -0.40899302858731207
1645102044.7754261 2.9189427782849413 1.1151326363376526 1.2210467596666976 0.6905716748734878 0.5154465983553782 -0.3002774669128666 -0.40897262915057475
1645102044.7820191 2.9149260840615523 1.116775757532324 1.2179249227514561 0.6906163970030728 0.5164674229088456 -0.29963191700476277 -0.4080816701679104
1645102044.788683 2.9113351314392695 1.118412542801224 1.2153088534092782 0.6914517748769875 0.5180220182562012 -0.29804652926333725 -0.4058513647260692
1645102044.795257 2.907372685192876 1.1203055822927914 1.2121355342786533 0.6913070327544605 0.5184631091509783 -0.29680999270206443 -0.4064406404027226
1645102044.801847 2.9033522883566683 1.1217190749829093 1.2089666966256263 0.6917384391532524 0.5188977432470886 -0.29634827691362203 -0.405487995261967
1645102044.8084228 2.8993138157474987 1.1233704888075562 1.2058716740384927 0.6918208837119577 0.5198247236934331 -0.2963202179315105 -0.40417817491729535
1645102044.815016 2.895348144495435 1.1249775626367728 1.2027597011976734 0.6922937122630084 0.5203292935423636 -0.29601763519968066 -0.40293937037281097
1645102044.82162 2.891338986144425 1.1263821806501717 1.1996108525831943 0.6928574899436953 0.5207374874045348 -0.2963212597142718 -0.4012158816746974
1645102044.8282518 2.8877036174594775 1.1277126495664158 1.1968586114261812 0.6940365054686074 0.5211768201456124 -0.29600395690071224 -0.39883483443931894
1645102044.83482 2.883666929294216 1.12933765563142 1.1936301466080488 0.6945545176318285 0.5212643915862366 -0.29648061820372656 -0.39746233819306753
1645102044.841413 2.8796104230498774 1.13048478877445 1.1904778765619455 0.6954121144058869 0.5212451289405212 -0.2976325956513903 -0.39512008510937363
1645102044.848019 2.8763772660802718 1.1316506718202919 1.1880921069417196 0.6971041922433691 0.5211249675276762 -0.296461835498812 -0.3931723564502034
1645102044.854652 2.872503391677575 1.1325650064992079 1.1852296631830508 0.6977169923319871 0.5217765331136573 -0.29787326634517186 -0.39014289269801045
1645102044.8612218 2.8685884881592325 1.133806799186268 1.1821028614832942 0.6979254799158601 0.5209991345215347 -0.29892039083046107 -0.3900079031538985
1645102044.867852 2.865272136479788 1.1351890514782113 1.179545112682109 0.6986326791317025 0.5208090125103346 -0.29832726267205484 -0.3894495736841953
1645102044.874468 2.861656346667609 1.1360946404653287 1.1767489915400602 0.6987868018739671 0.5206098071203387 -0.29930432539591895 -0.38868874694909833
1645102044.8810182 2.8581196206141373 1.138087715957079 1.1742404394224966 0.6979429288495564 0.5214473673294567 -0.2991676654897304 -0.38918716357878463
1645102044.887674 2.854621385353943 1.1388063357423954 1.1717339305158085 0.6982433257291586 0.5212850824857986 -0.30012156690724634 -0.3881297765694169
1645102044.894251 2.8509514124423116 1.1391070843229474 1.1689543252519439 0.6985627991260968 0.5210266419755273 -0.302825625909293 -0.38579475713591804
1645102044.900851 2.8480565001756974 1.1410302180339045 1.1671819837351471 0.6979585192579608 0.5228038519209648 -0.30161035723901447 -0.38543570085241696
1645102044.907416 2.84481097090394 1.1408879104793013 1.1644655011297633 0.6987036468391681 0.5214443897584696 -0.3036633759218111 -0.38431385546063895
1645102044.91402 2.841889872273604 1.1424134419859073 1.16262298346556 0.6979150164334176 0.5230824155452846 -0.303793175328492 -0.38341726873450405
1645102044.920622 2.8385029951202254 1.1424488039160525 1.1600959432542564 0.6988721658637245 0.5226980929043519 -0.3057840333498634 -0.3806050723061429
1645102044.927217 2.835279361422252 1.1443008553603136 1.1576452850195527 0.697113293651966 0.5229567821863892 -0.3063488586613929 -0.38301339823498703
1645102044.933859 2.8326299432686746 1.1450585449680661 1.1558729927674094 0.6976940099351308 0.5233456354234279 -0.30680847157887464 -0.3810520917422466
1645102044.940421 2.8296411019571317 1.146558964057314 1.1535758449495517 0.696426871881079 0.5247826088192258 -0.3079328471902144 -0.38048631746414874
1645102044.947019 2.8268146403016288 1.1460503793762105 1.1513989827247164 0.6978133954742507 0.5237929605984114 -0.30969909249166616 -0.377867035907046
1645102044.953624 2.824097434756947 1.1478488754902392 1.149576026536788 0.6967565762397645 0.5248371486120504 -0.3086569714053586 -0.37921851465155965
1645102044.960253 2.821460315171764 1.1474422750670963 1.1475036706154542 0.6977857782702791 0.5240237824656016 -0.31070531567834486 -0.37677051041328313
1645102044.966826 2.818949113731277 1.1481359196508205 1.1456003720347678 0.6973831824348684 0.5243816876508539 -0.31069019030131456 -0.37703023476936137
1645102044.9734132 2.816591927695458 1.1502382720912245 1.144119734642294 0.6954641223822166 0.526425456845977 -0.30951185995042074 -0.3786924533516495
1645102044.9800231 2.8142449330072288 1.1495449411282175 1.1422948185730597 0.6965119773843323 0.5255222641177015 -0.31053171907241367 -0.3771830852240261
1645102044.9866219 2.8120172096217546 1.1519276263875806 1.1408719816625623 0.6937543685095912 0.5279533356525731 -0.3103365981010978 -0.37902644665325197
1645102044.993224 2.8094534660202015 1.1509628490518924 1.1389003854550206 0.6947050524864364 0.5264647736756118 -0.31154072192456 -0.3783673232638506
1645102044.999816 2.8073552604688015 1.1521029494283033 1.1374322355181228 0.6931948187042717 0.5278333404027412 -0.31260213763034345 -0.3783548949857306
1645102045.006457 2.8054222138077325 1.1529225520661064 1.1360869396701574 0.6923330393220279 0.5286940651276465 -0.31343869737018404 -0.3780389760043742
1645102045.013022 2.803274396794176 1.1532380901315729 1.1344132682101096 0.6917126235444179 0.52820605818585 -0.3140961877736749 -0.3793087776786202
1645102045.0196228 2.80144955513288 1.1552137615999625 1.1332735664080822 0.6898353073858371 0.5296446942407491 -0.3141467305495305 -0.38067734358475636
1645102045.026216 2.799623285574685 1.1558515604025148 1.131941741582387 0.689265740602086 0.5296668439225344 -0.3151310933421395 -0.38086454685364785
1645102045.032819 2.7979082471674426 1.1564786154199804 1.1306591330156153 0.6889901146707427 0.529477937263745 -0.3163568419766743 -0.38060969486841023
1645102045.0394208 2.796047449174628 1.155595861018973 1.1291500493622446 0.6900998475101668 0.5277389437607635 -0.31957304272686105 -0.37832062175055076
1645102045.04602 2.7945361450004773 1.155826694121316 1.127981824577105 0.6902574058358474 0.5268717968103841 -0.3210439405427082 -0.3779962943238549
1645102045.052654 2.7928758804252456 1.1565862880681264 1.1268243574937151 0.6896274384776861 0.526746243570755 -0.3229703417061231 -0.3776801554838744
1645102045.0592299 2.7913407663003547 1.156994422460147 1.125665418216338 0.6893020392110291 0.5259734876530427 -0.3245440618210203 -0.3780019812143107
1645102045.06582 2.789979727120277 1.1571200920638405 1.124694952295265 0.6894325192279028 0.5248199400142796 -0.325860983494117 -0.3782340013079278
1645102045.072426 2.7885952876473525 1.1574106327385152 1.1237901647943278 0.6891646241647447 0.5241520119742726 -0.3270228987476963 -0.3786454002969681
1645102045.079042 2.7871318677810017 1.1580675100143685 1.1227839154941768 0.6877649921011838 0.5242824348582936 -0.32931387386372457 -0.3790240929843052
1645102045.0856361 2.785735457738532 1.1585012449660572 1.1218227583597835 0.6866838849181458 0.5239599162944908 -0.33124254471272746 -0.3797490703670468
1645102045.0922198 2.784476687716598 1.1589086682237761 1.120916233168288 0.6854918347931915 0.5236689330576818 -0.3332778478613505 -0.38052241817780197
1645102045.098855 2.783319124337562 1.1591812367448835 1.1202260612664392 0.6848363902535254 0.5233327086719315 -0.33453121706210465 -0.38106484102766097
1645102045.105419 2.782178625573168 1.1594362045544306 1.1195802296573183 0.6843752988567198 0.5230802150233318 -0.3355715669259068 -0.3813251809198093
1645102045.11204 2.781011588889427 1.1597371616278886 1.1188273132635864 0.6836644948348558 0.5227928290129223 -0.3371773949769739 -0.3815777201602664
1645102045.118651 2.7799112695871515 1.1598455250842354 1.118187102248691 0.6834714740546874 0.5223437835552827 -0.3383993904941632 -0.38145649660673087
1645102045.125223 2.77892460954296 1.160283674153452 1.1175568928184059 0.6829028891385046 0.5223493649018497 -0.33971737248153155 -0.38129586572174573
1645102045.1318169 2.777890983705366 1.1604700044445961 1.1169811889420045 0.6825257362690319 0.5222420652894625 -0.34084663555920314 -0.38111023667155147
1645102045.138425 2.777007077634123 1.1607638626811005 1.1165026828631226 0.6820776526536056 0.5224944015697152 -0.34191139403007836 -0.38061261317900663
1645102045.1450508 2.7762479866769616 1.160726253822979 1.1160937722341924 0.6822568093824024 0.5220151749787413 -0.3428020346068065 -0.38014751444893763
1645102045.15166 2.775370659455262 1.161376876265709 1.1156496686614301 0.6813222069482235 0.5228216484028914 -0.34361315191202496 -0.37998309876043335
1645102045.158218 2.7745047027678154 1.1614761060911982 1.1150928700341094 0.6810534342465153 0.5224949076779164 -0.34437814823272395 -0.38022174691446503
1645102045.1648169 2.773928122055355 1.1628522641508 1.115110569039222 0.6796674165343672 0.5239836430983351 -0.34325230686816754 -0.381668355679496
1645102045.1714182 2.773204589992927 1.1626198534628531 1.1147373708243262 0.6793687310841448 0.5246372591074202 -0.3451731878016661 -0.3795641672804426
1645102045.178015 2.7726099520071834 1.1629734848889193 1.1146256368328549 0.6786889900341735 0.5254410778715828 -0.3450689376961036 -0.37976301294800785
1645102045.184622 2.772055321220745 1.1634227133461204 1.1145881497247214 0.6779089209454052 0.5263356259639154 -0.34456560254403906 -0.3803738629338861
1645102045.191218 2.771498316853453 1.1638991051625476 1.1145185038020224 0.676919983178978 0.5272590146405505 -0.34432981812712005 -0.3810693188710793
1645102045.197819 2.7709911603363695 1.1644124346033369 1.1144615880567206 0.6758405860640272 0.528279208710408 -0.34425036861029207 -0.38164370462158925
1645102045.204421 2.7706854889174206 1.1659808600449921 1.1147918329818018 0.6739725962226022 0.530247314961715 -0.34255819213964755 -0.3837347414189327
1645102045.211019 2.77015399683105 1.165575035324104 1.1145663543081632 0.6738021277148314 0.5303663456811364 -0.34409865971395154 -0.38248934214873453
1645102045.2176151 2.769886314287393 1.1661332892386422 1.1147509166979537 0.673018535311063 0.5313827754250057 -0.34381376357689875 -0.38271430041739957
1645102045.2242181 2.769575110359263 1.1667061941439785 1.114928439649658 0.6723370328873968 0.5320244534244392 -0.3436616250790336 -0.3831569474456068
1645102045.230816 2.769386392413864 1.1669857326800428 1.1151140011121072 0.6721788149925366 0.5321220111773486 -0.34327590086218696 -0.3836444734009836
1645102045.237427 2.769321835520022 1.1678620186004833 1.115585187291634 0.6714841768415998 0.5333370084431678 -0.3429815175866348 -0.3834369397497742
1645102045.244019 2.7692821685036493 1.168297042604112 1.116079711929376 0.6714268136783799 0.5338346842558757 -0.34219462488360053 -0.38354789486456925
1645102045.2506251 2.7692309708416625 1.1688039109138109 1.1165356800027728 0.670960945643501 0.5342425023576144 -0.34197201983838726 -0.3839937080897803
1645102045.257214 2.769160570743889 1.16944974946014 1.1169764744522568 0.6702577073028938 0.5348340331428526 -0.34168435798558033 -0.38465393293987
1645102045.2638552 2.7691350330635265 1.1701165226663055 1.1175824524787104 0.66982173672592 0.5353513600043103 -0.3405811867223774 -0.3856706568681571
1645102045.2704508 2.7691924444386538 1.1707511106019481 1.1182186454977492 0.6689506162374872 0.5361834948437354 -0.3399359253618555 -0.38659469613454145
1645102045.277055 2.7694389540786126 1.1713801821479874 1.1190087478225723 0.6682566750908623 0.5371034072659088 -0.3392162971330316 -0.38714973235746786
1645102045.2902489 2.769582227188391 1.1728791879099183 1.1204854786641192 0.6651822311033802 0.5392047294104206 -0.33801698890334486 -0.39055732703323903
1645102045.296855 2.7698159779170957 1.1735337447600978 1.1213767207700158 0.6640496994293469 0.5402979982501291 -0.3370871329375645 -0.3917754451045692
1645102045.303421 2.7700474260923733 1.174280873898413 1.122287655363095 0.662596764274798 0.5413850263354482 -0.3365820187240012 -0.3931664915766112
1645102045.310014 2.7703015738810484 1.1750721529577326 1.123336373292341 0.6609788700160737 0.542762462693177 -0.33570117516635023 -0.3947407428065897
1645102045.316619 2.7706586681226746 1.1757808092639608 1.1244185232945454 0.6594309715250806 0.5441570630872107 -0.33494443892721987 -0.3960501242861175
1645102045.323216 2.77090891565637 1.17634865632893 1.1252430031106457 0.6576839929735544 0.5447680456355635 -0.33449840974452333 -0.39848455028083024
1645102045.329819 2.771286413908889 1.1772838504059628 1.1264691929179138 0.6562454968564129 0.5463462563851093 -0.33329878653056033 -0.3996987101713443
1645102045.336417 2.7716720159363852 1.1779419444356114 1.1276271961299167 0.6547396354861047 0.5475488082512184 -0.3321970834068514 -0.4014360573818599
1645102045.3496141 2.7722758790137725 1.1786482955780146 1.1289973646270801 0.653441620329509 0.5488132253421183 -0.33098949447707404 -0.4028195185009606
1645102045.356243 2.773263645278734 1.1799305094653239 1.1314509852522552 0.6508885784168928 0.5510202447693926 -0.32785778290095646 -0.4064843410841142
1645102045.362807 2.7738085582261514 1.1806529928630918 1.1327231935789206 0.649093155112294 0.5524850904381824 -0.32658372004512837 -0.4083882230897006
1645102045.376013 2.774373911115066 1.1814421575085328 1.13405051620825 0.6474101001906875 0.553979390671127 -0.3248388185292807 -0.41042218213803694
1645102045.3826199 2.775029309483851 1.1820504715988696 1.13557469400215 0.6462674865223013 0.5554728512445197 -0.32261272335911784 -0.41195749990060065
1645102045.389226 2.7758070329931814 1.1826399007973698 1.1371067334185896 0.6450519931305454 0.5570268553954462 -0.3204053701741358 -0.41348396113021574
1645102045.395823 2.776302634326281 1.1834015006914729 1.1383879074119134 0.6424406640765112 0.5588603120375698 -0.3193726262322272 -0.4158676048022443
1645102045.402424 2.777250772212698 1.1840038964120778 1.1401728571833898 0.6414108831777661 0.5606459342891319 -0.3165643692364694 -0.41719871275763243
1645102045.40902 2.7778839387975953 1.1847523652803502 1.1416024280316652 0.6388676899418924 0.5625524875737081 -0.31520062989989567 -0.4195605791439128
1645102045.415651 2.7787612813216223 1.1851586327747818 1.143131527863414 0.637275856535343 0.5637872175117451 -0.3129040166727012 -0.4220358462965766
1645102045.422231 2.7793753075304544 1.186073601379975 1.1447144789967818 0.6347244084028716 0.565955175811256 -0.3111157767931126 -0.4242950863718961
1645102045.42883 2.780250585342925 1.1866399627090378 1.146416340437241 0.6327132794041512 0.5678062801974616 -0.30895951942049693 -0.42639602132548415
1645102045.435452 2.781058208483454 1.1873222610048375 1.1480168650563098 0.6304940695921982 0.5694011007596913 -0.3066605635505992 -0.42920679611580703
1645102045.442015 2.7815395644301155 1.1880114002616915 1.1496090856904662 0.6278628676299521 0.5715461278784636 -0.30492084504403877 -0.4314464861702797
1645102045.4486248 2.7824293838502507 1.1886752686113682 1.1510254564197755 0.6254290060473465 0.5729605059559837 -0.3030542055510194 -0.4344105031796574
1645102045.4552162 2.783180825134007 1.1892403177311852 1.15285498411773 0.6233562010451622 0.5749218579243016 -0.3002493240446768 -0.43674005461552284
1645102045.46182 2.7839985032894443 1.189810465161114 1.1545535501443014 0.6211210465848893 0.5769496399646074 -0.29832896549519095 -0.43856254301945413
1645102045.46841 2.7848621367685684 1.1904738518926996 1.156201152949817 0.6188935208176711 0.5786374682131039 -0.2961777458718337 -0.44093969167105584
1645102045.475014 2.785914279939579 1.1909311424967401 1.1580152348842745 0.6172401736949396 0.5804585525478694 -0.2937801839863853 -0.4424648999346114
1645102045.481611 2.7873761362889433 1.1912710135342564 1.1600504206491071 0.616413151526594 0.5817683612662333 -0.2900762863467394 -0.44433759943189316
1645102045.488228 2.78752422968381 1.1919855086619324 1.1612092362833766 0.6131388049029742 0.5839182676856685 -0.29003216988207964 -0.4460730891167788
1645102045.494823 2.788515786270042 1.1924869992238705 1.1629646847251678 0.6114537473543623 0.5856841293154341 -0.2874296979022199 -0.44775229469851197
1645102045.501417 2.7894859917062655 1.1927321267849698 1.164659635793194 0.6102170699340895 0.5871278218679923 -0.2848844726236793 -0.4491731126254088
1645102045.508014 2.79051521428445 1.1932951453137117 1.166135328865507 0.6083495535602946 0.5885240165122475 -0.283304132526287 -0.45087561809961346
1645102045.5146172 2.791376011081512 1.19381281927276 1.1677064454243338 0.6065692885746726 0.5903170456022998 -0.28159221523371397 -0.45200106674574786
1645102045.521214 2.7918970002293366 1.1942239945671167 1.1689542242003912 0.6045780084061999 0.5918734121593958 -0.2803013525990228 -0.45343362573493357
1645102045.52785 2.793388389847637 1.1945642738984097 1.1709617471837808 0.6035553829317815 0.5938062184415107 -0.2778489162293222 -0.45377820246492057
1645102045.5344489 2.7941645799938706 1.1948833185149252 1.172612028586974 0.6021817045852861 0.5954389846046354 -0.2756201056409585 -0.45482167730961387
1645102045.541054 2.7951756986726917 1.1951834434531499 1.1743561047258084 0.6010576895461804 0.5971357410056249 -0.27315441604619783 -0.4555709366798542
1645102045.54763 2.796199940641342 1.1962478705334076 1.175988762980673 0.5986460417837243 0.5984934167796673 -0.2705558487480752 -0.4585057518700514
1645102045.5542169 2.796474158704313 1.1961179215254902 1.1764898566909088 0.5966585255988611 0.5996845768015711 -0.27181726077561863 -0.45879407809986167
1645102045.56081 2.7972953184976967 1.1961585258072602 1.1779210183980917 0.5956236718808392 0.600933055746971 -0.26961057016549783 -0.4598059998378682
1645102045.5674188 2.7986883071189452 1.1962176525724952 1.18066831379857 0.5959835073987898 0.6030005919325151 -0.26509842498253816 -0.45925624605005766
1645102045.5740118 2.799538058031222 1.1966159396282716 1.1820672502160834 0.5941468477015579 0.6046672333984101 -0.26314057654249207 -0.46056894395689324
1645102045.5806148 2.8000967242611043 1.1970394961534667 1.182535840020394 0.5908976185521319 0.6063411120299248 -0.2629215907437394 -0.4626687775701098
1645102045.58722 2.8012406045658884 1.197382662237495 1.1843823256764785 0.5887748813495656 0.6085365405155128 -0.2599892439758676 -0.4641473966774993
1645102045.5938911 2.802137306116971 1.1976302060896025 1.1858054392799195 0.5870506080438354 0.6102954030738809 -0.25763361820128217 -0.4653338489775198
1645102045.6004212 2.80347976566628 1.197559840279965 1.187612555577882 0.5866233775498162 0.6123001701444268 -0.2541424354583281 -0.4651589009807193
1645102045.607038 2.804674786434197 1.197454225194328 1.1891710515689435 0.5857974448796818 0.6136682531755735 -0.2505634910771731 -0.4663368594482162
1645102045.613632 2.805151447110384 1.1979783315807533 1.1904998668049824 0.5830269546854521 0.6158736437196616 -0.24847972615553351 -0.46801348100163487
1645102045.620236 2.806129272321687 1.1981426404938937 1.1922368169379356 0.5825385002041883 0.6172993233447158 -0.24515094890093964 -0.468498635880609
1645102045.626834 2.806926925360171 1.1983347660320345 1.1931392707832458 0.5795475099280681 0.6198422652117996 -0.24415305256853098 -0.46937113399340563
1645102045.633433 2.8077076716499403 1.1995544774682145 1.1955371956378167 0.5769952849336722 0.6219947101470705 -0.23876156884540964 -0.4724313575010663
1645102045.64006 2.8091393537276117 1.198732324233517 1.196390135835792 0.5768610805476271 0.62318267627257 -0.23724240436715008 -0.4717947996030396
1645102045.646632 2.810151491710896 1.1986102649191035 1.197926784002364 0.5760946757330406 0.6250078157582162 -0.2336075774847936 -0.4721306900418695
1645102045.653225 2.8107880213087397 1.1986192982489707 1.199245100478838 0.5737196340781221 0.6275180726229578 -0.23177442667508855 -0.47259601838344356
1645102045.65986 2.811667773327065 1.1986164940685684 1.2004435436971503 0.5720960154136439 0.6292625526802981 -0.2294576781734795 -0.4733746591960845
1645102045.666451 2.8130218829948705 1.198375318638124 1.2018227991565609 0.5714693082414869 0.6303274052408855 -0.22552914737658067 -0.47460143518546277
1645102045.673055 2.813986875264906 1.1983884662974253 1.2023739842697934 0.568601736000232 0.6317932709212357 -0.22428115558822104 -0.47668321821981824
1645102045.67965 2.8150081650173924 1.198510683663733 1.2042830604887873 0.5680178934144231 0.6340777744869694 -0.2205864980873977 -0.47606959007306315
1645102045.686225 2.816284256620334 1.1981939589526807 1.2058289228488523 0.5670521692176099 0.6359086766172604 -0.21685561745615564 -0.4764926796322906
1645102045.692827 2.816397384936497 1.1983035381634892 1.2058177169417155 0.563825693922674 0.6365227746455876 -0.21634088176449043 -0.4797245584306949
1645102045.699457 2.8179486511732708 1.1983185149797604 1.2080049025072461 0.5626558394471348 0.639375668933504 -0.21195378941705492 -0.47926233668955853
1645102045.706064 2.8191892874705933 1.1979651886135303 1.209338892338373 0.5614255793590603 0.6409938610790533 -0.20844742285067963 -0.4800806962217111
1645102045.71263 2.820267218047368 1.198024214775544 1.210555134452315 0.5594610721427676 0.6428662991174211 -0.20540167077076277 -0.4811819596627561
1645102045.719224 2.8211287322910787 1.1980498053444577 1.211819625155906 0.5569229638611182 0.6449262408970897 -0.20205539498313194 -0.482783842833335
1645102045.725832 2.823146782184922 1.1969857728057598 1.2142109900115012 0.5573630648507565 0.6469192214838217 -0.19531095390816852 -0.4823849384290114
1645102045.7324579 2.8234455555971207 1.1976813677923948 1.214327449933755 0.553372118966344 0.6486967566213713 -0.19513103051671934 -0.4846599930978971
1645102045.739024 2.8242848905058873 1.1973504097955807 1.2155802446544124 0.5510230432628331 0.6505155746913385 -0.19156696969002557 -0.4863177171925913
1645102045.745627 2.826119913906553 1.1967176159359634 1.2174055055799946 0.550398235941341 0.6525898017050529 -0.18560604423995203 -0.4865576598287661
1645102045.752272 2.8264529987704687 1.1974625811044124 1.2176579689988372 0.5458840595833401 0.6544621191736038 -0.18467737299223053 -0.48947312141739757
1645102045.75882 2.827622859436321 1.1971262510158283 1.218936635020076 0.544190619638618 0.6563574159400464 -0.18054376710030604 -0.49036209212541254
1645102045.765475 2.8297825348910095 1.1958186632044394 1.2214643176331481 0.5450767613676007 0.6589638703159763 -0.1731066166323698 -0.4885608509040631
1645102045.772023 2.8297086749680727 1.1974109971124527 1.2218860932374354 0.5390478264985792 0.661284716663568 -0.17218172823988853 -0.4924257383186345
1645102045.778621 2.8314550167638184 1.195971220568064 1.2229342930550176 0.5396751341335435 0.662641693778202 -0.16798848378566228 -0.4913617098826383
1645102045.785224 2.832165116842439 1.196436307574388 1.2234832245904992 0.5366396425499181 0.6647636238019962 -0.16621677798933188 -0.49242138284831594
1645102045.791831 2.833695091149349 1.1957052997545499 1.2245205121089127 0.5363106753808663 0.6658215074913991 -0.16216764564461464 -0.4927006226682733
1645102045.79842 2.834673783041774 1.1957265275816253 1.225658160987349 0.5342289653859176 0.66792675438347 -0.15871371574507684 -0.49323715688902425
1645102045.8050208 2.8357324788147777 1.1956130576488286 1.2265732168849635 0.5326295640121727 0.6698586262941423 -0.1558043166179177 -0.49327457167700595
1645102045.811659 2.8370802899433563 1.195148065195811 1.2276121736198464 0.5319469127595968 0.6712130496480042 -0.15220245879418406 -0.4932945973280618
1645102045.818249 2.8382350160745675 1.1949063231044383 1.2284616869752987 0.5309065518757141 0.6726218346917952 -0.14931714016164052 -0.4933782237267731
1645102045.8248162 2.839799318262514 1.1941945649931889 1.2293698650646365 0.5310199780039889 0.6736436830705304 -0.1459694775979155 -0.4928634719403708
1645102045.831414 2.8409727674321044 1.1939857741084232 1.230192132003505 0.5301066954155832 0.6751407751602564 -0.14364590059209073 -0.4924807780845969
1645102045.838033 2.842235637173518 1.1937010085048918 1.2309543693023144 0.5297225510159298 0.6760392321765912 -0.14139270655690114 -0.49231364091346885
1645102045.844621 2.843470247381971 1.193395697883212 1.2316094302599978 0.5294689647842524 0.677003702073452 -0.13959258340422812 -0.49177444294943384
1645102045.85124 2.844753971420447 1.1932448364234338 1.2316828042878099 0.5280036401742066 0.6784414655674065 -0.139536847346924 -0.49138426550650677
1645102045.8578281 2.846005574442311 1.1930322060959686 1.2323521591629731 0.5281513859409612 0.679371287357611 -0.1382544125819067 -0.490302079310296
1645102045.8644228 2.8476770596641323 1.192027401060536 1.233646334963502 0.5315472008581543 0.6790899934235624 -0.13507407575469185 -0.48790264410658934
1645102045.871066 2.8490836673864353 1.191575090648081 1.2340939792803796 0.5326954557738651 0.6792123073884592 -0.1344382734766535 -0.48665411724161345
1645102045.8776262 2.8504622301990175 1.1913344615733803 1.234074134278462 0.532811633967217 0.6798152867671108 -0.13539908104619647 -0.4854169843058896
1645102045.8842182 2.8518986362645666 1.19090064828983 1.2344573530583536 0.5346086643952587 0.6796385498515781 -0.13568961747604802 -0.4836041014423581
1645102045.890833 2.8533871258484247 1.1905461402934374 1.2348690817371446 0.5367057562163734 0.6790922928280431 -0.13562724304201612 -0.4820638587536755
1645102045.897424 2.85474732265624 1.1901688491395868 1.2350379699304816 0.5385513931452218 0.678479495004861 -0.13642133396635064 -0.48064214221420076
1645102045.904023 2.856065814437267 1.1898618845344542 1.2349670059626392 0.5401537144374953 0.6779153998090826 -0.13812135242867887 -0.47915212468506246
1645102045.910617 2.857341043941315 1.1895787807736744 1.23501331343503 0.5424832413849169 0.6762713716381361 -0.13867385926098366 -0.4786838738086615
1645102045.917232 2.8592276984678824 1.1888405447474537 1.2350574488583939 0.5456504797052486 0.6754910803724496 -0.14024931555976325 -0.4757174462740424
1645102045.923855 2.860676428904032 1.1883630146025268 1.2350487736618938 0.5478762652491036 0.6745407100579874 -0.14148271594090847 -0.4741399384587066
1645102045.930453 2.8620303785431913 1.1881638581771516 1.2347751049945994 0.5497232025194853 0.6733169150409989 -0.14344419783181847 -0.47315123602738696
1645102045.937056 2.8644874990012203 1.1869534886072162 1.2353712783293926 0.5548213043068145 0.6713912814178163 -0.14283546578006764 -0.4701112686870907
1645102045.9436212 2.8655351095863 1.1867631584507585 1.2348741967367527 0.5567457513087221 0.670718705508813 -0.1464971115734531 -0.4676631844008444
1645102045.9502468 2.8671543593900957 1.1863161945214542 1.234568187011652 0.560087353031503 0.6690210488148662 -0.14893588843987746 -0.46532862409917575
1645102045.956821 2.868233700720102 1.1864031825078187 1.2333811287962784 0.5613824747047681 0.6670825641317607 -0.1538176469001368 -0.4649626101424318
1645102045.963446 2.87016622681902 1.1855861545803579 1.2333883500012948 0.5662422053434588 0.6650623566074557 -0.15642919895942614 -0.4610762970439327
1645102045.9699872 2.871905365568074 1.1845705690227497 1.2336892261940515 0.5718283670292174 0.6621083705011266 -0.15770514946134076 -0.4579885197824221
1645102045.976624 2.8738277893880095 1.1839401920211672 1.2330065343150425 0.5755445389643792 0.6596641868650831 -0.1614703272641211 -0.4555421561116625
1645102045.9832242 2.875084437433951 1.1839336651762473 1.231732511465726 0.5779063358215183 0.6571591287422927 -0.16736681104176163 -0.45404210673985423
1645102045.989857 2.8769931003773217 1.1828227724136184 1.231632001211939 0.5830423564493433 0.6538913860321405 -0.1697148219251287 -0.45131388159072466
1645102045.9964201 2.8783965767145556 1.1826358212286243 1.2305351981772912 0.5862653514756847 0.6508020803446724 -0.17545012090788648 -0.4494067794691613
1645102046.00302 2.880087444302217 1.1818293663593433 1.2298228382531304 0.5904386793398538 0.6473879278822754 -0.17989548361923513 -0.44711100754185473
1645102046.009672 2.882098804294957 1.1807909258475378 1.2292373889497328 0.5954179482638863 0.6432547375525339 -0.18388693298916967 -0.4448437881076605
1645102046.0162308 2.8832671644039634 1.180674167327643 1.228416733054338 0.5981086642167096 0.6408007510090024 -0.19053607679127416 -0.44196842897074984
1645102046.022829 2.885058094003807 1.1795149612408402 1.2272776502868616 0.6028102851429666 0.6357467324790866 -0.19560402604938057 -0.44066370945474614
1645102046.036024 2.886850575974343 1.178635200171052 1.2267325615944407 0.6070883444585107 0.6318790154327449 -0.2007606303158836 -0.438026879695554
1645102046.04264 2.8883098288082114 1.1781565120086699 1.2252363860966926 0.610333934170528 0.627374774847578 -0.20822985343069955 -0.43650134584208883
1645102046.0492249 2.8898785614192573 1.1770298170037028 1.2244069928381747 0.6146837278835701 0.6229131246574224 -0.21414864691268723 -0.4339160919112396
1645102046.05582 2.8913215061651396 1.1762470393609936 1.2230951704906552 0.6184156854494945 0.6179191718076157 -0.22117281459655394 -0.4322266716786659
1645102046.062447 2.892509553375776 1.1756443995386485 1.221805249339219 0.6220159253834858 0.6133378894100143 -0.2292033864713152 -0.42939285817251494
1645102046.069021 2.894073745707772 1.1747080277829987 1.2205757252568363 0.6262321058635318 0.6080020405263361 -0.23669046346444558 -0.4267835328940328
1645102046.075653 2.8947386265066353 1.174326636793011 1.2189428445791735 0.6290226564915314 0.6033158922092259 -0.24642253803643122 -0.42381114388016533
1645102046.0822232 2.896342998362882 1.173200093189414 1.2174788015729736 0.6339091628100437 0.5965430454332583 -0.2540605602683607 -0.4216021702873111
1645102046.088825 2.8979077577550947 1.1715488600472694 1.216964953431575 0.6402523710704101 0.5904298278135205 -0.25989899625482954 -0.41703911252672604
1645102046.095419 2.8989543271728326 1.1708797413615046 1.2147725208230373 0.6437166495892672 0.5833132634088809 -0.2698835058801225 -0.41537581374018195
1645102046.1020212 2.899886079044486 1.1697584483123877 1.213030611600967 0.6475920240616327 0.5767570101837514 -0.2795832361928059 -0.41207849273813213
1645102046.108617 2.900796393852897 1.1686615370893425 1.2113193754507723 0.6515296843112365 0.5695927495151138 -0.2883888079748388 -0.40976158221643094
1645102046.115222 2.9021512574690727 1.1674575252705488 1.2100295793922096 0.6559004097097003 0.5632097015043045 -0.2965989171242615 -0.4057316089034759
1645102046.121823 2.903244369865709 1.1663593498796485 1.2083479617229858 0.659781122527512 0.5554088683145484 -0.3043739089749441 -0.4044331896227439
1645102046.1284301 2.903707375677766 1.1650555322501976 1.2063566589280463 0.6624963409649277 0.5488914512013564 -0.31483043708022335 -0.40087178612425667
1645102046.135021 2.904486429683735 1.1638913800537811 1.2045998420689294 0.6655999475423418 0.5418008619762701 -0.32376586884332703 -0.398250947262351
1645102046.1416562 2.905830670037614 1.162906987532589 1.2033216474495425 0.6690672848729091 0.5351262284283209 -0.3306327283030368 -0.39581635274788035
1645102046.148248 2.9062404420286834 1.162375670660748 1.201641347557126 0.6703749223638219 0.529170917137885 -0.3395224835384995 -0.39408082575234676
1645102046.154825 2.907233369932074 1.1604749227204672 1.199794054846127 0.6736292137824016 0.5220014957468151 -0.34831548962041403 -0.39040246572933834
1645102046.161441 2.9074772024198845 1.1595929955372384 1.19807468093414 0.6754416985999572 0.514920298317691 -0.35628037855196315 -0.389486238738595
1645102046.168032 2.9083935351587145 1.1574855124836432 1.1963348600971113 0.6787891567452565 0.5072710508913965 -0.36466991023173356 -0.3859233753025756
1645102046.174625 2.9080742415841585 1.1575713080344676 1.1940659834443823 0.6777381224633267 0.5018040495844214 -0.3744124466664305 -0.38558873127411253
1645102046.181222 2.9084763604550727 1.156309661141212 1.1922750345564894 0.6797559564520366 0.4946767669052062 -0.3819902556160924 -0.3838096317708935
1645102046.187834 2.9090218444723654 1.1550398420306205 1.1905607467926642 0.6815050636271028 0.487922074702294 -0.38969837658530004 -0.3815987590359244
1645102046.1944268 2.909967660170469 1.1532409254397882 1.1892718067293924 0.6844434421565005 0.4808713712409887 -0.39580567444765646 -0.378995230200736
1645102046.201018 2.9105866111055567 1.1521582267568502 1.1876493793759961 0.6860374325775398 0.47458626000897 -0.4026363288328455 -0.3768345182681543
1645102046.207635 2.9108348227520495 1.1507942016734387 1.1858198165116531 0.6875383529676544 0.4677129717734609 -0.40959823196150624 -0.3751859643207635
1645102046.214218 2.911418693744109 1.1496020676851422 1.1842497434549104 0.6892855297392417 0.4614096574889855 -0.41571783813422397 -0.3730481835027447
1645102046.22083 2.912297555646015 1.1472857473801674 1.1828171601423847 0.692306582297442 0.4544508938328693 -0.42213237047601665 -0.36876821840311136
1645102046.227419 2.9126495174730085 1.1459441901725198 1.1812049003355645 0.6940402710276071 0.4482390124527521 -0.4279252388067177 -0.36642791538348074
1645102046.234043 2.911598339130252 1.1450557871434344 1.17846706384702 0.6925336913332837 0.44159607019585506 -0.43761771987196124 -0.3658967716567305
1645102046.240631 2.912973467615461 1.14369663220524 1.177575628650838 0.6957082644790541 0.43577084181189807 -0.4404145276258613 -0.3634947844509288
1645102046.2472289 2.9126739595362587 1.1422314044017288 1.1755704272040768 0.6961429323536652 0.42929982999921457 -0.44777429837865657 -0.3613649496056132
1645102046.253827 2.9129778810529783 1.1410265141254305 1.1739490380931028 0.6971856112627166 0.4236180869048784 -0.45315288828874817 -0.3593495475232514
1645102046.26043 2.913198969552688 1.1400763220062577 1.1724853022175945 0.6978822754404901 0.41874680301889794 -0.4587828304736406 -0.35655228014720525
1645102046.26702 2.9128801782183316 1.1385343875624312 1.1703450159706794 0.69849481821247 0.41143443951280845 -0.46443506942573315 -0.3565479145881087
1645102046.2736268 2.913172807350091 1.137123788696658 1.1689118578067892 0.6998565419446109 0.405665154304156 -0.468526798936504 -0.3551321700060519
1645102046.280221 2.9125735209749832 1.1363727364285217 1.1666642710616337 0.698745821082572 0.40021730132371997 -0.474534652289634 -0.3555233150552517
1645102046.286837 2.9132597183742988 1.1347851676306993 1.1655240519529246 0.7004614323181722 0.39462308653411826 -0.47804118864926837 -0.35369854645104937
1645102046.293421 2.9135451823703717 1.1340967090192804 1.1639706221919301 0.7008513941631164 0.3899813840853258 -0.4811192034764545 -0.35390064576509683
1645102046.300025 2.9134352718603562 1.1328646837728662 1.1623682929094614 0.7009917278693223 0.38499288203145854 -0.4848428030174082 -0.3540030976690639
1645102046.3066518 2.9134824682026865 1.1317412121852772 1.1609204492446894 0.7013262407387495 0.38018526090121113 -0.48866912747411695 -0.35327431004099696
1645102046.31322 2.9131063861287823 1.1299966054428154 1.1594234400295544 0.7012680011390914 0.3750477907402807 -0.4936834751628177 -0.35190725885741964
1645102046.3198159 2.9134614305752864 1.1288193708342351 1.1581733328611221 0.7017044975442133 0.3709731182244074 -0.4966653246125468 -0.35115933142741157
1645102046.326452 2.913863699406721 1.1281015431623715 1.1568260073885839 0.7020958298454938 0.3673182232668289 -0.4982435505473674 -0.35198261147702253
1645102046.333014 2.91375403593777 1.1268548997379204 1.1554892224890585 0.7023573587775425 0.36282035236249577 -0.5011934068506866 -0.3519379509589458
1645102046.3396301 2.913026602022224 1.1250258091084537 1.153931185579801 0.7016748754400132 0.35775045540556677 -0.5064757755984699 -0.35092581003042295
1645102046.346226 2.9137464753820783 1.1243078164665714 1.1529576023820867 0.7026316022057865 0.3546563284981578 -0.5066330893536755 -0.3519236870087106
1645102046.3528268 2.9133567531585403 1.1226067807054734 1.1517338493885034 0.7022180465496385 0.35053841780710043 -0.5107729821264961 -0.3508894591223711
1645102046.359456 2.913535897722074 1.121310518838892 1.150746753486326 0.7024463440278892 0.34682778800357006 -0.5134565845945174 -0.35020206594449416
1645102046.3660328 2.913153116620985 1.1200244206622367 1.1493027571599592 0.7017721050963174 0.3427380810081627 -0.5168841220140729 -0.3505378805068795
1645102046.372619 2.9132709028091566 1.1188494576913992 1.1483575821988972 0.701578262116325 0.33977313771902756 -0.5191483561008599 -0.350466324118291
1645102046.3792279 2.9133076301534095 1.1175871943881683 1.1473053412594343 0.7013136363867534 0.33678453121498325 -0.5214371823901853 -0.3504827809062339
1645102046.385819 2.9133670064667174 1.1162436726358989 1.1464553557844748 0.7010574021302206 0.3342143450676428 -0.5240021361719288 -0.34962946597532124
1645102046.392444 2.9131540027897542 1.1147706453322943 1.1453035958591575 0.7004786307842953 0.33074044105549555 -0.5264732513492089 -0.3503798300935764
1645102046.399018 2.913325491343306 1.1136016040008023 1.1443784480415637 0.69997730427662 0.32928653657306284 -0.5283588969167642 -0.34991243535263056
1645102046.405652 2.9132012220811023 1.1122691320515619 1.1435995262784255 0.700240842478056 0.32613968178281394 -0.5298425684474143 -0.35008859974007633
1645102046.41222 2.9133634788999005 1.1110250708011546 1.1429178798056847 0.6998581748005032 0.32436721106628646 -0.5315904540086472 -0.34985115972389325
1645102046.418834 2.9132692315726065 1.1095951614333512 1.1420759933974964 0.6994996268756617 0.321684587132133 -0.5329608700869953 -0.3509582405198141
1645102046.425445 2.9135453655100485 1.108462853964117 1.1415239820149348 0.69953685448696 0.3199194653816173 -0.5337398576548177 -0.35131358598208634
1645102046.4320362 2.9139997305721534 1.1074704997357339 1.141096572289631 0.699572926333633 0.31916156114100624 -0.5340553507731618 -0.35145148580685354
1645102046.438656 2.914082218548946 1.1061341374075981 1.1405088447267244 0.6993184431257242 0.3173619187189953 -0.5348935316273239 -0.35231184487220185
1645102046.44523 2.914126010192385 1.104964034099452 1.1399434788960978 0.6986751115059538 0.31610322815902686 -0.5357666775745168 -0.3533916237669643
1645102046.451859 2.914538873697064 1.104036842950273 1.1396986398659539 0.6985601119438587 0.3158108487906112 -0.5357949337253197 -0.3538370941272484
1645102046.4584582 2.9146730426234653 1.1032786983791643 1.139157117481256 0.6974321314094674 0.3151182995562616 -0.5364373104044219 -0.35570142514148834
1645102046.46502 2.915196259389255 1.1021688933943845 1.1390539413460257 0.6973628784026877 0.3146833266249489 -0.5358753551302684 -0.3570668941143222
1645102046.4716191 2.9160192834838665 1.101681453242633 1.138768196506621 0.6972986464131806 0.31502350354153097 -0.5340575920898215 -0.3596067275788259
1645102046.478226 2.915837685145761 1.100206944239442 1.138575646303539 0.6961072579527185 0.3137489895382324 -0.5354935463359836 -0.36089122997880696
1645102046.4848268 2.9143366383585576 1.0998549950909131 1.1372021912191768 0.6930856194616407 0.31331109207413244 -0.5361540915759548 -0.36606955685935577
1645102046.491431 2.914072565128 1.0992445140533948 1.136886930435036 0.6914039835694135 0.3116495872538091 -0.5370923595260082 -0.3692784561915427
1645102046.498055 2.916896646978406 1.0985353279420331 1.1380961002518744 0.6941753151584135 0.31435546834589884 -0.5330471341956559 -0.36764354412210587
1645102046.504621 2.9180466479773375 1.098153880896235 1.1383333465098482 0.6946238287686383 0.3148720691049244 -0.5306217536501475 -0.3698561061233517
1645102046.511254 2.9161631264725076 1.097854342349702 1.1371828731833975 0.6909030533669819 0.31298847472348074 -0.5330273740228101 -0.37493006794844547
1645102046.517888 2.9165877871477335 1.0973214650675283 1.1373014718654548 0.6903700043075264 0.31303232053410335 -0.5322743069249742 -0.37693977705892856
1645102046.5244522 2.9156749016499575 1.0965145567505563 1.1368591207122292 0.6886526870439172 0.3109657851509886 -0.5327148240469577 -0.3811458419499606
1645102046.531023 2.9171410517934553 1.096318121688744 1.1375845093938073 0.6889155316410266 0.3128326796198595 -0.5311190139910251 -0.38137052131835636
1645102046.53762 2.9179581458825483 1.0960280273196934 1.1380910475364434 0.688209112026677 0.31400799964095333 -0.530431997190461 -0.38263384531214606
1645102046.544224 2.9178956951439825 1.0952660201038658 1.1383563100432663 0.6869075183238839 0.3140923123708932 -0.5311214974516348 -0.3839448771224001
1645102046.5508559 2.9185347979706835 1.095334167680806 1.138681573610148 0.6863706147112357 0.3147277944240068 -0.5285289251964226 -0.3879413554890016
1645102046.557423 2.918766342387772 1.0950866129759464 1.1390245955017313 0.6855154656679426 0.3154990594450422 -0.5269264698221576 -0.3909949183400938
1645102046.564022 2.919552415067964 1.094921692360714 1.139735027330139 0.6849066296723989 0.3167769150043479 -0.5257958176201597 -0.39254762570499974
1645102046.570656 2.9198052866486 1.0947383635915224 1.140379107589925 0.6836085826897932 0.3181015330685304 -0.525118738220247 -0.39463996093912124
1645102046.5772212 2.920273802109883 1.0947162627731422 1.1410370743909248 0.6828679702046275 0.319421247640037 -0.5232598863446526 -0.39731619253891726
1645102046.583821 2.920462327561296 1.0946594710910675 1.1415675119056699 0.6813918996026339 0.32085398554517397 -0.5218745963790177 -0.40050529129981444
1645102046.590445 2.9205368170758734 1.0946169502960814 1.142172880883573 0.680001870698635 0.32219480794625 -0.520444930221503 -0.40363927446242237
1645102046.597022 2.9207913955606752 1.0947138594566634 1.1429407972664505 0.6788917450794657 0.3237213263836767 -0.5183887738419446 -0.4069192194917374
1645102046.603615 2.9212784267486764 1.094985778978305 1.1439838271998237 0.6778348154244992 0.3264235518044229 -0.5159909538613735 -0.4095614096076634
1645102046.610219 2.9214267595429297 1.0950624846961592 1.1446570494360655 0.6764986766640458 0.3284734243800093 -0.513098483456791 -0.4137442074077353
1645102046.616854 2.9218404704529135 1.0952409206685259 1.1456887650988028 0.6755917257143303 0.3308784054867253 -0.5098058719490787 -0.41736415219007433
1645102046.623424 2.922493743412358 1.0954804148084447 1.1468904907867383 0.6743308496093156 0.33435276488534826 -0.5069012084842388 -0.4201630331483205
1645102046.630015 2.922471771025563 1.0956264505047502 1.1476328562210183 0.6725502913744902 0.3369154533346561 -0.5035093342676188 -0.4250202342134086
1645102046.643269 2.9232280367782675 1.0962387165801428 1.149895154561685 0.6693331168065578 0.3441576091725432 -0.4963696259433473 -0.4326263845786235
1645102046.649822 2.9252547750449014 1.0961688449184943 1.1519245948249317 0.6700804415217979 0.3489299240236378 -0.4905630020320503 -0.43426672510538694
1645102046.656415 2.9254243942572153 1.0963520099183075 1.153022452527906 0.6681004680478707 0.35253675045862803 -0.48727733214215 -0.4380867949021472
1645102046.663019 2.9256155223136666 1.0966275870153206 1.1542251157356225 0.6662318433159663 0.3562396690435501 -0.48375081679088106 -0.4418295068442558
1645102046.669618 2.9256533728688465 1.0968282307396926 1.1553234791032476 0.6642315396016542 0.35952714438065503 -0.480385744100499 -0.44583164574232215
1645102046.682857 2.9251636046685507 1.0983726545606638 1.157433101389504 0.6588748197123935 0.36621442846587426 -0.47367659891156294 -0.45541322115275307
1645102046.6960151 2.9235882718088897 1.0979970205059355 1.1577235139110789 0.6555632265446348 0.3672998734163438 -0.4733629748682928 -0.45962458362675684
1645102046.7026272 2.9249682397052506 1.09745169507151 1.1596333887737313 0.6561647866252758 0.37116872476495233 -0.4690663459529663 -0.46006304593702885
1645102046.709218 2.922980133181607 1.098168682363711 1.1598116714078361 0.6518354660985923 0.37254855364622425 -0.46836002761097467 -0.4657859099248939
1645102046.7158241 2.924776032689409 1.0978766947223813 1.1619084683133571 0.6531032073973769 0.3766707311710356 -0.46232953480513 -0.46671875846311167
1645102046.7224169 2.9242507719446085 1.098180947346467 1.162775557951575 0.650728542646278 0.3795182331498963 -0.4595161387214755 -0.4704920255816661
1645102046.729023 2.9224609782565825 1.098743777570746 1.1630861525699006 0.646933462557205 0.3809834945344261 -0.4581553517015548 -0.47583816164456955
1645102046.735656 2.9240986597435614 1.098567697424732 1.1650717787423195 0.647780923795966 0.3853856298147041 -0.45228209835054056 -0.4767580944266341
1645102046.742226 2.922001303195797 1.0993706973445458 1.1652586416410526 0.6430683835697246 0.3870356640119357 -0.4514586650068076 -0.4825465936345281
1645102046.748823 2.9216098922481244 1.0995309506260469 1.166199559811867 0.6407450779710124 0.3907842443115319 -0.4482467404398357 -0.48560056468945045
1645102046.7554219 2.9212904029784017 1.0997877508948357 1.167235933046564 0.6385601361057932 0.39358161011060744 -0.4460467046278617 -0.4882381139229221
1645102046.7620218 2.922796518263283 1.0999624614511043 1.1692519553425689 0.6387171849237978 0.39871178371373034 -0.4411740770343757 -0.48829737465340806
1645102046.768662 2.921894590571676 1.100141066293122 1.1699526456716458 0.635928766011959 0.40133628889676437 -0.4394216939704676 -0.4913573142190739
1645102046.775254 2.92057725145616 1.1006410712695167 1.1703883072314645 0.6323919665547699 0.4033094749284162 -0.43897563409949847 -0.494693675512704
1645102046.781857 2.919238345043614 1.1023505980445734 1.170933343719787 0.6274592948301727 0.40692702715594536 -0.438040144457507 -0.49882444845241214
1645102046.7884228 2.9187648067371796 1.101180831741435 1.1716880403062744 0.6270365566363851 0.40796124160383185 -0.43775690872905393 -0.4987597946274603
1645102046.795059 2.9184788587740345 1.1014728022369524 1.1726242075604112 0.6255548227655559 0.41089741004972696 -0.4361434505293795 -0.4996229473972839
1645102046.801619 2.9172913026946388 1.1015445178198708 1.1731039753145294 -0.6233531020075092 -0.4120868021964265 0.43590021461135553 0.501602892817049
1645102046.808222 2.9167910935430155 1.1023520794567243 1.1738767081180126 -0.6209612098118319 -0.4143293301467988 0.4350985283438559 0.5034149659175189
1645102046.814815 2.9165643079305865 1.1024215939409232 1.1747653017222597 -0.6205481945528453 -0.416561668286786 0.43414738140076214 0.5029030849119869
1645102046.82142 2.9157283266739555 1.1026551268665377 1.1752801463531521 -0.6190242111702438 -0.4180178917726086 0.4335719207611722 0.5040680660073525
1645102046.828052 2.915104293917369 1.1028868682794306 1.175891934072867 -0.618106666616242 -0.4194195290958262 0.43309076263170987 0.5044430525466543
1645102046.834657 2.9143668334109925 1.1032834119095134 1.1764235600184159 -0.616724479166913 -0.42171624666394364 0.43237524531347843 0.5048336585403992
1645102046.841254 2.91350426858059 1.1038025481137028 1.1769667946817968 -0.6159505780681082 -0.42233262634390784 0.4322489640999234 0.505371143276313
1645102046.8478239 2.9125308148792706 1.1039181975806767 1.1774491490646728 -0.6151980196897437 -0.42336716023036236 0.43271909392725943 0.5050198556107087
1645102046.85442 2.9118790806500248 1.1045010617736053 1.1780793131507068 -0.614447662484279 -0.4249611530996277 0.43244722112029926 0.5048272169198376
1645102046.861021 2.911028551214171 1.1050382645678525 1.178636684167749 -0.613751410379451 -0.4262333810070093 0.43243600765765017 0.5046112319688021
1645102046.8676212 2.910059063573752 1.1056123685610866 1.1790680945601455 -0.6128288208357361 -0.42730880686808786 0.4327697498813629 0.5045369484469386
1645102046.874221 2.909204067681155 1.1061288282153283 1.1795670083137293 -0.6120801008672716 -0.4285253526594014 0.4330616781649176 0.504163330187341
1645102046.8808131 2.9083339646135826 1.106572712660645 1.180073594863429 -0.61141550275004 -0.4296663139410561 0.43346095902289505 0.5036551329331254
1645102046.8874292 2.9072871782794363 1.107026402722281 1.1803609968588131 -0.6106703526751628 -0.43068111581459084 0.43407419763345906 0.5031642097162893
1645102046.894015 2.906310906253369 1.1077376634687233 1.1808375804886564 -0.6097005718939142 -0.4318000127109411 0.43506977937238467 0.5025210844554614
1645102046.900647 2.905459051863504 1.1083650907513347 1.1812603639873938 -0.6087706252743846 -0.4332429444778617 0.4359436819057489 0.5016483859270837
1645102046.907268 2.9043848517520887 1.1090487063818177 1.181661072519302 -0.6079949426291342 -0.4342357011284622 0.4369907141380391 0.5008190531309415
1645102046.913855 2.9034108408959747 1.109648756369063 1.1821095536242838 0.6071543023444734 0.43551992088589453 -0.4381834733159212 -0.4996807904553277
1645102046.920446 2.9023525528018195 1.1103973195906796 1.1824727787393707 0.6057163230566263 0.43675005136366213 -0.43977907480015976 -0.4989499991315421
1645102046.927051 2.9009378434834603 1.1111695639628938 1.182722548101774 0.6040249268256992 0.4375594024214642 -0.4419957799274841 -0.4983323300757641
1645102046.933644 2.900022542844759 1.111802515110942 1.183047045488609 0.6031738036535685 0.43905256791789554 -0.4430786244495365 -0.4970866569414853
1645102046.940224 2.898757835437781 1.1126682564351233 1.183389269437168 0.6016844369919052 0.44021717463246385 -0.4446186038737368 -0.4964861966136273
1645102046.946818 2.897523949156467 1.1132888813979287 1.1835864162120155 0.6002361784883261 0.44146203693755215 -0.4462623427272193 -0.49565861786263515
1645102046.9534369 2.896423794916666 1.1140310964940978 1.1838764811809601 0.5988724729168293 0.4429054197504125 -0.4471377900836659 -0.4952312768183662
1645102046.960029 2.894966739396883 1.1147383073320571 1.1840163222438878 0.5973263026946789 0.4438243568952882 -0.44859356695760594 -0.49495933369954515
1645102046.96663 2.8930455125433308 1.1156834745620592 1.183801920920223 0.5949067133724641 0.4442265156390824 -0.450494075044712 -0.49578573422788785
1645102046.973227 2.8924568580769505 1.116372860557475 1.1844656473747566 0.593748369043117 0.44670483124389126 -0.4512811528655798 -0.49422926720503696
1645102046.979826 2.8903279626405287 1.1173107788696568 1.1840248604195633 0.5910526059445562 0.44734991972353516 -0.45365683860283257 -0.4947020496495074
1645102046.986424 2.8901103059346847 1.118266150572456 1.1848473103615689 0.5908590171424348 0.4501563622180933 -0.4528831118699609 -0.49309372077988317
1645102046.993022 2.8877989312981147 1.1192099623774663 1.1843857632598855 0.5881556171300045 0.4505743121860623 -0.4555777507575771 -0.4934614768385596
1645102046.999626 2.8872596670254995 1.1202026541805459 1.1850326182755864 0.58706937136119 0.453684839106831 -0.45616191421437263 -0.491360855468986
1645102047.0062232 2.8850329094176015 1.1210493603177418 1.184569440459805 0.5846832085074858 0.45462977313932457 -0.458889634196782 -0.49079233078935264
1645102047.012842 2.884181240839979 1.1218418916988295 1.1851075428109357 0.5838913470030173 0.457480454152911 -0.45983835480953933 -0.4881915428692947
1645102047.019451 2.8849207848722567 1.1224031669810908 1.1862532898934854 0.5853689349652871 0.46136415984313617 -0.4580747253791003 -0.4844104176810534
1645102047.026052 2.8832735360866018 1.12352159362296 1.1862306405655778 0.5828920591695881 0.46400366048029656 -0.46014475782463576 -0.4829119379801353
1645102047.032649 2.8820136534494982 1.1245316978780289 1.1863759377226715 0.5817060731076779 0.4661417908819858 -0.4616138185424376 -0.4808766820267403
1645102047.039221 2.8802328953974405 1.1256824831823753 1.1863158986254265 0.5791983528697893 0.46860946094063494 -0.46392860961675264 -0.47927482315969416
1645102047.046408 2.8767355391573717 1.1273526665690266 1.1853698979720597 0.5742276742883401 0.46977631790186525 -0.46856369939574405 -0.47960454772070815
1645102047.052415 2.8750192574623936 1.1282985367773444 1.1852352005677422 0.5720267205475723 0.4718466670481057 -0.47073194911078853 -0.47807653413576084
1645102047.059081 2.875950167343594 1.1288711156058429 1.1863595788848114 0.5748339014049416 0.47524029315507016 -0.468031888504214 -0.47398158343304797
1645102047.0656252 2.8742510933267664 1.129930056547603 1.1862642158169592 0.5732537462156793 0.47728549743268034 -0.46939152495600267 -0.4724932793595417
1645102047.0722182 2.8704027689682814 1.1315682172071 1.1850749143437806 0.5684281803382161 0.4772683777354871 -0.4741631197274697 -0.47357495306334896
1645102047.078829 2.8688466237054255 1.1327142547870788 1.1850438083157224 0.5673222496465502 0.47897785229669326 -0.4756091777753372 -0.47172147714673707
1645102047.085423 2.8668670461322168 1.1336433413523774 1.1848655977864073 0.5657091015273917 0.48037073831957716 -0.4774902376497688 -0.47034034217971277
1645102047.092022 2.8651638639522248 1.1348950862738616 1.184740725470039 0.5640203859615973 0.48216069479345003 -0.47980831060499807 -0.46817266636791866
1645102047.098615 2.863418899819848 1.1360814748952648 1.1846441574358366 0.562697510510956 0.4835667429475588 -0.4817702986818733 -0.4662959070503224
1645102047.1052558 2.861690567397433 1.1372108798481062 1.1845036303968646 0.5613016236785625 0.4849236347836382 -0.48379039186211803 -0.46447399490402036
1645102047.111819 2.8598762285969683 1.1384608821263285 1.1843321333890504 0.5600472686334901 0.48596537494914516 -0.4856369425509179 -0.46297001957651757
1645102047.1184251 2.8584975591393005 1.1397738591773752 1.1843684722214551 0.5593383815997156 0.48701329532335147 -0.48680104908774935 -0.4615007839032408
1645102047.125022 2.8568614405796278 1.140857526925705 1.184274034089268 0.5585224292823359 0.48804305778707036 -0.48870198373221096 -0.459387213062403
1645102047.131659 2.85478437362221 1.142163387568093 1.1840819394825508 0.55673887123684 0.48876172742614193 -0.4911865620003493 -0.4581367505815693
1645102047.1382458 2.8532800733993584 1.143419101259796 1.1841085054262233 0.555835355998346 0.49010573638221805 -0.49281967237226376 -0.45603929302651897
1645102047.1448581 2.851299945655235 1.1447066678915643 1.1839568101279072 0.5542192845484696 0.49073576277015113 -0.4951656849317287 -0.454785621558342
1645102047.151422 2.849055209664383 1.1457946785271933 1.183760003186928 0.5522807920347674 0.4916673919798878 -0.49819392870612567 -0.4528262512862048
1645102047.1580229 2.847577984238495 1.1472090256675846 1.1838422724370952 0.5510870684752096 0.49293307258534313 -0.4997733461299242 -0.45116108366180496
1645102047.164623 2.845505414958878 1.1485217582345086 1.1837023982544996 0.5493463341473402 0.4935000764513685 -0.5021873014263796 -0.44998201424672335
1645102047.171221 2.844097217520025 1.1500586232610923 1.1837340251842463 0.5483368124118182 0.49460914212539997 -0.5032615163683001 -0.44879406415759737
1645102047.177855 2.8423910883334575 1.1514874243931263 1.1837500286809315 0.5468157681832274 0.4955834236419647 -0.5051678802591403 -0.44743123464766055
1645102047.184428 2.840144284841585 1.1528059304256306 1.1835824919747835 0.5444015818994208 0.4966728626523463 -0.5083539373444814 -0.44555470898611543
1645102047.191021 2.83956887008607 1.153988605168833 1.1841080818802208 0.5447828187019472 0.4984597001179022 -0.508518387241781 -0.44289749450373095
1645102047.197623 2.836754501013026 1.1557849698753082 1.1835547348014643 0.5414956124005732 0.498643536683686 -0.5119237008170351 -0.44279886304350974
1645102047.204214 2.8344284125892676 1.1572004762505215 1.183391600166353 0.5388635295997635 0.499822000773933 -0.5152503197598142 -0.44081841290711177
1645102047.2108521 2.83294345254944 1.158854520728721 1.183463006955068 0.5378860379426867 0.5009303373437891 -0.5167140367127279 -0.4390371643516329
1645102047.217417 2.831592656693805 1.160346620259251 1.183659386207353 0.5369338579904219 0.5026814626298426 -0.5184319108924653 -0.43616659759097526
1645102047.224024 2.8296111576299996 1.1617376293301849 1.1836249250267825 0.5356481543418727 0.503431333773193 -0.5207010012705613 -0.43417519431339324
1645102047.230619 2.828096295690765 1.1629665943445708 1.1838599952331783 0.5347620117796201 0.5051857895715287 -0.5227086855062153 -0.43080409422989474
1645102047.237223 2.8258328251389657 1.1645495304188664 1.1835290004658987 0.5326009343545809 0.5052791397586275 -0.5251346531634938 -0.430421170037897
1645102047.243818 2.824500774547548 1.1661396217952027 1.1838239190815034 0.5319578284518436 0.5069975044050091 -0.5263844237943259 -0.4276604136247682
1645102047.2504199 2.821509131008683 1.167852838491351 1.1833227132535316 -0.528929868939889 -0.5079560746295125 0.5306872778686318 0.4249514432889238
1645102047.257029 2.8199393665402486 1.1687816855168767 1.1836679241552086 -0.5295701824892782 -0.5077220422350964 0.5319240045363294 0.4228824343201407
1645102047.2636569 2.8185786828377974 1.1706060813207926 1.1837274266516356 -0.5278188868782662 -0.5105213366711027 0.5334047450956874 0.41982570453749735
1645102047.2702222 2.8157312314085403 1.1723675449551267 1.1833658548407269 -0.5248371621033256 -0.5111492430540766 0.5374625561727723 0.4176187610079383
1645102047.276824 2.8144057052653917 1.1738849029615608 1.1836258115304494 -0.524000844271646 -0.5127455375478892 0.538753619852536 0.41504065555884767
1645102047.283425 2.8127055092687114 1.1753635411211913 1.183719531707681 -0.5229033781161238 -0.5141188345995886 0.5406555383428142 0.4122433206517585
1645102047.2967 2.8093510557457777 1.1781831625412345 1.1839443457146155 -0.5200221497738634 -0.5167270542333118 0.5442549814605531 0.4078671953485749
1645102047.303226 2.807249933943769 1.1797755128909297 1.1839006469484326 -0.517967060543176 -0.5176887822064811 0.5464894938405515 0.40627168416437875
1645102047.309815 2.8039869453056503 1.181675102846551 1.1834034606103205 -0.5135046078461353 -0.5188983172954278 0.5506481640378529 0.40477551361954933
1645102047.316423 2.8034864166193922 1.1829586111082522 1.1840505193556201 -0.5139951406865574 -0.5211142414525651 0.5502602542155773 0.40182285707412096
1645102047.3230278 2.8014259134739685 1.1845734681993187 1.184020264289213 -0.5118416995100784 -0.5224870699856425 0.5523316399162517 0.3999426041826571
1645102047.3296242 2.7982171313675672 1.1866140393075857 1.1835693225225734 -0.507159543873881 -0.5237139743198983 0.5563616869879286 0.39871490673719273
1645102047.342826 2.79637772579216 1.1883086523915292 1.1835801628959002 -0.505077950220296 -0.5255758918258925 0.5579935542891381 0.39662138224585186
1645102047.349419 2.7944450654865336 1.1899460313447274 1.1836053952275243 -0.5029589564486874 -0.5272626801505412 0.5595151672214784 0.3949280824931097
1645102047.356019 2.792648487844004 1.191361836759235 1.183693320051937 -0.5014275522678946 -0.5286977895528647 0.5609324031005783 0.3929414758962053
1645102047.362697 2.788689063578179 1.194456389800375 1.183617228452907 -0.4976337526632463 -0.5315229614845306 0.5643203519736161 0.3890831319625381
1645102047.37586 2.7867962125136354 1.1959460478582533 1.183593136829008 -0.4957844951361641 -0.5331622331769688 0.5660691418120126 0.38665306793940124
1645102047.3824651 2.784780775796854 1.197436390588479 1.183501462656741 -0.4947284798102821 -0.5342944233722405 0.5666880217932774 0.3855347597657797
1645102047.389058 2.7832188351764318 1.1989704792177132 1.183607640955953 -0.49306230909257953 -0.5363819528946009 0.5687289630903462 0.3817464880859047
1645102047.395659 2.7807133197081515 1.2005102472412608 1.183279971007548 -0.49142084507949524 -0.5376370032185769 0.5697569867560103 0.3805630302958996
1645102047.4022558 2.778969143457543 1.2020282880930933 1.1833363111804092 -0.4892061758152384 -0.5390260203330249 0.5721076309638133 0.377915691780424
1645102047.408858 2.777749895770787 1.20347670453512 1.1835517396388582 -0.4887422795023878 -0.5416846405618739 0.5728855756856185 0.3735102523119461
1645102047.4154181 2.775413864743207 1.2047448406287407 1.1835709125522131 -0.4872900983724567 -0.5418490155854087 0.5751169994952253 0.37173593078477335
1645102047.4220219 2.774285178310414 1.206575018103778 1.1835578584381512 -0.4861529189751585 -0.5452541433212803 0.5749611171069577 0.36847266627888353
1645102047.42862 2.7725820326215858 1.2081260793134818 1.1835520991629531 -0.48492105907903266 -0.5469977709200511 0.5757206583157077 0.3663194443698001
1645102047.435221 2.7714575193768236 1.2098883675657657 1.183833233795978 -0.4843939612781258 -0.5498316942631867 0.575500510488639 0.3631059006852273
1645102047.441843 2.76914590819303 1.211445137793758 1.1834378292955932 -0.48252938849271637 -0.5502134521174821 0.5762252922751617 0.36386002936698714
1645102047.448464 2.7666075399325942 1.2130924222353197 1.183101957834597 -0.47990270934427315 -0.5515668582145794 0.5777996703213235 0.36278663296434516
1645102047.455028 2.7654262247125327 1.2147812036843617 1.1831938793595127 -0.4785785657492861 -0.5538685182185152 0.5783954071551329 0.3600697409009493
1645102047.461647 2.7636937907688988 1.2163806679867257 1.1831050531799214 -0.47693329411554664 -0.5550627640366402 0.5790622806400804 0.35934104781881737
1645102047.4682298 2.762516821995714 1.2180179295558988 1.1832424606357572 -0.47617955953406765 -0.5564007174948893 0.5787385118565378 0.3587927164560801
1645102047.4748611 2.7610872592660107 1.2196382369272045 1.1831182142759429 -0.47466266753330355 -0.5582707486981884 0.5789922401452333 0.3574861438013291
1645102047.4814248 2.7595981937438374 1.2212304047893383 1.183070761424499 -0.4732244731844692 -0.5595732809991966 0.5793707959734365 0.35674221363168984
1645102047.488024 2.7579992405316003 1.2229147696754146 1.182931077980814 -0.47169769347396107 -0.5610817448066994 0.5795531913237759 0.35609820210526943
1645102047.4946198 2.756506782704675 1.2246845936115325 1.1828532115953343 -0.4702737262533751 -0.5629741964168508 0.5794271236397794 0.35519869052486047
1645102047.501222 2.755064597158335 1.2263296029465993 1.182704148968057 -0.4688653898960926 -0.5644531899381583 0.5793672006992534 0.35481081752718346
1645102047.5078201 2.753523239039818 1.2279732931213858 1.1825152813849509 -0.46722366008373667 -0.5659516840541636 0.5795455109842449 0.3542977708447444
1645102047.51443 2.7510905945720543 1.2295999236934925 1.181910073540743 -0.4641431914416628 -0.5664650002223192 0.581118285854263 0.3549496447093177
1645102047.521054 2.7499805296539956 1.2311824153233661 1.1817888741551053 -0.46307810433297025 -0.5676861910793884 0.5807664940954411 0.35496557933043893
1645102047.527663 2.748809601847714 1.23275377408289 1.1816444378695083 -0.4619357787255509 -0.5694557380605861 0.5809692590218525 0.353283853037499
1645102047.534254 2.7473835009370857 1.2343402892440742 1.1813326610525978 -0.4613037767346668 -0.5704999072400989 0.5804756166479552 0.35323632216724676
1645102047.54083 2.7460823686582874 1.23588045082383 1.1810209650292367 -0.46032843865191125 -0.5719041664028884 0.5802143628147409 0.35266668732782824
1645102047.5474482 2.7447011000520574 1.2376153046613454 1.18064486152773 -0.45896861161381475 -0.5737210257476079 0.5798754356613238 0.352044968961415
1645102047.5540512 2.743042453027584 1.2386647348815134 1.1802045577487503 -0.4579557635947708 -0.5735317747246137 0.5812674101483835 0.35137622420663034
1645102047.560651 2.741500094454913 1.240633635595528 1.1796202833722194 -0.456584791179614 -0.5756523398792873 0.5802560391103955 0.35136435143963085
1645102047.5672581 2.740084069850062 1.2418502636936979 1.1789437884505343 -0.4565608038834419 -0.5757162180844182 0.5790309690732963 0.3533063473435064
1645102047.573854 2.738871505086613 1.2432683587399842 1.1784163145716422 -0.4562286539631344 -0.5767561835437605 0.5783736020517813 0.3531159478955204
1645102047.580422 2.7377753348262512 1.2450649697875424 1.1779539776901278 0.4559088545598431 0.5783830191333029 -0.5774778663412695 -0.35233385130334444
1645102047.5870569 2.736794543106929 1.2462744163352786 1.1774564361976139 0.4558216384331084 0.5794747672440049 -0.5771709623820382 -0.35115372326682903
1645102047.593624 2.7351519692254627 1.2476371876765098 1.1765416829984479 0.45526679541164333 0.5792931827336186 -0.5769499758304815 -0.3525335059924241
1645102047.600221 2.7343817161274875 1.2486516539462993 1.1760914604214547 0.45660019660266565 0.5798973623173672 -0.5761423184878944 -0.35113389959188535
1645102047.606831 2.732828894485937 1.2502660187140198 1.17503477788674 0.4568298010947684 0.5805830127666742 -0.5738487711483787 -0.3534503360249673
1645102047.613421 2.7316327389751183 1.2515379979765207 1.174260414132099 0.4570516999072342 0.5811665533163374 -0.5729860723417936 -0.35360387823350753
1645102047.620029 2.731304785648902 1.2532201902433509 1.1738000435843337 0.4577799216498798 0.5830914087996831 -0.5728449071021192 -0.3497002561516281
1645102047.6266198 2.7297014474074484 1.2540451715897125 1.1728116070286732 0.45925583878506177 0.5824952707891423 -0.5720551252387462 -0.350051253097667
1645102047.633229 2.729003514289619 1.2554662010960502 1.1719709552638302 0.46068293409517685 0.5834589999014582 -0.5696989720395669 -0.35041342226648087
1645102047.639859 2.727587858761253 1.2565843348901653 1.1708809686888513 0.46197703063347434 0.5830964343024668 -0.5683097390145542 -0.3515671996973101
1645102047.646422 2.726986855684575 1.2579973072719388 1.170151129189326 0.46334559692054633 0.5840305172228928 -0.5674731778481361 -0.34956117341562726
1645102047.6530502 2.72615832734732 1.259154567395959 1.1692812493884197 0.4659828957300199 0.5841094236757435 -0.5646346139377099 -0.35051883562945
1645102047.659626 2.7254024928658813 1.260254228658143 1.1685885842950678 0.46756751456828466 0.5844268041255828 -0.564529966102744 -0.3480395074950467
1645102047.666223 2.7239829701250056 1.2616574921575554 1.1671691509406328 0.4680694092206126 0.584502549133989 -0.5634861063964284 -0.34892813452126303
1645102047.6728342 2.7226444417782756 1.2628592193004886 1.166054405096899 0.4692024968776141 0.5837413997825117 -0.5617755708291363 -0.3514296262939506
1645102047.6794188 2.722510040772741 1.264136043894078 1.1653659913669572 0.47139269668362227 0.5848464246754473 -0.5601370715520747 -0.34927018921621356
1645102047.686024 2.7196637242791653 1.264926513005653 1.1632894717182327 0.47056501261202954 0.5827508879241395 -0.561510772157455 -0.35167487303561895
1645102047.6926138 2.7204514894525706 1.2663930103298642 1.1630357917998764 0.4730046251694191 0.5843408707461544 -0.5583736112648723 -0.3507576669268391
1645102047.6992252 2.720026057619759 1.267691224501688 1.1621443145410884 0.4743207890446492 0.5849813227726536 -0.5571871406954256 -0.3497981493226901
1645102047.705816 2.7183128619488643 1.2687322285405782 1.1606389041899539 0.4746669550683559 0.5839993219518348 -0.5563281870905188 -0.3523274544732891
1645102047.71244 2.7177374537773558 1.2698259572827848 1.1596116348606427 0.47470730785554766 0.5843850566373266 -0.5561818532547537 -0.3518641384089974
1645102047.719019 2.7168268193267155 1.2710540526826029 1.1583692780274957 0.47552739512084663 0.584525442435741 -0.5543756661171284 -0.35337092783217944
1645102047.725621 2.7166634906604394 1.2720679385239848 1.1575629813763915 0.47627532116359605 0.5848230361585804 -0.5533655823014312 -0.3534543378661395
1645102047.73222 2.7155013578830904 1.2732683554018016 1.1561336600182126 0.47632753136877376 0.5851194773608223 -0.5523502699015879 -0.35447997633250394
1645102047.738815 2.714696813670395 1.2741093722085453 1.1548984370788453 0.476473272143314 0.58500394112735 -0.5516316055212593 -0.3555922272587109
1645102047.7454422 2.7144555278493008 1.2753473704084215 1.153878108244355 0.47631663363115545 0.5859488221434834 -0.5511611895476675 -0.35497517650278065
1645102047.7520158 2.7144294347199303 1.2764002195875865 1.1528443945955529 0.4776205104741726 0.5867259690259365 -0.5494532245169501 -0.3545870701265244
1645102047.758618 2.71293863855541 1.2775383078637028 1.1513307653421723 0.47690369831042295 0.5865348523904093 -0.5492025256046325 -0.3562526068107831
1645102047.765218 2.7122919960261185 1.2784734766747061 1.1500305535744098 0.47627556311518154 0.586545357043304 -0.5494325859808156 -0.3567206244612138
1645102047.771821 2.712350681955871 1.279380732423462 1.1490002199826252 0.47819919737666877 0.5870557843579954 -0.547208178913822 -0.3567265296138147
1645102047.778419 2.7119203330247936 1.2805688581583592 1.14780993324342 0.4779769257892109 0.5878561032308373 -0.5470618752641725 -0.3559299659854234
1645102047.785053 2.7102610205157456 1.281397449826212 1.1459000876876857 0.4775408581560487 0.5867146079102837 -0.5474274067916927 -0.3578317138594475
1645102047.7916522 2.710983782059312 1.2823302493617785 1.1451815667858174 0.47911100272864315 0.5880843721240399 -0.5459281284541725 -0.35576889001473716
1645102047.798252 2.710529117231797 1.2832258988777558 1.143846820157853 0.48021713763053464 0.5880089274278549 -0.5443090767407419 -0.3568813017778925
1645102047.804818 2.7092769614462613 1.2841269066150072 1.1420651287690489 0.4800369332374198 0.5874685992079008 -0.5449518976026799 -0.3570325903180159
1645102047.8114188 2.7098603491814486 1.285015099035273 1.1413521645840075 0.4818560367023058 0.5887543107033373 -0.5432541481866437 -0.3550459673952561
1645102047.818017 2.7095709593782864 1.2857516473160504 1.140044946510263 0.483690839252751 0.5884536870952876 -0.5412322818924168 -0.35613568695530995
1645102047.824623 2.70881433052822 1.2865115416857564 1.1385034367387914 0.4843465015578391 0.5879072641969375 -0.5410985354471524 -0.35635029126749873
1645102047.8312151 2.7084735184964868 1.2875012241557078 1.13725067617378 0.4853951758245752 0.5880636513551641 -0.5403406038220723 -0.355814947594908
1645102047.837845 2.708352559936934 1.2885033149882457 1.1362077016701515 0.48675101079515226 0.5884417220363222 -0.5386724205056691 -0.3558671982799524
1645102047.84445 2.70835348481248 1.2894543620815722 1.1350565890837303 0.48818036508460166 0.5889380985700768 -0.5368639845377402 -0.3558209166562171
1645102047.85102 2.707538376759145 1.2905704379883725 1.1334443853611333 0.4892771425275342 0.5888453316199518 -0.5363350802952712 -0.35526525167491746
1645102047.857646 2.7075427305378486 1.291295658942113 1.1323150239474102 0.48955867274080744 0.5888649252351482 -0.5355924504032231 -0.35596449933051666
1645102047.864255 2.7071148654945656 1.2923107494710553 1.1310818012112123 0.4901119852184699 0.5887751139119 -0.534063147417057 -0.35764556001413944
1645102047.870823 2.7075070163830928 1.2931590974695868 1.130046725412067 0.49181807697934765 0.5896296479050438 -0.5326637290551766 -0.3559786436920994
1645102047.877447 2.706752157478201 1.294008281306161 1.1285709663403196 0.4916945633290224 0.5894047809766204 -0.5326975574863353 -0.35647074144788976
1645102047.884023 2.7071008085484247 1.2949932703018077 1.1276267813858123 0.49203143643224967 0.5904069275525683 -0.5325735284155418 -0.354527565593662
1645102047.890656 2.706726731956981 1.296043148892044 1.1265334678592183 0.4930257350919994 0.5908834162924596 -0.5301401086824649 -0.35599638253679383
1645102047.8972218 2.706650083729005 1.2969938852401273 1.1252231209594463 0.49331230655049596 0.590763871344622 -0.5305039572532989 -0.3552550044165821
1645102047.9104729 2.705449355162836 1.2988026116829272 1.1226642679307257 0.49336942538437156 0.5898618962410864 -0.5305751910370806 -0.3565656864696041
1645102047.917019 2.7057246020997052 1.2995096732920104 1.1216563526102028 0.4952890472694326 0.5894160230306561 -0.5290978290941541 -0.35683693276726564
1645102047.9236212 2.705773520313513 1.300495900931034 1.1206341956630306 0.4966018331467588 0.5894390393681993 -0.5284565387866197 -0.35592351705301545
1645102047.930223 2.7056124126638847 1.3009441325090643 1.119535827551277 0.4988821483804184 0.5881199099670034 -0.5268691656298791 -0.35726756353119593
1645102047.9368188 2.7046411313749976 1.3022554767688772 1.1182909048889351 0.49769940315072025 0.5877163687397833 -0.5280820581342437 -0.35779013865261117
1645102047.950024 2.705300130964442 1.3030252919009448 1.117667545585191 0.5002517170292025 0.5875297418473476 -0.5266990349184925 -0.35657355381691885
1645102047.956653 2.7044009802927507 1.305323742388407 1.1158110183858396 0.501283608095079 0.5867556432960472 -0.5260569150827815 -0.357346080157839
1645102047.9632168 2.704709956303829 1.3058031794665352 1.1148364612308093 0.5031934611413796 0.585189680281865 -0.5254881834351197 -0.3580658898361442
1645102047.9698482 2.7039448001283786 1.3069377326095306 1.1138096624468823 0.5028478875924723 0.5844024605040822 -0.5263283645796144 -0.35860252203625875
1645102047.976428 2.7044810018652616 1.3073725825379516 1.1130466866092366 0.5052619710900915 0.5827741930231943 -0.5255865584636775 -0.35894705006757593
1645102047.9830341 2.704417237307543 1.3081059218830549 1.1122570199587656 0.5070562415143576 0.5813560496821539 -0.5251896899726621 -0.3592972723328578
1645102047.989621 2.7042476234906623 1.3090627766358867 1.1114958266932256 0.508229623976019 0.5803512081926034 -0.5250392789322503 -0.35948367165790546
1645102047.996222 2.7034528626613836 1.3098930084667668 1.1105733672524476 0.5086733086808315 0.5792380569745544 -0.5258171815144179 -0.35951447004237336
1645102048.009425 2.703990655979236 1.3104205932115665 1.110077620464783 0.5109598327005095 0.577878995220369 -0.5253304393916662 -0.35917052365594804
1645102048.016025 2.703904606694916 1.311161116825641 1.1093664868983883 0.5125063282080151 0.5765248576711902 -0.5252429995543749 -0.35927124146201433
1645102048.022651 2.7035747344092185 1.3121417976016583 1.108600019143046 0.5134832646546382 0.5752671818145637 -0.5253083633366898 -0.35979632544509127
1645102048.029224 2.703068366094723 1.312814709159558 1.1079208621212904 0.5141621607757858 0.5736217516961529 -0.5261684724662906 -0.3601967696366892
1645102048.035829 2.702854930448132 1.3137772378066412 1.1073294279835033 0.5155562149834162 0.572722659398593 -0.5255460459667792 -0.3605433517483266
1645102048.042422 2.7023200389806457 1.314747042406637 1.1067145970766388 0.515833289057415 0.571806615566922 -0.5266235823746664 -0.3600283587528696
1645102048.049021 2.703094155615706 1.3147512961409173 1.1065231517003633 0.5197042030144922 0.5703309251771703 -0.5246117461358906 -0.35973913929455426
1645102048.055619 2.7028939561653287 1.3156746968514532 1.1060662109413235 0.520730337981245 0.569563267853205 -0.52411822985413 -0.3601906825672497
1645102048.062232 2.702798160345531 1.3165478482169588 1.1057132953843436 0.5216785661690808 0.5693025818532518 -0.5235174875530701 -0.36010424525249746
1645102048.068872 2.7021559965975936 1.3174002661870419 1.1051562786972071 0.5216484331644026 0.5685212736727483 -0.5238972429910977 -0.3608291616783817
1645102048.075435 2.701623197840548 1.3182100272036346 1.1045267594411652 0.5222663904407305 0.5675468404126744 -0.5238100488441599 -0.36159519795871486
1645102048.082026 2.7016442971597456 1.318899056594711 1.1043099199283715 0.5235208794319977 0.5670939328705417 -0.5228582856732851 -0.36186911150625833
1645102048.088649 2.7009620969853403 1.319905857083962 1.103823140258534 0.5231908241004258 0.5669402446567859 -0.5232070003997248 -0.36208302662858544
1645102048.0952141 2.701180072722712 1.320482117818056 1.1037243475437672 0.5248047852737557 0.5664125903903069 -0.5218420860352492 -0.36254263689243343
1645102048.101824 2.700614859664176 1.3213154012848023 1.1032864745490043 0.5250780559600876 0.5652118000586935 -0.5218306821471514 -0.36403441156583105
1645102048.1084201 2.7006733175655007 1.322037680199433 1.1031481168204194 0.525963164714221 0.5654353118740988 -0.5205967832389327 -0.3641760557426614
1645102048.1150239 2.7005364816284154 1.3228412651403383 1.1029396653707304 0.5264667055454639 0.5650673202038823 -0.520208186357799 -0.3645748310962316
1645102048.121621 2.7004639700664326 1.3235452122550924 1.10282408302352 0.5274185253061847 0.5645843047065114 -0.5193254014840748 -0.3652053788060381
1645102048.128234 2.6990378455402486 1.3244097478065373 1.1020889416792277 0.5258707148430789 0.5632437093963989 -0.5214603436856863 -0.3664631066823178
1645102048.134815 2.699657960183474 1.3252015514754025 1.1023225135885466 0.527644797589697 0.5631868302467494 -0.5192032507529729 -0.3672045901296576
1645102048.14146 2.69978479819632 1.3258953628853734 1.1023297658515905 0.528499107796199 0.5634962023381949 -0.5179149077402035 -0.36732061750904516
1645102048.148043 2.6996227368596695 1.3265993322297727 1.1021813049403755 0.5284530033780176 0.5629973534780591 -0.5179752727103727 -0.36806600267141704
1645102048.154625 2.6994594735389636 1.327021269593554 1.102143645986404 0.5292786203335053 0.5613689635947124 -0.5177318395399304 -0.36970596033440667
1645102048.161213 2.699470515603459 1.3277165175082786 1.1020545573427327 0.5293703480760177 0.5616778970534071 -0.5170471654366132 -0.37006323789402945
1645102048.16782 2.699414793449369 1.3284507728296928 1.1019844905439466 0.5293953787154995 0.5613809417384242 -0.5166949560032231 -0.3709689646740591
1645102048.174419 2.6986315271725356 1.3292259753672448 1.1015794009968876 0.5280792387839631 0.5610598570332844 -0.5175978239938513 -0.37207013546979223
1645102048.181023 2.6992585667454745 1.3301468318897252 1.1018757163703778 0.5290830554369863 0.561151851958792 -0.5158285335258995 -0.37296149606720963
1645102048.187626 2.6991426249621147 1.330926818380365 1.101751942349454 0.5286145419555444 0.5611164626946026 -0.5155250908418901 -0.3740967872428061
1645102048.194221 2.6990611756522185 1.3316777714460557 1.1015922842803854 0.5284851459431479 0.5607564132717007 -0.515141205655853 -0.37534625086468243
1645102048.2008169 2.6989712074555254 1.332486465807529 1.1014552884680484 0.5283705941646338 0.5604006080682808 -0.5148358343302868 -0.37645629981097967
1645102048.2074509 2.6989283451015424 1.33335174834202 1.10129476330009 0.5282979869974019 0.5601164171022882 -0.5141098758182677 -0.3779702996784196
1645102048.2140212 2.698505176793402 1.3341478932392161 1.1009259441502046 0.5275712849036325 0.5596124877741672 -0.5148732292083205 -0.378691915285956
1645102048.220623 2.6980202438692955 1.3350009842536121 1.1003955001592922 0.5270324012113401 0.5588083561891849 -0.5150345666812303 -0.38040643778112887
1645102048.227253 2.6985652300576626 1.3357245417345776 1.1006713760329427 0.5283248259797063 0.558833313228069 -0.513420778031736 -0.3807583096803289
1645102048.233827 2.6978097966879906 1.3365570810116025 1.0999882053493177 0.5276065878561761 0.5577309811068765 -0.514329154119424 -0.38214214762017545
1645102048.24042 2.6977083026359425 1.3375787649429465 1.099672523307155 0.5281272944448393 0.5570837855288393 -0.5138942906997721 -0.38295101819593413
1645102048.247027 2.6980578970789986 1.3382838957969394 1.0997785472837067 0.5297865280374259 0.5569752743855275 -0.5126746702966014 -0.3824514154403688
1645102048.253645 2.697907309671933 1.3390311657422393 1.099461915945124 0.530547766372803 0.5564270443459749 -0.5124948139970666 -0.3824352391333235
1645102048.2602592 2.698743211355257 1.3397448352343728 1.0996016273585076 0.5332131693211879 0.5559915121937535 -0.5103633298043128 -0.38221213619160066
1645102048.2668211 2.6980521473912535 1.340495165840189 1.098868728295475 0.5335097906895835 0.5547711430194524 -0.5114103679352122 -0.3821718313851455
1645102048.27342 2.6973032759600333 1.3412732318318414 1.0984008843408666 0.5337348020700651 0.5542055234899602 -0.5126067439682642 -0.38107385644317937
1645102048.2800481 2.697263379047865 1.3422964149894598 1.0982569889568017 0.5348996305797312 0.5538401454067244 -0.5118922803469717 -0.3809322514633545
1645102048.286625 2.6972803061552746 1.3429379219897581 1.098127719123052 0.5368471061447629 0.5530067163951555 -0.5110259468150208 -0.3805665103416904
1645102048.2932212 2.6960177027564396 1.3438031873945973 1.0974221459960467 0.5364590781423718 0.5523329911842136 -0.5131815729384431 -0.3791888962410284
1645102048.2998211 2.695016467330913 1.344751533011147 1.0968152063762768 0.5365916020542131 0.5518749561714003 -0.5139952000662228 -0.3785658107603245
1645102048.306421 2.694512938281645 1.3456564603121641 1.0965953199987302 0.5375130845121177 0.5516362897379852 -0.513642937942641 -0.3780841232014534
1645102048.313036 2.69508094177062 1.3463692288838167 1.096809611877077 0.5403935954264866 0.5521638842592338 -0.5110823819492762 -0.3766752478231514
1645102048.3196201 2.694329053857902 1.3471277247690296 1.0964470505772441 0.5404384617321923 0.5516624387705781 -0.5115930669073815 -0.37665230061073596
1645102048.326228 2.693609505612969 1.347993961223499 1.0961555550615243 0.5408377049916124 0.5517307753608326 -0.5112966327493754 -0.3763816258672017
1645102048.33282 2.6930444226054564 1.3488689467984445 1.0959371208451556 0.541229040008909 0.5520590518881097 -0.5107953978788145 -0.37601817273446203
1645102048.339425 2.692525387322048 1.3498068031975532 1.0958100235866286 0.542229763718887 0.5525956550134493 -0.5093125786951126 -0.37579937989900436
1645102048.3460171 2.692599201483231 1.3507880434811832 1.0959893528814237 0.5439479552131977 0.5534231490628 -0.5069181058884208 -0.3753359458164858
1645102048.35266 2.6913859552263055 1.351585756177209 1.095564681954275 0.5432596205432259 0.5538562188750794 -0.5073524270776052 -0.3751072234665224
1645102048.359222 2.6911953563952133 1.3527278170815709 1.095693884047858 0.543960916543018 0.5548589084891421 -0.5053864185710275 -0.37526296981619894
1645102048.36582 2.689632238393224 1.35347928661051 1.0952467152469625 0.5432886077404522 0.5549439520418116 -0.505608806671417 -0.37581120148698216
1645102048.372417 2.689220137373733 1.3544747662438645 1.095400820507112 0.5432719359520121 0.5562288577512399 -0.5054774697457796 -0.37410857003828707
1645102048.3790169 2.6884645447927444 1.3553846985598814 1.095414872018841 0.5433254570472054 0.5569341896339159 -0.5047871394018291 -0.37391356064227704
1645102048.385646 2.687604772453836 1.3564910391778782 1.0954279757252408 0.5430090617489489 0.5577645463390851 -0.5041553982330055 -0.37398766641731007
1645102048.3922591 2.6866694221100196 1.3575665841243039 1.095471956477848 0.5426261737524244 0.5584566114096022 -0.5036787252489213 -0.3741529214574993
1645102048.39886 2.6857561104938505 1.3586172830914978 1.0955166024857608 0.5421138787913564 0.5591349703609761 -0.5033407167975407 -0.37433724544922414
1645102048.405422 2.68486529779809 1.3596779538984431 1.0955806252378857 0.5417324747220588 0.5597388577745441 -0.5027614927126282 -0.37476499303920785
1645102048.412056 2.6839752073089493 1.3608448757695444 1.0956967404175235 0.541105965431086 0.5603499268095082 -0.5025300835128332 -0.37506718603930755
1645102048.418653 2.6833027341780062 1.3618840682157425 1.0959813862776333 0.5407709353512423 0.5608793840704985 -0.5027109662548 -0.3745162117406416
1645102048.425222 2.68218783429536 1.3624573123617136 1.0961861100374117 0.541348292542168 0.5599720623420672 -0.502583845146025 -0.3752097685789582
1645102048.431822 2.6810309699401347 1.3636184552018007 1.0962415990312278 0.5405322725911048 0.5601751559875522 -0.5029478210319303 -0.37559529601737957
1645102048.438415 2.6799844272580606 1.36477803481495 1.0963806326292271 0.5400067970071847 0.560291616693384 -0.5031478261288862 -0.37590941154423185
1645102048.4450119 2.678955499799625 1.3659346974000628 1.0965325371779553 0.5396097754688924 0.5602850193417038 -0.5034742158532197 -0.3760523126241796
1645102048.451647 2.677949124481207 1.3673065618716123 1.0967078554092355 0.5391481434639922 0.5604729287601928 -0.5037390270469619 -0.376079777384516
1645102048.458215 2.6773067305570866 1.3685808787920428 1.0971102836940771 0.5395471757123418 0.5603377140097211 -0.5031171667747407 -0.3765411183163335
1645102048.4648561 2.6755521417775445 1.3696793485986656 1.096988778810542 0.5378073709990407 0.5598529370156464 -0.5058846199244175 -0.3760428870963945
1645102048.471437 2.674610211927601 1.371089335549653 1.0972956499303175 0.5376927439736067 0.5596856614572979 -0.5062541849638952 -0.3759585211331193
1645102048.478056 2.6730348647611857 1.372469323154372 1.0972438302160354 0.536645036651044 0.5589836929743043 -0.5071582807377029 -0.3772789735976369
1645102048.4846668 2.672327970330506 1.373872582897108 1.0976566049229932 0.5372098703139773 0.5584752382001074 -0.5065862117414291 -0.37799605592239943
1645102048.491254 2.67128253600937 1.375287705946009 1.0978925878944081 0.536927110074666 0.5581187991551789 -0.5070967738990658 -0.3782394732669012
1645102048.497817 2.6696609161871088 1.3765650895996127 1.0979256134231243 0.5357857103807827 0.5574955112414088 -0.5091752037313122 -0.3779850651515011
1645102048.504423 2.668721467480477 1.3778159794632114 1.0982165300148239 0.5359451847795175 0.5570122816993393 -0.5092350603577934 -0.378390487911917
1645102048.511018 2.666889880086323 1.3798568177441777 1.0981268303266685 0.5338199044297355 0.557079945547913 -0.5110286578474652 -0.3788767749591147
1645102048.517625 2.667279942832759 1.3807428637586763 1.099212777869296 0.5365801739203542 0.5572149801968368 -0.508950384953285 -0.37757417922122516
1645102048.5242162 2.6663680111737325 1.3821744618621938 1.0995650583332472 0.5363727939749615 0.5568829097730392 -0.5091878551738928 -0.37803832963580325
1645102048.530823 2.6653648438235784 1.3836587858187819 1.0999844175644982 0.5360336594071861 0.5568117149964041 -0.509557236983032 -0.3781265732864111
1645102048.537416 2.664744490436361 1.385277952776226 1.1004764845071269 0.5362152637411156 0.5566350457769667 -0.5087023416832828 -0.3792784649984413
1645102048.544021 2.663326353175529 1.3866667249825984 1.100596686355083 0.5350128198066479 0.5564891391552865 -0.5102363049979779 -0.3791300909119172
1645102048.550624 2.6626517889700025 1.388138868411618 1.101090315385476 0.5350017992255788 0.5567289055040127 -0.5099470006236344 -0.3791828318174631
1645102048.56389 2.6617172464322647 1.3909862762522731 1.1022085241653599 0.5360986897716514 0.556578474424388 -0.5079780447312201 -0.3804950478144549
1645102048.5704188 2.660036464484477 1.3929971083690216 1.1023487977935256 0.5340191199388704 0.5569281335282926 -0.5089420344215905 -0.38161798246093287
1645102048.577017 2.6588545647778212 1.3952457208625362 1.1022412163404676 0.5311492346490054 0.5590493743860752 -0.5093199960497146 -0.3820170438690494
1645102048.583631 2.6593338127547423 1.3967792067362303 1.1031684686979002 0.5330399279676391 0.5595963009106346 -0.506518184226204 -0.38230788542219907
1645102048.590265 2.658610378322285 1.3978316009595744 1.1034314687427513 0.5331088519090029 0.5594736663697913 -0.5063440711219864 -0.3826217666764821
1645102048.596823 2.6567590436444317 1.4001579300986138 1.1036893606174514 0.5304317809992826 0.5605644590291508 -0.5068278439719135 -0.3841025340293212
1645102048.60346 2.6565418409588335 1.4014534863893733 1.1043490454671414 0.5312057892962371 0.5611746066764319 -0.5054257629672312 -0.38398936205607137
1645102048.6100469 2.655228579275655 1.4031349786421057 1.1044866405089793 0.5298748960458329 0.5616551933960287 -0.5058534160403673 -0.38456209623565474
1645102048.616662 2.6559738145480063 1.4038819527707989 1.1053524546663653 0.5325567599566563 0.5621179529639014 -0.5033844871033369 -0.3834193858261515
1645102048.62322 2.6530118995972103 1.4066860353136972 1.105122353330005 0.5276211501166423 0.5635067667484359 -0.5058187136421011 -0.3849975460235364
1645102048.6298418 2.6532967761955293 1.4078266195537248 1.1059762621169305 0.5291546662714245 0.564409735171065 -0.5035423204002786 -0.38455392901521024
1645102048.6430788 2.653075916731207 1.4103336842944232 1.1071725080786017 0.5309639339286834 0.5662110079384164 -0.5009375104709906 -0.38281014047189166
1645102048.649659 2.650817433450485 1.4128795795042668 1.1071671949400026 0.5271475099188404 0.5675448828709955 -0.502493351364287 -0.3840682421230495
1645102048.6628559 2.649379986311488 1.414467847728951 1.1072514678744287 0.5252989452764996 0.5682598426196949 -0.5038706110739963 -0.3837392529573711
1645102048.669481 2.650689859852221 1.4164890333100206 1.1091724608462463 0.5292869442860284 0.5694694319375607 -0.4986604579529738 -0.38327187878658486
1645102048.6826618 2.648620608477639 1.4190446034395199 1.1092582109284745 0.5252712086836722 0.5708465227775023 -0.5001015298755673 -0.3848668354520848
1645102048.6892211 2.6477735367767044 1.4203858753379615 1.109596729727118 0.5241452532410675 0.5714249339583971 -0.5006202372547528 -0.3848691052370238
1645102048.6958232 2.6483834278986675 1.4217099896751948 1.110558553654378 0.5252314120691861 0.5722687100965491 -0.4979193016045743 -0.3856377348608553
1645102048.702423 2.647741779935741 1.4234192402330508 1.1110300834439815 0.5239053230039 0.5730949077507901 -0.4974593160521928 -0.3868065369265518
1645102048.709014 2.6472665740678036 1.4248164533308736 1.1115985279890999 0.5230430059097175 0.5738303874072448 -0.49707059787111274 -0.3873823681656643
1645102048.715627 2.6469502024205496 1.4262411107122257 1.112127846489765 0.5222708870394371 0.5746321846495784 -0.49653823928227264 -0.38791804025506343
1645102048.722214 2.6466502835979955 1.427640605813203 1.1126985433440257 0.5215460596757358 0.5754118963706826 -0.496103289309589 -0.3882936453881917
1645102048.72882 2.646484587560158 1.4288800825794832 1.1132822566356344 0.5212433906979889 0.5759870835540849 -0.49534135799206347 -0.38881970221087986
1645102048.735456 2.6450685220275156 1.4305107459337254 1.1133943596813913 0.518489058588981 0.5766239359149354 -0.4966393742449026 -0.389901140535776
1645102048.742028 2.6448840952397794 1.4318065703995284 1.1139638669866556 0.5180153066039441 0.5772790533122258 -0.49584455748542977 -0.39057248980326015
1645102048.748616 2.643723871057132 1.433365248789456 1.1140268867181191 0.5156889486764759 0.5777123202109989 -0.4969519095575458 -0.3916017375072244
1645102048.755218 2.6456461170799717 1.434254158828963 1.1155918672825158 0.51874590118466 0.5788962410983696 -0.4923370813933267 -0.3916447716465688
1645102048.761821 2.6450700796903113 1.4358603063816404 1.1160299225259724 0.5172552297372762 0.5798584058621012 -0.4920206237090201 -0.3925895899693071
1645102048.768419 2.6445390347630466 1.4369907501376658 1.1163594597745583 0.5161470225122796 0.5802915622569368 -0.4921620001813949 -0.39323041819382437
1645102048.7750149 2.644532872699319 1.4382102234795278 1.1168901583806727 0.5156283281732934 0.5809727064637221 -0.491148190517633 -0.3941716628307768
1645102048.781625 2.644173368033739 1.4395666263535414 1.1172225528991973 0.5143101463581968 0.5817105429391269 -0.4908214383595789 -0.39521112022714316
1645102048.78822 2.6447035571547906 1.4404864467036722 1.11797405079935 0.5146441308903565 0.5822428215453347 -0.4891500368180516 -0.3960637925151085
1645102048.794826 2.645330203441486 1.441671310114506 1.1186881687204493 0.5148832902118631 0.5829811626509666 -0.48711405782466366 -0.39717458648397075
1645102048.801422 2.6462505171613886 1.4426549495350613 1.1195037849920175 0.5155793472583072 0.5838143451753693 -0.484941869759643 -0.39770570266903915
1645102048.808048 2.6462632763228826 1.4440150760759862 1.119973974864596 0.5147860204651802 0.5848572136445334 -0.48371136734428316 -0.39869829390719475
1645102048.814656 2.645620498378716 1.445271814741841 1.1199704216957656 0.5122413356138282 0.5853041776209554 -0.4854926178263981 -0.39915453580441457
1645102048.8212218 2.646120535578076 1.446335579608694 1.1204931854161695 0.5121547657768608 0.5859653645326605 -0.4843182206732948 -0.39972191965508885
1645102048.827819 2.646443522866794 1.4473114721199012 1.1209794518430636 0.5119998096397511 0.5863357800760932 -0.4834464896356405 -0.4004317998340525
1645102048.8344278 2.6470394222221274 1.4483107137223605 1.1214627976016684 0.5120559565189445 0.5867327904394928 -0.48229665242495556 -0.40116440902565015
1645102048.8410208 2.648529098213585 1.4493403247470393 1.1225188972819617 0.5134733068235899 0.587668860664553 -0.47909847679268475 -0.401814253657522
1645102048.847619 2.6492043551059705 1.4502907741631765 1.122979137480504 0.5136175296474058 0.5879203139575145 -0.47803672434837663 -0.40252611718262804
1645102048.85422 2.650183019871045 1.451085020742538 1.1234322424026177 0.5143391127555987 0.5880176208043099 -0.47695009121190446 -0.4027515272258596
1645102048.860822 2.6494426396880155 1.452352607098433 1.1232713074889562 0.5118201718822586 0.5883906622684844 -0.4787575817520592 -0.40327072269684744
1645102048.867454 2.650120172764191 1.4533443017366763 1.1236904016868698 0.5117216793288777 0.5889178653750606 -0.4775244591489251 -0.40408740668228965
1645102048.87402 2.6509815342872503 1.4542572826615214 1.1241853364970007 0.5116752783418924 0.5895393823972283 -0.4766364549432265 -0.40428830516268305
1645102048.880618 2.6522184660163894 1.4551293380501935 1.1248607398215564 0.5120701925139068 0.5901690735074608 -0.47505775278116824 -0.4047274870261121
1645102048.8872268 2.6530714779757387 1.455968344802668 1.125319657781199 0.5117256873653105 0.590706890713468 -0.47445844970238965 -0.40508150835720175
1645102048.893821 2.6548506480886354 1.45666614902657 1.1261582732870021 0.5128436595337499 0.5913123856741836 -0.4720868475904324 -0.4055547471445525
1645102048.900426 2.6549457325680828 1.45761746368885 1.1261587993829316 0.51094192778692 0.5917890090919095 -0.47361929468086617 -0.40547325528240136
1645102048.9070148 2.6561176054021054 1.4582752269860202 1.126568252797568 0.5109053493480896 0.5922562502712924 -0.4732420000963692 -0.4052775647741249
1645102048.913621 2.6569222107333887 1.4592123550142924 1.1268739039171272 0.5099879129461344 0.5927926680226124 -0.47308789271253254 -0.4058283091081672
1645102048.920216 2.6579667920367624 1.4599187308594526 1.127202050265935 0.5094306734770707 0.5931277738747143 -0.47307164722343314 -0.4060574410994369
1645102048.9268281 2.6586411164433836 1.4608978581964904 1.1273933093284394 0.5082233282731707 0.5936357532960443 -0.47356079995098777 -0.406257888325509
1645102048.933416 2.660791049695688 1.4612002480306436 1.1280370840039229 0.510164579963906 0.5938831698568968 -0.47157596855794864 -0.40577161641858445
1645102048.940023 2.6620242094221265 1.4618096247411496 1.128337151826953 0.5101296916473476 0.5938537105131121 -0.4710921567508689 -0.40642005865520614
1645102048.9467251 2.6632863306590377 1.4626237419627128 1.128681409695305 0.5099376350744321 0.5941584873365076 -0.4705886583617067 -0.4067988038279393
1645102048.953287 2.6646343320869823 1.4634003507673234 1.1291213494241181 0.5099681588966681 0.5946350369998356 -0.46994609313305113 -0.4068070165864773
1645102048.959862 2.666183196362497 1.4639115777018699 1.129354776296112 0.5105505423476412 0.5942437215052011 -0.46949936424234884 -0.40716393478294316
1645102048.966458 2.6675823735343434 1.464617769725436 1.129643634173275 0.510554305328609 0.594298297290583 -0.46916354448390124 -0.40746661692584124
1645102048.973055 2.6691290976862305 1.465393588505065 1.1300900719191445 0.5106456924448682 0.5947147428971878 -0.4685069513960503 -0.40750000986697016
1645102048.9796648 2.670621768747635 1.465787084993186 1.130196198587099 0.5112023258116886 0.5937016661286744 -0.4682677726257096 -0.408552894961367
1645102048.986264 2.672190769996771 1.466390470751719 1.130435470590156 0.5115449415617348 0.5932617405768812 -0.467780011788954 -0.40932105598729546
1645102048.992828 2.6738563023533453 1.4664781711311428 1.1312439598038206 0.5131005258800279 0.5922570296212504 -0.4678034411572785 -0.4088019688110507
1645102048.999423 2.6747320936057792 1.467218840084811 1.1308349616102982 0.5122649102027532 0.5909957970950958 -0.4685212197478276 -0.41084805754672793
1645102049.0060549 2.6765653610199407 1.4676973196531653 1.1310640190046928 0.5128244774339357 0.5906735495594642 -0.4678618098267689 -0.41136454682606105
1645102049.012654 2.6787629862909412 1.4690373643366457 1.131875384571976 0.5135985324317422 0.5903319800298956 -0.46454423867531425 -0.41463598269040564
1645102049.01925 2.6804841783410427 1.4689116289533404 1.1318360884771506 0.5135851978185947 0.5907543522972957 -0.46579900947080066 -0.41263842535332146
1645102049.0258188 2.682479217702659 1.4699596976900011 1.1321186878123162 0.5127670796738558 0.5918075242266144 -0.46453436254378383 -0.413571258742245
1645102049.0324118 2.683791504152146 1.4706084438477762 1.1319872527109136 0.5120054856355266 0.5912993699085256 -0.4648353411090368 -0.4149014232176753
1645102049.039019 2.686630208076133 1.4711891124114773 1.132782526913283 0.5137455153822649 0.5912407469120323 -0.461710348640195 -0.41632087665955725
1645102049.045629 2.688049094506152 1.4717136635295343 1.1325777581645153 0.513388149163242 0.5904703469079357 -0.4620841884242499 -0.4174389197592921
1645102049.052226 2.6901704946564773 1.4721284657117948 1.1328267429255816 0.5143125252994445 0.5902705110051015 -0.4612349999638957 -0.41752277610404737
1645102049.0588129 2.691591443974615 1.4726837805616229 1.1327059794624403 0.5138492791480564 0.5897298751297771 -0.4615696193875576 -0.41848618487659067
1645102049.065443 2.6935936217737337 1.4731717438035956 1.1330061136488179 0.514690068976017 0.5896286802970169 -0.46056936193176135 -0.4186975973950317
1645102049.072053 2.6950577391087394 1.47375515513463 1.1328343680434354 0.5145403424648505 0.5891687054807194 -0.4609896806238315 -0.4190664227344007
1645102049.078617 2.695876973550418 1.4743763287149227 1.1321957560078215 0.5136503176337017 0.5879541967063474 -0.4626033288446015 -0.4200845495773849
1645102049.0852191 2.696717846076282 1.4745733268114676 1.1316606299239766 0.5134510976744914 0.5866336222599356 -0.4640205075981145 -0.4206109210902504
1645102049.091817 2.700327192450181 1.47516527017217 1.1327631259564628 0.517001186678656 0.5875248087874438 -0.4601205348932799 -0.41930069590437014
1645102049.0984519 2.7021703984956513 1.475591034434931 1.1329515015321248 0.5181961152638246 0.5873826293268131 -0.45943577734296526 -0.41877541963190495
1645102049.1050339 2.7038652636672147 1.4761459112594515 1.1329653916969475 0.5190820696479355 0.5868807703361184 -0.4590610345283961 -0.4187926984123029
1645102049.111634 2.70486440008341 1.4767457399849497 1.1326856688184739 0.5190369839971924 0.5864610474376797 -0.4601097916963498 -0.4182853125459451
1645102049.11824 2.706888436918534 1.4769375111558671 1.1324314015989185 0.5202253949837284 0.5851123171704802 -0.4603700476430701 -0.41841146194057055
1645102049.124832 2.706220578237488 1.477714922123893 1.131042702376937 0.5181051999000256 0.5833709593069552 -0.463634257489924 -0.41986690764896695
1645102049.1314402 2.709967197995982 1.4779995456432797 1.132185457011784 0.5219068803750443 0.5840387249103692 -0.4598427321536132 -0.4183973043437873
1645102049.138031 2.711475444174725 1.4786172180252102 1.131917042038171 0.5230921179241432 0.5833494645594972 -0.4601195528434263 -0.41757343557073956
1645102049.151293 2.7140915931260556 1.479682289561525 1.1314779157058104 0.5234083612338021 0.5826030495223847 -0.4600867191133512 -0.41825492018908594
1645102049.15787 2.7135673211450055 1.480508470437098 1.13015843866318 0.5212976069292183 0.5808465483909774 -0.46334715587459124 -0.419732220421443
1645102049.164426 2.717521228934599 1.4808616764352396 1.1314954090751164 0.5259585893088593 0.5820477383051762 -0.45825513823266684 -0.41783954793097555
1645102049.171065 2.716755048475706 1.4813433714567685 1.1300338143340125 0.5237218687180272 0.5799668636955603 -0.4620109890034336 -0.41940352216348814
1645102049.177662 2.71856360645273 1.4812524261210565 1.1300660073361863 0.5251127223320988 0.5793434590591579 -0.4614614441235517 -0.41913095146851287
1645102049.1842382 2.7193252686024634 1.4824070378897356 1.1297177552947666 0.5245273202041042 0.5789273297648113 -0.46153274619699125 -0.42035870454474683
1645102049.190827 2.7209600081567413 1.4826014361519944 1.1296684368467893 0.5257878178646969 0.5782151721632046 -0.46120555860843854 -0.4201231742907878
1645102049.197428 2.722414183699438 1.4831474277293533 1.129705820629428 0.5261344159333764 0.5781160344537651 -0.46071057367005785 -0.420368659638728
1645102049.20403 2.7237802423939925 1.4835633869500988 1.1296939863396824 0.5266466952687425 0.5777225912790255 -0.4606583117380344 -0.4203253143781007
1645102049.210623 2.7251426456285985 1.4837740136085849 1.1296262852828893 0.5274701075890091 0.5768250704308716 -0.46056085655060536 -0.4206322605948291
1645102049.217221 2.7265890073650128 1.4843065069855101 1.1296963077877942 0.5278626834692108 0.5764269809715836 -0.45999596949573146 -0.4213029737883472
1645102049.223819 2.727849279451041 1.484457598223148 1.1297581167059607 0.5280623092273553 0.5757503606746773 -0.46003595979185913 -0.4219339885763145
1645102049.230418 2.7292092998263002 1.484992869168806 1.1297538599063108 0.5285299332305616 0.5750016820253862 -0.4598136847927959 -0.4226111908203531
1645102049.237022 2.7305463469877527 1.4851737207520235 1.1297550185948393 0.5290757128515072 0.5741818123653968 -0.4599865300530202 -0.4228547953498657
1645102049.243615 2.731977963524682 1.4855296273458833 1.1298172821852315 0.5293604635490045 0.5734304971449242 -0.46007109355258813 -0.4234254657752139
1645102049.250222 2.73356209032841 1.485244451757576 1.1300655678037939 0.5304363973638279 0.5723416891012812 -0.4599244659956326 -0.4237114367663729
1645102049.256854 2.7346518220073235 1.485500783411441 1.1300654706243916 0.530432208138408 0.5713812853542503 -0.4603944093323419 -0.42450176587305133
1645102049.263459 2.7378623154449895 1.4860433046948982 1.1311882630043035 0.5339524312978252 0.5714458704099584 -0.4575387164277733 -0.4230866704249446
1645102049.270051 2.7372769090802507 1.4859383195173337 1.130284023892913 0.5315354871550488 0.5690256002374114 -0.46122741541221357 -0.4253807503645356
1645102049.276622 2.737641923099767 1.4866081215826739 1.1299933531251678 0.5303623380185895 0.5676001646290525 -0.46274040747481904 -0.42710279114389715
1645102049.283225 2.7412442354559423 1.4868191004659848 1.1314080925515393 0.5345674343082072 0.5677814541496141 -0.45878849959770557 -0.42588092378886927
1645102049.2898219 2.739867395121936 1.487979667040805 1.1302938184553362 0.5308564867965371 0.5658344087950605 -0.46375094942629747 -0.42773537678510054
1645102049.30306 2.7421238145060105 1.4870493039336645 1.130187907079637 0.5332411895874617 0.5617344879298359 -0.46550985173919107 -0.4282620769689928
1645102049.309619 2.7428834296588898 1.4884193223668867 1.1304191771400767 0.5327208919108445 0.5615402378048525 -0.46641602785018815 -0.4281784211033473
1645102049.3162282 2.746684479609446 1.4873951407637296 1.132056257886724 0.538141210632373 0.5613158891387433 -0.4617387327984559 -0.42676166259606774
1645102049.322819 2.747962460313672 1.4877348887927289 1.1323372264308087 0.5393770854239722 0.5606344790545567 -0.4616727603585406 -0.42616796330250695
1645102049.3360279 2.7487825136921247 1.4879298766997422 1.1325211710224172 0.5398019435633834 0.559691213558398 -0.46197551559630434 -0.4265417504956933
1645102049.342656 2.7466769975603578 1.4892998218567812 1.1311259384813286 0.5349195567569992 0.5579124018749224 -0.4678707237598375 -0.42859232421735916
1645102049.349216 2.7473962270410337 1.4895094281846248 1.1311742153489488 0.5352380996961449 0.5571442875502179 -0.46833865163771327 -0.4286827978652328
1645102049.3558242 2.7481204526381995 1.489697018009064 1.1313499305762182 0.5355115370676963 0.5565379661958888 -0.46840952192116847 -0.4290513103031367
1645102049.36242 2.7518741798423 1.4886576102922886 1.1330675762091647 0.5412747110702151 0.5570004111289703 -0.46289114856468533 -0.42720447785634413
1645102049.369056 2.7524202940137434 1.4888608366454903 1.1331380378116473 0.5413680877644373 0.5564481370189984 -0.4631760475434235 -0.4274969540242481
1645102049.3756201 2.75303500442943 1.4891113664280462 1.133277752053808 0.5414623339408332 0.5563184080098383 -0.4631668206956642 -0.42755645536177517
1645102049.3822541 2.753680637215859 1.489457053175922 1.1334329585781922 0.5415611219658111 0.5563895663612531 -0.4632137441284824 -0.42728782393857284
1645102049.38882 2.7541560543568973 1.4897109061828764 1.133541623655936 0.5415790883249929 0.5563875345447589 -0.4629825257881897 -0.4275181294119867
1645102049.3954291 2.754501814696566 1.4900647982764923 1.1336534085388927 0.5412114394921764 0.5566335331623818 -0.4624462127181856 -0.4282434921603639
1645102049.402057 2.7549127136583977 1.4902806066956638 1.133898305658774 0.5410163388777718 0.5570730038936992 -0.4620222354937081 -0.42837608586030584
1645102049.40866 2.7552903060793366 1.49061365452483 1.134047259654759 0.5410816906402103 0.5573071710830135 -0.46153241180832416 -0.4285170416278422
1645102049.415253 2.7557449986307727 1.4909888448085127 1.1342022206501645 0.5417211892141713 0.5573659128244594 -0.46099295884384806 -0.4282131392073351
1645102049.4218209 2.756065497873926 1.4912540721840872 1.1344446306290052 0.5417481339639684 0.5578909340750727 -0.4603788497717518 -0.4281560946979547
1645102049.42845 2.7563636039409065 1.4916904770544823 1.1346215557074257 0.5419609891154543 0.5582679087165662 -0.4597528017263974 -0.4280680432925035
1645102049.43502 2.7565827469289435 1.4920384169694594 1.1347792386540694 0.5422284738474591 0.5585038340887978 -0.45923584922284916 -0.42797639311235197
1645102049.441653 2.7567353277460014 1.492440043524354 1.1349053085347545 0.5426080297871424 0.5585382000086602 -0.458890833398917 -0.4278205469774238
1645102049.44826 2.7573392175960705 1.4927412351550695 1.135276754965885 0.5437387433085068 0.559330589782596 -0.4578810700707067 -0.42642944850019043
1645102049.4548612 2.757383819187215 1.4932130621821609 1.1353946345467862 0.5438335010355231 0.5595026247130105 -0.4575387676206783 -0.4264503011352136
1645102049.461422 2.75651005669714 1.4938149546978456 1.1350182545353655 0.5423252492236387 0.5583641232384866 -0.4586581322740577 -0.4286550967158586
1645102049.468012 2.756540021721163 1.494176857520637 1.1351634663172572 0.5426891317736444 0.558316323998433 -0.45854693857071543 -0.4283756998662802
1645102049.4746208 2.7573410510331797 1.494188228160157 1.1358967334489607 0.5447537268009096 0.5589706135319387 -0.45741734308409243 -0.42610351400573837
1645102049.4812129 2.757380874053802 1.4945692209727017 1.1361000498285532 0.5452291715613454 0.5586982755080605 -0.4573169585111603 -0.4259603867156247
1645102049.48785 2.7575648714304437 1.4950308533850192 1.1363586406415873 0.5460017163686355 0.5584116362764582 -0.4568791910189212 -0.42581648395163124
1645102049.494417 2.7561233804110734 1.4959805533730524 1.135741347465595 0.5435949198301931 0.5576503131539258 -0.4595097592638141 -0.4270609268978964
1645102049.501024 2.75811275803239 1.4957286265322405 1.1369837635319946 0.5474833386229462 0.5583043631050112 -0.4560584802936904 -0.424933487146524
1645102049.507657 2.75647569838627 1.4967905384122433 1.1363132925266402 0.5443324173921898 0.5575630672096019 -0.4586547562680012 -0.4271546650530608
1645102049.514223 2.7562796699010903 1.497153406260013 1.136534854070102 0.5438155844602047 0.5567829529997301 -0.45896791449240515 -0.4284919834724889
1645102049.520854 2.756309496779108 1.4973717196286918 1.136778990933658 0.5438992281081215 0.55689045515965 -0.4593851799372931 -0.4277983991011851
1645102049.527455 2.7563446858949225 1.4980067007580289 1.1368861667987928 0.5440962617395481 0.5558068643894751 -0.45931419633674575 -0.42903167855405244
1645102049.5340512 2.757982035645483 1.4978791785546461 1.1380243106711707 0.5469078081053045 0.5558979350607108 -0.45639545912211915 -0.4284531785961834
1645102049.5406232 2.758150784779968 1.498317554306956 1.1383077226622227 0.5469430948198821 0.5555767102194799 -0.45624565539557904 -0.4289839860541726
1645102049.547255 2.7582506428956823 1.4988101487099672 1.1386156074706535 0.5467399816810932 0.5554070808330173 -0.4559809787975085 -0.429743298060299
1645102049.5538461 2.7560858917067383 1.5001410151706154 1.137618119682775 0.5419744614502613 0.5541939295905415 -0.4597084846039239 -0.4333595448957785
1645102049.560423 2.7562201329167095 1.5003350764644647 1.1378825284689897 0.5420498166046744 0.5537823029656158 -0.4597460821202743 -0.43375149583660333
1645102049.5670311 2.7563231606715566 1.5009650237779906 1.1380024020242128 0.5421605795084335 0.553461468105425 -0.4598669035459735 -0.43389444660346255
1645102049.5736241 2.757619039562659 1.5011112119018402 1.1388338687023352 0.5447390183416453 0.5543673985385544 -0.4584656021839021 -0.4309816387751251
1645102049.580224 2.757359075472113 1.5018014615965793 1.1389645474206267 0.543868491683464 0.5538570614446978 -0.45869458789616185 -0.43249086159647265
1645102049.586824 2.757582181056322 1.5022846468127278 1.139218597949077 0.5442463083577775 0.5537054543810054 -0.4584589667364321 -0.4324595377160252
1645102049.593419 2.7578305482992373 1.5027750806152713 1.1395019318388229 0.544641606389765 0.5536070491769016 -0.458169190712786 -0.4323949944096291
1645102049.600047 2.7581230047402863 1.5031640219952331 1.1397665303379383 0.5453279127763092 0.5532831016875782 -0.4579688239111351 -0.4321567914869377
1645102049.6066391 2.758528237144355 1.5036633512347861 1.1401282916379094 0.5458313131901199 0.5536563884911888 -0.45721053441326154 -0.4318459479539745
1645102049.6132202 2.758834801678642 1.5041255252706618 1.1403622712251806 0.5463648117122081 0.5534082805919127 -0.45677524905737305 -0.4319499584959199
1645102049.6198559 2.7588312445725722 1.5046867269515576 1.1404657489221 0.546141094562362 0.55286403664782 -0.45660844166673975 -0.4331045485734657
1645102049.6264231 2.7591867345570575 1.5052673173508246 1.140756992107169 0.5463906687581161 0.5529276961667757 -0.4558606491156901 -0.43349622587063985
1645102049.633027 2.7594998619178432 1.5059280034953713 1.1409916226705215 0.5464059333680659 0.5530043856134405 -0.45519301822209185 -0.4340802636938524
1645102049.639626 2.759806415032704 1.5065134988812485 1.1412222271561516 0.5462979720333798 0.5531406060807019 -0.4546332949295172 -0.43462868407850275
1645102049.646226 2.7601635424033173 1.5071849398290391 1.1414473158729779 0.5460749953625557 0.5534161908173842 -0.4540575272044984 -0.4351597007782342
1645102049.652825 2.760575557910113 1.507829309913792 1.1416961331129944 0.5459037445505949 0.5536683291479667 -0.45345147905188166 -0.4356855491814313
1645102049.659453 2.7609691105162657 1.5082869428717152 1.1419173050277511 0.5458077499684392 0.5537777134625737 -0.453146186675878 -0.4359842916786976
1645102049.666025 2.76142879728289 1.508974989693896 1.1421679004157075 0.5455981385250946 0.5541086827956365 -0.45246022870405167 -0.43653822690399047
1645102049.672622 2.7618133614174045 1.5097830691204945 1.1424875305124595 0.5452552892237205 0.5544361115608994 -0.45156285649340655 -0.43747887635943605
1645102049.6792262 2.762322338937206 1.5103250222795823 1.142660927943282 0.5454566307007167 0.5545987596123694 -0.45110829158048765 -0.4374908088078037
1645102049.6858282 2.76276840186178 1.5109594215495714 1.1428645649968925 0.5456846752514797 0.554662514395282 -0.45054565869726615 -0.4377054286229845
1645102049.692429 2.7629027354590927 1.5110823756066878 1.142990457959244 0.5470323808719635 0.5529977126000843 -0.4503134312465095 -0.43836806969697084
1645102049.699019 2.763851528764416 1.5122984275165285 1.1432462781379507 0.5465198710796825 0.5546796157500723 -0.44948074166350627 -0.4377365581319313
1645102049.705647 2.7643236735114725 1.512914125164353 1.1434122850676778 0.5468040821162283 0.5546394848940409 -0.4491115422911702 -0.4378112733240797
1645102049.712267 2.7647671204573223 1.5135627854612763 1.143598724774207 0.5472257897984505 0.5544878006659474 -0.4486338056291828 -0.4379664027508224
1645102049.718862 2.765167300593854 1.5143355321585281 1.1438374869552517 0.5475183054916474 0.5543260667305632 -0.4479897387748276 -0.4384645811747295
1645102049.7254221 2.765737933781694 1.515049756381136 1.1440138479486903 0.5481293705246306 0.5542764262595302 -0.4474483476257933 -0.43831665899921995
1645102049.73202 2.766165168453907 1.5159832290412465 1.1443220643675995 0.548215668353093 0.5543017249317477 -0.44658675511039286 -0.4390547267267941
1645102049.738615 2.766654071569559 1.5165449127436663 1.1443977060274708 0.5489273982111785 0.5539655856411388 -0.44645513992360847 -0.438723567246836
1645102049.7452328 2.767079937792076 1.5172803966139157 1.144586853789565 0.5492016116282619 0.5538488055381167 -0.44605942377734187 -0.438930247872972
1645102049.7518249 2.767558772101054 1.5181336129682212 1.1447769665315113 0.5493748076482212 0.5539276978393713 -0.4456046026827832 -0.4390758176987934
1645102049.758431 2.768035896016203 1.5189464913563246 1.1449889250643686 0.549521828249005 0.5540711523079953 -0.4451710970266055 -0.43915064457082453
1645102049.76503 2.7682921400575093 1.5196416330674856 1.1451333975286857 0.5492655587260632 0.5541270203799502 -0.4452258028074364 -0.4393451966456278
1645102049.7716658 2.7669529892332876 1.520643288922876 1.1441424301621048 0.5474009492809382 0.5525558825553213 -0.4482105727763658 -0.44061451927330747
1645102049.77823 2.769423998503794 1.5214125516613135 1.1455432404343409 0.5501519315800292 0.5544055393316789 -0.44397281648410386 -0.43915271897333247
1645102049.784837 2.768516725907425 1.5225078825254335 1.1448150304785532 0.5483537788900855 0.553665996932784 -0.44658542399526446 -0.4396853033762829
1645102049.791475 2.768764589788747 1.5233486070582685 1.1448952649197917 0.5481622843335006 0.5538865173834607 -0.4464262029344953 -0.43980811583844137
1645102049.798066 2.769213923620061 1.5242776902021167 1.1450196355593087 0.5482794017508091 0.5541949933150211 -0.4463001650728069 -0.4394011519194153
1645102049.804658 2.7687548371321533 1.525656113489274 1.1447397992069652 0.5468653722282265 0.554344908088861 -0.4472294327185385 -0.4400288591255154
1645102049.81123 2.7694242430275007 1.5260309181292182 1.145102262133695 0.5486368863745175 0.5542308242393116 -0.4461028713098902 -0.43910991981335284
1645102049.817848 2.7696470768796964 1.5266953449124547 1.1451284884899526 0.548656442478527 0.5545379576348748 -0.4459731211331582 -0.4388294791033388
1645102049.824427 2.77040643669752 1.527753387125628 1.1453465637632587 0.5495766254735245 0.55488856372568 -0.44521776387464707 -0.4380011941011974
1645102049.8310668 2.770722808336482 1.5286836356904216 1.1454445060304366 0.5497631388962317 0.5551365823100225 -0.44452143213396794 -0.438159918695272
1645102049.837667 2.772541823572568 1.529244391035828 1.1464722377450696 0.5525438944648882 0.5561036459170383 -0.44132829389529377 -0.4366611740130321
1645102049.84424 2.7706046600174896 1.531149092629151 1.145235501341148 0.5484063805806111 0.5557889984517194 -0.44549518097205976 -0.4380441950280311
1645102049.850825 2.770948447244501 1.5321084454291558 1.1454171104771258 0.5487943648129662 0.555932967894883 -0.4446601724161369 -0.43822391542257205
1645102049.85742 2.771387326727928 1.5323761752797103 1.1455994760916877 0.5503993470594462 0.5555776817965713 -0.443887015220733 -0.43744473636449976
1645102049.864032 2.7715972174824106 1.533105021977832 1.1457065297300641 0.5501021374883194 0.5560758771538595 -0.44347528939851927 -0.43760327300892077
1645102049.870629 2.7723408312306668 1.5340824399910564 1.1461106036600248 0.5508847954173037 0.5564638679218563 -0.4417663769234355 -0.4378539144761303
1645102049.8772402 2.7738359991621753 1.5351772980746194 1.1469650508835192 0.55223585239075 0.5577810867984208 -0.4392597589501909 -0.4369969461513393
1645102049.883838 2.774119060164706 1.5364124598002218 1.1470115237322605 0.5522276846250032 0.5581510451121763 -0.43891094301960104 -0.4368852879245028
1645102049.8904262 2.774380522554029 1.5371268471579962 1.1471264472477158 0.5522549302949438 0.5584647278038166 -0.4389084633811173 -0.436452285150098
1645102049.8970182 2.7746871551807564 1.5384433618429272 1.1472810888541378 0.5519506456506931 0.5589863855286368 -0.4378624274856442 -0.43721951047526186
1645102049.903648 2.7754705719669444 1.5401599956283296 1.1472751761617297 0.5517896664935961 0.5594640949535093 -0.43713269905424296 -0.4375417169644993
1645102049.910217 2.7773804855016393 1.5405444237110333 1.1486499109253083 0.5550556728404751 0.5606152326912472 -0.4330952109787271 -0.4359494616934977
1645102049.916825 2.776897310204756 1.5418201720573028 1.1482696835375332 0.5538924416830376 0.5604255358174326 -0.433991328794876 -0.4367808602856384
1645102049.923444 2.777202740827549 1.5429955905766606 1.1483685544596884 0.5542100418864515 0.5604863128168773 -0.4338606264712222 -0.43642973353316855
1645102049.9300559 2.7775890224171875 1.5444166367375778 1.1484705462111535 0.553837402508709 0.5613399877151899 -0.43346736810937314 -0.4361962636891837
1645102049.936623 2.777720827784399 1.5456827169034753 1.1486224129394038 0.5536988634311644 0.5615620602819976 -0.43299747483960255 -0.43655291136347446
1645102049.943226 2.7780316170372608 1.547084655790412 1.1486187919066948 0.5543152012944522 0.5615518501033139 -0.4332040188770838 -0.435577871938889
1645102049.949836 2.7789729864537085 1.548296545590997 1.1491171472446002 0.5557653824510277 0.5619640993797541 -0.43200807102859423 -0.43438449386332917
1645102049.9564219 2.7783884250725928 1.5498204077401858 1.1487978747852179 0.554781212363631 0.5618244369979413 -0.4329527282464596 -0.43488231210534634
1645102049.969655 2.77927396098868 1.552467717302883 1.1494633354412502 0.5559800408621263 0.5626296810313384 -0.43221712104692817 -0.4330381037278956
1645102049.982851 2.7777279256628886 1.554580835221343 1.1482847859718026 0.5530100661062706 0.5615479276665257 -0.4359835427653464 -0.43446729314544547
1645102049.989491 2.7788722937831554 1.5583366889593306 1.1491147700691002 0.5545080739349275 0.5625946319738554 -0.43424263077705183 -0.43294455969796647
1645102050.002636 2.7790984417874975 1.5596848391932998 1.1494566075845787 0.554533047737346 0.5627062892683867 -0.43350212696230417 -0.43350928091373686
1645102050.009235 2.7784733944678166 1.5605728251703297 1.1491872882611953 0.5548657620622758 0.5613702050143565 -0.4343111564482309 -0.43400556734890755
1645102050.0158238 2.780601272911165 1.5618441318610816 1.1507483164639234 0.5574913731850367 0.5628961771405654 -0.4305706134023057 -0.432388457320928
1645102050.022488 2.7788601135752353 1.563946346056427 1.14949939842211 0.553755138935792 0.5619780453188125 -0.4349911099390637 -0.43395648794782066
1645102050.0290189 2.7794024442200413 1.5663695997091258 1.150018899183075 0.5536201662975663 0.5631711410394037 -0.43388516751087025 -0.43368916677497366
1645102050.03565 2.7789950413954796 1.5670947067546268 1.1501700513243045 0.5535705290496817 0.5624314302819599 -0.43393592282492355 -0.43466056421500665
1645102050.042221 2.7791640886159255 1.5689751363660396 1.1501312610983008 0.5526002080916921 0.5626683327279581 -0.4351479489685331 -0.4343769263660036
1645102050.048831 2.781289065623033 1.5700776676489028 1.1519174931196088 0.5559497722888614 0.5642041529608269 -0.43033292603959333 -0.43290504376808453
1645102050.0554261 2.7793150772294206 1.5721848307847264 1.1509281578212922 0.5522295549897812 0.5635581573365255 -0.43423840430394545 -0.43460477578103734
1645102050.0620959 2.7792734998984567 1.573903364912709 1.151109414274178 0.5516899596795065 0.564034819066973 -0.4349367384512744 -0.43397294888695276
1645102050.068637 2.78057335525047 1.5750603457082732 1.152126051005099 0.5534001475669451 0.565033201166888 -0.4328701225771946 -0.4325607041381476
1645102050.075256 2.7810598784881253 1.576870415974045 1.1525298999447675 0.5540340629512773 0.5652601691404319 -0.43210309306621486 -0.43221959573642854
1645102050.081826 2.7797098038292742 1.5791744899669165 1.1520771721735548 0.5510674575314396 0.5656014297634531 -0.434778915251351 -0.4328817190212862
1645102050.0884259 2.780532914818448 1.581722560500395 1.1526856471969587 0.550797520536061 0.5673539941530588 -0.434478722362347 -0.4312300437872594
1645102050.095024 2.7804580086738 1.582980056274849 1.152781629201987 0.5510410748420096 0.5670249688439748 -0.43468717913287797 -0.431141545565594
1645102050.101645 2.7803964070629084 1.584150394239151 1.1533785783897763 0.5516014028003304 0.5676475888107982 -0.43405821871424477 -0.4302384522605037
1645102050.108226 2.7792227798315086 1.5858492744029284 1.1530700177276687 0.5496942898559356 0.5675770619102681 -0.4360575393775638 -0.4307504519286377
1645102050.1148238 2.7780808630964122 1.5882944640960681 1.1527225132099486 0.5466010766442999 0.5686134121120898 -0.43907046376315045 -0.4302589396480054
1645102050.1214159 2.7808739435121463 1.5898772397653762 1.1544531647753358 0.5504774466624024 0.5702923415838712 -0.43366207809249613 -0.42857682133492825
1645102050.128028 2.7807219884207646 1.5913426287367183 1.1550591565023576 0.5505479152237396 0.5716103361541547 -0.4329108663436033 -0.4274884465319585
1645102050.134625 2.780820568338039 1.5931153874226058 1.1555098911330715 0.5500911271887354 0.5727889200687794 -0.4325016874186607 -0.42691272000383906
1645102050.1412292 2.7808653371404017 1.5954110832177124 1.1556599136668773 0.5485082770631077 0.5736745286854498 -0.43268473283311476 -0.4275743169055892
1645102050.147823 2.7801796762345776 1.5967050534640843 1.1560090380222483 0.5474225185134263 0.5748578686455192 -0.433095922831244 -0.42695965109564743
1645102050.1544251 2.7804396572365864 1.598750768082361 1.1565992345189877 0.5469624173438689 0.5762624674965703 -0.4320395310826959 -0.4267261349159393
1645102050.161056 2.780728586926652 1.6004509242190896 1.1571467688039125 0.5468119166388639 0.5776568851706471 -0.4315339619480236 -0.42554351774887916
1645102050.167628 2.7803566805865407 1.602551926885384 1.1573089826327367 0.5451922719553498 0.5794149707290528 -0.43205707796338766 -0.42469982719389443
1645102050.174264 2.781626080612373 1.604097503045546 1.1584501582042683 0.5470256812780148 0.5811864919559568 -0.42938148689297 -0.42263018469010677
1645102050.180825 2.7803632317153393 1.6064139094360472 1.158016127988762 0.5441229297384832 0.5822272151912878 -0.4319066886412085 -0.4223717425558474
1645102050.1874611 2.778206117630232 1.609375567362873 1.1571963456579444 0.5394145472659149 0.5831571531778837 -0.4365438784066105 -0.4223609522099364
1645102050.194027 2.781073824137918 1.6097718298466646 1.1592306939442771 0.5444918102612513 0.585157162762617 -0.43074293049451573 -0.41902260725156887
1645102050.2006211 2.780705979045127 1.6115664040016102 1.1595055289942549 0.543514919460981 0.5864298264390617 -0.4306648114786053 -0.41859176611389254
1645102050.207231 2.777517315986405 1.6150867156553796 1.1579917524806227 0.5373112481921447 0.5874468241222593 -0.4369357877007105 -0.4186760003973364
1645102050.2138581 2.779770481356274 1.615427091726108 1.15960211696572 0.5418471654252613 0.5883168653390708 -0.4320055676164803 -0.4167201915615685
1645102050.220434 2.7789458838707546 1.6171960746932046 1.1593747413208617 0.5405898068394525 0.5893925345150299 -0.43314904901709506 -0.41564482950410636
1645102050.22702 2.7779234683747283 1.6188353183872057 1.1592187921590846 0.5391474492095572 0.5896430334133242 -0.43491511420889106 -0.4153186266702855
1645102050.2336252 2.775326356324284 1.6209837341666564 1.1579914300268708 0.535316692586017 0.590294692250074 -0.438683860250124 -0.41538448271314654
1645102050.2402189 2.7750807700739366 1.6220138450835542 1.1581948932690427 0.5353442295452475 0.5913158120093044 -0.43883969903996634 -0.4137287437456154
1645102050.246826 2.7734344107872193 1.6242587880086794 1.1577874140112678 0.5321913794656894 0.5924591947431667 -0.44075749100342004 -0.41412183689645765
1645102050.2534158 2.772935397667782 1.627230587245318 1.1583410181885614 0.5305109260938067 0.5961816621287438 -0.4415722756622756 -0.41004763970198777
1645102050.260028 2.7743411739824446 1.6273256637201674 1.1593428384480025 0.5336158044912346 0.597276677033403 -0.43822110574509665 -0.40801541112563366
1645102050.266669 2.773456671388445 1.628899703815007 1.1593297009245886 0.5319177561653324 0.5989224818471375 -0.4393875135238698 -0.4065631595961323
1645102050.2732239 2.770427076828012 1.6316981713761864 1.1583191442173972 0.5256646759899445 0.6010750165455838 -0.4447459498882586 -0.4056921151139573
1645102050.279825 2.771734881890063 1.6319864877628945 1.1592625269218522 0.5279967913302065 0.6025305802487061 -0.44193555262159984 -0.4035700751835095
1645102050.286438 2.7711386699515703 1.6331243883013347 1.1593431694272371 0.5261488332472883 0.6043313449673854 -0.4428228355184209 -0.40231652569260085
1645102050.2930171 2.768103351351635 1.6347631909327767 1.157931635896602 0.520712988919243 0.604850595644403 -0.4481443149897188 -0.40271582224340585
1645102050.2996411 2.7667025706615815 1.6367518797119542 1.1576222642012972 0.5176461866096559 0.6065480780148627 -0.450222856443153 -0.40179698501843714
1645102050.306283 2.7680145439746626 1.6379798338769274 1.1587509110724632 0.5185939943287496 0.6093204811217103 -0.44757486039208444 -0.39933094793823637
1645102050.312877 2.767289487105854 1.6390851849046153 1.1587029129408801 0.5162739957361785 0.6107637278630901 -0.4485283815672991 -0.3990623468436406
1645102050.3194602 2.7661445790226815 1.6396824519381232 1.1583290932607015 0.5156284260486683 0.6099027340053143 -0.45126458558960236 -0.398127938514015
1645102050.3260422 2.7652632999663984 1.641452676617599 1.1584734138083836 0.5122302323078468 0.6131070857902112 -0.4515917879240096 -0.39722077078291124
1645102050.332631 2.763643133759494 1.6432864366935689 1.1579921326888534 0.5087625679014116 0.6144274219676051 -0.45377099229821327 -0.3971537661564937
1645102050.3392231 2.7626101728657972 1.6446249425527182 1.157694230168096 0.5063616181884002 0.6157327375502198 -0.45521831915029815 -0.3965438321321529
1645102050.345828 2.761645919588365 1.6458881396898346 1.1574037085254234 0.504175830227282 0.6169153303152348 -0.4566617222630606 -0.39583057689966333
1645102050.352431 2.760309870876191 1.6469264911435626 1.156774102055712 0.5017600604329151 0.6173104412460032 -0.4591619891228372 -0.3953915334295667
1645102050.359027 2.7593299586769215 1.648444451154937 1.156523047048566 0.49960501438405425 0.6188650328713083 -0.46043634055835225 -0.39420669820793264
1645102050.3656309 2.758432342432862 1.6495716563874065 1.1561760226252358 0.497958307929038 0.619707459087463 -0.4619814446511465 -0.39315761919849224
1645102050.372256 2.7574889866538497 1.6511297179986757 1.155700252663485 0.4945877874836656 0.6219981978266039 -0.4633895584677128 -0.3921363122854909
1645102050.378818 2.7566767123029403 1.6507242733254945 1.155113928466448 0.4952850859335812 0.6208476005947576 -0.4663200180346646 -0.3895974968506775
1645102050.385468 2.754105934899607 1.6522105893433128 1.153997210681145 0.49072968697463537 0.6218715510263574 -0.47139651925410725 -0.38761464994208
1645102050.3920481 2.7529664964737264 1.6532360920898177 1.1535183112825966 0.488920536774376 0.622727476492184 -0.47331850730232217 -0.3861817999320836
1645102050.398634 2.7530485022659894 1.6538738543950728 1.1534307713768648 0.4897470062532448 0.6228814842770988 -0.4728401992410228 -0.3854714384042723
1645102050.405229 2.7526282616612163 1.654548485865178 1.1532248738515527 0.48952461947047204 0.6234652348298517 -0.473576752080425 -0.3839028559722486
1645102050.411819 2.750854184342129 1.6555783779663327 1.1523200052766898 0.4872857446559494 0.6236499338122952 -0.47659951546880325 -0.38270857164741484
1645102050.418419 2.749671342690747 1.6567364460411333 1.1514813785501463 0.485199975616162 0.6241311808496754 -0.47877350737409186 -0.38185967436407386
1645102050.425023 2.746624220071169 1.6582006564184708 1.1500360460779686 0.47997931165218116 0.6249070465512114 -0.4843887909433365 -0.3801028726414847
1645102050.431656 2.7470390888255887 1.65829529487606 1.1500157065830274 0.48080712287652466 0.6253027547465773 -0.48354214589261013 -0.37948329297734346
1645102050.4382179 2.746516278340544 1.6587916829617049 1.1496237648118548 0.480216133659656 0.6258119406853563 -0.4847246639587996 -0.37788021711936265
1645102050.444818 2.7452322571554753 1.6595100569218117 1.1489321887161832 0.47852577436765886 0.6266484375434861 -0.4873166682520653 -0.3752957558758561
1645102050.4581382 2.742754533853244 1.6605654471036722 1.1474437177901646 0.4744913415258593 0.6275339711403997 -0.4921000531758714 -0.3726878532578111
1645102050.4646919 2.741309068108597 1.661054989137787 1.1465991843553505 0.4719858063697269 0.6282514607559881 -0.49506846453157144 -0.37072411371992303
1645102050.471272 2.7403790837217814 1.6615276875952478 1.1460186734551991 0.47051007239330983 0.6293019993289507 -0.49655514040921 -0.3688250668339247
1645102050.477833 2.738735553410579 1.661924309889317 1.1451024824713347 0.4675014449750919 0.6296846930755643 -0.49915606454407235 -0.36848668725332084
1645102050.484446 2.7381912324083 1.6621108765557684 1.1446825920224601 0.4669145942862836 0.631102058020749 -0.5001314641313777 -0.36547107922200983
1645102050.491026 2.736518031340881 1.6624506568219333 1.143594866426193 0.46390553556426134 0.632135625763101 -0.5029565442771173 -0.36363509627164736
1645102050.4976661 2.734935727737418 1.6626370658095504 1.1426811263937757 0.46111442402075775 0.6328195993460461 -0.5050852573416061 -0.3630444495392415
1645102050.504229 2.7345371009804302 1.6628926967607724 1.142423293243944 0.46046458806900087 0.6350944068079786 -0.5055789374568544 -0.3591893182264431
1645102050.5108218 2.7334402433515037 1.6629275871360927 1.1418331025194077 0.4588509614517341 0.636596219793527 -0.5066570709573602 -0.35707030678562307
1645102050.517422 2.731331367360523 1.6628871227993203 1.1405562489845313 0.4548360798707333 0.6374036524961171 -0.510770094543596 -0.35490025263995467
1645102050.524024 2.7300717053773735 1.66276898214032 1.1397937587919533 0.45309482781617544 0.6386177948854419 -0.5115912079010658 -0.3537604857317071
1645102050.530623 2.7295563156371383 1.6626742274267317 1.1394932579545234 0.45252955174963855 0.6410067746149526 -0.5114968007860454 -0.3502826567574302
1645102050.5372438 2.7284586547776053 1.662485102375752 1.138846060794572 0.4508401205843446 0.6424978188996455 -0.5123510545493539 -0.34847628094962213
1645102050.543838 2.7273091848490463 1.662340333034638 1.1382405823528607 0.44876865676262717 0.6451272595025654 -0.5134861215596266 -0.3445999630688873
1645102050.550431 2.7254424671926496 1.6619828527519038 1.1371115386491606 0.44563997926023974 0.6452260217942369 -0.5160952103393662 -0.34457756571097026
1645102050.557025 2.7249202613994075 1.6619478622950952 1.1369274107080494 0.44434508801762773 0.6485614658531035 -0.5150447300333196 -0.3415464918419056
1645102050.563621 2.7232924069932216 1.6618156397074197 1.1360756103817862 0.44082426618089193 0.6498957967706332 -0.5169191604494113 -0.3407398344413529
1645102050.57023 2.7217725645998154 1.6613303403461352 1.1352340653538997 0.43802321631552266 0.6510380087947446 -0.5187406466279358 -0.33940080764048686
1645102050.583464 2.719180352781615 1.6600908830450054 1.1337493202741376 0.432448884978787 0.6542552288998357 -0.5214990784732965 -0.3361195916371702
1645102050.590025 2.7183773237357483 1.6596042985379273 1.1333457185548281 0.42992991581023743 0.6561449504109376 -0.5229385859160534 -0.3334200922333186
1645102050.596662 2.717195988952349 1.6590124331784704 1.1327689673597658 0.42738495802926035 0.6578808029913324 -0.5231931044305903 -0.332871607477204
1645102050.603221 2.7159457440422172 1.65840103738918 1.132222116104058 0.4244945970230691 0.6594527745618429 -0.5243595091549115 -0.3316219253697119
1645102050.609824 2.7133814006065475 1.657609491940435 1.1308129431016807 0.41933981368854983 0.6603735832174332 -0.5284261923211956 -0.32988819890326265
1645102050.61642 2.7125436926687385 1.6569526570597612 1.1301998734926006 0.41689554911926807 0.6614236082984496 -0.5300529694251115 -0.3282688370587712
1645102050.629629 2.712149087326016 1.6561815687910508 1.1303247281946238 0.4153040008519239 0.6641355889461724 -0.5293387104600019 -0.3259549792435754
1645102050.636271 2.710355125273128 1.6547706313529342 1.1295428204286253 0.4107256190415528 0.6677127665532503 -0.5306484924377088 -0.3222977955820402
1645102050.649421 2.7067659777382747 1.6542143763385695 1.1282108466974539 0.40303521984889135 0.6676321778817932 -0.5359056634263238 -0.3234727124693454
1645102050.656051 2.7062149109823266 1.6527539568931582 1.1275547542412627 0.40132408782745976 0.6686151896775442 -0.5378891029122908 -0.32026182405500525
1645102050.6627 2.7062135910047815 1.652146873910043 1.1277067039655293 0.40015158932987976 0.6707474306397838 -0.5372638512229839 -0.31831386470315026
1645102050.669256 2.7051292577944106 1.6509341364272558 1.1272526136165455 0.39760819847914386 0.6716721918765629 -0.5390028749401377 -0.31660656433036066
1645102050.6758468 2.7046594734804006 1.6502130976250404 1.1270397621957844 0.3954454435059 0.6735448436211917 -0.539712474527476 -0.31411822043359444
1645102050.6824372 2.701503264430934 1.650010275135905 1.1265998697500164 0.3884271581685218 0.6748494880802406 -0.542786697055133 -0.31477721612510573
1645102050.6890292 2.7009631820667215 1.6492161430449128 1.1262336698061852 0.38629081211952504 0.6757184580052026 -0.5443460619532843 -0.3128433186894474
1645102050.695634 2.6991948338270513 1.6473995484110802 1.125472881111449 0.38319782626875265 0.676432016512561 -0.547053647149075 -0.31037243545714566
1645102050.702236 2.6992260762988565 1.6459301584707582 1.1252357028507232 0.38279469867530175 0.6770444835644034 -0.5477703166209983 -0.3082633142931602
1645102050.708826 2.6988072603324933 1.6455825867187819 1.1250715155447042 0.3801008127271041 0.678415224584985 -0.54891644519104 -0.306539504010847
1645102050.715436 2.69876240669269 1.6436241590059966 1.1244348620229434 0.37919395738834893 0.6787033664663192 -0.5508838704075473 -0.30348025786887184
1645102050.722019 2.69862758068636 1.6425894970974415 1.1244671937634938 0.3776241194493263 0.6798575997043236 -0.5514017029708842 -0.30190959913974286
1645102050.728655 2.6980275859404683 1.6411245750958185 1.1242245674280793 0.37580316869812014 0.6803284011568485 -0.5530142108614489 -0.30016677701175093
1645102050.735254 2.6971841344834013 1.6401962058487265 1.1239622978301658 0.37261638831161686 0.6813972127965993 -0.5546783451205687 -0.2986409123478946
1645102050.7418702 2.695954996812003 1.6384955877547607 1.123682693947008 0.36947246579257914 0.6817692645185184 -0.5565198105006954 -0.29827181088172605
1645102050.7484689 2.695854266975891 1.637225474194624 1.1235650826346961 0.3684164148874343 0.6826073352600726 -0.557559067185355 -0.29570947052985264
1645102050.755039 2.6940249359607957 1.6353555697723108 1.1226415236728071 0.36418546873195473 0.6824183022208313 -0.5617238384703414 -0.29349641737235543
1645102050.761633 2.6943376856081342 1.6343766400160233 1.1228782677178866 0.36333742383628087 0.6835036844147407 -0.5616847695374395 -0.29209322142931404
1645102050.7682219 2.694187462444353 1.633326055140853 1.1228651077421827 0.36177765428998965 0.6843847581185677 -0.5624229254656158 -0.29054172100318243
1645102050.774834 2.693130413256212 1.6316007114460804 1.122250020237957 0.3590349990985938 0.6841422144827867 -0.5652002175555628 -0.2891220837840842
1645102050.781421 2.692619135611057 1.6301751095461572 1.1221160100297232 0.35691616895656686 0.6845087708493693 -0.5668373865834522 -0.2876691956310355
1645102050.7880409 2.6919585654424556 1.6286370151113287 1.1217999839930688 0.35484923624029374 0.6845855409201452 -0.5688685938630306 -0.28602933224264576
1645102050.794643 2.690589731133549 1.6266817772832953 1.1215886864837503 0.3520166243005842 0.6834266270633792 -0.5725972678678508 -0.28485835389943603
1645102050.801229 2.6905613666195953 1.6251487234316344 1.1214961448416207 0.35072767778315134 0.6837842536656281 -0.5737861791422485 -0.28319288100688345
1645102050.8078249 2.6899667909369507 1.6235422662008614 1.1211713483750994 0.3486860033258521 0.6836650151298078 -0.5758406883472295 -0.2818285222680901
1645102050.814445 2.6892721746760415 1.6218843264473883 1.1208322476383534 0.34652399033621845 0.6833922781177038 -0.5781601798499676 -0.28040418447582494
1645102050.821037 2.6888514905036334 1.6202280711996402 1.1205599715189305 0.3446325373976418 0.6832905931264852 -0.5801182121003248 -0.2789352056613795
1645102050.8276281 2.6884694585992097 1.6186133703099996 1.1203167399169598 0.342908466596423 0.683194845029283 -0.581955741469578 -0.27746294672486754
1645102050.834219 2.687878304267745 1.6166539228852677 1.1198914623665481 0.34107590765263673 0.6823758590396899 -0.5846142778868822 -0.2761451977496207
1645102050.840822 2.6875992831760853 1.6150321043225375 1.1197231087599118 0.3392601401392059 0.6823934775320136 -0.5862578724817379 -0.27485083517617603
1645102050.84746 2.68637150481071 1.612855103953466 1.1190212242793336 0.3365419877879239 0.6808545204523854 -0.5899526539856134 -0.27410230620899223
1645102050.854023 2.6869722381434227 1.6113799055559974 1.1192537199994208 0.33599460796452707 0.6813515079747702 -0.590074595384303 -0.27327519038324843
1645102050.861126 2.6869994834591555 1.6097720623100298 1.119140506120737 0.3352447505169934 0.6813788810178661 -0.5913835665715604 -0.27129112375442077
1645102050.911594 2.686267833399201 1.5955860042823151 1.1176007875689953 0.3270146226949005 0.6782855135739726 -0.6024806228985137 -0.2645881793749981
1645102050.920062 2.6862712874272674 1.5940786986898965 1.117092008222372 0.32496792251191886 0.6767165943762184 -0.6056322111349556 -0.2639312124209279
1645102050.926636 2.685840954701399 1.5915177356206505 1.1174168932372583 0.3252341153103249 0.6757073447100972 -0.606664515695639 -0.2638184020156034
1645102050.933219 2.686449775121193 1.5901238745565822 1.1171903362778557 0.32532573874267084 0.6765092729706614 -0.6062029902113983 -0.2627087431757163
1645102050.939818 2.6862399991950356 1.5886210657269084 1.1166364032607672 0.3225286311657904 0.6747163416356567 -0.6100967111519884 -0.26175320353258436
1645102050.946454 2.686078079658774 1.5859716347657324 1.1169445441338608 0.32364393533036073 0.673479620596559 -0.610678816969526 -0.262203645380134
1645102050.953023 2.6863169898559685 1.5845807881469063 1.1164147821541341 0.32230548355497607 0.672800952143758 -0.6125390914880512 -0.2612536891172544
1645102050.95962 2.6862035644814757 1.5828315042500065 1.1162244530679912 0.3212808509568784 0.6719219644922819 -0.6144511820345968 -0.26028607539446247
1645102050.9662652 2.6862956308234325 1.5806470529829753 1.1159516902019186 0.32104398661010314 0.6706271771917389 -0.6159283671413357 -0.26042617271590796
1645102050.972824 2.6865122309754077 1.5787002636794023 1.11577215431249 0.3209135726974503 0.6697075979042302 -0.6173252269846716 -0.25964470426116903
1645102050.979417 2.686520124666378 1.5767985764444596 1.1155410011293594 0.32013591648701933 0.668815970168518 -0.6190419528183531 -0.25881435888458465
1645102050.986041 2.686478005098245 1.5748045909568928 1.1153100792298918 0.3193087097627519 0.667643657878923 -0.6206735568958058 -0.25895529078589896
1645102050.9926322 2.687000161721607 1.5729836032886095 1.1151538022559895 0.3198252429338886 0.6669221852517411 -0.6217058912150522 -0.2576975237609682
1645102050.9992352 2.6871347001051573 1.5708467743654455 1.1151447552359952 0.31962751148892304 0.665929616328792 -0.6235068903841934 -0.25615378826013824
1645102051.005822 2.687479709705563 1.5690215798378007 1.114977647923482 0.3194674072995502 0.6651121713810794 -0.6247153130833755 -0.25553233140028275
1645102051.0124218 2.6883604059862396 1.567693342478223 1.1147341658522016 0.3200549379365342 0.6658519083475454 -0.6238270198648289 -0.25504027647439975
1645102051.019022 2.688105655364228 1.5660165833699293 1.114138980668264 0.317351572046218 0.6634706012907072 -0.6279791668246606 -0.2544337215900622
1645102051.0256221 2.688387717899984 1.5636983731831882 1.113845384311051 0.3177248845085279 0.6620289503136372 -0.6292395199135136 -0.25460910199902276
1645102051.03222 2.68859400331266 1.5620922868910145 1.113655121513596 0.3169475881073922 0.6611197762134184 -0.6306443948138956 -0.2544643812075946
1645102051.038816 2.6899916353601476 1.5608894444839991 1.1137591937902562 0.3193437838882925 0.6608182246652815 -0.6293513085044298 -0.2554512221702802
1645102051.045442 2.6891609034039874 1.5583236200817612 1.1130935051235036 0.3163149119550057 0.6589353694012108 -0.6333649282667567 -0.25416045175360014
1645102051.05202 2.6893578177971227 1.5564269224158032 1.112796893780009 0.3156964699930321 0.6576144023404854 -0.6348687440588426 -0.2545983221198992
1645102051.058614 2.6902950958033207 1.5548914371102203 1.1129097384104973 0.31735247074611017 0.6571818632565308 -0.6340175289096474 -0.25577486501033037
1645102051.06522 2.6903357043909852 1.5527097330709088 1.112545086928514 0.31622406523725866 0.6558557298968435 -0.6364650684279536 -0.25449443370453095
1645102051.0718431 2.6908663381318108 1.5511772921491749 1.1119129590056442 0.31547695884309446 0.6550919248342402 -0.6376046838423378 -0.25453630513774467
1645102051.078422 2.6914226655794597 1.5503179377465235 1.111944128818666 0.31591451171753143 0.6545100124643917 -0.6374930042129253 -0.255767318877175
1645102051.085066 2.692013587050458 1.5476960572558924 1.1114794045478082 0.31602336036222156 0.6535761847654982 -0.6391173620332997 -0.2539606714641253
1645102051.091625 2.692466163349628 1.5459031162574086 1.1112376243409534 0.3162633607145917 0.6526661269956725 -0.639967181358245 -0.25386218418894146
1645102051.0982442 2.692923180136505 1.543985054176636 1.1109083542396034 0.3166037408449346 0.6515709991186487 -0.6411432572635288 -0.2532828916470783
1645102051.104819 2.6934479022184923 1.5424739115218022 1.1107001365194948 0.3166803360619856 0.6509168935643098 -0.642026228346246 -0.25263159137197966
1645102051.1114528 2.6940612143236713 1.5402169276797293 1.110529317805556 0.31747862366447016 0.6496265240128026 -0.6429193652794467 -0.25267960043869075
1645102051.118021 2.69478735448461 1.5385340105163399 1.1102758546928835 0.31839519759652735 0.6487058307476316 -0.6435865434715484 -0.2521927918098172
1645102051.124653 2.6954688881634765 1.5369339028074493 1.1100421157067781 0.3191008010150574 0.6479275906640531 -0.6443633296175921 -0.25131651229783597
1645102051.1312692 2.696485676230364 1.5353575613631523 1.1096743795595283 0.32081722567444787 0.6479097992883716 -0.6434951592988062 -0.2514016308216224
1645102051.1378188 2.6968484732787465 1.5337275759755975 1.109203693753523 -0.3203864460240221 -0.6456683652141202 0.6459716962358221 0.25136612246825274
1645102051.144421 2.6975903918861084 1.5319636046664828 1.108896906750424 -0.32152327609055903 -0.6445253466529345 0.6466519742186342 0.2510986164191326
1645102051.151016 2.6980788955640733 1.5299732573134814 1.1086957922848295 -0.32223053822887443 -0.6431401217524765 0.6476373126325483 0.251204340034438
1645102051.1576178 2.698746957930836 1.5281168348255194 1.108342034605084 -0.3232591558469258 -0.6418201049239906 0.6484926868753587 0.2510520784103618
1645102051.1642199 2.7000097613388925 1.5268543671484784 1.1080983933690005 -0.3255446507751959 -0.6421719765718575 0.6471291075686845 0.25071732209748265
1645102051.17082 2.700601612271896 1.5252600705157873 1.1077938178286004 -0.32632624183793757 -0.6410149208594211 0.6478993725905604 0.25067289531409437
1645102051.177418 2.7014526029929704 1.523649310766183 1.1074778846046476 -0.3275382608694011 -0.639856569688139 0.6483439997454895 0.2509019206736376
1645102051.1840231 2.7021497267401067 1.5220675098763814 1.1071679711997213 -0.32847962456950497 -0.6387350653857413 0.6490196680230212 0.25078190850810805
1645102051.190654 2.702871908237118 1.520505267423878 1.1068432867888935 -0.3295212029719361 -0.6374521750613559 0.6495856086640553 0.2512139776431996
1645102051.19723 2.7034941975627538 1.5188475450987506 1.1064946567825007 -0.330488533595727 -0.635934672752738 0.650337920759007 0.2518421251511378
1645102051.203816 2.7035407153524296 1.5169148040379572 1.1060939558572027 -0.32955697206988166 -0.6330220172285926 0.6532947165621308 0.2527464389353507
1645102051.210426 2.7042285982695136 1.515253235446377 1.105718941155461 -0.33058721088145304 -0.631622064215334 0.6540151121523888 0.25304016807179797
1645102051.217054 2.705548880584831 1.5141984071350258 1.1054682585363804 -0.33290250914122205 -0.63189790581565 0.6524888559397518 0.2532561857082674
1645102051.22366 2.7062129898948064 1.5127996589410695 1.1051270067496373 -0.3335334244933008 -0.630664569741714 0.6529760344525346 0.2542427756426307
1645102051.230251 2.706870508956925 1.511241979240068 1.104779258231107 -0.33427029253804547 -0.6292001480133048 0.6537002198267439 0.25504117185818415
1645102051.23682 2.707066334078756 1.509429008579839 1.1041832799972189 -0.3342218475008678 -0.627040651869807 0.6555025171175141 0.25579613876838464
1645102051.2434182 2.7075526031666715 1.5081666551693156 1.1038728904681014 -0.3347474238606692 -0.6257195880460745 0.6558581719101085 0.25742697248626595
1645102051.250019 2.7085110051737047 1.5066433796511092 1.1035441370654113 -0.3358033221962088 -0.6244883801426512 0.6562757454378709 0.2579766787566966
1645102051.256618 2.7095633194856292 1.5055094495983279 1.1033505554689567 -0.33695992205935343 -0.6237057345134573 0.656084070022059 0.25884804443214726
1645102051.263221 2.710016158659628 1.5039036906764092 1.1029517559537687 -0.33719990677935324 -0.6216722867585317 0.6575286805965205 0.25976000710039415
1645102051.2698188 2.710369182739929 1.5025128373753212 1.102413702518402 -0.3375969753278983 -0.6203979957760144 0.6580070072417927 0.2610762402376058
1645102051.283072 2.712357505587776 1.500417076312985 1.1020280510166045 -0.34030295498155405 -0.618626119289702 0.6574681616544 0.26311718665994793
1645102051.289623 2.7130064538801433 1.4991605812631486 1.1017083980817615 -0.3411822564171226 -0.6172740753660747 0.6577826974984253 0.2643647384612943
1645102051.302851 2.7125556865321814 1.4974557145057081 1.101103584890193 -0.3402830380798261 -0.6146140272881067 0.6599680901313422 0.26626785488410065
1645102051.3094459 2.7139524508290407 1.4964158243732342 1.1010266685441388 -0.34247289833103683 -0.6138923595653409 0.6592279955599737 0.2669575912613486
1645102051.316062 2.7150910063915674 1.4951686780587683 1.1007056801068593 -0.34465203727015964 -0.6125753374555474 0.659108353589356 0.26747335955430235
1645102051.322612 2.7160177699363244 1.4940432528782466 1.1004131181635712 -0.3461687815867582 -0.6114569072860078 0.6591966878944194 0.2678559290581649
1645102051.329228 2.716274825123199 1.492547487683552 1.1000425582537654 -0.34635781028311946 -0.60852719675795 0.6613291412497546 0.26902438439780396
1645102051.335826 2.7169249512991174 1.4913610341388783 1.0998166339698323 -0.3474026097909868 -0.6070003966721284 0.6617586553545727 0.2700682258739271
1645102051.342496 2.7181804952474145 1.4907319939584311 1.0999168481180988 -0.3496190377120182 -0.6078337462117435 0.6598065065366376 0.27011003938643735
1645102051.349046 2.7193984976315564 1.4891922406076763 1.0994188100020543 -0.35214803342857065 -0.6060722845944381 0.660296823281074 0.26958420012390694
1645102051.3556402 2.7202502019193173 1.4880340949751447 1.0991863919212153 -0.35367213838555606 -0.6047520846023895 0.660502401935957 0.2700498933895735
1645102051.3622332 2.7210686613925503 1.486543743254192 1.0989401545290671 -0.35489207806350176 -0.6032098975558174 0.6612216933888 0.270138376082921
1645102051.368829 2.721953028482132 1.4855206531124534 1.098755594690506 -0.35651633911617986 -0.6019790846917276 0.6611685145067361 0.2708743490075933
1645102051.375424 2.7228127165907923 1.4846504006380579 1.0986423026992642 -0.3579459131734696 -0.6010470810162821 0.6610150775455884 0.27143252175522625
1645102051.38203 2.7233565898300496 1.4833286000900818 1.0982463017718684 -0.35913668506991964 -0.5989211583379905 0.6618103256384407 0.2726183902479853
1645102051.388622 2.7243794664372016 1.4824009592109137 1.0981325586680521 -0.36087680890538987 -0.5977849494835918 0.6616052755851916 0.2733110573872275
1645102051.395241 2.725131007600878 1.4811936766087097 1.097809614884996 -0.3622986381375413 -0.5958950201425085 0.6621717508661817 0.27418387785425363
1645102051.401841 2.7258430498232284 1.4806500262967346 1.0976279926331127 -0.3638403676706406 -0.5945320621146558 0.6618660598049371 0.27583429926058667
1645102051.408426 2.726822646338829 1.479493309548017 1.0974767920801818 -0.365308467646175 -0.5930179378118532 0.6620664727880016 0.2766709380831804
1645102051.415051 2.727920504539176 1.478921553075552 1.097451118953731 -0.3671064400553968 -0.5919648117485409 0.6613690342436834 0.27821029325436475
1645102051.421632 2.7285189624931463 1.477672225938634 1.0974683359802169 -0.3682658940382282 -0.5896789407371597 0.6622906286961302 0.2793376100588131
1645102051.4282198 2.7302663029577623 1.4769752166819279 1.096966196324546 -0.3714483164694949 -0.5882951469612144 0.6611881423001683 0.2806502815851184
1645102051.434829 2.7310293576734948 1.4765512158528469 1.0968056711250493 -0.3720631454597242 -0.5873102817674173 0.6612384840671733 0.28177781144678554
1645102051.441427 2.732193594078014 1.4760719820453352 1.0967384969154668 -0.37360017690213415 -0.5863764388686727 0.6606672038236544 0.28302616630612965
1645102051.448011 2.7321393994794394 1.475372509782926 1.096511528704136 -0.3725609180684766 -0.5831917243595377 0.6629072621504448 0.28572565926098936
1645102051.4546208 2.733261215987696 1.4743244923993286 1.0963568814997955 -0.37395143238302153 -0.5829931780069532 0.6621432850380301 0.286085608212844
1645102051.4612212 2.7341664458892034 1.4736499377509953 1.0962066197864633 -0.3754836619349361 -0.5814868921633354 0.6618390722337003 0.2878428009558982
1645102051.467814 2.7350338971647123 1.4726492718866788 1.0960633068214503 -0.37802766741324545 -0.5792755676414446 0.6611908697328079 0.2904495283916781
1645102051.474497 2.7359300226395384 1.472553047526009 1.0958101753259868 -0.3787511000058338 -0.5783331502662681 0.6608706239613101 0.2921092445084011
1645102051.481018 2.736562793805504 1.471784379245297 1.0955815773940276 -0.3813959938412694 -0.5759996861509316 0.6596498227855189 0.2960118169432394
1645102051.4876642 2.7378691186463566 1.4716923370972699 1.095500809708901 -0.38208130667461715 -0.5757742926857774 0.6596168021052865 0.2956398078251258
1645102051.494219 2.7388020445453747 1.4712658652304196 1.0953493217601113 -0.38375694187996395 -0.5745179310132912 0.6590500613304554 0.29717352460916985
1645102051.501141 2.739861576925366 1.4717140780927451 1.0950337513753852 -0.38792551813810416 -0.5734872964093625 0.6550418309219129 0.30256516956049423
1645102051.5074189 2.74093851610052 1.4704400027622986 1.0950679877503642 -0.3880613950463275 -0.5718360830139599 0.6572900833033041 0.3006343254900021
1645102051.514071 2.7414236828435943 1.4700444972109181 1.0948490312392112 -0.39018604188765327 -0.5701472373542635 0.6561150012604804 0.3036436521094643
1645102051.52064 2.7427188583891917 1.4700627601327196 1.0948347402028353 -0.3915666199305272 -0.5699837449151295 0.6555722806583265 0.30334545775278043
1645102051.527236 2.7442901589173356 1.470343236534291 1.0948160143173724 -0.3952685906085252 -0.5692358090069939 0.652863118608976 0.3057816505439773
1645102051.533817 2.7452429417066337 1.4701950921464007 1.094672019544679 -0.3974530079268327 -0.5682114657843812 0.6516115195221486 0.30752011030213683
1645102051.540438 2.746215900957628 1.4701072535839625 1.0945738851253928 -0.39965417024253036 -0.5674253574378432 0.6502411476471559 0.3090159587059931
1645102051.547026 2.7470488208815516 1.4696526050016918 1.0944846798714107 -0.4010500036357846 -0.5671810745453943 0.6496998433079583 0.3087944909382023
1645102051.5536351 2.7477614245241258 1.4699352818102656 1.094348179585427 -0.4033182960698421 -0.5658651177242513 0.6480593189721959 0.31168818557682076
1645102051.560216 2.749136586194466 1.469880263660404 1.0944121513323766 -0.40625653871018 -0.5660005786433243 0.6459354010355953 0.3120349713608636
1645102051.566824 2.7503851287081407 1.470247334988928 1.094317975768823 -0.40846867660536174 -0.5659116938102828 0.6443250806203652 0.3126368461897801
1645102051.57342 2.7509597744991843 1.470051970844532 1.0941841095548352 -0.4104323720205702 -0.5645548615553085 0.6433387522870264 0.31454362076920306
1645102051.5800161 2.7522901471606067 1.470260039158832 1.0942411844833921 -0.41346385577272865 -0.5648575674554911 0.6410965769987123 0.3146077790128779
1645102051.586663 2.7531510927852065 1.4707069638467463 1.0941029829179174 -0.4150468884870095 -0.5644194101004962 0.6400089728131192 0.3155228776392145
1645102051.593237 2.755746706828403 1.4713750187466714 1.0947069386695112 -0.41990565171581584 -0.565761465264777 0.6353895208289356 0.31602640564928797
1645102051.599819 2.7550715493082674 1.4710019270011963 1.0941122340396159 -0.41995746737653006 -0.5634261755302686 0.6363732416520085 0.31814327122119174
1645102051.6064599 2.7560154871565614 1.4714850497380791 1.0940241109978919 -0.42189730421540994 -0.5629534803669284 0.6348401231906361 0.3194735443850224
1645102051.613025 2.756715213074144 1.4717887192998016 1.0939488288086474 -0.42385798771988975 -0.5618297844145312 0.6333899825102246 0.32172683083242837
1645102051.6196191 2.7580216978664547 1.4720166929171108 1.0940476031210562 -0.42687533617522616 -0.5615564357134671 0.631127891630408 0.3226588520287247
1645102051.62622 2.7590544223076106 1.4725445183319077 1.0940219690080286 -0.4291437580701408 -0.5608279740273514 0.6293382508868293 0.32440754171333075
1645102051.632816 2.760037879274154 1.472986798008203 1.0940411226253985 -0.43141066397268496 -0.5600916686520334 0.6274848655994697 0.3262579297917274
1645102051.639455 2.761067893112248 1.4734536693157112 1.094100606637391 -0.4330421040987547 -0.5594970428017595 0.6265909568820887 0.32683438190075437
1645102051.646027 2.762036781284363 1.4737819850557299 1.0941205847857305 -0.4351725052467766 -0.5586383105770907 0.6248951383290725 0.32871493547037556
1645102051.65267 2.7631433429571524 1.4743117010821958 1.0941520678913705 -0.43748971095948413 -0.5579363758736867 0.6232535423111091 0.3299455606793454
1645102051.65922 2.763794932270091 1.4749421171163926 1.0941036271330276 -0.4388368220889349 -0.5570194085187391 0.6219277568650982 0.33219997668883017
1645102051.665859 2.764709600579243 1.4755999422387451 1.0941334768750073 -0.4407236244667138 -0.5561609752527139 0.6203743957188853 0.33403982561035217
1645102051.6724732 2.7657693758564528 1.4763111253702 1.0942101379285547 -0.4428116021051924 -0.5554905279217607 0.6186540866219231 0.33558100284407066
1645102051.679052 2.7667114301629265 1.4769416420920278 1.0942537967648827 -0.44458380770236344 -0.5544066647356467 0.6176831441360429 0.3368163503892916
1645102051.685626 2.7676213309834545 1.4777875139859937 1.0942985108666652 -0.4462171066796012 -0.5537963434569996 0.6161117191657313 0.3385343088402632
1645102051.692226 2.7686074098003566 1.4786700606082912 1.09436785069113 -0.4480255655986169 -0.553049009411744 0.6145580082266743 0.34018760049820806
1645102051.6988559 2.769501709210339 1.4794811867898046 1.0943799840775672 -0.4497179934486516 -0.5519870168558568 0.6132150805533916 0.342097424823439
1645102051.705423 2.7703951384066854 1.4805271504795263 1.0944133429742826 -0.4509089944510332 -0.5512515917896466 0.6120272710410933 0.3438381330417334
1645102051.712018 2.7714425209216955 1.4814609630418651 1.0944979247149331 -0.45290430295032724 -0.5502267115307128 0.6104678196213507 0.3456248509079553
1645102051.7186172 2.772575748980127 1.4822575675030873 1.0946561918764026 -0.45513799745900824 -0.5491345898895532 0.609094232278221 0.34684874489726886
1645102051.725216 2.773558474104886 1.4832460424835505 1.0947029586398929 -0.45683034756303453 -0.5480368262874683 0.6077946002762923 0.34863534005947866
1645102051.731817 2.7747165461352483 1.4843386596955483 1.0948075231125767 -0.45875793623520933 -0.5472076548777383 0.6060956942562282 0.3503600110098131
1645102051.738417 2.774649870303361 1.4860143900828808 1.094542356655295 -0.4581062721447886 -0.5463047685652487 0.6062903272037874 0.35227971102059286
1645102051.745022 2.7767066014264374 1.486472991564528 1.0948993550935682 -0.46206900801107165 -0.5449905376041371 0.6033768083332869 0.3541372385423445
1645102051.751616 2.7776990646437025 1.4876429591070732 1.0949528951776732 -0.4636628305407085 -0.5439950321133112 0.6020773631715425 0.35579253298397934
1645102051.7582688 2.778492799899493 1.4886253708671824 1.0949921450617106 -0.46485407669086054 -0.543030081226898 0.6010000064579899 0.3575293055958518
1645102051.7648158 2.77972635243432 1.4899544700488598 1.0950280303557214 -0.4669614437827138 -0.5421698620409992 0.5991836972911285 0.35913370213953427
1645102051.771455 2.7810169995032075 1.491047832688336 1.0951240058247618 -0.46917982711045975 -0.5412909242602066 0.5978091398392106 0.3598581821856275
1645102051.778015 2.781844818274468 1.4924069253260546 1.0951250452584722 -0.47032784300446856 -0.5406138845718821 0.596368251754167 0.3617630453638408
1645102051.7846248 2.782413062446703 1.4937817235778814 1.095015060727247 -0.4709949371438934 -0.5397381918183961 0.5957351166152528 0.36324282021054866
1645102051.791242 2.7836543808061385 1.494862239910866 1.0950783783022833 -0.47360224138258034 -0.5381888147240734 0.5939383783081941 0.3650891597125107
1645102051.7978182 2.785089429964514 1.4960911075912884 1.0952472150652357 -0.47584713001599993 -0.538285983482884 0.5920766230509502 0.3650508409963896
1645102051.80442 2.7863009711520075 1.4977873204891943 1.095261131303881 -0.4775890964487798 -0.5383394645083388 0.5896929647155165 0.36655243894648143
1645102051.811041 2.786971358383932 1.4987638955559035 1.0951367061635395 -0.47887592335295576 -0.5373209970336541 0.5894241188323537 0.366800284576524
1645102051.817621 2.786962023966197 1.500714683054076 1.094679366945099 -0.4781106334348059 -0.5371813007246435 0.5898176727881039 0.3673700447268475
1645102051.824227 2.7878791685092064 1.5016474514571134 1.0949186064930598 -0.48041011156967695 -0.5346973218624766 0.5872022082742341 0.37215270757571983
1645102051.83083 2.78894333474752 1.5030122338733372 1.0949068868382699 -0.4821002959535175 -0.5346821058582026 0.5855602551556477 0.3725757973237704
1645102051.83745 2.789444158366115 1.5041602935219474 1.0945686887100954 -0.4833187442650079 -0.5338375810205434 0.5850554688640586 0.37300084080063356
1645102051.844051 2.7902640031845634 1.5054481819480545 1.0944452184223283 -0.4845686590284154 -0.5336626376476802 0.5837121655892525 0.37373359089298286
1645102051.8506281 2.7929171148709093 1.5074977887357395 1.0950573582522074 -0.48803265215854674 -0.5357679443724157 0.5792192814326004 0.373203738561807
1645102051.857219 2.7941947825338507 1.5090133153819905 1.0950790976817366 -0.4898932620534731 -0.5360363956900734 0.577126232142419 0.37362293389960716
1645102051.863818 2.7953759661661173 1.5104326470765088 1.09502696537699 -0.4916292059816338 -0.5364630602896235 0.5749912031264198 0.37402189632015925
1645102051.870411 2.7958992319270086 1.511970608325848 1.0948636988265716 -0.49171668709547633 -0.5365121414514559 0.5738963180190304 0.3755151545802814
1645102051.8770502 2.7974488837673768 1.5134546540706884 1.0949779228818566 -0.4939090133981707 -0.537295065574241 0.5714019637103298 0.3753223538844683
1645102051.883689 2.7985874612836508 1.5150673500789797 1.0949300281309566 -0.4952932545695836 -0.53767536263622 0.5692340632845456 0.3762466754411337
1645102051.890253 2.8003928002494165 1.515920322932867 1.0951202999524152 -0.49764865654878077 -0.5382176873562786 0.5666290771075736 0.3762953310239928
1645102051.90345 2.8020787638092606 1.5192181076727262 1.094800409667017 -0.4989939445247465 -0.5386097457830082 0.5631044592483233 0.3792321265828514
1645102051.916652 2.8060217175483464 1.5217649407487985 1.095080924183675 -0.5041500136627506 -0.5405728349845513 0.5570305875641907 0.37858913863692645
1645102051.9232519 2.8067315316199544 1.52332612806041 1.0947901106383242 -0.5045618071640934 -0.5407801936067504 0.555577235167804 0.3798778325304969
1645102051.936451 2.809339411025529 1.5266663766899156 1.0948817969199567 -0.5067902638236182 -0.542382843905528 0.5512343924664097 0.3809516424494386
1645102051.949654 2.811221042776535 1.5299905346504357 1.0946327333532222 -0.5084932948801179 -0.5431649662263963 0.5480308028518964 0.38218811876811093
1645102051.956225 2.8128632559199787 1.5315825774741665 1.094849298439385 -0.5105398692909876 -0.544307550664113 0.5454504496051796 0.38152480759549673
1645102051.96942 2.813502101132993 1.5333994668882789 1.0947076307349337 0.5109647388473872 0.5445965849403419 -0.544441126168723 -0.3819858810474641
1645102051.976025 2.814948586216108 1.5348056336671703 1.0948203565961105 0.5133150951903829 0.5449331592656663 -0.5418034413359349 -0.3821049674372724
1645102051.9826298 2.8161100818956037 1.5366240850162134 1.0947499820021405 0.5145768298606634 0.5465864167853807 -0.5403947482845031 -0.3800355844679537
1645102051.989221 2.8178101113389173 1.5381594863587014 1.0950290828241258 0.5174072806878777 0.5474571573828856 -0.5375726260428044 -0.3789402752652866
1645102051.995827 2.8169892577947007 1.5400393263795864 1.0941976238505529 0.5160471033299776 0.5460986191082743 -0.5387569964436176 -0.3810670573364151
1645102052.002422 2.8188632198676813 1.5417153048826437 1.094648215825513 0.5192152017491696 0.5474373398173629 -0.5356748210829735 -0.3791834566601341
1645102052.009024 2.81972637847124 1.5435515491472591 1.0945312527875442 0.5199067580395524 0.5486500937057053 -0.5344443650106704 -0.378218068299204
1645102052.015625 2.8200930119961645 1.5449972270821575 1.094259773950402 0.5208461901999514 0.5476182887118339 -0.5332704155995569 -0.38007329179722243
1645102052.0222342 2.821176326267176 1.5469040736976638 1.0943465234868126 0.5218714824461628 0.5485644469510551 -0.5319754987536335 -0.37911584368310325
1645102052.028821 2.823793649840463 1.5484719184204885 1.0951504848906377 0.5249319587655334 0.5508351841131336 -0.527977044850645 -0.37718281804026715
1645102052.035421 2.8237047967040576 1.5502065206988072 1.0945278868344226 0.5240856497073846 0.5504433889623218 -0.5282234389693902 -0.37858420880601495
1645102052.042023 2.823514713653229 1.5527304336200503 1.0944740545193583 0.5220587096972779 0.5519390612420526 -0.5281952587531249 -0.3792457756124468
1645102052.0486221 2.8245589035463983 1.5544617415347572 1.0945349664221575 0.522772626936625 0.5521753284739384 -0.5269924195756908 -0.3795915326631557
1645102052.055251 2.8243720696581143 1.5564783971025324 1.0939895201534247 0.5209997984474177 0.552488397165959 -0.5274947979855973 -0.3808734662693791
1645102052.0618649 2.82558199473386 1.5581584160070416 1.0941560230758784 0.5220334412823895 0.5529723821627208 -0.5259553260367166 -0.3808849479348336
1645102052.0684218 2.827112938521054 1.5602541665771932 1.094452641717288 0.5233604298297589 0.5536407063713052 -0.52311505645394 -0.382002633175661
1645102052.075022 2.828167326156861 1.561931236572518 1.0945671390055292 0.5240431374884572 0.5540405239315714 -0.5222352362541942 -0.381690924678128
1645102052.081625 2.830132471555429 1.563513987244425 1.0951314380141222 0.5265622022348749 0.5547133475313765 -0.5189626000694798 -0.38171036681625836
1645102052.08822 2.8310921177543986 1.565008716163517 1.0951686073001266 0.5271738637826862 0.5549414582920529 -0.5182526037386358 -0.381499096848187
1645102052.094819 2.832341692296671 1.5669054183078317 1.0954159835297033 0.5283746717529578 0.5553172060525459 -0.5163772891935254 -0.38183379682438573
1645102052.101429 2.833375206515626 1.568550734748501 1.095490177949165 0.5293799540852635 0.555336956143147 -0.515120039840703 -0.38211079553891275
1645102052.1080298 2.834193185807529 1.5701952501129135 1.0955338912324186 0.5300921174059194 0.5548104382464986 -0.5143995764428311 -0.3828581857084305
1645102052.114659 2.835691076190118 1.571823885805258 1.0958579722796367 0.5314121221864032 0.5557050153449938 -0.5127776161861881 -0.38190556316746055
1645102052.121218 2.8367670714424307 1.5734903451599127 1.095971129130726 0.5325623323555972 0.5556029684094127 -0.5112660829638982 -0.38247779764841333
1645102052.127821 2.8376902428760826 1.5750643003641953 1.0960345823114497 0.5330864983778832 0.5556652293985199 -0.5105952205217934 -0.3825532660037107
1645102052.134419 2.838882524115841 1.5768331495688674 1.096178628582576 0.5340348034377994 0.5559850202072977 -0.5092305042952646 -0.38258516116709257
1645102052.1410198 2.840017946590623 1.57834234871405 1.0963154278790141 0.5354383544204954 0.5561221676983048 -0.5079079662393409 -0.3821818500031076
1645102052.147627 2.8411221765507273 1.5799678706271718 1.0964607072894181 0.5363485219232931 0.5562721409040213 -0.5067560390393259 -0.3822165620934542
1645102052.154232 2.841792053221459 1.5819287769228503 1.0967977505477056 0.5368851672861817 0.5558122480319118 -0.506108453229473 -0.38298935565140857
1645102052.160821 2.843236883555098 1.583091660606049 1.0967277070220283 0.5383469527329839 0.5568164703249862 -0.5047441905148068 -0.3812754061678691
1645102052.167469 2.8445305767651403 1.584899534096305 1.0969953067269351 0.5395195822335301 0.55694817648395 -0.5034377155975396 -0.38115282963850905
1645102052.174025 2.8449874748008774 1.5863548962913738 1.0971679849601408 0.5398083848982778 0.5567934256876058 -0.5034965369199613 -0.38089207688028853
1645102052.18062 2.846930028724704 1.5879974309020182 1.097478669195052 0.5417210916231138 0.5579699856009166 -0.5007438311191069 -0.3800828364806028
1645102052.187226 2.847516962886535 1.58942837653568 1.0975423158339699 0.5416628631394902 0.5583013240688022 -0.5004523928453602 -0.3800631691578028
1645102052.193834 2.8484230727577424 1.5910201545108347 1.0976582748463974 0.5420753481580611 0.5584049509318905 -0.4996162457496587 -0.3804228216568533
1645102052.200423 2.84994893145783 1.5927597455995337 1.0981578504169485 0.5434797831632975 0.5596100384155793 -0.49705832406503314 -0.37999856474233173
1645102052.207018 2.85095928744691 1.5942392549382751 1.0983983529189787 0.5439935315448093 0.5601105232033485 -0.4959681822053576 -0.37995051219998216
1645102052.213644 2.8522477524113485 1.595750734214753 1.0986915079517194 0.5445848488585677 0.5609403658803089 -0.49412641785218775 -0.38027873655973154
1645102052.220226 2.8532154466266664 1.597375662155906 1.0989662043125503 0.5447105850519868 0.5618899194376323 -0.49264070798191345 -0.3806242754767841
1645102052.22682 2.8541994868504315 1.5991207957917029 1.0993764358296219 0.5445184017262363 0.5632046410821389 -0.49089165671261675 -0.3812154993618172
1645102052.23344 2.8547357211754636 1.6000100465245666 1.099260537104547 0.5440221778139517 0.5637378611578627 -0.4916501003559333 -0.3801569531744713
1645102052.240021 2.8561861123030967 1.601897585641862 1.0998413247910666 0.5446662847882244 0.5649246677389052 -0.4886418469103377 -0.3813496906557628
1645102052.246621 2.8575198052935638 1.6038461101625914 1.1004734331335038 0.5450050392482677 0.5665240621389688 -0.485819538520913 -0.3820980791597866
1645102052.253216 2.8587231857072717 1.605336251518864 1.1007842628109514 0.5455623399902784 0.5674241878690445 -0.4842444799896233 -0.381966611632779
1645102052.25981 2.8593872924303088 1.6064638045862674 1.1009899373736485 0.5447752717941133 0.5682189864407566 -0.4841413110005446 -0.3820391342315049
1645102052.2664719 2.860850104384884 1.6083642157270235 1.1015962820855156 0.5457456653234687 0.5691436787991969 -0.48105167737594573 -0.38317880788094605
1645102052.273061 2.8618856275914415 1.6099399684976645 1.1020724726260414 0.545784912152446 0.5701849495912552 -0.47929404385304947 -0.38377699469403653
1645102052.2796211 2.8611228384713 1.6131036050088445 1.1017225698372353 0.5416962979460913 0.572432262066662 -0.48055928578483315 -0.38464122825631086
1645102052.286245 2.8642322902634003 1.6129254911680475 1.1027975035305206 0.5471677971348057 0.5710921816747909 -0.47567772331967995 -0.38495637148935835
1645102052.292851 2.8655087585187218 1.6144872491810593 1.103461946382496 0.5472202391348125 0.5728418683492411 -0.47380109192619396 -0.38459638650114725
1645102052.299453 2.8664846790302625 1.6162114271090438 1.1040011205893547 0.5468402948265584 0.5740658797990957 -0.47196151944727366 -0.3855723001342336
1645102052.306018 2.867651843437214 1.6174499960852247 1.1043416161937456 0.5471465588494152 0.5746549396620817 -0.47063710033730116 -0.38587909615933985
1645102052.3126342 2.866489756963364 1.6206608364442014 1.1039993817512919 0.5427620400968766 0.5763804439070582 -0.47285225298357336 -0.38678835454601695
1645102052.319221 2.869563470878223 1.6207254880739836 1.1053456091978346 0.5473303276237644 0.5764705457530088 -0.4673690495432849 -0.3868811639387981
1645102052.3258188 2.8706165150049814 1.6222968764334944 1.1060021943403202 0.5472600722798533 0.5777543046805242 -0.4652564569870441 -0.38761123412970033
1645102052.332418 2.869521371278971 1.6250065208084183 1.10564702697499 0.5432563654159216 0.5791584163493794 -0.46729501637148924 -0.3886940085648247
1645102052.339048 2.870485027241899 1.6267862214721809 1.106210548526833 0.543112434460655 0.5801557240577137 -0.4656990300680061 -0.3893227853722214
1645102052.345623 2.8722128216008618 1.6272826875419808 1.1067833844446402 0.5450197239342646 0.5797016420980078 -0.46307998289406427 -0.3904561800000158
1645102052.3522172 2.873342856391167 1.6285463590562934 1.1073278680313903 0.5460515294720955 0.5799728524779554 -0.46140950832991123 -0.39058938186493636
1645102052.3588421 2.873241288256436 1.6309683155903543 1.10756986002708 0.5447177850617035 0.5804131502079122 -0.4617620595844264 -0.39138037861273883
1645102052.365417 2.8743296681695956 1.632251766929348 1.1082303682743861 0.5444865827734525 0.5815661588173332 -0.459574896026278 -0.3925629833897689
1645102052.372022 2.87596856349665 1.6323383653630916 1.108868623149177 0.547404522958974 0.5807229449155727 -0.4570211553508385 -0.39273461528475895
1645102052.378667 2.8769898933240845 1.6341207123693022 1.1094547725795432 0.548139954856763 0.5803237698966132 -0.4548155808287783 -0.3948534893518147
1645102052.385223 2.8784140349867755 1.6355737222214128 1.1105119270451143 0.5485526952417512 0.5822079763867628 -0.45216166252395207 -0.394554501237964
1645102052.391816 2.878603467342199 1.6370592760853615 1.1107230844509937 0.5480485091459345 0.5811199075289988 -0.45136187228095037 -0.3977618890418671
1645102052.398454 2.879677056681108 1.6382993280614528 1.111307016179485 0.5486704329803103 0.5810950228261244 -0.45010001333561994 -0.39837039425540505
1645102052.405053 2.8803845724243327 1.6394698737864584 1.1116691384201154 0.548571786303884 0.5805429443953215 -0.4503101004477229 -0.39907300706226234
1645102052.411618 2.881241035289269 1.6408814576872826 1.1123456330985302 0.5490497854166898 0.580789369569327 -0.4486774299366407 -0.39989529512540367
1645102052.418255 2.8825716674433326 1.6420461902120427 1.1132206286446755 0.5502465884484855 0.5814001557202494 -0.44680134177356606 -0.3994629908649949
1645102052.424819 2.881852935122409 1.6430568946530515 1.1127832338025312 0.548822385215665 0.5787352057929122 -0.44857253183459 -0.4032888951800259
1645102052.4314182 2.883427812938579 1.6445140295970297 1.1138513982724711 0.5500766613750558 0.5789418327008063 -0.4464270588824425 -0.4036639240952085
1645102052.4380548 2.883891386440533 1.6468688804137963 1.1144658911099214 0.548451797402952 0.57934766819532 -0.44611656621142565 -0.4056310479712108
1645102052.444652 2.8850135674623987 1.6467892602992293 1.1149242101459582 0.5513466288571105 0.577279326844632 -0.4452425199510002 -0.40561588760159967
1645102052.451253 2.8858445747748385 1.6479512521594621 1.1154336863707768 0.5516047219338557 0.5764234443274691 -0.4451188679477994 -0.4066165337713553
1645102052.457846 2.8864575219059727 1.649179027135077 1.115879007008643 0.5518322459768128 0.5755007919018926 -0.444696996723201 -0.40807376201636486
1645102052.464423 2.886897666717261 1.6500432559522922 1.1162037129819118 0.5532665396872791 0.5730945192682682 -0.444547240790079 -0.40967820070326816
1645102052.471017 2.886744040289857 1.6512170067770198 1.116239826461166 0.5518735927514071 0.5723111428145526 -0.44491078016385616 -0.4122494641639571
1645102052.477678 2.8876150162432443 1.6521272495713168 1.1166105202740708 0.552729301168574 0.5706341809997302 -0.44497227623970403 -0.41335962108201524
1645102052.484223 2.888935450018633 1.6532240982963515 1.1175627157292456 0.5543255953803607 0.570212777743212 -0.4429506178063932 -0.4139745556756756
1645102052.490817 2.8885604716985136 1.6543046181330103 1.1174793266162504 0.5526388063553969 0.5688170952359162 -0.4444126743662478 -0.4165747659445982
1645102052.497417 2.8901125656079003 1.6556216840749074 1.1184852657565345 0.5538424941537309 0.5690407742798355 -0.4421030863377065 -0.41712782748402877
1645102052.504023 2.890574155318517 1.6565721612190583 1.1188140951272938 0.5546261261077653 0.5677451324269057 -0.44154805537942166 -0.4184378933197708
1645102052.510653 2.8910755192033775 1.6573360526036442 1.1190432163463602 0.55491853908978 0.5662154438609401 -0.441879843099991 -0.4197704578408322
1645102052.517225 2.8905741044597635 1.6583464821440788 1.118923812827089 0.553920188421035 0.5643191534793073 -0.44252813600955776 -0.4229478036369945
1645102052.52384 2.8902184470390706 1.6592932555568687 1.1186582510012621 0.5530460401106421 0.5628905069130826 -0.4437904767757401 -0.42466923950077695
1645102052.530424 2.892799003873442 1.6612570502176043 1.1202169199817744 0.555253026891595 0.5636969873074771 -0.4414474180034469 -0.4231590746590285
1645102052.537011 2.8971953589032386 1.6610733846239703 1.1225669348452718 0.5635415947170339 0.5630876350862863 -0.43179742575019336 -0.42297016463265885
1645102052.5436249 2.896043607342273 1.6611120864125188 1.122033729724641 0.5614314042840978 0.5618003238690877 -0.4363982900795844 -0.42276629931867876
1645102052.55022 2.8944106303284607 1.6635576613869993 1.1213353066914933 0.5574021955153757 0.561288861602251 -0.43962927970673027 -0.4254213180602531
1645102052.556822 2.8994062300618495 1.6635215277819357 1.1238224719188548 0.5656195294178331 0.5609693804549457 -0.4309622077344737 -0.4238621750078111
1645102052.563425 2.895119652379536 1.6640695760536477 1.1216531477085494 0.5598268878529893 0.5573007548966391 -0.4404522755808093 -0.4266277600054913
1645102052.5700202 2.895304706276552 1.6640007357134874 1.121563023912675 0.5608653839113439 0.5551216402314353 -0.4421240912892815 -0.4263753659734387
1645102052.5766242 2.896063173862294 1.6654476207956348 1.1220767673672425 0.5610142716420977 0.5548444728533647 -0.4411833266963832 -0.42751318448134434
1645102052.583219 2.8934570572968283 1.6659610537667429 1.1205254392026722 0.5581057818294616 0.5502205088766381 -0.4470381644521084 -0.4311981475246915
1645102052.589816 2.896511309567745 1.666869314577148 1.1225243549773538 0.5608412811531948 0.5526672563579594 -0.4419258775957915 -0.429787263705055
1645102052.596423 2.9001013499623194 1.6652791419262316 1.1243088634753489 0.5679115784939766 0.551715533837308 -0.436726290753412 -0.42703192064267453
1645102052.603018 2.900502710576351 1.6671583918440176 1.124754390129579 0.5670806272675458 0.5508302516484437 -0.4367334000534689 -0.4292657939246707
1645102052.616257 2.8975402433793036 1.6685382757957261 1.1230210419000841 0.5610381031775942 0.5480924578087606 -0.44431652991095705 -0.43291266958185226
1645102052.629426 2.8967627948431813 1.6680918237888525 1.122585931761134 0.5598807396643729 0.5475863666458552 -0.44722841626650434 -0.4320522576044289
1645102052.636022 2.9016477095207405 1.667356928225624 1.1251549401019247 0.5677938493770591 0.5475056115615404 -0.43884898564372443 -0.4304171748265722
1645102052.642622 2.9013210136249157 1.6731000173398203 1.1246761534747143 0.5606550752476519 0.551495571897476 -0.43827076580665447 -0.43524334615640925
1645102052.649225 2.901992051453712 1.669503801793863 1.1257244600594754 0.5663991181770638 0.5468188039696652 -0.4383266852298793 -0.4336479100467024
1645102052.6558468 2.9009680048803195 1.6719776150965169 1.1250026923922813 0.5615988641896807 0.5487299202151905 -0.4405007362547946 -0.4352711381802695
1645102052.662456 2.898786577494796 1.670875651135074 1.1239987390847088 0.5603985919288627 0.5452643765138927 -0.4446071731797553 -0.4369946464761554
1645102052.669025 2.8980386221834213 1.6703669333869489 1.1236419594673208 0.55959617317424 0.5454178717201581 -0.4468580749877546 -0.4355329205297058
1645102052.675622 2.8981849975025638 1.6707101200228134 1.123839115382369 0.559546308293781 0.5454576565982894 -0.4466186681159167 -0.43579260172084955
1645102052.682244 2.899099419275539 1.6714323000990856 1.1242964239364772 0.5601009175101342 0.5458380067176498 -0.4454512324092549 -0.43579885299003485
1645102052.68882 2.9021716838993803 1.675270889569729 1.125898756662708 0.560281749260679 0.5506361965188326 -0.4374824621177605 -0.43759888163962185
1645102052.695415 2.900027711078263 1.6727260132103725 1.1250757464845855 0.5612752401012858 0.5454226786343965 -0.4415362089229999 -0.4387819811424548
1645102052.702017 2.8995331001282354 1.6720738117551803 1.1248021913697432 0.5605507530216779 0.545563480853051 -0.4449246583747565 -0.43610217318094907
1645102052.708651 2.8987950915922456 1.6717936956950312 1.1246292149128572 0.5599124757653104 0.5454007184238604 -0.4457759490176889 -0.43625622641257544
1645102052.715225 2.903136660399863 1.6709304448938571 1.1270041344017439 0.5671643638032903 0.5462471817280972 -0.4375756973623145 -0.43412653468462
1645102052.721858 2.9028931706184484 1.6763642776230432 1.1266622418909231 0.5607107556191765 0.5507926156467077 -0.4361357467426569 -0.43819656224233133
1645102052.7284212 2.9039040651082377 1.6733935176822627 1.127708033453748 0.5662533819019449 0.5477830119749373 -0.4347773731238909 -0.4361871728082904
1645102052.7350552 2.902995194115904 1.6767009619835622 1.1269449571754595 0.5607098075398624 0.5509765621936699 -0.435950067773539 -0.4381513422281279
1645102052.7416189 2.904020666635562 1.6736889614581991 1.1280145952553573 0.5662819491411111 0.5479913108574791 -0.43465740841959183 -0.4360077868788727
1645102052.748252 2.9021865104331344 1.674914279565828 1.1270971207018035 0.5618902886466064 0.5485776975631464 -0.4391207955825969 -0.4364795921297679
1645102052.754824 2.903758810854067 1.6731772186891636 1.12826162519516 0.5661733379292615 0.5480638201788133 -0.4358897919741637 -0.4348257874138519
1645102052.761417 2.902231215501062 1.6753217626598949 1.1274362115366507 0.5613814542245825 0.5494086890447046 -0.43893472199845607 -0.4362762040161616
1645102052.768028 2.9033081563066427 1.6721720375008244 1.1281649517628092 0.5665006645049692 0.5474983382337664 -0.4374132108303144 -0.4335803092997903
1645102052.774625 2.9022154454736744 1.6755841679173937 1.127724998983804 0.5610762162219539 0.549752096857299 -0.4391676225114774 -0.43600188412738583
1645102052.7812428 2.9037304173686396 1.6737320045174626 1.1289152099658586 0.5656348333969918 0.5488035520067243 -0.4362179097053597 -0.434264340790212
1645102052.787831 2.902266652767141 1.6757617658619821 1.1281356110062228 0.5609509138996329 0.5502665539244354 -0.4392290911515183 -0.4354518125161715
1645102052.794471 2.9031044363477645 1.6778846629284794 1.1284221714977967 0.5594573940491578 0.5533115603506191 -0.43634085989181226 -0.4364172863572216
1645102052.80104 2.9030436136125948 1.6777871224367098 1.1286203258238467 0.5598244274073588 0.5529339012364237 -0.4366753512985398 -0.4360905369526486
1645102052.807627 2.9030849453490455 1.6779652287830757 1.1288633092747244 0.5593292708399488 0.5539229311841644 -0.4364006656352274 -0.43574574474140704
1645102052.81423 2.903006517204279 1.6779226732526056 1.1290741472126857 0.559643088062751 0.5536039691521841 -0.43656706459382943 -0.4355812972198
1645102052.8208299 2.9030258182162387 1.6780369701909015 1.129333295251044 0.5592384423615661 0.5545026437538558 -0.43615619324754534 -0.43536943447116366
1645102052.827439 2.903052166335485 1.6781681960210337 1.1296054882604338 0.5591431107480462 0.5550251386730332 -0.4357637473752243 -0.4352191801424006
1645102052.834031 2.903033934561394 1.6782650139836701 1.1298272622583003 0.5589763804430884 0.5555008720245495 -0.43545778211361463 -0.43513269799221427
1645102052.840632 2.903018041442591 1.6784431064501972 1.130079577756987 0.5587395386383794 0.5561310552653619 -0.4349874736220583 -0.43510217652362476
1645102052.84723 2.9029816778313076 1.6785844482573913 1.130314942499297 0.5585484721106634 0.5566761604886475 -0.4345389368639717 -0.4350985419052796
1645102052.853824 2.9029195748279877 1.6787065734357876 1.1305431594029967 0.5583830160141714 0.5571949416301538 -0.43405004132100333 -0.4351349509337758
1645102052.860422 2.902878963927978 1.678901912075476 1.1308018494435843 0.5581364340689545 0.5579420304343861 -0.4334988479338186 -0.43504347047926384
1645102052.867018 2.902744943213466 1.6789629950678608 1.1310076321635285 0.5580475185705326 0.5583717028101212 -0.43318647776538555 -0.4349173262464892
1645102052.8736482 2.9025609928523073 1.678852586339789 1.1312116950774702 0.5585124053380002 0.558075034695964 -0.4331015672657375 -0.43478598491756354
1645102052.880256 2.9021933938770337 1.6790310849857086 1.1313930820164526 0.558246104311508 0.5580791653890002 -0.43303222055122936 -0.43519158472466174
1645102052.886821 2.900151399730229 1.6773948973006416 1.1309350963706417 0.5568588798443922 0.5568032386749537 -0.4384887115436355 -0.4331347057653183
1645102052.8934212 2.902183967253726 1.6792197016289965 1.1319182038457076 0.5583456981333536 0.5598445430180071 -0.4316128858205035 -0.4342052490558605
1645102052.9000168 2.902014721840098 1.6791623506575053 1.132151438396057 0.558516010745682 0.5602438948925631 -0.43137225707124655 -0.4337098476884162
1645102052.9066188 2.901969974281433 1.67941609586044 1.1324592567630374 0.5580855035879422 0.5617258682769332 -0.43058842746173714 -0.43312576180158857
1645102052.913218 2.9017956246316525 1.6794322242180995 1.132682567051317 0.5580563102436394 0.5623264775835665 -0.4305861304604613 -0.43238556392093475
1645102052.91983 2.9015480207987805 1.6794890554976134 1.1328813969302858 0.557986101540324 0.5628241543931702 -0.43054620080092515 -0.4318680238563719
1645102052.9264681 2.9012460352583798 1.6795680133661894 1.1330134932188887 0.5578214237570449 0.5631752937430277 -0.430571821177381 -0.4315973808503344
1645102052.933033 2.8989681110087133 1.6781837157267079 1.132494593008837 0.5562450305343828 0.5613466122257958 -0.4362602473074898 -0.43030011360359854
1645102052.93963 2.897262055357869 1.6767959029446764 1.1322759024988014 0.5564513901138 0.5595684103240437 -0.4370807495917014 -0.4315148815969876
1645102052.9462342 2.898674889550254 1.67714100881477 1.132798925594999 0.5595601380519701 0.5590396175166616 -0.4341182593569053 -0.43117071874741025
1645102052.952825 2.899825719502688 1.6796941001023218 1.1333864667329006 0.557713410968711 0.5635546703527007 -0.43114959149436394 -0.43066411576732705
1645102052.959427 2.897587939037325 1.676529357580824 1.1328798408693652 0.5599201753280203 0.5582356376779546 -0.4358830076640557 -0.42996273634015053
1645102052.9660192 2.8969995721017336 1.6760626656287576 1.1325659830619026 0.559492450677749 0.5585055453635304 -0.4383383611426588 -0.4276668677323217
1645102052.9726331 2.8965978272026356 1.6761651911457025 1.1326812040129683 0.5593978395843726 0.5588390536411973 -0.4381855702273233 -0.4275114671166566
1645102052.97923 2.8959413667433234 1.6763363873524963 1.1327187637172822 0.5580991577545654 0.5603822300989697 -0.4379482418414848 -0.42743193413429975
1645102052.985868 2.8972937415604405 1.6781368744223395 1.1340058830701194 0.5587065950974852 0.5632127391035695 -0.4329208257797733 -0.4280391556443991
1645102052.9924638 2.896884392699725 1.678234979831268 1.1341224061534274 0.5584068681480523 0.563618903033279 -0.432954206981991 -0.42786194124356397
1645102052.99907 2.896328523794436 1.6770432046160635 1.134976174273502 0.5601726671201308 0.5633344763603934 -0.4320295406454847 -0.42686177298131067
1645102053.005664 2.8963319187811543 1.6774472036697956 1.1353823405643877 0.5607682566658138 0.5636028373554711 -0.4305342928809233 -0.42723605806402326
1645102053.01227 2.8940962233867937 1.676954180042847 1.1346471269040117 0.5574151459261313 0.5648614286598821 -0.43480855396639073 -0.4256300954693859
1645102053.018867 2.8932707024275435 1.6768602028865112 1.1338164350738977 0.5568986333727708 0.5620915036098723 -0.43543711244189626 -0.4293148563566101
1645102053.02543 2.8927701580731506 1.6769432633013492 1.1338987311060982 0.5566572100572725 0.5621269548185731 -0.4354317150481734 -0.42958684264760844
1645102053.032015 2.8922907721168194 1.6769589073655733 1.1339579677575742 0.5564608052850905 0.5621859703553878 -0.43570968064902393 -0.42948218731463467
1645102053.038672 2.893101068202974 1.6786036400563884 1.1366601584225382 0.5566303287459659 0.568927298423176 -0.43077799721529897 -0.42534022707178437
1645102053.045231 2.8910771828286377 1.6777872550995345 1.1343419090739348 0.5554302007821804 0.5627787666199123 -0.43585366447821616 -0.4298937122297392
1645102053.051834 2.8930655940984233 1.681192617991478 1.1347098740955956 0.5557117884890317 0.5652944404976651 -0.4312579913754384 -0.430862861275664
1645102053.0584629 2.8923903824919854 1.6781225615244737 1.1359126493993301 0.5593442911427299 0.5642952394220304 -0.43116047694565585 -0.42755714402744216
1645102053.065067 2.8918751734563783 1.6782039370965076 1.1359215651254138 0.5593085275255395 0.5643514845837417 -0.43126408519252923 -0.42742523823996753
1645102053.07163 2.88886911276971 1.678155954559946 1.13398756166635 0.5547313470113803 0.5632277928219819 -0.43724544645088786 -0.42879326818238794
1645102053.07823 2.8884191006533952 1.6782088395608854 1.1340594745270247 0.5548588602128746 0.5633499011268298 -0.4372562919333398 -0.4284566817067762
1645102053.0848472 2.8848653938888993 1.6779253939107863 1.132241272780705 0.5513469701994466 0.5609125934712299 -0.44274288171721204 -0.43054832887644856
1645102053.091431 2.886974751433227 1.6776446111767687 1.1338151117001858 0.5554348047980884 0.5620405001897432 -0.43817940926603904 -0.42848698124186774
1645102053.0980349 2.886874136172032 1.6790687400274955 1.1340976347303422 0.5540238064606998 0.5636818031395288 -0.43845833710658294 -0.4278718184571683
1645102053.104639 2.8883597621025823 1.68138044428088 1.1347665365858133 0.5553046869739601 0.5653526419324154 -0.4332247215457068 -0.4293356277925465
1645102053.111264 2.8870847754302176 1.6794270122341648 1.1346245513578705 0.5563627113008386 0.5632411129618798 -0.4359538238130248 -0.42797656974465287
1645102053.117888 2.886478549227713 1.679445472891842 1.1345836110753407 0.5561999472003863 0.5634180460017263 -0.43600669056731917 -0.4279013010091726
1645102053.124481 2.8858327543886486 1.679456063583379 1.1345622126309471 0.5560910855873918 0.5636752213458596 -0.4360432201545234 -0.42766670676056223
1645102053.1311 2.883739564579754 1.6794498794606658 1.134043364187459 0.552820638133421 0.5652426382823905 -0.43804359513210733 -0.42779388441009036
1645102053.1376379 2.8819345297963155 1.678628513638151 1.1334746782015905 0.5523776606364587 0.5640180870967618 -0.43916468367314604 -0.4288315705368575
1645102053.14423 2.882454236606904 1.6796195071990827 1.134037005714976 0.5524731926471697 0.5662717823274432 -0.4370693964629085 -0.4278779820623315
1645102053.1508229 2.881943121714062 1.6794419252014365 1.1338706596092616 0.55282759485739 0.5664653337692421 -0.436942004191917 -0.4272937385427132
1645102053.157425 2.882717762080532 1.6798062209889753 1.1345807924211304 0.5547564973814868 0.5673068224301077 -0.43331647269227813 -0.42736949855144873
1645102053.164023 2.8816584826901797 1.6800020232708537 1.1344686380887439 0.5540447038452058 0.5674674670424013 -0.43364959807488845 -0.42774154615160737
1645102053.1706219 2.879139686495119 1.6795261039099412 1.1337770579182591 0.5512710876021217 0.5676917544948623 -0.4363799557460845 -0.42825041930605046
1645102053.177214 2.878728867507241 1.680128199179668 1.1340889972306818 0.5505105468475677 0.5696655076664463 -0.43540061639562744 -0.427604080458794
1645102053.183826 2.8780840138767094 1.6783636951874914 1.1333205787849185 0.5528825018066585 0.5677590869865605 -0.436548339370085 -0.4259058272176098
1645102053.1904378 2.8790207035241213 1.6800818451826711 1.1344155973020076 0.554472744129107 0.5687809128304891 -0.4320885953124908 -0.42702138559448555
1645102053.197023 2.8763888895508622 1.6799837377461204 1.1336661975473947 0.5511004014140328 0.5690013645290439 -0.4358022216976487 -0.42731930932211243
1645102053.203655 2.8759090887111394 1.6795562276728366 1.133552854525454 0.5514027005478891 0.5697258835337554 -0.4347952599305055 -0.4269897844232476
1645102053.210266 2.875758001699222 1.6798458318985232 1.133869458407043 0.5514871341190906 0.5712240242894185 -0.4341827823867692 -0.4254997683434935
1645102053.2168572 2.8738076653019355 1.6790685699528258 1.1333795891437377 0.550722695002138 0.5701555761680915 -0.43596818021322686 -0.42609690639622333
1645102053.223426 2.8730152807006375 1.6790173454583925 1.133317636011732 0.5507511819246748 0.5703601955951306 -0.43603305464111647 -0.42571966734395783
1645102053.230057 2.8721899900731316 1.6788479101711422 1.1331958161712412 0.550737773523401 0.5702250769536118 -0.4368349293288152 -0.4250954084431472
1645102053.2366269 2.8734673974622247 1.6795478276417226 1.1338969003212602 0.5533419069558797 0.5708551501072249 -0.43425906339736403 -0.4235041188917176
1645102053.243254 2.8703319701098904 1.678339520640588 1.1326557998927886 0.5512070755199509 0.5685075312387129 -0.438705112844651 -0.42486156213978443
1645102053.249861 2.8696624536576483 1.6792359694854035 1.1327884913501485 0.5490480007055054 0.5710026482162193 -0.44011380532183086 -0.422849477404173
1645102053.256458 2.869033080354593 1.679266602477623 1.1328520268823985 0.5481027892576581 0.5727508173194984 -0.43956723246898016 -0.42227962632186883
1645102053.269692 2.8691205974703275 1.6794512329591518 1.133665811957818 0.5492121138716066 0.5745994399351575 -0.43665364906846826 -0.42134870007458747
1645102053.282828 2.8660978996897613 1.6789138711788714 1.132709461913181 0.5455548972820773 0.5739282158830589 -0.44174595777016457 -0.4217065758566044
1645102053.289458 2.865480026853144 1.6785686469295142 1.132546714242711 0.5454673699254298 0.5744104794971003 -0.4424392327184581 -0.4204344185133553
1645102053.296028 2.863393036766007 1.6776162433710153 1.1319322973707222 0.5439348682916685 0.573799546372137 -0.44477965009110587 -0.4207845086945889
1645102053.302631 2.8630119409408237 1.6775127239071281 1.132204834614772 0.543363956411577 0.5750397356906911 -0.4444565925989822 -0.4201700048751827
1645102053.309217 2.8612395012753544 1.6776072826586994 1.1320232051139756 0.5403949645674362 0.5764919099777317 -0.44651327236030686 -0.41982839360775565
1645102053.31585 2.8600031644884014 1.6773231089146718 1.1318724714168245 0.538903117442639 0.5769572778155481 -0.44843981827670215 -0.4190526039357066
1645102053.322452 2.858183206874196 1.6766982004915447 1.1314631748191717 0.5356937095251325 0.5788115158693479 -0.4520740576275939 -0.4166991503979514
1645102053.3290188 2.8577937104300886 1.6769705379898414 1.13181933485205 0.5345735349939729 0.5806959700891716 -0.45115593423000083 -0.4165107466412789
1645102053.335659 2.859645591798949 1.6776732858849535 1.1331791489641883 0.5355680197549127 0.5847221035253113 -0.4471361035337801 -0.41392738568376475
1645102053.3422348 2.856876437175283 1.6769307813883039 1.13213742508868 0.5311994604463794 0.5852351824432497 -0.4531619982239116 -0.4122750771003856
1645102053.3488278 2.8553386631795954 1.6754822485279381 1.1322499486589053 0.5286455712956099 0.5873575607966871 -0.4556500917695077 -0.4097895859996376
1645102053.355428 2.852816883423002 1.6759288592248136 1.1312293748707873 0.522640384155163 0.588939459132425 -0.46114290784873246 -0.40907723722327727
1645102053.3620212 2.852391219994754 1.6760451886087344 1.1318936032592866 0.5212739026202595 0.5912417159513521 -0.459628736814778 -0.4092039140105621
1645102053.368642 2.850283962844533 1.675173951840746 1.1312189296894952 0.5172574169386436 0.5930348655408089 -0.4643248685270166 -0.40639445836331717
1645102053.37522 2.849160376684649 1.675283850893295 1.1312236099165047 0.5145569259043059 0.5946637182717003 -0.46492418607311103 -0.40675721210522475
1645102053.381829 2.8477270388493436 1.6749721173271155 1.1308827948136893 0.5103893948425492 0.5975985956113432 -0.46924062690834945 -0.4027299339479864
1645102053.3884218 2.8464794953089125 1.6744407891255135 1.1309370164113368 0.5083435692868317 0.5988526422228404 -0.46949877716860555 -0.40315361272297795
1645102053.3958158 2.8459025237090945 1.6737365077886244 1.1311141772171787 0.5059692827556248 0.6020485501909023 -0.47160328330954615 -0.39890173167634463
1645102053.401632 2.844270037441505 1.6737035129612832 1.130688150618139 0.5015175312255443 0.6045474643867573 -0.47565454572224103 -0.395922876574402
1645102053.408223 2.843088493434393 1.6729727324678014 1.1308407056996117 0.4987727403684015 0.6073540150620821 -0.47778550721559615 -0.39251431765153244
1645102053.4148211 2.8403336776774166 1.6722848031586528 1.1299254497297515 0.4924832363531743 0.6095637822043115 -0.48435413204939526 -0.38896386224871743
1645102053.421483 2.8407901132025115 1.6720878649951971 1.1306734321901486 0.4925147536481337 0.6133724166092893 -0.4839932486392128 -0.38334538005445307
1645102053.428021 2.8425936289550853 1.6686400518038693 1.1314448125166923 0.49531365998915083 0.6154014030461689 -0.48433390514494523 -0.37598644364857003
1645102053.4346318 2.8381497454309903 1.6699296825457335 1.130457178481051 0.4846466837781726 0.6198799211916306 -0.4926231044231501 -0.3717371686588421
1645102053.441217 2.8356500948012657 1.6694230288434777 1.1297609613513306 0.478766555256776 0.6227518850546354 -0.4983037993633898 -0.3669544552892075
1645102053.447825 2.8346418476421453 1.668278930331259 1.1295728558917508 0.47530881193432817 0.6255078663098989 -0.5022097616935798 -0.3613951431201916
1645102053.454421 2.832910466294262 1.6674728771874705 1.1289587244986126 0.46866278558957186 0.6287608754629174 -0.5072945504946436 -0.3573049288512187
1645102053.4610748 2.831437582268685 1.6662825250144073 1.1288317789676847 0.4660332021903986 0.6305360565379591 -0.5102174979520412 -0.3534332984747502
1645102053.467639 2.8298349972087764 1.6659366453656046 1.1284404530783507 0.4607770051255401 0.6336155077658633 -0.5141316439403687 -0.34911921400013946
1645102053.4742248 2.8279808412413914 1.6642599658542097 1.1279836860583028 0.45648377779718124 0.6357887574260165 -0.5178988011709375 -0.3452182362548847
1645102053.480822 2.826582006959115 1.6638209829884856 1.127626378793038 0.45113748912830953 0.6384232829848693 -0.5218431681260484 -0.34142345162236126
1645102053.4874592 2.826113999421286 1.6623821173938602 1.1280341983520554 0.44849614499069185 0.6421459949639055 -0.5230465760546413 -0.3360380950063266
1645102053.4940548 2.824604000296596 1.6617372426420836 1.127725599740135 0.4431310682910664 0.6450379246547527 -0.5255225405720784 -0.3337462867121503
1645102053.500619 2.823123159689784 1.6606678010240494 1.1273802356689286 0.4376526879673885 0.6474628578279346 -0.5289976063321643 -0.3307766016632245
1645102053.507222 2.821927999148659 1.6597217957887884 1.127309864272248 0.43220939547403275 0.650912726300071 -0.531298355066641 -0.32745889017011154
1645102053.513862 2.8214221461650624 1.6589767393483865 1.1273820406973232 0.42733666534164505 0.6552111205841088 -0.5331611689372784 -0.32221195553149157
1645102053.520455 2.818266714305006 1.657185394817831 1.1260911831975493 0.4187139005911042 0.6567528076353726 -0.5400831159533983 -0.318848225376804
1645102053.52702 2.818666959273728 1.6569584897950853 1.1266451220263358 0.4147096471194732 0.6612300112426579 -0.5403586591618099 -0.314329264637724
1645102053.533649 2.8167739723260774 1.655105437561656 1.1261016346454849 0.40765198437978756 0.6641977680579159 -0.5445696307299563 -0.31000765719140605
1645102053.540234 2.8156068656417275 1.6544423289851 1.1257847973150195 0.4005392147164035 0.6671306777599357 -0.5482565451430944 -0.30646269407762167
1645102053.5468218 2.8139497954375354 1.6524257801141005 1.125329612297653 0.39359717370564573 0.6702889844885708 -0.5520871507938735 -0.30165094799351355
1645102053.553417 2.813013759864372 1.6514726247994254 1.1252524194920055 0.38683954458085845 0.674435234992004 -0.554420233658301 -0.2968334818824466
1645102053.560027 2.811949510372899 1.650046183710992 1.1248838978003526 0.3805007619696326 0.6775943935153868 -0.5573363679709278 -0.2923368054078732
1645102053.56663 2.8107840678184446 1.648813948033547 1.1245075780968974 0.37422896897927993 0.6804487127207441 -0.5596713054436506 -0.28932656988533734
1645102053.573227 2.809587587410117 1.647366617568025 1.1240088662701189 0.3683482488765147 0.6829628543787983 -0.5620539401874024 -0.28631494183310574
1645102053.579822 2.8078405559861284 1.6464640589531296 1.1233597360456293 0.36148344062636995 0.6844576762078082 -0.5649188203536198 -0.28585611302832586
1645102053.586428 2.807632001787437 1.645030824981871 1.1229559868198513 0.35829653359960406 0.6872898143112968 -0.5655030566357917 -0.28189044496781285
1645102053.593024 2.8067456683420935 1.6439230397995066 1.122702205996066 0.3550332460053352 0.6894150452423868 -0.5649503609835981 -0.2819378640528471
1645102053.599624 2.8057171168157558 1.6422559767206961 1.1222074094128525 0.35081574826083195 0.6914721344826036 -0.5665016195692427 -0.27905211027419696
1645102053.606221 2.8045439772863254 1.6410353886856064 1.1218163439712425 0.3466775339871115 0.6933407874800743 -0.5670403013789145 -0.27849268665244076
1645102053.612822 2.8042085200065308 1.639884284804404 1.1215439763474824 0.3455311388587121 0.6953498886021471 -0.5662592998404337 -0.2764901222320568
1645102053.619421 2.803404530520473 1.638556461630326 1.121229685634689 0.34313649588186346 0.6971974978619193 -0.5663357949251752 -0.27465680016352045
1645102053.6260219 2.8028627199887026 1.637758487218796 1.121013197557689 0.3410404323131363 0.6997472713926968 -0.5659492921664168 -0.2715625091234133
1645102053.632627 2.802098123461345 1.6364793923278267 1.1205709618566404 0.33957062070807975 0.7009771657645901 -0.5662201221494176 -0.2696611914901127
1645102053.639217 2.8005499211106217 1.6350042428030656 1.1197952237508273 0.3369660764728479 0.7014376491697577 -0.5680522230234506 -0.2678718582599949
1645102053.645817 2.800683608509828 1.6338427170048275 1.1198413681138195 0.33773854458806535 0.7034072055412234 -0.5663934855626706 -0.26523382387651306
1645102053.652419 2.8001596471254087 1.633105836491468 1.1195480154132944 0.3375325048456604 0.7046417652704619 -0.565517711522047 -0.264085456436993
1645102053.659025 2.798631234599089 1.6316712628237269 1.1186734520265385 0.33556228297282614 0.7042030149400267 -0.5673658964865455 -0.2638022557322361
1645102053.66565 2.7985321541332002 1.6304798340920776 1.1183428271099236 0.33687145018009873 0.7047796021640127 -0.5670110291133739 -0.261345387802898
1645102053.6722162 2.7980223707182623 1.6294323812888876 1.1180278316023953 0.33749015660283194 0.7052096712818136 -0.5666701207420379 -0.26012359755692605
1645102053.678825 2.797593010550437 1.6286024378233632 1.1176397462392922 0.3384603175656228 0.7057393294324267 -0.5659304472817865 -0.2590346462629415
1645102053.685448 2.7971006458686785 1.6285155523689439 1.1180069756127233 0.33761088676970386 0.7076534288651959 -0.5661285018859245 -0.2544477097055108
1645102053.69202 2.796538456644361 1.6269348307955938 1.116811085112925 0.33987536446157035 0.7060995415387188 -0.5658516047027562 -0.2563586503962583
1645102053.6986141 2.7956205005740125 1.625801521394641 1.1161987505496138 0.34045197165884195 0.7052092770015764 -0.5663885677556391 -0.25685774340757384
1645102053.705222 2.7954320382137814 1.6250211147997136 1.1159722833273373 0.34222140006757806 0.7055546065780254 -0.5656014423409277 -0.25528777487528803
1645102053.711854 2.79582774854531 1.6248805053398692 1.1160350166372701 0.3435021162368657 0.7071616105709072 -0.5649043938871597 -0.2506219675373673
1645102053.7184231 2.794366381194978 1.623464306220662 1.115000110816314 0.34499268083841517 0.7045959646922857 -0.5653147909777803 -0.2548399391225246
1645102053.725045 2.7940372606502994 1.6228545412455908 1.1146176286233502 0.34674684969098424 0.7042892289771627 -0.564893740583758 -0.25423995876189176
1645102053.731623 2.7927417280200544 1.6222744821122026 1.1138852841432387 0.3472083183701189 0.7028767177027597 -0.565665607053964 -0.2557981847929612
1645102053.738216 2.792430564528453 1.6217150530590978 1.1135065418594303 0.3494634995704257 0.702453282499838 -0.5648562233379031 -0.2556789022792627
1645102053.744818 2.7925759219613777 1.6210695014666232 1.1131509671073783 0.3526567827628942 0.7016388088207358 -0.5639633794650507 -0.2555016587431495
1645102053.751414 2.7917139720351134 1.6206946814145093 1.1126889284134889 0.3538345994656428 0.7006901827616477 -0.5639002010386589 -0.2566134789528138
1645102053.758053 2.7913904575542055 1.6200860989363541 1.112389561742112 0.35665919380828676 0.69995486274985 -0.5627383944910702 -0.2572596416887136
1645102053.76462 2.791669419693514 1.6191371080681944 1.1118116914623941 0.3607549568131275 0.6980613534039901 -0.562076442431877 -0.25813924013618134
1645102053.771224 2.790106850416124 1.6189921146107045 1.111180236154965 0.36125671625925737 0.696509626064444 -0.5626319774727746 -0.26040883783069463
1645102053.7778199 2.790439281188476 1.6190168697418925 1.1110277262037553 0.36616429853362104 0.6953385725237594 -0.5598703679900365 -0.2626266430062941
1645102053.7844229 2.790377842886933 1.6188377654937063 1.110775701430828 0.369405588899248 0.6945692300718822 -0.5584959534724215 -0.2630493804113498
1645102053.791018 2.7889989063700105 1.6182458580743528 1.1104599223124347 0.37060722509432303 0.6937407565918288 -0.5582880793315662 -0.2639850132526138
1645102053.797694 2.788803643214365 1.6179178097188065 1.1101551149706743 0.37428532763016653 0.6922493368511312 -0.5568974764263404 -0.26564283016645057
1645102053.804221 2.7882851317351447 1.617447986108804 1.1096441984858036 0.3776703951787588 0.6899798833576569 -0.5559753594711314 -0.2686704133903193
1645102053.810858 2.7891421937583036 1.6170201400472344 1.1091943307869232 0.38356283973320515 0.6874856098988774 -0.5540702181436542 -0.2706453116525977
1645102053.817457 2.7880138384838156 1.61708442379112 1.1087903430429555 0.38599251148819275 0.6856370266297575 -0.5528459571583038 -0.27435858792415
1645102053.824054 2.789182928409288 1.6161851922094395 1.1084667984542418 0.3930999642382161 0.6828190417343536 -0.5498352244099771 -0.2773290722004221
1645102053.8306549 2.7888241601840273 1.6160164902608978 1.108119251552559 0.3971495885031754 0.6803475563201485 -0.5476918754728821 -0.2818379910895424
1645102053.8372219 2.788759704672764 1.6159199107491513 1.1079195065999667 0.401691032804819 0.678260334822894 -0.5449905215110042 -0.2856434878852228
1645102053.850514 2.788783597345302 1.615903509178116 1.1075262730428292 0.4106510232315551 0.6740366342869337 -0.5394459623115785 -0.2933223753223509
1645102053.8570502 2.7899512581764463 1.6168309560694447 1.1082251696633927 0.4172728828991649 0.6727382526535048 -0.5332836723092401 -0.29818569658393795
1645102053.863639 2.7891014523547253 1.6157876616534608 1.1071233893925496 0.4196136970537358 0.6695065621801782 -0.5345565791963298 -0.2998903618724924
1645102053.870219 2.788715371407615 1.616696620446092 1.1069905970102523 0.42305995892377196 0.6674182789792312 -0.5319150938177645 -0.3043666487482932
1645102053.8768241 2.789407137860107 1.6162803989731866 1.1069052512184185 0.42771346559362455 0.6655754132780957 -0.5298927551766478 -0.30542396376959435
1645102053.883426 2.7883140030413998 1.6163437317773988 1.1061516125440316 0.42948180451667944 0.6616647955785552 -0.5300239612763206 -0.31115802987569724
1645102053.890025 2.788411599048886 1.6165708670986338 1.1058651818727936 0.4336265054025021 0.6587337512365101 -0.5281671506884744 -0.3147649891623716
1645102053.8966389 2.7888411667777917 1.6164947991269756 1.1058583792514987 0.43900299859679426 0.6563128900231275 -0.5251764768852849 -0.31736264697313055
1645102053.9032269 2.788637249675384 1.6168355718940628 1.1053624058256744 0.44264111370413733 0.6527705218423678 -0.5235230091617901 -0.32230849833384173
1645102053.909836 2.789104930420216 1.6170883471364905 1.1052145080891038 0.44825884423541185 0.649460271814233 -0.5210517483719461 -0.3252231212494135
1645102053.916459 2.789084935278975 1.6175695796561456 1.1047886076455884 0.45241649101741804 0.6457149083128081 -0.5191983414450174 -0.3298548975151871
1645102053.929695 2.7900408098195815 1.6185443925112881 1.104487572522459 0.4633303387134581 0.639039367603491 -0.5147187742446511 -0.33469062816545236
1645102053.936243 2.790272588718369 1.6190981852285282 1.104122054557137 0.4672966714846498 0.6354217458303859 -0.5141176648170471 -0.33698016796923425
1645102053.949455 2.7907696441274705 1.6198426176292269 1.1040689226090519 0.47311503086514245 0.6316790976549894 -0.5112465831255945 -0.3402502342289926
1645102053.9560761 2.7908477684962647 1.6204295394166008 1.1037071346300902 0.47857771635737667 0.626775567391475 -0.5095059308794819 -0.3442659492155374
1645102053.962623 2.7913774781499665 1.6213167353553417 1.103644533349377 0.48428235605344744 0.6230983043182516 -0.5066382512008464 -0.34718341499301403
1645102053.9692202 2.7910663790835657 1.6224230265414392 1.1028098315305657 0.4893706446746586 0.617484651764292 -0.5054170913978127 -0.351826977568094
1645102053.975832 2.792329538516777 1.6223839789066474 1.102933555695158 0.49786858222882047 0.6118882117589091 -0.5005607260124542 -0.35659253931076135
1645102053.9824378 2.7965321561962937 1.6242959142329527 1.1051220475989882 0.5100355188564403 0.6094316509992297 -0.48871810344219113 -0.36001532613170956
1645102053.989019 2.793104032482263 1.625460320183808 1.1027956799986225 0.5089368074927781 0.6033137574365589 -0.49352888209428064 -0.3652734921926825
1645102053.995669 2.7942560912517993 1.6264114283350504 1.102993739904241 0.5164471496856734 0.5980414146720717 -0.48884367709553705 -0.3696758685344248
1645102054.002235 2.7945435428616507 1.6278748239401697 1.1026373658804127 0.522208460784485 0.5925203099399041 -0.48529201814450534 -0.37511232443379405
1645102054.008845 2.795180997838339 1.6292549939443308 1.1026113125142503 0.52877126787569 0.5869407004189756 -0.4807613147677895 -0.3804862716871217
1645102054.01542 2.796163730797753 1.6306796518116746 1.102684266705722 0.5352983042060111 0.5814755546836312 -0.47643437699100083 -0.3851646978150351
1645102054.022024 2.7959419044460545 1.6334246818551015 1.1024388545601076 0.5388683200717538 0.5763243684186306 -0.4730389929119686 -0.39205210340255314
1645102054.0286222 2.7968415292187037 1.6350915888784097 1.1025267018860554 0.5450834198505314 0.5705042869187723 -0.4686431076092159 -0.3972179825648897
1645102054.035228 2.797911631546851 1.6367279894653832 1.102521956692748 0.5514113958525179 0.5645883363247974 -0.46493710664117993 -0.4012711904473386
1645102054.041829 2.7988296146123988 1.6384922907401744 1.102575819280568 0.5565886539567568 0.5588738206327679 -0.4621284652770482 -0.4053468141795008
1645102054.048445 2.799723708963268 1.6405627974145534 1.1027543163040818 0.5610512416375468 0.5533066353519841 -0.4596326354817307 -0.40964707556556057
1645102054.055019 2.8003534113585324 1.642362112772986 1.102632211621031 0.5646124772761418 0.5472236261299153 -0.45888499825388024 -0.413743108057209
1645102054.061697 2.800290958100091 1.644424181321213 1.102253812941583 0.56663722075289 0.5407186594423573 -0.4589525089439863 -0.41941378644227173
1645102054.068228 2.8014876896301537 1.645971673604052 1.1021681191551918 0.5706737374123212 0.5342975101811298 -0.4585809824882614 -0.42256451347646556
1645102054.074862 2.804816626090904 1.6493462021683856 1.1034154275617438 0.5750529150014886 0.5307051794248822 -0.45419963567298116 -0.4258737845850728
1645102054.081434 2.804638097834838 1.6497333630854585 1.1028072142781609 0.57717427192611 0.5224304904240119 -0.45738293157716753 -0.42981023646639555
1645102054.088038 2.804744439584298 1.65169437532455 1.1024544366577664 0.5780157053672231 0.5160001645275011 -0.4585964050856576 -0.4351214441617437
1645102054.094625 2.8080519496051783 1.6542767489888384 1.1031349206385743 0.5815371819930049 0.5118927991803613 -0.4555827702252672 -0.43843399180610826
1645102054.101225 2.807537781269346 1.6554097054049295 1.102728857732217 0.5821350529609765 0.5036683727529053 -0.4579598094905596 -0.4446453420260137
1645102054.1078222 2.8105407397004165 1.6577344872360418 1.1031840020491224 0.5847654503206021 0.49907231533158924 -0.4558828877179067 -0.4484938412661748
1645102054.1144261 2.8105099510635028 1.6587786704194996 1.103100391323967 0.5856823958859109 0.49092211077210285 -0.45749326559300524 -0.45461096706082066
1645102054.121026 2.8118149795846863 1.660154262442306 1.1029885074892327 0.5871339799306612 0.48425182027002894 -0.4576339869053247 -0.45972230326789404
1645102054.127669 2.8008210890901983 1.6644543299178116 1.097002656277605 0.5679355152889203 0.47209181328195216 -0.4799690508037365 -0.4735061353039667
1645102054.13425 2.8142684860266067 1.664299701445971 1.103029904604256 0.5876318461678374 0.47252162018610594 -0.45776714533122925 -0.4710211816000281
1645102054.140845 2.815398663089194 1.6650006166528555 1.1029590462961345 0.5892674475493748 0.4647756649838593 -0.45846891050691213 -0.47597618547741277
1645102054.147441 2.8143759687803547 1.6661456368789518 1.1019308526602953 0.5874804468797622 0.4556033997242899 -0.46114908356846557 -0.48438974520384404
1645102054.154025 2.8162719944604806 1.6665878832250285 1.1020892880890525 0.5896646929570264 0.44919672130116534 -0.46134097718732403 -0.4875263512264405
1645102054.160623 2.8195838104356548 1.6706903517787237 1.1029537058170722 0.5893431803801776 0.4479433323171025 -0.45944163904264257 -0.49085083979784283
1645102054.16723 2.8203657115346377 1.6713519150459417 1.10262232461174 0.589307771135239 0.44113203335358925 -0.4615906098079609 -0.49502772376054643
1645102054.173822 2.8214226522971773 1.673152034878108 1.1023685875519165 0.5889208595058484 0.435411862778393 -0.46291969464532395 -0.49929308873778233
1645102054.180424 2.8222968377222877 1.674126477026394 1.1022561272330351 -0.5886598460224695 -0.4295164147810458 0.4654351288453866 0.5023587521533331
1645102054.1870232 2.8229492623661323 1.6760668638195526 1.1019421390813116 -0.5875463928296438 -0.424263052803874 0.4674714016991313 0.5062209435432261
1645102054.193621 2.8172997959351163 1.6779079018117942 1.0990191807912 -0.5773934393930598 -0.41470495794940754 0.47984849820730086 0.5141799890463271
1645102054.200232 2.8250181498209286 1.6791927599811363 1.1019353835066337 -0.5866522606626003 -0.4155695264982923 0.4715331526108061 0.5106824956390247
1645102054.206827 2.8257495724291855 1.679402853647849 1.1016691113625066 -0.5875696303088459 -0.40970590621145864 0.4737663136205926 0.5122961579773213
1645102054.213417 2.826698335878155 1.6821244447156385 1.1018706712141502 -0.5858012820528101 -0.40756090880434925 0.4740673596231855 0.5157423957332955
1645102054.220021 2.826335922761631 1.6830657549956618 1.1016672320250782 -0.5860121342298146 -0.40161411127423774 0.4745665434066725 0.5196937601700882
1645102054.226666 2.826188014366217 1.6840130728473932 1.1012048798663145 -0.5844403980013132 -0.3976475599079184 0.4772429117272265 0.522057531812615
1645102054.23322 2.826174265239916 1.688341635620813 1.1016165879232191 -0.5807119108848344 -0.39691671892273805 0.47660975092771224 0.5273262039887492
1645102054.2398589 2.830306049847439 1.6872659597781055 1.1024312163506949 -0.5884182538823093 -0.39421806138076904 0.47256217498745146 0.5244426999661915
1645102054.2464268 2.8310819896854853 1.691832599168079 1.102641802355905 -0.5843954521147999 -0.3962402267301473 0.47293755983998215 0.5270718117837077
1645102054.2530198 2.8319885221725807 1.6931545296014916 1.1028801176162537 -0.585797630195911 -0.39390472275395794 0.4714013919157022 0.5286398167176825
1645102054.259613 2.8329603101167486 1.6946061067565383 1.103452278749455 -0.5870879375125746 -0.3928463722690224 0.4693523488290582 0.5298179289334584
1645102054.266217 2.8353400976035497 1.6942601220345381 1.1037503857009048 -0.5934548043749857 -0.3895585219241478 0.46556793877710406 0.528489588513812
1645102054.27282 2.836505469409541 1.6955187939572207 1.1042336933602597 -0.595916077629235 -0.3885105291921185 0.4630542253584934 0.5286999478852803
1645102054.279428 2.836638696051915 1.697982980538635 1.1047161658526738 -0.595453025495229 -0.3882153163332581 0.4609416702480643 0.5312780847000856
1645102054.286017 2.8376194978146088 1.6993379982801842 1.1051781046256393 -0.5981558991429171 -0.3872681364370488 0.45797791046054553 0.5314961863225288
1645102054.292642 2.8363674533744407 1.698855048073094 1.10492918048068 -0.6013645808292621 -0.38108822476360593 0.4566299197380206 0.5334984395501907
1645102054.299217 2.839500788641855 1.7014971723743164 1.1060640758005555 -0.6041281254782119 -0.3846604348922393 0.4522148947417268 0.5315697216686788
1645102054.305821 2.8406410592348177 1.7024121575607123 1.1068200084512663 -0.6074642328971644 -0.3837644304132902 0.4486624150048958 0.5314256283134552
1645102054.312417 2.8417273489527366 1.7035545873023812 1.1072487395381012 -0.611378874234889 -0.38230790912231705 0.4447844192534369 0.5312461602239207
1645102054.31903 2.8432505267931187 1.7044050133697244 1.1078160893270492 -0.6137424100698373 -0.38276419903046466 0.44203044168476674 0.5304904081806978
1645102054.325619 2.843896173650622 1.7051331377020267 1.1083595033825278 -0.6164978188016366 -0.3813323769942601 0.43992881471728085 0.5300735285337713
1645102054.332273 2.8445175838120664 1.705857131688454 1.1089440055978943 -0.6202582952292862 -0.37874943107335807 0.4357546410967207 0.5309855550123712
1645102054.338818 2.8457280490945305 1.7061586085267266 1.1094882290566335 -0.6222182664342939 -0.3783980135023473 0.43453380820143084 0.5299424131023595
1645102054.345417 2.8471896051241634 1.7063987126448732 1.110524039692249 -0.6258573488973258 -0.37738140389608893 0.4308845982193554 0.5293613920915937
1645102054.3520482 2.846755439352199 1.7085827773744577 1.1104043949008182 -0.6240637794694053 -0.3773640413272839 0.43018851258912866 0.532050739484717
1645102054.358617 2.8462684005138907 1.70848778561384 1.110620372016285 -0.6258820861055733 -0.3745076213473708 0.4283316005621687 0.5334294084140263
1645102054.365213 2.8499457676171827 1.708716502385873 1.1123470751795195 -0.6303042363793736 -0.3773291899116924 0.4235735960074984 0.5300226171752987
1645102054.371819 2.8505672468880237 1.70903126376488 1.1129102402908257 -0.6325811956322301 -0.3760536534654962 0.4217220426307676 0.5296928329413615
1645102054.378416 2.8509686791659794 1.7095155746877815 1.1133214260062827 -0.6331686001889644 -0.3753737994923131 0.4206438717325306 0.5303300010112086
1645102054.385021 2.8514921529331563 1.7099367705877966 1.1137838935895985 -0.6337419725346617 -0.3751238082443428 0.4194819912977118 0.5307421328369766
1645102054.391618 2.852654835512209 1.7096685627541164 1.1146480637712 -0.6353572504514129 -0.37571028373260057 0.41908225167742413 0.5287081054450078
1645102054.398219 2.8517902713944756 1.7109126733538411 1.1146963250336792 -0.6331373131195646 -0.3757261772751732 0.4202687609456924 0.530415153110479
1645102054.404819 2.8503045076451157 1.7123188644765115 1.1140718837391648 -0.6286517310944051 -0.3740094919201545 0.4212693135773037 0.5361393005876071
1645102054.4114199 2.8504108403141006 1.71245423543616 1.1144442178655256 -0.6284550911209202 -0.37427765870826796 0.4214680960906887 0.5360265384612444
1645102054.418048 2.8509387145600473 1.7123342501729542 1.1151528922164478 -0.6292203526272159 -0.3757526287598795 0.4211585524195011 0.534337435738839
1645102054.424622 2.851894952794344 1.7113677078133405 1.1159277405235577 -0.6311503209835945 -0.37611224864972354 0.42014331569250424 0.5326045618103448
1645102054.431215 2.8515897135188166 1.7115520059318992 1.1162940055530193 -0.6309826403516949 -0.3770299417362345 0.42060114232511303 0.5317925078845226
1645102054.4378219 2.8513325483138896 1.7114053132755618 1.1165293985950457 -0.6299890580314937 -0.37838617262690966 0.42234954971859484 0.5306202163504907
1645102054.444416 2.850265656802436 1.7109053575028053 1.1160772969468304 -0.6272223113683982 -0.3780877615759604 0.4260322910531751 0.5311662369965665
1645102054.451021 2.8491907362371753 1.7112026291359992 1.115938238675644 -0.6245168817313607 -0.380168391253404 0.4292299474644917 0.5302936205162739
1645102054.4576151 2.848383393343063 1.7119672838980604 1.1159710317354101 -0.6214559205341055 -0.38404320498693695 0.4316267175444005 0.5291511610681057
1645102054.464222 2.8469701451246276 1.7097975367233293 1.1161995701556868 -0.6227136438506474 -0.3849302122403712 0.43426684984130093 0.5248503961457969
1645102054.470817 2.845936541380608 1.7109681742778862 1.1157039341197879 -0.6176565324954246 -0.3896121337452649 0.43722327875008377 0.5249169067305145
1645102054.4774451 2.8452176229630592 1.7097761672744767 1.1163862350028133 -0.6189882221290393 -0.39033462574016514 0.43726170326997166 0.5227749883864775
1645102054.484027 2.844311152579036 1.709226549705147 1.1166022219467602 -0.617429198881963 -0.3942577156102696 0.43950580750147883 0.5197844771527086
1645102054.490627 2.8447000832430174 1.7090563065091453 1.1167975105073462 -0.6149968071252664 -0.40273765493396574 0.4420159869609133 0.514006111406682
1645102054.49722 2.844417690347274 1.7085229531859374 1.1170623820154122 -0.613333929940717 -0.4091474803793998 0.44300224439518243 0.5100665257197351
1645102054.503853 2.842537534759035 1.7084436948833162 1.1171021440673874 -0.6088216303715592 -0.4143377429098245 0.44594161598677984 0.5087196220928052
1645102054.510442 2.8412525381907168 1.707208416323187 1.1173473794827284 -0.6072926433005676 -0.4194684562338432 0.4484879744975529 0.5040827819351824
1645102054.51702 2.84037146790574 1.7045838799415127 1.1166987054111608 0.6066737794897873 0.42325663751330506 -0.45082205781429985 -0.49955961292620477
1645102054.5236192 2.8417263530091126 1.7054948325565633 1.1179022178925324 0.6049201758114766 0.432631122235598 -0.44989525254393253 -0.4944652072489039
1645102054.5302222 2.8379428882576954 1.7029382727277627 1.1167690320692918 0.5995757154943515 0.4368531866749216 -0.4567152238106236 -0.4909980570635804
1645102054.5368168 2.8382401056184166 1.702999706699364 1.1172912881215944 0.5956299216325238 0.4468969457956736 -0.45901214064788953 -0.4845779074416108
1645102054.543424 2.835530360272023 1.7001977682953573 1.116700006623045 0.5925733890473035 0.45117136144896314 -0.46262155041636144 -0.4809178591905068
1645102054.5500228 2.8333473788995 1.6996032534218255 1.1162084677922643 0.5863938787664118 0.45824380170775547 -0.4673595747907061 -0.47721001577242866
1645102054.556624 2.8346678072336746 1.6992701992658923 1.117208922604259 0.5858528860255247 0.46743799278282216 -0.46580763051718366 -0.4704263631876478
1645102054.563224 2.8382785339235777 1.7058754484276604 1.117403301189326 0.5781261232086472 0.4875780319072256 -0.4567814628906849 -0.46838908609919133
1645102054.576468 2.83125764720119 1.6971157035367521 1.1170732995418555 0.5735000455811647 0.49207702079858423 -0.46831403027993584 -0.4578641032104838
1645102054.583072 2.8298958182710074 1.6948369265911265 1.1169053809597371 0.5715082307020127 0.4975999864489058 -0.470102413869223 -0.45252189103958546
1645102054.596297 2.8273310936861766 1.6924850343746345 1.1168611856430386 0.5643592543582026 0.5131641621395596 -0.4710213577775618 -0.44305726287668423
1645102054.609461 2.824260659815732 1.691331944137144 1.1163090067631418 0.5581064319950301 0.5202937759414258 -0.473792270847745 -0.43969556451135694
1645102054.61603 2.8252581365150635 1.6904232842145561 1.117328222661923 0.5574338896290184 0.5295066189704456 -0.47061368192739317 -0.4329119124831025
1645102054.6226392 2.827012600855883 1.6891506988320448 1.119178887477628 0.56015532392704 0.5375371372892973 -0.462491891433749 -0.4282297319911369
1645102054.629217 2.8261978115233792 1.6881771360834983 1.1194482390429048 0.5570906040740802 0.5456660362749554 -0.4612719052225214 -0.4232332817416713
1645102054.635828 2.8199042659913363 1.6872521161588554 1.116997893144964 0.5464778784781362 0.5499247115954109 -0.4700487271812314 -0.42189874334949834
1645102054.642448 2.8197450857825377 1.6868066107359951 1.1176014199520587 0.5442875998999803 0.5579977307303278 -0.4682693568179492 -0.41606844896753337
1645102054.649024 2.8179674549452036 1.684785381569457 1.117267743208132 0.541953751079739 0.5634317719234211 -0.4673375644315665 -0.4128267731955725
1645102054.655652 2.8192096003114124 1.6829868195931734 1.1184384253500503 0.5439433251291268 0.5700295953725918 -0.46175962896677497 -0.40739357213867755
1645102054.662221 2.817094387764588 1.6822313981708583 1.1178044610280038 0.5402054036842804 0.5750941376071509 -0.46163568244551206 -0.4053849560038354
1645102054.6688151 2.8159714360473567 1.6808503797798529 1.117681515825813 0.5384170878887412 0.5796478263512155 -0.46017345793234454 -0.4029335562313236
1645102054.675422 2.815185607971209 1.679396791536965 1.117417262964973 0.5384515442159131 0.5828822692155877 -0.4582775336756282 -0.4003741872968554
1645102054.682024 2.8144653612500345 1.6782659845564167 1.117389516089106 0.5376894389977105 0.5871194693859558 -0.4555331519273708 -0.3983339820933721
1645102054.6886468 2.8139481226632563 1.6769447593235733 1.117286823214163 0.5376830118225835 0.5915603801319304 -0.45219892081808344 -0.39556166161354045
1645102054.695256 2.8133541426377904 1.6758089261683706 1.1171208714776326 0.5371875743544813 0.5954248307725719 -0.45017568014293846 -0.39273431598471786
1645102054.701878 2.813011386568608 1.6744224879450464 1.1169392442541377 0.537715975581958 0.5985819071933847 -0.4475347888398078 -0.3902222854272545
1645102054.708457 2.8113646638882215 1.6729846916989446 1.1162513471991118 0.5361904998164824 0.6017559641676328 -0.4478139871929917 -0.3871068977688299
1645102054.715026 2.811949246500313 1.6723941400340803 1.1168606109761956 0.5379480933386734 0.6056156878992648 -0.44269006291532054 -0.38453431155827844
1645102054.721622 2.8102061361764763 1.670929279146501 1.1157003384863602 0.5364937167996104 0.6073403190239997 -0.4441080999324692 -0.3822039426593171
1645102054.7282481 2.8104538123628875 1.6699279951554151 1.1158706085444785 0.5385579906395062 0.6098540624819404 -0.4402825338760062 -0.379715993117937
1645102054.734849 2.810140901646043 1.668951490082467 1.1156963461295777 0.5397369617258573 0.6121517676651206 -0.4376261373952608 -0.3774086026062352
1645102054.741457 2.809494761929877 1.6683777923365573 1.1152018020072028 0.5407247970427013 0.6133465575043905 -0.4352023279628076 -0.37685701738992805
1645102054.748044 2.809125485954252 1.6670606693175005 1.1149482775695763 0.5417946878594857 0.6154996818571715 -0.43392789905984275 -0.3732623885020198
1645102054.754679 2.808633989762124 1.6663261287872078 1.1145223136720883 0.5428180872642521 0.6166454227165019 -0.4320329880391286 -0.37208063776311595
1645102054.761219 2.8072050400104747 1.665409778328121 1.1134351332855519 0.5423069408298535 0.6171139666527642 -0.43272369667741856 -0.371245633832195
1645102054.7678258 2.8073967034323473 1.6649895787947748 1.1135223879214196 0.5447877944653444 0.6182439557858052 -0.4280004364744826 -0.3712086456132908
1645102054.7744179 2.807646794556703 1.663866224307732 1.1134410002912722 0.5467058799904363 0.6203085214655873 -0.4260466139078666 -0.3671701369123678
1645102054.781043 2.8061659268215555 1.663221330509639 1.1122982677574156 0.5458113841023103 0.6207770417597621 -0.42707765611654214 -0.3665106975817519
1645102054.78762 2.807073899813126 1.6625253081702334 1.1127770344263335 0.5494285684969774 0.6227714824716986 -0.4217690057145767 -0.36386046329896987
1645102054.794218 2.806809230704083 1.6620702586345975 1.11235448614895 0.5501349018342179 0.6237914099909171 -0.4204418580917659 -0.36257983736331445
1645102054.800828 2.8050560229207484 1.6613791771414124 1.1110541080744258 0.5478364900614789 0.6244473624993613 -0.42233146289691453 -0.36273470633718324
1645102054.807422 2.8054774205777657 1.6614456387748446 1.1112667683773727 0.5496145962778939 0.6257115891247078 -0.41767936515396353 -0.363252475272635
1645102054.814018 2.8059298726824045 1.6608135705083305 1.1114004640556874 0.550931637006352 0.6280524468932677 -0.41493238581832576 -0.36035432508588977
1645102054.8206358 2.8058290684890457 1.6602582917561954 1.1109862587925827 0.5515578370086505 0.6290973984976073 -0.4138810021632296 -0.3587792346679646
1645102054.827223 2.8048402044669887 1.6600169422043636 1.1100971143836027 0.5506349577760687 0.6294342740352411 -0.4128570624935239 -0.3607801399492363
1645102054.833817 2.8038793466999175 1.6593368251655516 1.1090291575721454 0.549128972375507 0.6305291198398852 -0.4148210705072883 -0.35890595029091116
1645102054.84045 2.803575011232715 1.659111012448301 1.1085025016796561 0.5486556226711692 0.6314857194099827 -0.4144818107495324 -0.3583395112806422
1645102054.847018 2.8040602729374196 1.6587825344389855 1.1086241995943538 0.5498183397118671 0.6335719187497174 -0.4123282644551466 -0.3553469486223997
1645102054.85362 2.804553969608697 1.6584354259014145 1.1086295257871934 0.5510915344029014 0.6341628162719267 -0.4100619163554319 -0.35494288120411593
1645102054.860217 2.8032657468456446 1.6582257560921507 1.1070884813605957 0.5496892620777376 0.6327204391655219 -0.41265332908141217 -0.35668387026403786
1645102054.866847 2.8031674680772234 1.6581726537640444 1.106878986131729 0.5503973239673683 0.6336967087170772 -0.41059403490647406 -0.35623505271848316
1645102054.873458 2.804000506748526 1.6575843112038402 1.1069903784972444 0.552586216508537 0.6352864999622263 -0.4093419866888328 -0.3514232300775782
1645102054.880045 2.803782866379692 1.6575637646294672 1.1064687776782776 0.5526376275997665 0.6357093007627433 -0.40927516546889275 -0.3506547294736223
1645102054.886654 2.8035230497209556 1.657522583356853 1.1058348329700727 0.5526623209464566 0.635639633699213 -0.40968652290461605 -0.35026157010747416
1645102054.893219 2.802583339363812 1.6576233209048343 1.1045996123693436 0.5519788142055876 0.6340890196167499 -0.41116429027195167 -0.35241166526789813
1645102054.899816 2.8019130434359343 1.657606585153008 1.1036217509441646 0.5519984677731636 0.6333389891157292 -0.41300540807724345 -0.3515758506812416
1645102054.906425 2.8025196033017763 1.6581079892631934 1.1037339685063885 0.553820351927148 0.6328967904008544 -0.40981741755641093 -0.3532336387906166
1645102054.913019 2.801920521611101 1.657673401992303 1.1026837560682938 0.5545553395447623 0.6318307244349718 -0.4116115144695794 -0.35190037726582896
1645102054.919623 2.802446727919894 1.6583417028674956 1.1026415398467646 0.5563617116035998 0.6308796545609228 -0.40889007661113375 -0.3539222701492654
1645102054.926219 2.8024448943748026 1.658644616279165 1.1021462798764974 0.5578530624877129 0.6295702479488106 -0.40850826768033605 -0.3543471459939943
1645102054.932985 2.8027811040149126 1.6588350754315513 1.101863615076904 0.5594806547721654 0.6292560895245677 -0.4073368958800484 -0.35368689838669004
1645102054.939425 2.802929392096892 1.6592230708647218 1.1014729059005068 0.5613178497575645 0.6283405304079037 -0.4062735038723198 -0.35362678422218663
1645102054.946047 2.803074078070464 1.6593421897010279 1.1009577883648318 0.5638782054462942 0.6263956318877255 -0.4058606817126185 -0.35347786129676334
1645102054.9526231 2.802942002924659 1.6599365122484413 1.1003824224346657 0.5647906131136627 0.6251534527461166 -0.4057057606710409 -0.3543969526284783
1645102054.9592252 2.8033347030479723 1.6602621940678648 1.0999373748559929 0.5673007345602774 0.6236105721321423 -0.4047316832542007 -0.3542197128305487
1645102054.9658828 2.8035319618233223 1.66085199556657 1.0995829309375487 0.5690660149534158 0.6225865609595507 -0.40332499975078606 -0.3547934560015543
1645102054.9724789 2.8039125924528707 1.6613598680572466 1.0993440201924347 0.5721511780892357 0.620581403759932 -0.4013481251614236 -0.35558538769484166
1645102054.979071 2.8043220456684073 1.6619353584905097 1.0990193779920032 0.5747977141029071 0.6186685094171434 -0.3999778845953025 -0.3561940518488576
1645102054.985665 2.8041747566924102 1.6620288392760572 1.0981998814560459 0.5770397780014035 0.6164505647822086 -0.4007292352427165 -0.35556920782015433
1645102054.9922628 2.805061785996529 1.6631174344568436 1.0982256862559285 0.5802962876466752 0.613953365092205 -0.3981028499609781 -0.3575349061914009
1645102054.998823 2.8054050047864716 1.6638596990407462 1.097906313276943 0.5831763533811131 0.6117704529453554 -0.3967388699658878 -0.358106322964008
1645102055.005427 2.805572511911262 1.6648150854863157 1.0974612079818349 0.5849794674195127 0.6096431285067894 -0.3962640396149145 -0.35931689134212713
1645102055.012023 2.806247353424496 1.6654434685964516 1.097418463937943 0.5877436345302793 0.608133516524319 -0.39485496536148085 -0.35891540091631313
1645102055.018618 2.8066744639270835 1.6663371179528443 1.0971366559544469 0.5900061864883619 0.6059311007214113 -0.39423504291333433 -0.3596087470417907
1645102055.025225 2.8071689808403475 1.6673172467349173 1.096972831198435 0.5921488129620422 0.6038431889288047 -0.3935982629507739 -0.36029598823111875
1645102055.031822 2.807879960815021 1.6679150047025535 1.0968278704426495 0.5953416486614641 0.6006222640479238 -0.3933572285458359 -0.36068118156052736
1645102055.038423 2.8081819085240127 1.6690394190703328 1.0966154524784222 0.5964996490660194 0.5988798697659301 -0.3931997077308933 -0.36183515254943893
1645102055.0450182 2.808664668205548 1.6700605685480787 1.0965185323206728 0.5993006191605708 0.5954962139340744 -0.3925291160535893 -0.3635156070137483
1645102055.051629 2.8093195788503844 1.670896539453586 1.0964032550590417 0.6004336932811783 0.592996948226641 -0.39315397266244184 -0.3650528812604174
1645102055.0582259 2.80981791081277 1.6717811594330378 1.0961890516972852 0.6025300358240782 0.5896094089578975 -0.3938980024476431 -0.3662818303350399
1645102055.0648289 2.810374623485376 1.6726346634087916 1.0962359364548275 0.604635790262508 0.586093583165199 -0.3939712509233281 -0.3683694919512865
1645102055.0714262 2.8109349050070573 1.6737666346521693 1.0963451130307365 0.6061176896766783 0.5829618740683569 -0.39431853288131447 -0.370525885440403
1645102055.078026 2.811513049983249 1.674598110063655 1.0965023285619506 0.6084696155798313 0.5792004304194595 -0.39459824543331024 -0.37226797835019826
1645102055.084623 2.8110982783327128 1.676791277741527 1.0962621688896586 0.6077413868977741 0.5766718012904473 -0.3973269674743124 -0.3744742283544761
1645102055.091226 2.812507972005487 1.6767451325744738 1.096706202081492 0.6106479960627565 0.5719882674329572 -0.39758466325057235 -0.3766491345112559
1645102055.097923 2.812828362632163 1.6777955170099468 1.0967985392965303 0.6117656544308465 0.5679947859266564 -0.39932617673705423 -0.37902900137561896
1645102055.1044219 2.813178694370214 1.6789889420941195 1.096965573510475 0.612983764294714 0.5640140408774228 -0.4010358725659283 -0.381194177915322
1645102055.111052 2.813622823549365 1.6799687580218439 1.0972491071914328 0.6142801793708134 0.5597643586522021 -0.40296125986097664 -0.38333478191968406
1645102055.11765 2.81377752480816 1.6812961964134054 1.0973937077531797 0.614049608012254 0.5562345755023194 -0.40624167112741905 -0.3853745019425065
1645102055.124265 2.814132124027582 1.6822041622316188 1.0978715667891725 0.6152385235663003 0.5521251174468804 -0.4087028000293593 -0.38678285691474745
1645102055.130826 2.814422815740879 1.6834881527161514 1.0982116546909146 0.6161685942662721 0.5478916788119267 -0.4103605022719066 -0.3895572316748776
1645102055.137446 2.8147806909289095 1.6845576445149022 1.0987419058295604 0.6168219464521411 0.543928054769456 -0.41248623155450864 -0.3918260286254664
1645102055.144025 2.8150564414445207 1.685575459587807 1.0993197119813856 0.6169431005829299 0.5398954534808528 -0.41545969542745004 -0.3940647254497957
1645102055.150624 2.8155060819127673 1.6865774288063478 1.0999905767085356 0.617991933064792 0.5363471089162233 -0.4167477371785183 -0.39590232830661015
1645102055.157225 2.8158737221805765 1.6875815840865218 1.100735234535956 0.618258871886666 0.5329649924572971 -0.4188601266275699 -0.39781909263815646
1645102055.163857 2.816327943863855 1.6884894972909865 1.1015652103440126 0.6185847154198283 0.5298706743204545 -0.42079546877022167 -0.3994004230477438
1645102055.170486 2.816435050854215 1.6894696510606653 1.1022995118620704 0.6177626420474781 0.5264784428762196 -0.4241408370999043 -0.4016142189051969
1645102055.177054 2.8166204305757283 1.6903904608288236 1.103138164299616 0.6175575071955938 0.5232786988320532 -0.42632440873621774 -0.40379376361914554
1645102055.183658 2.8167393144219566 1.6912929384783666 1.1040051456174338 0.6173608227629327 0.5200445660361106 -0.42848672777527785 -0.4059778999740837
1645102055.190219 2.8172560922868377 1.6919289924319 1.1051394643262935 0.617518300002534 0.5174297468734348 -0.43008167020834065 -0.4073904644301116
1645102055.1968331 2.81730613120137 1.6930172057605084 1.1061298640604496 0.6165478260962294 0.5140022658975026 -0.43337508015462606 -0.40970245874559336
1645102055.2034261 2.817445734238362 1.6936720093739588 1.107099930714505 0.61641105021826 0.5105554138434458 -0.43600710140295956 -0.41142198515869355
1645102055.210025 2.8179334378182515 1.6943373073839856 1.108286124102132 0.6165432617499998 0.5080270248281668 -0.4372047727115589 -0.4130793869692358
1645102055.216664 2.818168553981163 1.6956599068229892 1.1091666791657024 0.6151488950527239 0.5053916480087214 -0.44051280663255116 -0.4148726722692918
1645102055.223259 2.818072576021381 1.6953896821263594 1.1102335510819858 0.6152201883015113 0.5012866175881306 -0.4436360117134072 -0.41641648789096086
1645102055.229824 2.818122648332895 1.6962236566076199 1.1114664904770402 0.6142231118326754 0.49942321433162784 -0.4460069155477782 -0.4175930360971147
1645102055.236425 2.8184797025471884 1.6975545994006527 1.1126921565447676 0.6128033582947453 0.4976331430132296 -0.44985379116345686 -0.41768943550337406
1645102055.249669 2.817983450231954 1.6973435655949713 1.1147431286188725 0.6113780097064494 0.49182188280821276 -0.45661365313886076 -0.41932301327625904
1645102055.262908 2.8184660972361604 1.69865856519897 1.116846744080196 0.609081833772402 0.48829671483370024 -0.4643678707673417 -0.4182676020138083
1645102055.276031 2.8211165124172934 1.6955678850096219 1.1193317165079693 0.616373842952405 0.484252074617592 -0.46243820295242616 -0.41440772589999764
1645102055.282666 2.817636886024831 1.698643645232323 1.1188814574714916 0.6084495174289859 0.48258443312308397 -0.470725746113896 -0.41871036932329286
1645102055.2892191 2.8182669460725127 1.6995483432216505 1.1201053671826227 0.6080524846345183 0.48154421575851775 -0.4740933436320224 -0.41668033803898413
1645102055.295817 2.818278619588349 1.6991521644291552 1.1210352810224744 0.608555493709824 0.4788789907141042 -0.47786830132115277 -0.41470075099724296
1645102055.302989 2.817354273062565 1.6982165051713007 1.12263154939576 0.6091576711362666 0.47320230587515144 -0.4851984059260851 -0.4118114557144955
1645102055.315626 2.8179213163357595 1.6987805350411431 1.1236643838579385 0.6090806077624269 0.4727889133385619 -0.4886506174811494 -0.4083036018041162
1645102055.3222568 2.8180710965115665 1.698704189237954 1.1245853162434005 0.6090734242135751 0.4718523534311386 -0.4925983420954537 -0.4046375295346132
1645102055.328832 2.8173237033940106 1.6975580091924225 1.12519127137227 0.6096500913132333 0.46999920658534483 -0.49557303156759125 -0.4022866873652524
1645102055.3354208 2.817577722986181 1.6982699396651164 1.1260179479432293 0.60884978891229 0.47024690232979427 -0.4991852424179713 -0.3987273918530193
1645102055.34203 2.817312232267866 1.698082631325749 1.1266545004343391 0.6085463685526312 0.4699040481938559 -0.5020334547413875 -0.3960096736709724
1645102055.348635 2.817026319359355 1.6977055818723694 1.12740285444093 0.6086109053115543 0.46979909164100137 -0.5040925814044366 -0.39341040157776713
1645102055.3552241 2.8170604937182566 1.6973615576904866 1.1282144960022649 0.6087137001430104 0.47073540676147907 -0.5052050062200658 -0.3906958548897813
1645102055.361847 2.8169808812106987 1.697119511924142 1.1289826874400584 0.6083218816872457 0.47217872987476395 -0.5060037492637259 -0.3885247228984619
1645102055.368439 2.8161625385397695 1.6961658427444983 1.1294762970601084 0.6075302553439955 0.4733312265405108 -0.5062642711806491 -0.38802154588265886
1645102055.3750389 2.8160890011397615 1.6958526642052068 1.1302269909320521 0.606518804659804 0.4762729126067263 -0.5058226069808247 -0.3865775541811906
1645102055.3816352 2.816089288668336 1.6957276983246052 1.1309516487877695 0.6046924147363367 0.4804052772257743 -0.5050020714396861 -0.3853965187543144
1645102055.388227 2.816015407803017 1.695473885514111 1.1316710959312102 0.6025802685324193 0.48488715846332836 -0.50376383503051 -0.384711757146234
1645102055.394826 2.815825182192552 1.6953789736273244 1.13233002860926 0.599573772851062 0.49024841804716446 -0.5025127103365792 -0.384250358093811
1645102055.401425 2.81573048157867 1.695093762066615 1.1329634234210912 0.5964046813516533 0.49596500070693034 -0.5009356782245348 -0.3839051795715811
1645102055.408025 2.815668289247377 1.69512901002007 1.133666368082995 0.5926567662242375 0.5024545481693888 -0.4986986940002166 -0.3841831976661519
1645102055.4146519 2.8167054070313173 1.6942824772315195 1.1348858251660654 0.5910120720464374 0.5086770694826701 -0.4945275575715301 -0.38391990814183363
1645102055.421233 2.816716466443438 1.6941741332088882 1.1355369119625314 0.5867092728609609 0.5154061672073015 -0.49194822031339747 -0.38485758767813255
1645102055.427827 2.815149192605281 1.6950599786031768 1.1353308660858952 0.57850581287165 0.5229278851417277 -0.4913137634472934 -0.3879275557096834
1645102055.434464 2.8163451761808034 1.6942956312239044 1.1365566558845894 0.5762795852395302 0.5297395289298058 -0.4867212540390631 -0.3877886225528502
1645102055.441076 2.8154384117317477 1.694902778133498 1.1360453254228935 0.5679984494493143 0.5380403864474577 -0.4859432834056959 -0.3895497960327675
1645102055.4476402 2.8161479583170506 1.6943250184643452 1.1374341847936589 0.5657727914706023 0.5447921729311528 -0.4810638629704184 -0.38946087894710163
1645102055.4542248 2.815805110836139 1.6939801338540101 1.1377233175969734 0.5605403548057235 0.5510851100697725 -0.47961438389277067 -0.3899608052850394
1645102055.460834 2.8155546698414295 1.693934390380016 1.1379774056222347 0.5546796766526568 0.5585113380476258 -0.47787792819072133 -0.38990742807186074
1645102055.467454 2.8145998274522035 1.6937691606970786 1.1378734987906085 0.5492915113369272 0.5636535392665057 -0.47690898019458333 -0.3913195090333986
1645102055.474025 2.813375939838313 1.6942387666551477 1.1375343503998523 0.5409182377938915 0.5717021738355426 -0.47822441707976027 -0.38969880862807876
1645102055.480622 2.812507051697639 1.693387188473779 1.1373223892426787 0.5349069766150919 0.5778497173511138 -0.47974419789778766 -0.38705213792028315
1645102055.48722 2.8121568075468875 1.6930453842155866 1.1373592344865113 0.5301290595648446 0.5837624754902634 -0.4792573903221073 -0.38535246820646035
1645102055.493821 2.8130513945797166 1.692432778852654 1.1379866425877083 0.5283517007186026 0.5892719579965027 -0.475898247192583 -0.38356686326329015
1645102055.5004501 2.812990484872847 1.6921285634972496 1.1380609753593869 0.5251454697863356 0.5941412837062982 -0.4748495211975399 -0.38175379003958304
1645102055.507025 2.8126395464376794 1.6916033753191064 1.137845735064251 0.5223049798538772 0.5978642785509107 -0.4743464003770063 -0.3804614848853042
1645102055.51362 2.8124564889287065 1.6913184014848746 1.1378176439638397 0.5195427629526863 0.6020166409383281 -0.47358985056407144 -0.37863388039650164
1645102055.5202298 2.811394429594993 1.690898607386651 1.1370460716623776 0.5152921615911634 0.6044773443534286 -0.4751657993907187 -0.3785476153139085
1645102055.526829 2.8111945747680993 1.6905345450225728 1.1369363706294338 0.5134319718427118 0.6077668006081556 -0.4746290471937523 -0.37647579990020846
1645102055.533418 2.808820377426424 1.6910360975122882 1.135605552177477 0.5079617738455903 0.610282506270815 -0.4793374406249908 -0.37385198229607336
1645102055.5400572 2.8091533143301346 1.6905864666511154 1.1357593998727296 0.5070783061624078 0.613844287804141 -0.4776510682549631 -0.3713702397011217
1645102055.546619 2.8118187785904807 1.6883103612348087 1.1363496227329135 0.512196932606587 0.6145559944581798 -0.4723883452199135 -0.3698975170508658
1645102055.5532138 2.8108480425792814 1.6888700762982327 1.13592286290509 0.5086075895229593 0.6181877611310911 -0.47367966075209705 -0.3671367071457165
1645102055.559909 2.8101314385691563 1.6883353951345212 1.1352945085894317 0.50686658138466 0.6199837351813624 -0.4751859540367367 -0.3645604500522646
1645102055.566444 2.8105432870186187 1.6878108970457333 1.135349865227539 0.5076575292057887 0.6218370942626581 -0.47364590936269796 -0.3623003964845536
1645102055.5733519 2.810586356064024 1.687291613971776 1.1351755059046276 0.5074081574902092 0.623439032117762 -0.4733552388511363 -0.360270916670206
1645102055.579662 2.8115754881436525 1.6865485118164234 1.135377730532301 0.5094754160884274 0.6242845361991047 -0.4706849887232557 -0.3593868815710981
1645102055.586229 2.810998093003111 1.6859599841256896 1.1347050968198618 0.5093781331250482 0.6238087692750549 -0.4716233878980978 -0.35912057411435805
1645102055.5928562 2.811434342932052 1.6854286729628192 1.1347212341936173 0.5101390110140428 0.6252167756520456 -0.4701102556177602 -0.3575725382362257
1645102055.5994492 2.8102819436428477 1.6852981510557272 1.133969851135296 0.5080785329271639 0.6254373718791537 -0.4711045195919782 -0.3588096514579392
1645102055.606016 2.8110027938382887 1.6845826853544115 1.134134403885782 0.5097102491961152 0.6256244466535628 -0.4694140436173247 -0.35838466583155654
1645102055.6126442 2.810267950122048 1.6843968214149474 1.1336441052069 0.5084362742889457 0.6257781776037067 -0.47008773699732 -0.35904216262322936
1645102055.6192331 2.810986080201362 1.6837952162628473 1.1340259792499814 0.5100103614067805 0.6263554433599483 -0.468124475888765 -0.3583676025627242
1645102055.625817 2.8105065941168323 1.683362135078481 1.133482571285915 0.5089456248208961 0.6256554072662242 -0.46847622548819595 -0.36063734882667026
1645102055.63242 2.810763308767765 1.6827748680309418 1.1334466609336342 0.5097526137325243 0.6256552951753714 -0.4673593371288417 -0.3609467436039469
1645102055.6390378 2.8103367824693413 1.682387381156563 1.132874580231092 0.5090060478739276 0.6251323266086817 -0.4678416175126112 -0.36227920697210886
1645102055.645629 2.8102398358454894 1.6820129376372084 1.132547729279652 0.5089404087765601 0.6248216818288883 -0.46760249527046144 -0.36321476853818035
1645102055.652231 2.8092541358486165 1.681745358727481 1.1316893192311142 0.506876689508697 0.6247504997049078 -0.46887793540320505 -0.36457626815831873
1645102055.6588538 2.8099886173166335 1.6813780972038765 1.1318580789880934 0.5089879020943786 0.6257593319821629 -0.4663335223132584 -0.3631654872424243
1645102055.665422 2.81069393054972 1.6811588378937825 1.1319498846079825 0.5107404539705657 0.62662603263444 -0.46356619817162914 -0.36275330920436494
1645102055.6720278 2.8097557793972676 1.680853227488884 1.1308540073345232 0.5093438424446055 0.626861867751199 -0.4642606399417092 -0.363420803867126
1645102055.678676 2.8115120512320853 1.6801437885127486 1.1314387585360615 0.5143105719039226 0.6281923785020533 -0.45852825377687645 -0.3614006920762854
1645102055.685248 2.8111029574353985 1.6799678328738545 1.1310848344286546 0.5162087189312574 0.6298102079004464 -0.45545828309199 -0.35975692890153615
1645102055.69184 2.8108179545413337 1.679727483370744 1.1305204465385932 0.516861940768174 0.6320686131456938 -0.4536669700627357 -0.3571119491512164
1645102055.698427 2.812637709341751 1.6791516259879111 1.1311417453633459 0.5220610076358585 0.6343018205677359 -0.4461179107491112 -0.35509427938693333
1645102055.705059 2.811801587444812 1.6790156552811046 1.1302644315322623 0.5234447200627941 0.6363764474580351 -0.44349961954031536 -0.3526163572837324
1645102055.711621 2.811564669538188 1.678717964452397 1.1296217529704426 0.5249972048202178 0.6393567505041634 -0.4405017992727763 -0.34865256947785245
1645102055.7182322 2.811460662391667 1.6783829549651197 1.1287861912766668 0.526242577791485 0.6419678115877935 -0.4375826977589678 -0.345640203599115
1645102055.724868 2.812818983238979 1.6778776900578405 1.12928324970473 0.5317350364190604 0.6457801832871616 -0.4289181763896711 -0.34096131066164287
1645102055.7314281 2.8119842939584765 1.6777717745509202 1.1278815340233068 0.5319002145417523 0.6480030498175693 -0.42724026200470805 -0.33858467694021227
1645102055.738057 2.8129517337385512 1.6771026318625024 1.1278346077996002 0.5371154085941313 0.6509347378074487 -0.41889365864385336 -0.3351398880518096
1645102055.7446358 2.813735531790716 1.6769953809258666 1.1278032066079096 0.5405276271144354 0.6553077498326596 -0.41207199473888795 -0.32954198847185057
1645102055.7512221 2.8141413056904114 1.6768200359875245 1.1272854993058745 0.5435253315564669 0.6580287342870201 -0.40624714523918987 -0.32640660999911697
1645102055.757838 2.8142048955252643 1.676500285569369 1.1264880857534985 0.5454187748269411 0.6609135213035121 -0.4017260813341061 -0.3229976269791714
1645102055.764431 2.8145677864982575 1.6764672794769322 1.125895825442117 0.5482646281871284 0.6634912297221729 -0.3952409697656717 -0.3208884834007961
1645102055.771023 2.814954267252941 1.6754974020983733 1.1253303245754611 0.5508651235905613 0.6660806908010621 -0.39023339469779805 -0.3171775267533177
1645102055.777641 2.8141813179699238 1.675661577524887 1.124063317806483 0.5506913492801433 0.6691469894869182 -0.38721777550174613 -0.31471149207377813
1645102055.784251 2.814510139745944 1.6752053134940899 1.123447187457354 0.55298162767463 0.671184378676704 -0.38245951136100315 -0.31216524011593144
1645102055.7908401 2.814820706032968 1.6750390466481297 1.1228002623416153 0.554400157421323 0.6734302487019106 -0.3784230314944122 -0.309722053855901
1645102055.8040562 2.815951149586598 1.674389646047003 1.1225546199915941 0.5573173371337334 0.678649119105837 -0.3693504481627281 -0.30399439879176415
1645102055.8106492 2.815242257487665 1.6738169152875688 1.1207047436140773 0.5563193772777931 0.6784708334841317 -0.37070201684798476 -0.304574618642281
1645102055.8172312 2.8164246248792235 1.6729591199529859 1.1207596309343966 0.55855622792507 0.6789708685225645 -0.3675423109290737 -0.30319262904842287
1645102055.8238568 2.816464659860074 1.6726394372685134 1.1201343237897676 0.5587549618932695 0.6796650804483906 -0.3665209933082227 -0.302506510602087
1645102055.830454 2.816281777559496 1.6723100429836295 1.1191985154976196 0.557851907982215 0.6794338193457656 -0.368264671700073 -0.3025749806822776
1645102055.837057 2.815548318759411 1.6723899591007882 1.1180470010032082 0.5560700093228689 0.6792539298264568 -0.37096958544151387 -0.30295444172782254
1645102055.843657 2.815245797445146 1.6722759184647402 1.1173896931225764 0.5552240471922484 0.6788384483750703 -0.3732450939658326 -0.3026421586669548
1645102055.8568802 2.8155273742335623 1.671326890929371 1.1164428765811565 0.5565412209403917 0.6758199428317821 -0.37750219428460363 -0.3016967921530098
1645102055.863422 2.8149499852724587 1.6709585232346238 1.1152647838149217 0.5558969624078302 0.6729458441415472 -0.38228462401908053 -0.3032829218855623
1645102056.008946 2.81025680809206 1.6636709551480497 1.1063723185739427 0.5322159322456848 0.5889595606589625 -0.4843309714902635 -0.3678259546582101
1645102056.0152252 2.810596078081937 1.6631695708957979 1.106579687135106 0.531864169247816 0.5831855088181548 -0.4893461812501331 -0.3708841929830465
1645102056.021846 2.8099570325594376 1.6637537998313112 1.106475823899666 0.5292867783825066 0.5771609731532641 -0.4950551945761947 -0.37637841903191355
1645102056.028426 2.810128691652005 1.6626825009175084 1.106819148336518 0.5291980658889165 0.5700408375446717 -0.5010745614124097 -0.37937677135354125
1645102056.035035 2.8102323218064904 1.6620193239035357 1.1067093755834942 0.5279430271621557 0.5637202304872035 -0.5066230458287625 -0.3831818847213571
1645102056.041638 2.8108537023932647 1.6622186714499578 1.1072960969411958 0.5277341520302196 0.5580188523819758 -0.5106271029228414 -0.38648566384447663
1645102056.048228 2.8105703586084876 1.6618120645262455 1.1074234950885744 0.5265141816698734 0.5508151340518146 -0.5169600723649107 -0.3900479678499226
1645102056.054826 2.8083758832396075 1.6618546544571642 1.106709573699788 0.522081519167313 0.543715179836045 -0.5255335764178408 -0.39448542919356483
1645102056.061491 2.808081258892283 1.6614238097754404 1.1068907796200602 0.5208793103632433 0.5365961934081569 -0.5316056816789001 -0.3976736113681968
1645102056.068068 2.8083420136687507 1.6611464689206028 1.1073456901193275 -0.5200444471142703 -0.5307011986535101 0.5363380700481962 0.40031307480247347
1645102056.074647 2.807188999174489 1.6608911075283077 1.1074470644761933 -0.5163520722016177 -0.5228750468827204 0.5437017591688208 0.4054253223248667
1645102056.0812328 2.807779036863047 1.6605055734720366 1.1080503367621386 -0.516009226443824 -0.5169717789197218 0.5483117087486549 0.40721979069463854
1645102056.087826 2.8078935120856356 1.660421024017106 1.1086647695864784 -0.5144742172799041 -0.5115253520768308 0.5519696154995986 0.4110799994580093
1645102056.094423 2.808147145367251 1.660251266750219 1.1092621214368614 -0.5127926393823793 -0.5058521867175853 0.5565154169946255 0.41406142856534994
1645102056.101054 2.8070502130673063 1.6600162750806728 1.1093120019565457 -0.5090872114223852 -0.49964360892323245 0.5623788327038703 0.4182291471940457
1645102056.1076338 2.8096842071541985 1.659618651230642 1.110433173788759 -0.5119937498726189 -0.49525845615410935 0.5620304929364998 0.4203596511999308
1645102056.1142552 2.8066026194129394 1.6581643097983938 1.1098870992115002 -0.5048010808566021 -0.48906436336349934 0.5728474280450663 0.42170702873918964
1645102056.120855 2.807760504425461 1.6580376563374415 1.110813536545738 -0.5040489153866103 -0.486200332934661 0.5744603471396929 0.42371964366356174
1645102056.127449 2.8080683792002668 1.65815258058155 1.1115120552025763 -0.5021035043011789 -0.4833505939294483 0.575786100038958 0.4274736663475192
1645102056.1340292 2.8095762657105174 1.6590718158132343 1.1123891277523867 -0.5027122927501866 -0.48094212510608025 0.5729129050832099 0.4332954741375578
1645102056.140623 2.806742456992752 1.6580233214508748 1.11205215510806 -0.49575025725359606 -0.47817451828973145 0.5805783620601356 0.4341758730993555
1645102056.1472561 2.808361948634747 1.6582002922418526 1.1132050816446173 -0.4962188890103409 -0.47827069286887575 0.5785105307148111 0.43628962159588913
1645102056.153823 2.8098894166620925 1.659628333294855 1.1141058728484736 -0.4972770117771354 -0.47836822636366094 0.573426043739079 0.4416571271883028
1645102056.160417 2.8074345460544756 1.6584285915825245 1.1138798380682549 -0.49185563183637654 -0.47803029915902834 0.5789254951144533 0.44091878869915885
1645102056.1670542 2.808864461518598 1.6585899717512924 1.1150315986584527 -0.49375343236263003 -0.48051201212208317 0.5737689023351605 0.4428363481184183
1645102056.173627 2.8135412559601383 1.6588472833772432 1.1163779284974942 -0.5018399141809986 -0.48413078420811345 0.563095554316705 0.44350480047536317
1645102056.1802611 2.808951085209609 1.6590258357505887 1.115918591223848 -0.49380722715768827 -0.4861061370860146 0.5683401388532708 0.443670899262631
1645102056.186829 2.8077273415709048 1.6590956039872424 1.115903378636012 -0.4930322111441375 -0.4893601894176136 0.566034971290785 0.44390235417287294
1645102056.193419 2.8080156640981038 1.6596646097885754 1.1165654857699319 -0.49452061503596356 -0.49407307439000725 0.560928400789088 0.443508195551636
1645102056.200073 2.8080176589433656 1.6601475574571856 1.1169301366337323 -0.49620148523389945 -0.4990928397403893 0.5556631561775149 0.4426375372957043
1645102056.206657 2.80805220455886 1.6602846230449448 1.1172517598481233 -0.4986208762351575 -0.5043890364568646 0.5510978802128395 0.4396123385577502
1645102056.213226 2.808202461765017 1.6605437885625662 1.1176542242183989 -0.501276774345473 -0.5103809347971813 0.5457391257599654 0.4363493401320304
1645102056.219807 2.8087623812087408 1.6610641046130576 1.1181572217012814 -0.5045210274417326 -0.5173328052463405 0.5385995612066613 0.43328378638640674
1645102056.2264378 2.8084207918644988 1.6614179498274622 1.118243821495124 -0.5070545308037959 -0.5228913243947969 0.5332162688116924 0.430301964362172
1645102056.233023 2.8088356623521045 1.6617012263658568 1.1185919429470683 0.5109880983688044 0.5300657416860586 -0.5259359390418454 -0.42580800566401705
1645102056.239674 2.809512539854534 1.6629165543922027 1.1192380868063643 0.5148046625574147 0.5376349102543759 -0.5164597548666878 -0.4233129743035023
1645102056.246228 2.810648268494185 1.6633213506892983 1.1198036634375699 0.5200197138974277 0.5448297341311166 -0.5075851239992083 -0.41844589944809674
1645102056.252828 2.809802026730789 1.6637036716777107 1.1197038559993757 0.5207575387520664 0.5522954215801874 -0.5022734541868155 -0.41412843177700936
1645102056.259424 2.810126825156253 1.6636309682136812 1.119918135636493 0.524112633135705 0.5590280748660234 -0.49508569312481515 -0.409491625233648
1645102056.266023 2.810663541359931 1.6642560053978397 1.1203268605887133 0.5266324669474537 0.5672195263100763 -0.48600922826977627 -0.40585090606858604
1645102056.272641 2.809782577702176 1.6640493576397326 1.1197506758752693 0.5279261807359958 0.5723697646081595 -0.48059444190933254 -0.40337998837835715
1645102056.279228 2.811001221645319 1.6650490184143674 1.1209294172880022 0.5294812587061388 0.5806537601834282 -0.47021429220487654 -0.4017325036197022
1645102056.285824 2.8123767779339683 1.6653112211123526 1.1216120762103114 0.533168253153335 0.5875498960209875 -0.4608226929212575 -0.3976919125335218
1645102056.2924259 2.8120518388114926 1.6655973410545168 1.1216082927750133 0.5328516773401442 0.5930237238641791 -0.4546081795120324 -0.39714343069957014
1645102056.2990239 2.8120781526007614 1.6655704769395405 1.121726241179449 0.5324998023160548 0.5989089083468059 -0.44851171339929147 -0.3957131178988224
1645102056.305697 2.8115355513325886 1.6659389236431814 1.121504514235756 0.5308489869340711 0.6042976678171595 -0.44439500020783457 -0.3943809736640164
1645102056.3122292 2.812150093742848 1.6661892364818005 1.1218190431165476 0.5312212241177613 0.6088037391506496 -0.4377957410666679 -0.394330509333923
1645102056.318824 2.8133252283830146 1.66608404837439 1.1225326746650772 0.5329604717027061 0.6138456640064893 -0.43030174389750414 -0.39241131733809115
1645102056.3254468 2.813179828435759 1.6662407367419714 1.1223925806691333 0.531999909320435 0.6182705127765076 -0.42686584719556975 -0.39051604910493154
1645102056.332025 2.812223542828749 1.6667449756748582 1.121670579624068 0.530418945631535 0.6216808545032804 -0.42525560186967387 -0.3890063113115271
1645102056.338636 2.812603641178133 1.6670168977689177 1.1218751170510064 0.5319522815482074 0.6253786229419663 -0.4202166030012226 -0.38645305762188137
1645102056.345236 2.8132388420690377 1.6670840956917108 1.122273287144354 0.5334889225528426 0.6299639607713915 -0.4158630430623608 -0.38156589440048716
1645102056.3518221 2.8127171112444858 1.6671074686002323 1.1215621442291326 0.5341792698211961 0.6311980601302798 -0.4139805129493076 -0.38060650018562836
1645102056.35843 2.8129278116202037 1.6670754600742834 1.1215153871993242 0.5366646134066942 0.633394578279234 -0.41000437954763597 -0.37775443577461915
1645102056.365039 2.813181353241168 1.6672985918324281 1.1214711109476303 0.5386216068815506 0.6360501140362681 -0.4065125525799141 -0.37426490296216886
1645102056.371645 2.813217960824609 1.6671965359543193 1.121315679047755 0.5408490490783979 0.6381291056053388 -0.4029375768055911 -0.3713683530565352
1645102056.37822 2.8135767479336433 1.6668323816869166 1.1210665605849095 0.5441395175590749 0.6390951000978072 -0.40009131002779424 -0.3679621141753506
1645102056.38484 2.81335527397074 1.6668896319564457 1.120767948557411 0.5452229302150021 0.6409367669866832 -0.3976301586809808 -0.3658167518902539
1645102056.3914702 2.8136365067586326 1.6669098671022966 1.1206661254146817 0.5470261123901289 0.6429855297721695 -0.39496647701449383 -0.3623991524867298
1645102056.398026 2.813477330922069 1.6669006080335398 1.120189245215518 0.5475321800831147 0.6448382892403991 -0.39422776778661495 -0.3591325628543398
1645102056.404636 2.8142835759493363 1.6666328559693473 1.1205290959846403 0.5497540822833084 0.6477267853664358 -0.3915195567708522 -0.3534578913448548
1645102056.411242 2.8142464691568905 1.666438697824789 1.1201794897767494 0.5504831435163524 0.6494147360516023 -0.39097375346310914 -0.3498112328784797
1645102056.4178581 2.813704324638245 1.6662124396921312 1.1193026979118426 0.5497765224045393 0.6498754087274264 -0.39235689726394124 -0.3485160386072057
1645102056.424462 2.8136982124695797 1.6658115943984626 1.1189796847167037 0.5498847845265585 0.6524657054994311 -0.39333172771787106 -0.3423521617895582
1645102056.431029 2.8131210874569588 1.6654219291296162 1.1180025424002313 0.5489303014727889 0.6535664814940111 -0.39565810769095583 -0.33908795691549853
1645102056.43765 2.8129999651536197 1.6648578146501924 1.117295212901805 0.549421176263286 0.6541873591145654 -0.3970820349103249 -0.33541123782597804
1645102056.444253 2.8130626346101404 1.6645096829166373 1.1170675741160996 0.5476825321449731 0.6568171490220793 -0.39952408556560814 -0.33017436318388427
1645102056.450838 2.811904114961636 1.66395966321548 1.1155486160192323 0.545322902118271 0.6571737465925471 -0.40449770725464396 -0.327302323220958
1645102056.457443 2.8132146273753684 1.6627695808104945 1.1160461943593765 0.5468000232151797 0.6592616974669018 -0.40408685517082 -0.32108751018560083
1645102056.464025 2.811146933122747 1.6625329060885572 1.1140493171681372 0.5420218768613017 0.6602267182580602 -0.41166657498807996 -0.317558126406573
1645102056.470654 2.8114826889662696 1.6621684140888002 1.1139435789457257 0.5413234669150764 0.6618764990000278 -0.4130346740141279 -0.3135128927308127
1645102056.477233 2.8104150975785767 1.6607336673899133 1.112532232643762 0.5384357322444666 0.6630080508924729 -0.4200410220566532 -0.3067123469482826
1645102056.483846 2.8113364782409973 1.6592270954484936 1.112415608682292 0.5396890947032803 0.6636511334352945 -0.4213435442796299 -0.3012840061230243
1645102056.490464 2.810920311899796 1.658187238775424 1.1115337523234157 0.5374319402514773 0.6648054647064886 -0.42596593811018363 -0.29623180763058293
1645102056.4970582 2.811246257831412 1.6565067485632292 1.1107228802883906 0.5369790672639828 0.6650317512968068 -0.4301932030733301 -0.29037847294593
1645102056.503656 2.810309491963004 1.65606473399044 1.11003445800395 0.533739845228973 0.6670220949866172 -0.4344743415959549 -0.2853681619731289
1645102056.5102239 2.8102798015192643 1.654221369081515 1.1091271886432421 0.5328303629036915 0.6668736252484687 -0.43940829191866415 -0.2798058070934621
1645102056.516823 2.8096648588829036 1.6531421832932423 1.1084697417947709 0.5299554107620591 0.6679491402864783 -0.4444095275884184 -0.27475626637503286
1645102056.523419 2.807606863586871 1.6523311447615847 1.1067755780041353 0.5245862832567975 0.6685554185681624 -0.45267204565894026 -0.27005655311853544
1645102056.530018 2.807573412105139 1.6512628389553163 1.1064030863034036 0.5226630950660694 0.6691775160024823 -0.4570704550563048 -0.2647845691807791
1645102056.5366201 2.807342376618158 1.6499345397395266 1.1058711543886783 0.520141606428786 0.6697561496375133 -0.46266422549342495 -0.25849714594103357
1645102056.5432231 2.806744076886417 1.6487101837946807 1.1050734900804209 0.5169522029638044 0.6700336832359711 -0.4690704781237941 -0.25256234399744776
1645102056.54982 2.8064189068062664 1.6474741870003917 1.104809279949547 0.5137159810842716 0.6709808032364308 -0.4746879266672551 -0.24607227643773216
1645102056.5564291 2.8053387525281055 1.6457207264772635 1.1034759568374295 0.5089982731554616 0.6700206630295894 -0.483149477465194 -0.24199001560877134
1645102056.563026 2.8048178460279267 1.6442557097874362 1.102730946273173 0.5049093715234908 0.6698947382796886 -0.490052103136853 -0.23697278634074814
1645102056.576222 2.8043680037067134 1.642545340755973 1.1021871867448598 0.5009315446627182 0.6696068743250082 -0.4962910774849374 -0.2332144551074223
1645102056.582906 2.8033256728524334 1.639375209528499 1.1005089854175147 0.49267095121590043 0.6683227315781892 -0.5095796054262516 -0.22571715499788392
1645102056.596083 2.802941902926712 1.6378311266162788 1.1001511382292246 0.4887353217121302 0.6682004534170497 -0.5142922333660511 -0.223939766346204
1645102056.602654 2.8025303742275938 1.6363301771508456 1.0994720384501324 0.4849261197217576 0.6677290558945845 -0.5195140833590125 -0.22156089322569905
1645102056.609278 2.802125207358207 1.635031846264921 1.099047094406487 0.480896248021023 0.6678987846132757 -0.5237407119792884 -0.219875556235579
1645102056.615836 2.80177306011496 1.6335950554668386 1.0986962943762457 0.4773084882367972 0.6680125934387655 -0.5274121371859041 -0.2185676111038628
1645102056.622441 2.8015901247419057 1.632207694242269 1.098784155461892 0.4738591359947699 0.6689091028694482 -0.5295143776629725 -0.21824812915464406
1645102056.629025 2.8010024120401806 1.6308980123662364 1.0982466140191565 0.46999368817124193 0.6692043681500821 -0.5328249567367452 -0.21764321896143835
1645102056.635639 2.8004748510407023 1.6298758219125262 1.097733838017814 0.46629001912257834 0.6698746331396515 -0.5354516482455235 -0.2171007233928001
1645102056.642228 2.800095976918992 1.6287857418641563 1.0974433705038182 0.462994487547975 0.6706977020068546 -0.5371595670766034 -0.2173933419547386
1645102056.648842 2.7997427333440243 1.627853080932227 1.0971456086555382 0.46023282235697693 0.6716992555577601 -0.5380227523068295 -0.21802976526535833
1645102056.6554298 2.799377318925582 1.627941567829239 1.0972251011544243 0.45653953084704774 0.6740622869333343 -0.5381886541028854 -0.21809222536443013
1645102056.662025 2.7981954791541717 1.6268130718916844 1.096680307639563 0.45257010764347466 0.6747651896670779 -0.5402018384386674 -0.21921175134996781
1645102056.6686459 2.798945444217 1.6262585297476093 1.0970499396781417 0.4539619543522962 0.6754408933445304 -0.5371296034815806 -0.22178703845195402
1645102056.6752331 2.798425006711784 1.626251705716502 1.0970611095971297 0.4523377618437184 0.676664115325034 -0.5358576543962068 -0.22443789055087485
1645102056.681824 2.79812191572345 1.6258485787070631 1.0970693130779439 0.4519146997890276 0.6771094329608225 -0.5345145056337544 -0.2271337982345097
1645102056.6884658 2.7980178456665366 1.624233813248312 1.0968948255727395 0.45341510652953326 0.6755776682236007 -0.5335933190866491 -0.23084040828303948
1645102056.695022 2.7977300474407 1.6239806640317611 1.0968641372131085 0.4537947537786247 0.675356417392435 -0.5321974676952886 -0.2339432701210736
1645102056.7016268 2.7975006979278363 1.62387311323146 1.0968618738126814 0.4546446342321228 0.6748841771126073 -0.5305765385750602 -0.23731360445760966
1645102056.708225 2.7972249477800175 1.6237982991260802 1.0968127891163761 0.4557572599405467 0.6739220167470232 -0.5292771175481384 -0.24078978288262548
1645102056.714825 2.796383920410616 1.6239172893956293 1.096862034443062 0.45570502879029573 0.6730355768555853 -0.5285387868037477 -0.2449539247946508
1645102056.721421 2.7964542284267706 1.6239903860741385 1.096836725303946 0.45819718327816583 0.6713018477203203 -0.5272041618702819 -0.24792046797628875
1645102056.728019 2.7966973886102373 1.624126419309317 1.0967825443135226 0.46166680279959094 0.6690679270226015 -0.5258441822120237 -0.2503983723029995
1645102056.734704 2.7962890022489684 1.624558772888336 1.0966467005473195 0.4636203914929679 0.6667670547880518 -0.5250501734923629 -0.25455785018523386
1645102056.741229 2.7960357142876635 1.6250556608021933 1.0965942004917808 0.46626186070390185 0.6642377285882675 -0.5243084014216305 -0.257853403544947
1645102056.747859 2.7959082738202907 1.6255441042039105 1.0965873404537902 0.4697032372103959 0.6612099062202914 -0.5234302041002398 -0.2611525981711962
1645102056.75443 2.795790200747431 1.6263244076068604 1.096617200724026 0.47327738435601296 0.6581833866545083 -0.5222004974207999 -0.2647817624321428
1645102056.761039 2.7954387278787065 1.6268806672901734 1.0964416387992775 0.47733644756589727 0.6538946754987923 -0.5217633345499288 -0.2689502804747471
1645102056.767636 2.795496065683747 1.6277109774092773 1.096496539710738 0.4820333506603412 0.6500592689253949 -0.5204543632823219 -0.27238519095271535
1645102056.774226 2.793911822235182 1.6293628118096368 1.0966087905803454 0.48248318339778024 0.6475191067562978 -0.521451942452888 -0.2757106698733425
1645102056.78082 2.7963532485501803 1.6281379176619626 1.096339732212307 0.49352670378566266 0.6392309757029 -0.5190876575073952 -0.2799335534455495
1645102056.7874382 2.797244851390405 1.6287945465208957 1.0965947653038666 0.5006089216876966 0.6338065286995518 -0.5173065701981517 -0.2829725049840674
1645102056.794027 2.7972081785204947 1.6305316363017544 1.0969276000575108 0.5061936352217814 0.6298512207661222 -0.515731501120491 -0.28473861137188927
1645102056.800648 2.7967636223124726 1.6311615936215362 1.0964869857710475 0.5130800664556838 0.6220544641187291 -0.5151621143920218 -0.2905248125932046
1645102056.807225 2.7970944178314903 1.6322449687016194 1.0964598966627759 0.5202509034564742 0.6153091724854217 -0.5132910326139883 -0.2954073920430023
1645102056.813824 2.7970872885323885 1.6334710439847673 1.0963612559734426 0.5258393494039745 0.6086528350083842 -0.5137574554217602 -0.298475379824759
1645102056.820438 2.7982763839585907 1.6349580527778382 1.0971022406504958 0.5332577664362929 0.603969951946873 -0.5110204766612315 -0.2995231755680632
1645102056.82704 2.798706019241131 1.6362353760216635 1.0971470479578433 0.5404550083054379 0.5971110064183495 -0.5089431169255209 -0.30388032551410676
1645102056.8336372 2.7981287546174136 1.6380639848888987 1.0967260242566146 0.5439903524935513 0.5898850600997823 -0.510845397897742 -0.3084586106335783
1645102056.84023 2.79882822864791 1.6389738371547447 1.09671595933575 0.5501429162195646 0.5816541010818961 -0.5111443851557497 -0.3126534775841339
1645102056.846831 2.7998499733275497 1.6405985526634506 1.0971464251599947 0.5564263944360047 0.5757356974514286 -0.5093565142668189 -0.31539438418501026
1645102056.8534431 2.800396461894481 1.6419620239255552 1.0971896279747693 0.5624188956521192 0.5684364926267806 -0.5077482456585879 -0.32055625834524426
1645102056.860031 2.80048668241523 1.6434121591645408 1.0967944128989302 0.5672075773126564 0.5597685962831718 -0.5076738564035733 -0.32741663813811167
1645102056.866634 2.7983243903526533 1.64559537923612 1.0953004358712954 0.5687580050051109 0.5504591519067281 -0.5097030909690017 -0.33721133376732654
1645102056.87324 2.801069753792782 1.6472607360101652 1.0966195016161042 0.5768484088091924 0.5456702638533885 -0.5041342288701468 -0.3396147512036321
1645102056.879828 2.801910601576576 1.6487369898150632 1.0968525460592864 0.582378914587009 0.5387685741315559 -0.5016859635726018 -0.3447811873157353
1645102056.886453 2.8026638000604853 1.6504027807855985 1.097031860085356 0.5873019090271108 0.5322549958891621 -0.4991796453316443 -0.35014357358899734
1645102056.893037 2.803406430240247 1.6519181767091848 1.0972245052425473 0.5917445056021741 0.52569115547712 -0.4970160299414012 -0.35561494835524193
1645102056.899638 2.804079209425985 1.6535290615114104 1.0974325636149096 0.5964682713315707 0.5190757709564412 -0.4942075580824816 -0.3613094905412163
1645102056.906226 2.8051139437713073 1.655182670385476 1.097752541950628 0.6007114948226874 0.5136164344079499 -0.4911933885507784 -0.3661592927091656
1645102056.9128242 2.805999246680895 1.6568244897277717 1.0980755631581405 0.6043859715660106 0.508111867377797 -0.4885298313511398 -0.3713194442353953
1645102056.919425 2.806977204118563 1.658378770828699 1.0984328216738308 0.6081437627695531 0.5033521147420447 -0.4850419425884151 -0.37620715037469543
1645102056.9260328 2.8075549214322617 1.66009144068243 1.0986140432555684 0.6106174740122067 0.49792621090332456 -0.4829490893635866 -0.38206754886019156
1645102056.9326432 2.80845733194939 1.6617306237267782 1.098891155849291 0.6131212252936256 0.49299122708790627 -0.4808279225243328 -0.38709978244485405
1645102056.9392252 2.8094316573685267 1.6633645961404333 1.0992461913267784 0.6154994553875922 0.488580077147294 -0.4783914979275905 -0.3919071214713007
1645102056.9458282 2.8104192284503826 1.6647897428063168 1.0995303527914433 0.6178539883023758 0.4844141217020253 -0.47562349142142507 -0.39671310692106765
1645102056.952425 2.811224509883127 1.6664243951217652 1.0997391557986602 0.619532114251197 0.48011908601042186 -0.4736634269390968 -0.4016319835199464
1645102056.9590259 2.8120746647212713 1.668889941309069 1.0999276474108426 0.6201211265289073 0.47707860578255273 -0.47147014177662955 -0.4068922907985918
1645102056.9656289 2.81252682859056 1.6694961126706536 1.1001299498906938 0.622709428880871 0.4722134640725947 -0.46901828687966457 -0.4114231748198004
1645102056.972228 2.814227747264187 1.6714957190985236 1.1005446716155112 0.6245487834859599 0.4701615846610322 -0.46621527806966834 -0.4141616586115943
1645102056.9788392 2.8148216862208626 1.673052274421704 1.1008533510292895 0.625777034311925 0.46703010325044675 -0.4639770275261754 -0.4183431954556015
1645102056.985423 2.8152777710888865 1.673189726860887 1.1010741064709029 0.6284433619740865 0.462768153125373 -0.46144268749253753 -0.4218706445121838
1645102056.992022 2.8153769254159045 1.676541832877546 1.1010395609989756 0.6262468299285665 0.46217568272054227 -0.4603856332248468 -0.4269112361100912
1645102056.998645 2.8172756317257 1.6762912661092129 1.1017841484645994 0.6310148000091367 0.4586128285682431 -0.45709255854688075 -0.4272711591086052
1645102057.005219 2.818631970258924 1.6764553922244034 1.1021981868571953 0.6342677125788763 0.45542847837364997 -0.45381065358211986 -0.42935413550281554
1645102057.0118442 2.818233630070651 1.6787183727272872 1.1022424294063902 0.6325194122418463 0.454644717272945 -0.45262083352602334 -0.43399485483707734
1645102057.018431 2.8186042828671614 1.681182846061753 1.1021594780617967 0.6310542143023862 0.45496437884146074 -0.45184259948738154 -0.4365959651881909
1645102057.025028 2.8191472165749136 1.6820403750519966 1.1022043113074371 0.6317080693196901 0.453730320884205 -0.4502070251032685 -0.43861927489053854
1645102057.0316281 2.8207117177915793 1.6815087497935561 1.1027770945769482 0.6355232786328423 0.45137359622924633 -0.44743660173033123 -0.43837455242695456
1645102057.0382311 2.8214703729332866 1.6822631064027682 1.10308940334246 0.6367733475007594 0.4505355156690143 -0.44573107305583315 -0.4391591523631572
1645102057.044829 2.8218324270982387 1.6830281626167423 1.1031754993866982 0.636900547312876 0.4502245530010204 -0.4441237641843541 -0.4409185977136162
1645102057.0514271 2.8213460671262682 1.6854148030965737 1.1029451374185562 0.63390246777752 0.4516476228854277 -0.4438918642171558 -0.4440063893472856
1645102057.058027 2.8218688880822347 1.6860778140439068 1.1031745739702423 0.634035492967017 0.452371708299929 -0.4428813995063566 -0.4440885429489335
1645102057.064636 2.8222579949717774 1.6866307699111815 1.1033775101483778 0.6339496514412669 0.45349436538537957 -0.4420334853222484 -0.4439108090722476
1645102057.071224 2.8225896698300734 1.687037026772275 1.1035871571877276 0.6337508207552166 0.455034659024013 -0.4412259999924077 -0.4434215882381223
1645102057.077831 2.8236636577158754 1.685793905427087 1.1040703190591523 0.636316802432898 0.45567926710861856 -0.43981655780805085 -0.44047525453061714
1645102057.084432 2.8242700252833766 1.6860354522999834 1.104494646461112 0.6361972821166241 0.4582011515281574 -0.43941311548695056 -0.43842952660683393
1645102057.0910761 2.822989837167967 1.6880419127879196 1.104073504442384 0.6308517568230164 0.46293083371348365 -0.44047546901835655 -0.44011606820019417
1645102057.097667 2.8240811967520854 1.6864909725778972 1.1047648093636715 0.6331497599111892 0.46568128309919304 -0.43814411633940553 -0.4362244533294572
1645102057.10423 2.824007140925947 1.6853742402641634 1.1052332269215261 0.6333910871971462 0.4679476633049299 -0.4371687023335301 -0.4344237102347376
1645102057.110829 2.8239238629728054 1.6861180597776355 1.1052005095323016 0.6298889157406085 0.47471075565180315 -0.43810611833191543 -0.43122194681849074
1645102057.117464 2.823760744278698 1.6859038363163632 1.1051882592307163 0.6270817645932156 0.4802122954653115 -0.43875587473280925 -0.4285529061180945
1645102057.124021 2.8229255252854446 1.6862702688193747 1.1053852932805381 0.6231159838905356 0.48668842780009197 -0.43939672957533454 -0.42636946835848266
1645102057.1306398 2.8228342055809583 1.6857512637815375 1.1054889284442573 0.6200332662672294 0.49280896592342177 -0.4410382252519834 -0.4221172458206814
1645102057.137228 2.8225813335371117 1.6856601387733725 1.105583041909345 0.6155715545080465 0.5009027488821864 -0.4414508925136424 -0.41867519834076566
1645102057.1438231 2.8215682863082807 1.6839160515126246 1.1056672536409287 0.6119533256417873 0.507275593683706 -0.44235699001939033 -0.4153367593473869
1645102057.150432 2.820953037157048 1.6833929172133841 1.1057958466780708 0.6067554058695843 0.5152661821451163 -0.44410839921758505 -0.4112371838423509
1645102057.157025 2.820189840183074 1.6826485113712615 1.1057853823781216 0.6010676182740752 0.5233783404744705 -0.4460626045074894 -0.4072107259173113
1645102057.163625 2.8195141999964344 1.6818665817295686 1.105835631250659 0.59502715591985 0.5319281042282401 -0.44791137210663146 -0.4029517573638412
1645102057.170225 2.81864646826062 1.6808970294968435 1.105813028619532 0.5888162450111943 0.5400122644645758 -0.4497647879255112 -0.3992410961720178
1645102057.17683 2.8178831372247104 1.6801918279371988 1.1058688337519347 0.5821216017815843 0.5486940085677565 -0.45128536197621344 -0.3954876024813419
1645102057.1900852 2.815901752539281 1.6777366206520266 1.1055099927260026 0.5684051988130632 0.5644312554208591 -0.45647093697723656 -0.38725559923056574
1645102057.1966238 2.8148883679922494 1.6767874053634493 1.105593264344127 0.5613250182277756 0.5729070049025707 -0.4575525971619983 -0.383845015986456
1645102057.2032268 2.814784634258674 1.6753655788559394 1.1060033458314025 0.555302154309454 0.5827225622902502 -0.4580060982006732 -0.37723193614902745
1645102057.209832 2.8133013160661458 1.6737975779073822 1.1053798862130233 0.5477104046706198 0.589232857263951 -0.461656989085337 -0.37375176458891557
1645102057.216445 2.8118965580931916 1.6723036818590296 1.1048801761748868 0.5400897897614269 0.5951795228350394 -0.46603135067211837 -0.3699712796207503
1645102057.229683 2.8109536098347436 1.6684057698463184 1.1051137582379083 0.5266706894635429 0.6105935994901687 -0.46980807007922365 -0.35926789055936753
1645102057.2428212 2.8101934310203234 1.666904483258484 1.1050505841995777 0.519772205890118 0.6173475260350172 -0.47219308511651115 -0.3546155368489996
1645102057.249996 2.808931152662659 1.6624390725523954 1.104517844921772 0.5068927569933341 0.6275219017552895 -0.47942653892559955 -0.34558042926707017
1645102057.2626529 2.80834589988374 1.6606768516969947 1.1043898519171464 0.4999635276012373 0.6329221490523163 -0.482434427071534 -0.34161763539477846
1645102057.269234 2.8060633109932107 1.6599697433062233 1.1039462904564807 0.4896155038042883 0.6385276029113709 -0.48724520584025904 -0.33933892355568274
1645102057.2758698 2.8057436146514245 1.6580779897350297 1.1035789297663314 0.4831628443209277 0.6426159087146356 -0.4903426455354379 -0.33639591881421677
1645102057.2824378 2.8037584786866936 1.656207813292479 1.1032373234329858 0.47474446230981693 0.6462995736043015 -0.49590582475995754 -0.333153995965608
1645102057.289046 2.8041627497790285 1.6541078739196458 1.1033971788325148 0.4702328887072371 0.6493881511525593 -0.49767009719559707 -0.33090797512515896
1645102057.295674 2.8034432535452667 1.6522546641236364 1.1033332351088383 0.4648319831061506 0.6523524003047465 -0.5004092835915933 -0.3285691652871252
1645102057.3022301 2.8030077946813217 1.6508082063766705 1.103037539505102 0.45660312944054965 0.656232060655399 -0.5048328287609996 -0.325601743430718
1645102057.308831 2.8027254873416148 1.6493048130518588 1.1033825221263105 0.4532684129419496 0.659691869843418 -0.5048437329086032 -0.32324424387383854
1645102057.315458 2.8013466456256153 1.647498522585903 1.1026669532687436 0.446205130762865 0.6603485169182127 -0.5102924565668154 -0.3231749305254013
1645102057.322028 2.8004604668486097 1.6453363285335263 1.1023155553688562 0.4410454881400334 0.6609261055570994 -0.5144636577003676 -0.32246278201878276
1645102057.328636 2.7995696817751576 1.6438017289423519 1.1020107909556143 0.43515565827062913 0.6622222836212339 -0.5187744355287447 -0.3208953661212686
1645102057.3352509 2.799037029145252 1.642165429499143 1.1018110416850349 0.43030555770921325 0.6634059170700892 -0.5225197406111204 -0.3189082020826792
1645102057.341859 2.7984219659689473 1.6405479049701919 1.1015848592984994 0.425745940462797 0.6640058021809685 -0.5264185618028598 -0.3173638260482251
1645102057.348421 2.7977616301490222 1.6391365122569668 1.1013009367723812 0.4213848027686131 0.6645045515883233 -0.5301289078096953 -0.31596127938437124
1645102057.35503 2.796970158936364 1.6376100775014764 1.101001370975067 0.41721672121098863 0.6645993335720889 -0.5342740019594533 -0.3143069246246439
1645102057.361648 2.796498766833121 1.6362576538592326 1.1007822803509988 0.4141200576196906 0.6646412601844768 -0.5374932629531537 -0.31282124901809094
1645102057.368254 2.796286721791198 1.6356175511271007 1.1009417592195976 0.41072010721742197 0.6657209144920466 -0.5401705343168696 -0.3103869589613666
1645102057.374859 2.7947002201802222 1.6350721953907092 1.1007925497027717 0.4060752468692167 0.6652195424258357 -0.5433898346454981 -0.3119501935822286
1645102057.3814242 2.7943618347614794 1.6332200253335152 1.1005147861053868 0.40512724500429936 0.6641463120508714 -0.5467557475455931 -0.3095792972252695
1645102057.388026 2.7931605843405625 1.6317480986808826 1.099981773533621 0.40238891333867466 0.6625872259263426 -0.5510858147134104 -0.3088128176859513
1645102057.394621 2.792625898351848 1.6306956412867988 1.0997430516324567 0.40091992288370104 0.6616557474393887 -0.5539906335768419 -0.3075205710714387
1645102057.4012318 2.7935105170884853 1.6289501281282084 1.099492652281061 0.40267082520506936 0.6603359062787677 -0.5560746810775624 -0.3042913257234348
1645102057.407858 2.7932883422298618 1.628152666851669 1.0993149050513968 0.40247106949046 0.6594191857718695 -0.5580576801623396 -0.30291015810678373
1645102057.414422 2.7929077280310515 1.6272375258227687 1.099132916093269 0.40229045983165956 0.6580655808665518 -0.5604292736779273 -0.3017129862103969
1645102057.421023 2.792717117721187 1.626589650071228 1.0990968677486765 0.4022890895936749 0.6569977249743145 -0.5622271777690196 -0.30069536770567834
1645102057.427648 2.792341063920341 1.6264321733393168 1.0990020720200508 0.40166914480751154 0.6564720372525129 -0.5640027119339909 -0.2993441596922742
1645102057.434227 2.7919766414739073 1.6258677722785289 1.098853286305489 0.4019806061952913 0.6551190702998826 -0.5655807424660981 -0.29891238031378115
1645102057.4408262 2.791698607324332 1.6253984277753066 1.0987455653029021 0.40255677029396947 0.6537406113703893 -0.5667969020159215 -0.2988513234995997
1645102057.447432 2.7914478818925015 1.6250836093004126 1.0986569527930437 0.4035912447843872 0.6523695589009104 -0.5674693077386073 -0.29917601055562765
1645102057.454022 2.7912445840765474 1.6242641974585157 1.098503358591564 0.40550156808376037 0.6499288626925905 -0.5679889601052985 -0.30091380265422163
1645102057.460709 2.7908942203516247 1.624605748670268 1.0985545184191206 0.4054958288923326 0.6490674718819763 -0.5686589010856964 -0.3015148617380948
1645102057.46722 2.790861055560443 1.6245327119906838 1.0985737214731524 0.4070014329375839 0.6473713274023538 -0.5685352141708088 -0.3033603411581167
1645102057.473856 2.790580398566659 1.6246265139114615 1.0986066023848098 0.40809291737186915 0.6455880313936027 -0.5683536663024762 -0.30602284650702705
1645102057.4804192 2.790289984734687 1.624486893712693 1.098508031904935 0.4096194778702395 0.6421291350778132 -0.5691266631945173 -0.309800747729762
1645102057.487026 2.7881014383669154 1.6246065853435623 1.098316225298523 0.4079125350712266 0.6391452820202013 -0.570509820240286 -0.3156244739271016
1645102057.493633 2.789998993866937 1.62514855839518 1.0988339352849568 0.4134828042390882 0.6378793045225445 -0.5669889542143772 -0.31727768765306685
1645102057.5002298 2.790152329079762 1.6262004713054927 1.0992703043046341 0.4154155694758618 0.6353341892516072 -0.5654095649059431 -0.3226328774415414
1645102057.5068328 2.7886234120489557 1.6260587541293625 1.099000433501034 0.4147744585629929 0.6313940678239189 -0.567900158980884 -0.3267914604856989
1645102057.5134258 2.788155417318349 1.626423177569858 1.0992360386907245 0.41585013238839136 0.6280268637137753 -0.5684899746229394 -0.33086207292576664
1645102057.520044 2.790280328246965 1.6268760947804333 1.1000295630757615 0.4209635668532131 0.6275291776562223 -0.5659337474092067 -0.3297202781094279
1645102057.5266528 2.7896080428529824 1.6266201882820919 1.1000003798916178 0.422081209454888 0.6229666419893618 -0.5671862254957303 -0.33475275049817477
1645102057.5332181 2.789673590631028 1.6277035728836862 1.1003594309974172 0.42542582998886 0.6193228061290889 -0.5660291547619528 -0.33920892837573463
1645102057.539814 2.7900506429701597 1.6280272723752582 1.1009382236382765 0.42946558021294945 0.615944529598408 -0.5642979086360685 -0.34313133159960696
1645102057.5464242 2.79001516391966 1.6290329586109158 1.101274493681991 0.43142972023629944 0.6111818356123693 -0.5656169271368023 -0.34699020204622444
1645102057.553028 2.789276944973115 1.6288200012968201 1.101648490179254 0.43343619133419076 0.6056377871284815 -0.5666186636408131 -0.35253196843189516
1645102057.559642 2.789200562941085 1.629325366552342 1.1022881114537328 0.4352420091058114 0.6017371037811715 -0.5673508134827151 -0.35579420570080134
1645102057.566238 2.7901907008799647 1.6298792250697198 1.1029372993310702 0.4398847354081363 0.5969058204802177 -0.5667687654783088 -0.3591345310063295
1645102057.572831 2.7893824666267943 1.6306952372330292 1.1033825187597444 0.4406525113393944 0.5916658186564085 -0.5693657567098094 -0.3627383515133411
1645102057.5794618 2.7899945174064196 1.630618938990077 1.1040601026231882 0.4443426906635554 0.584824422963842 -0.5703641748051795 -0.36772855210162336
1645102057.586057 2.7949327822902097 1.632297965584303 1.1066894652141486 0.45350194188355664 0.5840651441295966 -0.5627671078655686 -0.369454543907656
1645102057.5926578 2.791161893397529 1.6321852243218442 1.1056531227295634 0.45008771290805577 0.5740196247806819 -0.5715390028744185 -0.3758528113168619
1645102057.599233 2.7911133662268335 1.6325530410895666 1.1062552681585267 -0.4516574947388396 -0.5685926543465619 0.5742171528519331 0.3781292751320996
1645102057.605859 2.7916137929866545 1.6327178897730608 1.1070159905096444 -0.4552286628047883 -0.5609717638112175 0.5750029258150757 0.38399008097872994
1645102057.612465 2.791877003032465 1.632913634287702 1.1077731273366405 -0.45761972909964627 -0.5543267434957945 0.5774197415638987 0.3871585403950536
1645102057.619033 2.7902045982205874 1.6331900817249545 1.1078409669594755 -0.4562881352203864 -0.5465816744715523 0.5827898517587732 0.3916692836899258
1645102057.625637 2.789671338088821 1.6329511905627019 1.1082924362688191 -0.45693036160032785 -0.5404581315356389 0.5868500093229665 0.3933520313413081
1645102057.632232 2.79006061297423 1.633459814149823 1.108986362726246 -0.4585244539419745 -0.5353131021138491 0.5887313349496944 0.39571430755319725
1645102057.6388218 2.7912383435636157 1.6341678773769983 1.1100134454308013 -0.4611908796030891 -0.5310040619478352 0.5892489745181456 0.3976461697186202
1645102057.6454349 2.790349253466873 1.634236779940687 1.1102291930142862 -0.4611546234111754 -0.5248622596095001 0.5924769998318369 0.40103136002801426
1645102057.65203 2.7904362970191268 1.6351811675530625 1.1109421137619409 -0.46190555990241894 -0.5205155203612116 0.5936820190808213 0.4040391243148845
1645102057.658628 2.7900600685235486 1.6354856969958123 1.1113137908633763 -0.462175557750849 -0.5164301643298435 0.5955384232462538 0.40623496186726193
1645102057.665222 2.789886914010751 1.6364124712651857 1.1121038408983321 -0.4622030829849587 -0.51366707050735 0.5960499801643592 0.40894746408301746
1645102057.671822 2.790453330088083 1.6360787271055717 1.1124424778910478 -0.4644116510742041 -0.5115013529210033 0.5967928706254799 0.40807548236494096
1645102057.678426 2.7906170880344057 1.6365627113697319 1.112917663241268 -0.46532762834153746 -0.5108160223686282 0.5962674945785418 0.4086580403966416
1645102057.685024 2.7903097865240416 1.6377352774405673 1.113510590677477 -0.4655743746336795 -0.5102583598156791 0.5948598833170844 0.4111176931067213
1645102057.6916668 2.7905307784466795 1.6390195563902252 1.1139076156142909 -0.4661498644507505 -0.5122022241833428 0.5932176244193776 0.4104207101345997
1645102057.6982589 2.791298183572281 1.6388178703699514 1.1142386712958146 -0.4690522763729776 -0.5138841562694971 0.5910452944233618 0.40813924800342605
1645102057.70482 2.791912291603137 1.6393404380931322 1.1146778081303759 -0.471327769907666 -0.5176988249368918 0.5873045836350933 0.4060919092265992
1645102057.711463 2.7924939186909916 1.6397688915412216 1.115300100885074 -0.4746447622193112 -0.521329911153734 0.5820270685294053 0.4051804344009085
1645102057.7180219 2.7915818005991753 1.6413073855863023 1.1154598783860306 -0.4738242128348885 -0.5264049835168483 0.5788788098939531 0.4040877259335777
1645102057.724663 2.7939787044500344 1.641445884803896 1.1160691107080472 -0.48058480981818247 -0.5328188321763048 0.5701045128754892 0.4001529548228033
1645102057.731315 2.7930602344062536 1.6413326040522924 1.1161353870739692 -0.48079899103690493 -0.5386590810364437 0.5677254679708696 0.39543094879454105
1645102057.737849 2.794517239395528 1.642019906032742 1.1169008667133782 -0.4846509449232993 -0.5474942605760837 0.5591065520444638 0.3908484780679022
1645102057.7444322 2.795695616941049 1.6428156905603934 1.1174581122747451 0.4892841255530199 0.5544354004734159 -0.5492187677118918 -0.3893080540204292
1645102057.751053 2.7947422020688366 1.6430060649233074 1.1172176507000655 0.4887725167768469 0.5632295846061884 -0.5443330777873067 -0.3841549796507398
1645102057.7576199 2.796367346968121 1.6439865738799462 1.1180296119290793 0.49291648372487773 0.5726803343986351 -0.5327313007798046 -0.3811397368426549
1645102057.7642188 2.7959101656639374 1.643952075340704 1.1179105007916186 0.49328056451057095 0.5811096065622094 -0.52542356638638 -0.37804177171272796
1645102057.770828 2.7967194971178526 1.6446557401622608 1.1182805887325518 0.49596557768907573 0.5904904084084277 -0.5142032302130998 -0.37541156128256015
1645102057.77742 2.7980630761634457 1.6453153913025624 1.1186440408699474 0.49860550435432505 0.5996815407027456 -0.5022273404129246 -0.3735531965124483
1645102057.784023 2.7967676269426804 1.6458814572634572 1.1182362394581655 0.4965147122269425 0.6086312605841491 -0.4938342004725196 -0.37305292106319077
1645102057.7906182 2.7995138333527443 1.6444835578610577 1.118740292637899 0.5015886670212197 0.6170938222575956 -0.4819281390840944 -0.36789792351028117
1645102057.79722 2.7983214891116144 1.6461488995593498 1.1182641381590912 0.49642868167980525 0.6269840065140773 -0.47478838294745573 -0.3674578166352039
1645102057.8038242 2.798413929233431 1.6467664636692674 1.11816736019699 0.49545924330933994 0.6358147786213922 -0.46464466496495527 -0.3665578241961957
1645102057.810417 2.7991248605967467 1.6469837081909704 1.1180188437504093 0.4950052609021578 0.6439595728137628 -0.4545823373086301 -0.36556856091859236
1645102057.8170319 2.7972815836018903 1.648413126745925 1.1169299805944528 0.4888556629880846 0.6528609775873375 -0.4495886294573151 -0.36422840598310624
1645102057.823626 2.799738487283165 1.647688769853272 1.1175128195364574 0.4910736127744366 0.659734099928111 -0.43730589641979295 -0.3638141643288838
1645102057.830221 2.7990388507915114 1.6483318451904836 1.1167619185564863 0.48754286863419266 0.6672268637939617 -0.4309531818349959 -0.36247653855824985
1645102057.843464 2.8008293242832987 1.6488208854383701 1.116812100068239 0.4859270961048504 0.6806466308317773 -0.414756128722332 -0.35856940925063885
1645102057.8566751 2.8015929646111646 1.648799253054801 1.1156751397337348 0.4840713125383115 0.6895803654033786 -0.4040819949791664 -0.356189977146717
1645102057.863224 2.8022120131318635 1.6485765869966504 1.1149231577997494 0.4835924751621484 0.6927327991221014 -0.4001679646096471 -0.35514058321936554
1645102057.8764238 2.802766596313758 1.6484152938283332 1.114491102347408 0.4844137400840923 0.6960820129923809 -0.3965354298565963 -0.35152859877156295
1645102057.883069 2.8031915245981045 1.6481547764954112 1.1128114315837192 0.48507724696563864 0.700019293974465 -0.3933107287599409 -0.3463802587669649
1645102057.896239 2.8047122050693205 1.6466590106540062 1.111615835098944 0.4890950069232754 0.6990178261540474 -0.39213553785996086 -0.34407776436538073
1645102057.902836 2.8050628150328785 1.6465532841996593 1.1109864666317717 0.4904615959241551 0.6999216462382605 -0.3926194634441234 -0.33971571960347147
1645102057.9094222 2.804444765267555 1.6467640135612054 1.109701146282757 0.4898100908510937 0.699800324438239 -0.39506597926611653 -0.33806510971411147
1645102057.9161012 2.805062231274072 1.6462573571078638 1.1088876941748842 0.49268489437701724 0.6988952592374763 -0.39665024013037453 -0.33387905552363323
1645102057.9226391 2.8048523420676115 1.6458244721691668 1.1074541431706326 0.49399807371206295 0.6970413952595814 -0.39989887090339366 -0.3319332557331957
1645102057.929257 2.8049909544137033 1.6455947138060074 1.106237771599958 0.4955090932257127 0.6953238379026965 -0.40373606339336005 -0.3286217761129515
1645102057.935829 2.8050405429996585 1.6447473357396802 1.1047531017335586 0.4975783683898845 0.6922538945353477 -0.4085634043793798 -0.32599988790619394
1645102057.942431 2.806868326063582 1.6441802636894567 1.1049785509865866 0.5021945942167746 0.6906762349180985 -0.4098464174880353 -0.3206126802020938
1645102057.949022 2.806860254327906 1.6432701545970698 1.1034472219742515 0.5045752019586006 0.6868028441304186 -0.4153177144178172 -0.31814533555982355
1645102057.955625 2.8053017689900503 1.6424423637482501 1.100503373635366 0.5038297026100689 0.6822798109047309 -0.4256826719364788 -0.31534696231575654
1645102057.962222 2.805309934405553 1.6413623737059562 1.098830471533738 0.5059039420836784 0.6778790984065102 -0.4320501126731402 -0.31284734321470026
1645102057.968821 2.8059223214417397 1.6405877388554235 1.0980169061143703 0.5077396027095384 0.6747995015440805 -0.439587072684554 -0.3059558131101354
1645102057.975462 2.8053029089285686 1.6392749272873335 1.0957763486482548 0.5093749543786923 0.669290621127391 -0.4455429367389454 -0.3067218916316177
1645102057.982028 2.8056181356249335 1.6383914164105298 1.0946036767067089 0.5113155962529343 0.6653966322015608 -0.4520032699403314 -0.3024836528308209
1645102057.988621 2.8065258139978364 1.6372496636627771 1.0934408805615463 0.5132364112900046 0.6614301446775099 -0.45927946198522396 -0.2969184110403273
1645102057.995261 2.806216300759823 1.6357092254953973 1.0919005613701949 0.5156532699856283 0.6559084255297355 -0.4641947461099708 -0.2973360466627563
1645102058.001819 2.80544457442384 1.6349056512582396 1.0902418028866123 0.5152343571588199 0.6516621388124307 -0.4722990889187325 -0.29462379369006453
1645102058.00842 2.8059369457866494 1.633670724362392 1.08911991874306 0.5166341055886201 0.6478072082713893 -0.47867181371896284 -0.2903581348343061
1645102058.015027 2.8058488874609644 1.6326256634476564 1.0879359773738941 0.5179441009065623 0.6434214781087146 -0.48428435779551593 -0.28846307763534673
1645102058.021628 2.805245207268072 1.632083863843718 1.0864016476702978 0.5180448068795362 0.6392706664702035 -0.4908713725890651 -0.2863694831382811
1645102058.0282362 2.8061288246952967 1.6310014775138078 1.085844159785369 0.5207187381302979 0.6358486640160125 -0.4953043071300025 -0.2814635598232607
1645102058.03484 2.804863133079417 1.6281563565653752 1.0832454830112332 0.5192963451240855 0.6272693144109839 -0.5069255253227488 -0.2826492210200616
1645102058.041426 2.8047074567594246 1.6279485797393338 1.0823591129193044 0.5190070037441548 0.6245506414826465 -0.5124839005523457 -0.2791560833730697
1645102058.04802 2.8035526879284896 1.6263398115905299 1.0803787912383702 0.5180988252112662 0.6179560680379318 -0.5204455424106371 -0.28078433731457303
1645102058.054623 2.8046130977821173 1.6250245874834424 1.0799824500160784 0.5202550601110962 0.6143398073509926 -0.5257595165996268 -0.27476846985631787
1645102058.061226 2.8034854278399606 1.6235418041098904 1.0781808272550863 0.5199034492174482 0.6076561351953774 -0.5331513992208176 -0.27605009108970396
1645102058.067822 2.80321445795936 1.6220847738559045 1.0769552560015787 0.5195572356239334 0.6017962633907681 -0.5407808937550289 -0.2746947723500567
1645102058.074419 2.8030968430396257 1.6205892938888284 1.0760585555244502 0.519510195153072 0.5973626397810622 -0.5464224093088358 -0.27329327390334524
1645102058.0810292 2.80288693048446 1.619320968305503 1.0750491883895323 0.5204174667559808 0.5922042825235461 -0.5517135337144712 -0.2721607711825669
1645102058.0876238 2.8034803737745477 1.6182396944580828 1.0745961863212523 0.5222340532221166 0.5888296114846546 -0.555127717766503 -0.26904281220332493
1645102058.094225 2.802525675093739 1.6167892535522645 1.0731543663768122 0.5216217532897338 0.582218960888104 -0.5625530105624373 -0.2691941348940456
1645102058.1008189 2.8026240664341926 1.6167094206497274 1.0727203613165124 0.5216951237376676 0.5799311153529327 -0.5662303207030293 -0.26626477256339276
1645102058.107423 2.802044678007272 1.6146205721473161 1.0714903367452873 0.5228381068592184 0.5728286951514914 -0.5715258126673263 -0.2680774302078805
1645102058.11407 2.801895165573245 1.613601843981525 1.0707379308445197 -0.5244796869215304 -0.568074248110055 0.5746968324750374 0.2682079542346677
1645102058.120644 2.8017249811688787 1.6125175366158826 1.0700592329234992 -0.5260999489742983 -0.5628091456418001 0.5774700623969028 0.27017071499149814
1645102058.127255 2.802270704272506 1.6105812080079116 1.0694846195263117 -0.5292931685105756 -0.5580020074209577 0.5813183394502889 0.26561388465033736
1645102058.133821 2.8029828537818027 1.609686750694258 1.069461019829706 -0.5324926940752529 -0.5541436876533691 0.5822972483174486 0.2651518941673785
1645102058.1404328 2.8028779857498507 1.6089089308894913 1.0689309740354405 -0.5346524874978116 -0.5499780282078198 0.5839025716342932 0.26594725519493545
1645102058.147059 2.8024568955370497 1.6085536390469113 1.068335757740822 -0.5366897999755491 -0.5462423914696827 0.5842505396715757 0.26876336381220683
1645102058.153656 2.8014932330025677 1.6080730062650495 1.0674380092904237 -0.5374264700287675 -0.5420843315887663 0.5857476985205724 0.2724266480674061
1645102058.1602528 2.8010018188054886 1.6080044291554787 1.0670862414913211 -0.5387551478279965 -0.5398392518863027 0.5864601038831231 0.2727273235678821
1645102058.166857 2.801779216313195 1.6078059643897638 1.067357097213367 -0.5426864442819495 -0.5376293656480677 0.5839622189852413 0.27465159922815513
1645102058.173432 2.8032259959134125 1.6078429969501569 1.067953480761635 -0.5466475132643339 -0.5361269948473539 0.5812021273780426 0.2755859258768556
1645102058.180029 2.8031543576210196 1.6080445198693862 1.0678333273597735 -0.5481661200747122 -0.5344392116690605 0.5800242474510078 0.2783157864918618
1645102058.1866639 2.803341514908776 1.6083544512816619 1.067864071043276 -0.5502447777057226 -0.5333939263011217 0.5776568027030411 0.2811287116804854
1645102058.1932201 2.8032387947296233 1.608754420737419 1.0678043275810436 -0.5516570872746509 -0.5322443010402015 0.5756013211691003 0.28473276267350794
1645102058.199821 2.8008410976327034 1.6102848201661633 1.066574532146665 -0.5497726005272483 -0.5301565496244489 0.5749380328874467 0.29347849963270317
1645102058.20642 2.8012860478586576 1.6109961110619773 1.0668222221827923 -0.5514408758378359 -0.5306127301181456 0.5714731220319292 0.2962782885001572
1645102058.2130198 2.8012311835355757 1.61121698124673 1.0670699454544599 -0.5519522444701003 -0.5311632712977514 0.569929900837054 0.2973100818728551
1645102058.219625 2.8013339670154185 1.6132533537305787 1.0674810630752745 -0.5525354890883449 -0.5320473610164778 0.5651781622596835 0.3036493366763969
1645102058.226218 2.80188623875638 1.6128940811102086 1.0678227810391 -0.5547940504946824 -0.5303953311561688 0.5631292754059785 0.30621708846257784
1645102058.2328162 2.801185244453191 1.6137776829779389 1.067634407001858 -0.5548605874302373 -0.5294889704640191 0.5604012360607983 0.31260318870057674
1645102058.239419 2.800201475876086 1.6152830046159457 1.0674233772838033 -0.5533971217800703 -0.5292514837871023 0.5587925581342554 0.31842499951433806
1645102058.24602 2.799913239671466 1.6163575856917674 1.0674779342048673 -0.5532761443951707 -0.528756974699949 0.5573528467806123 0.3219603525136277
1645102058.252667 2.8004961365498846 1.6184004116190378 1.0678471930021496 0.5544546610245722 0.5288809858878849 -0.5528023219885277 -0.32752725185120374
1645102058.26587 2.8002870407476146 1.6207170013997 1.0682847458397018 0.5547528807195993 0.5265698387141118 -0.5497147262489829 -0.33583750972307763
1645102058.272423 2.8004626804579176 1.6211405267345576 1.0685181911642387 0.555136947030209 0.525121795042969 -0.5484692113440035 -0.3394867414833201
1645102058.279017 2.8005838499453284 1.623096044239393 1.0687902736722998 0.5557021992193951 0.5245193314970955 -0.5464423382190043 -0.34274619360471514
1645102058.285623 2.800804869353877 1.6247203701074526 1.069117953777398 0.5562526856229663 0.5234635440690871 -0.544883362527729 -0.34593438820806693
1645102058.292257 2.800040916021551 1.6259883999806946 1.0688465482624339 0.55617767493221 0.5203382577712534 -0.5451906802392131 -0.35025877448132514
1645102058.298831 2.8004001664261065 1.6271218672312135 1.0691697087185161 0.5579876044477926 0.5178438898512805 -0.5437938489835421 -0.35323578012011664
1645102058.305421 2.802232166429439 1.628362693946814 1.0701960740265717 0.5620602396490819 0.5168340029384646 -0.5398356375862882 -0.3543274531151442
1645102058.312015 2.8029138151296897 1.6290351258158453 1.070705671012699 0.5650038735447562 0.513535555465707 -0.5385615891180294 -0.35637478681189716
1645102058.3186219 2.8022361740360333 1.6312584289331689 1.0705062516983725 0.5662803828234461 0.5096722209618415 -0.537524464542522 -0.36142462348716875
1645102058.325218 2.8026448219894813 1.632574464888729 1.0707452117146967 0.5695755986226002 0.5059893878046875 -0.535571335293597 -0.36430953706689906
1645102058.331826 2.803021288021552 1.6339585015104037 1.0710294838722048 0.5731055247667538 0.502431571293532 -0.5332472835838509 -0.3670960047188321
1645102058.338461 2.8036691865007186 1.6351101585565764 1.0713403495750606 0.5773018021148113 0.498813454741262 -0.5305591270735188 -0.36934334734668844
1645102058.345058 2.8037113095999118 1.6365773161881891 1.0715064033739208 0.5804661289410239 0.4947550519949256 -0.5284312586742674 -0.37287614372952793
1645102058.3516831 2.8041461263633085 1.6377430729656728 1.0718337376755174 0.5843853872325757 0.49090923035635303 -0.5260759263124292 -0.37516081536518947
1645102058.358235 2.8035428218206153 1.6397173391481619 1.071555233605697 0.5857959468939978 0.48757439819954934 -0.525211648974218 -0.37850587658366236
1645102058.36482 2.803904812137936 1.641213768428124 1.0718562481680176 0.5890459954128309 0.48423180304326097 -0.5225106844359096 -0.3814795207816052
1645102058.371467 2.8042941696121337 1.642435492281542 1.0720699181122804 0.5923019562934572 0.48104718274913977 -0.5200799073436446 -0.3837819992108821
1645102058.37805 2.8048778569985795 1.6437902318242392 1.0724991348070188 0.5956744533707379 0.4781627498682735 -0.5170582255772455 -0.3862417749642668
1645102058.384639 2.805354869575009 1.645028122888137 1.0727244164608603 0.5989108147012262 0.4756148344040257 -0.5131315353555536 -0.38960505264392364
1645102058.391267 2.8057310237185518 1.646358728743462 1.0730043183772744 0.6012143131854648 0.4727553352899634 -0.5106026273843157 -0.39284644146552583
1645102058.397836 2.807015997525982 1.6485667600866165 1.0736074788150736 0.6033590827623844 0.4724330697923298 -0.5063940366745917 -0.39538539951172613
1645102058.4044218 2.807613223409077 1.64944691687113 1.073924338193379 0.6060677326049669 0.4707050265024044 -0.502524804786612 -0.39822999449884655
1645102058.411026 2.808136908459466 1.6504850703038092 1.074262466120827 0.6076708086802728 0.4693397293600398 -0.4996861885885207 -0.4009610161905969
1645102058.417621 2.8087146477141194 1.6518787789075802 1.0745328210007599 0.607877467222399 0.46975778081448355 -0.49669226274798267 -0.4038676863657979
1645102058.424227 2.8089120335237885 1.6530210994969836 1.0748519323240187 0.6081415782797761 0.4698179680587324 -0.4941924386984625 -0.406458405404137
1645102058.4308531 2.8085331138362166 1.652818083311143 1.0749736018577747 0.6089480800472875 0.46876552393394183 -0.4923390962888686 -0.40870898693634133
1645102058.437419 2.8106735183790055 1.651203094545529 1.0762693421636151 0.6145912793455363 0.4681414371375659 -0.4874285806920701 -0.4068588240769042
1645102058.4507751 2.8095149669790267 1.6555870672306834 1.0760605258978375 0.6072273604034186 0.47536079754950084 -0.4870643617244676 -0.40996954494133153
1645102058.457228 2.809631165230665 1.6560871707765275 1.0762835231508594 0.6061793951258587 0.47848456265693967 -0.48517966926708406 -0.4101211222691961
1645102058.470461 2.809731699755006 1.656614023664417 1.0769213059834088 0.6034654862845291 0.48589817283665 -0.48281530491839003 -0.4081927803422642
1645102058.477023 2.8098849824698156 1.6565674651217557 1.0772394470614837 0.6021690219382942 0.4902661100821406 -0.481568112598514 -0.40635390689659967
1645102058.483671 2.8092975299845073 1.6558447970905474 1.0774009755266614 0.6006814180033003 0.49379945134415665 -0.4805701287012852 -0.40545753056942874
1645102058.490232 2.8093493404223113 1.6558438752178284 1.0777452030797163 0.5985908394854624 0.49917980576383797 -0.4789971458327258 -0.403819000672201
1645102058.496852 2.8092686150797683 1.6556343156940787 1.0780488730552586 0.5962166831332038 0.504712814164866 -0.4779535420481299 -0.4016849260492511
1645102058.503428 2.8089728547417 1.6555370308199904 1.0782786862298925 0.5930550831057201 0.510518281231511 -0.47711669878899265 -0.40002000265132626
1645102058.510019 2.810730315917251 1.6529477849407601 1.079219023961563 0.5948317329424644 0.5154417628954304 -0.4741115188708526 -0.39460479201500553
1645102058.516624 2.8085893689241157 1.6550061170938235 1.0788485553825384 0.5861720915925286 0.5236927672730719 -0.47568999360505165 -0.39479981500906985
1645102058.523218 2.808007120239892 1.6546179364855789 1.0789577019120917 0.5819079313941848 0.5301267541641169 -0.4754957018136287 -0.39274972451823625
1645102058.529834 2.8080291377499167 1.6540417653982213 1.0792842513044443 0.5778995699914254 0.5382719832111735 -0.47484994519265145 -0.38834584660093224
1645102058.536459 2.8075089563355005 1.6534700279661467 1.0793166074240055 0.573091088352897 0.5451140281978484 -0.47543947246391327 -0.38519385417417584
1645102058.5496802 2.806148534966814 1.6521947819203404 1.079330249428477 0.562469543514444 0.5592969521193065 -0.4774310893474588 -0.3779870402950515
1645102058.562825 2.805908755203935 1.6512891460121 1.079431680641743 0.5582614836408173 0.5670453245285736 -0.4768061651839414 -0.3734424435477105
1645102058.569424 2.8053245807443283 1.650513657146771 1.0794572314765674 0.5525847412699126 0.5744047091053605 -0.47805897816809484 -0.36901020135455775
1645102058.576033 2.8052820534048815 1.6486199475623402 1.0796005531177406 0.548990731316406 0.5807001684149378 -0.47877816861383776 -0.36354859756164026
1645102058.582628 2.80516233228535 1.6478935914769988 1.0799345525158421 0.5439727514269762 0.5891769238884131 -0.47898697321787825 -0.35712077445891205
1645102058.589257 2.8027402688916383 1.6471432391367393 1.0789267352631813 0.5357945735162691 0.594710779552252 -0.48359818296238194 -0.35408432251863037
1645102058.59582 2.8020437995020124 1.6460108151982704 1.0788332355877046 0.5308267790530614 0.600995780608059 -0.48462526935939704 -0.3495209949408312
1645102058.6024508 2.7996642913970655 1.6449536087304488 1.0775657238359344 0.5235337695659542 0.6055551499896823 -0.49025289181970266 -0.3447710048633581
1645102058.609022 2.8013771972449932 1.642374006752414 1.0786698060426727 0.5241285261066643 0.6102772527142836 -0.48647892215739835 -0.34086479589570756
1645102058.615631 2.800830155767872 1.641884378576147 1.0789984202631708 0.5187941525759386 0.6167490842303468 -0.4882358082470831 -0.33481131584492396
1645102058.622219 2.799883179672476 1.6408901771445425 1.0790329155176317 0.512310054842544 0.6228343586204068 -0.4907782060187951 -0.3297757916480117
1645102058.628821 2.7997779128723086 1.6398298549398183 1.0794978709838274 0.5072980790087781 0.6295455293256982 -0.4926274850856915 -0.3219298579737146
1645102058.6354282 2.799242436448129 1.6378404280286232 1.0792729707279323 0.5022656209429207 0.6332131309548337 -0.49611657686413013 -0.3172354356568337
1645102058.642029 2.798641382745128 1.6361501102773897 1.0793142212211049 0.4975902648027757 0.6368267994060723 -0.4989183543440357 -0.3129466622589455
1645102058.648648 2.79748756151371 1.6347685163357222 1.078879039305693 0.49094138522547753 0.639830805441058 -0.5036917551060903 -0.3096566976703364
1645102058.655236 2.7962080464179575 1.6332025156391528 1.0784232030829686 0.48355230475946964 0.6424773329629165 -0.5086815312632593 -0.3076406046721829
1645102058.661831 2.7955733369376423 1.6318410575199545 1.0784638083390918 0.47817026297763604 0.6453379404209674 -0.5118675144257717 -0.3047677135750965
1645102058.668424 2.7948537319387166 1.6300965215389756 1.0783272862807394 0.4723234757815713 0.6473197259675635 -0.516021095572845 -0.30267069304418415
1645102058.675057 2.794266795948852 1.6284577545034464 1.0783041948662226 0.46656320076240954 0.6492547618058868 -0.5199912046542814 -0.30065889208006613
1645102058.681629 2.79343637159106 1.6271413328844635 1.078252820965559 0.46013736634303026 0.6512929565732739 -0.5241360441034139 -0.29895153193451085
1645102058.688236 2.792533441663204 1.625588335326837 1.0782054685119928 0.4538694757683116 0.652671816927666 -0.5285976954583116 -0.2976677079057447
1645102058.694824 2.791814391975387 1.6246445260943077 1.078316487287904 0.4470893642962359 0.6548448001901496 -0.5328289034130813 -0.2956051401725169
1645102058.701419 2.79162799058958 1.622589501324781 1.0786358445679733 0.443153095488148 0.6558979272496609 -0.5358636952120313 -0.2937055713305966
1645102058.708035 2.7908226965683416 1.621260469612883 1.078509761783335 0.43704711202311514 0.6561605951361945 -0.5410142251047516 -0.292824692941815
1645102058.714622 2.7898237490073123 1.6196186040783191 1.0786576819954519 0.43094417828781734 0.6570334880674916 -0.5453366505915648 -0.2918932791223106
1645102058.721219 2.7896233511647544 1.6185668228722667 1.0791909343841664 0.42620586843261626 0.6587451539700218 -0.548175494220072 -0.28966629759929285
1645102058.727872 2.7886861035995305 1.6171713704110593 1.0793476929098345 0.42053199009547204 0.6594407957977768 -0.5521307158719797 -0.2888632319433327
1645102058.734425 2.786798561236677 1.6162326978473038 1.0797009399172937 0.4138003584617133 0.6594749801479601 -0.5560386812689296 -0.291002680857299
1645102058.741017 2.7867929498766064 1.6143295802010775 1.079924933671888 0.4103119687853783 0.6593325273089871 -0.5597439860237219 -0.289155536087626
1645102058.747668 2.7858450583059953 1.6126515478708967 1.080179660726452 0.40590529994484137 0.6592374801996751 -0.5633669059378373 -0.28855526957881084
1645102058.760865 2.785228836357773 1.6102880462874027 1.081778327803417 0.3993583966707763 0.6589466741023429 -0.5675370527271902 -0.29017827799949863
1645102058.7674618 2.7843919168185995 1.6089624063067924 1.0823772979967667 0.3957174014945956 0.6581493875069729 -0.570670576197625 -0.2908295224379873
1645102058.774057 2.7831347247191824 1.6072952583236582 1.0826308947291723 0.3921425356263737 0.6562387470495415 -0.5747711772182779 -0.29191196588812224
1645102058.7806568 2.782331874528219 1.606056923817373 1.0833471937499388 0.3891834923741581 0.6548481780585558 -0.5775895068253358 -0.2934281011491271
1645102058.78722 2.782326450941768 1.6067599633100178 1.0851071091896645 0.38664129661602464 0.656426372243993 -0.5773787602279297 -0.2936771468310564
1645102058.793849 2.7814894404203567 1.6040418147806919 1.0853102827726762 0.38561552720315706 0.6522220788907328 -0.5815042772628549 -0.2962421503757629
1645102058.800456 2.779644914694749 1.6033458947101769 1.08618611192503 0.38179752699204855 0.6498933900861322 -0.5847589370722713 -0.29987634728961166
1645102058.807055 2.780155148661592 1.6018828999738273 1.0871293741632926 0.3823834007492539 0.6478770297753798 -0.5867508844627514 -0.29960193499345567
1645102058.813652 2.7812683967352085 1.6019988235269162 1.089249235002124 0.3846803711389007 0.6478822984720471 -0.5841886931617599 -0.30164996789653636
1645102058.820276 2.779016551450696 1.599825991013866 1.0894960732576968 0.38080347702231465 0.6434038762287241 -0.5906992380282221 -0.30347024532250705
1645102058.8268669 2.7800936268998626 1.6003001338901655 1.091477481624568 0.38300685536581036 0.6423706615514941 -0.5891482031609071 -0.3058916678567714
1645102058.8334239 2.7795625853960577 1.6000079268618892 1.0926024917347381 0.3812975018707261 0.6386318009262842 -0.5930639521162773 -0.3082797223049138
1645102058.8400269 2.779157616202349 1.5989238347100454 1.094031297542821 0.3820233788998849 0.6363719735953542 -0.5938477956437651 -0.3105370822210362
1645102058.846635 2.778426332007764 1.5986335505137068 1.0952627413883411 0.3803361929358109 0.6324311472264303 -0.5980848198677554 -0.3125209942070624
1645102058.8532228 2.7776281336048574 1.5976844772709602 1.0966165236760474 0.3802375735040545 0.6289240467766463 -0.5997534557165821 -0.3164954425926935
1645102058.859821 2.776918054551227 1.5970896232867309 1.0978295237815474 0.3795072723146599 0.6247842420040541 -0.6029422811364524 -0.3194981264427125
1645102058.866421 2.776348917139843 1.5979677171109503 1.0993069457090774 0.3773683138289479 0.6209194466036803 -0.6071078972473314 -0.32167025276022176
1645102058.873065 2.775966057931489 1.5963494739037576 1.1004785186317374 0.3784813410395414 0.6145081351980959 -0.6103530049005208 -0.32649716928966416
1645102058.879623 2.775747971457897 1.5960034142830215 1.1020296115720174 -0.3785514000779359 -0.6111268975642918 0.6121715670977165 0.32934480563678953
1645102058.8862212 2.7754580629659498 1.5956594204567003 1.103540420262124 -0.3785136236590272 -0.6068233132584574 0.614652885008503 0.33270723862447676
1645102058.892822 2.773779821648909 1.5948364501212193 1.1046645401841184 -0.3753231811288617 -0.6009828119231768 0.6203131335088626 0.33639722044375975
1645102058.899416 2.7758003182909183 1.5948439193741077 1.1068779510772557 -0.3786453472300209 -0.5998897184056852 0.6199862089293767 0.335225956201409
1645102058.9060612 2.7753597693014136 1.5945847275743343 1.1084245135896835 -0.37858267458567346 -0.5953480001889588 0.6223488892814317 0.3389942666713649
1645102058.912676 2.7737110169516614 1.5946305929267623 1.1095761788367677 -0.3775674482198954 -0.5893582723779737 0.6241607497820031 0.34716332741210215
1645102058.919221 2.772778215750124 1.5943611807318052 1.110982554237027 -0.37530655987600614 -0.5846501997904182 0.6284072541636877 0.34990398653829813
1645102058.925824 2.7740295046750805 1.594369521641668 1.11321002336224 -0.3778606299617284 -0.5807088839819294 0.6301115824578254 0.3506525820562153
1645102058.932425 2.7727121371807177 1.594474919660433 1.1146820508242319 -0.3768706852078586 -0.5761848479493671 0.6305316648741582 0.3583415695903258
1645102058.9390159 2.772669888388787 1.5945970914746395 1.1164646830910243 -0.37731118547676673 -0.5720702444365287 0.6318011935095472 0.3622132861688611
1645102058.9456298 2.7717260670604853 1.5938903410935519 1.118202220220755 -0.3755878830909949 -0.5670844260112904 0.6354170885326146 0.3655044114373841
1645102058.952251 2.7714921519894298 1.594279298175445 1.1199271063099032 -0.375023905392844 -0.5630493421682736 0.6370319539865731 0.36948898416246
1645102058.958853 2.771487684375003 1.5940434853312333 1.1217605410847173 -0.3751680449310773 -0.5586255600675704 0.6391740645421563 0.37234694991702827
1645102058.965421 2.768708503520794 1.5934660570915413 1.122807092676883 -0.3705228792085688 -0.5518338120651785 0.644753791267562 0.37747062652246827
1645102058.9720352 2.770919439103806 1.5948858840007563 1.125200962349096 -0.3739574310469976 -0.5508983034794253 0.6417660269301435 0.3805293697696141
1645102058.978626 2.76960316279999 1.5945549812003774 1.126556885189122 -0.37196659399969245 -0.5454225311903002 0.645160543434258 0.3846066991189172
1645102058.9852211 2.7658509553282813 1.5939674876895702 1.1278334480292882 -0.36474767379454387 -0.5392198122465943 0.6532780025762487 0.38655959952569363
1645102058.991822 2.7712765201971328 1.5955957323788468 1.1306244715978577 -0.37223791095037595 -0.5406699096064057 0.6467000803952176 0.38844992786370053
1645102058.998465 2.7723598111605745 1.596881172692319 1.132476979512887 -0.37476405813458324 -0.5369134395106957 0.6447568355444453 0.39441582869459607
1645102059.005024 2.7725971342031186 1.59730029450965 1.1341693389675196 -0.3748060818597384 -0.5336572381795488 0.6450538803199253 0.39829025244707933
1645102059.011638 2.7715031975034092 1.5968798103894966 1.1358015155500372 -0.37170787778146724 -0.5305295890572114 0.6484491978273557 0.399855692753885
1645102059.018226 2.770624095931851 1.5975265553506506 1.1373542753437127 -0.369899406962028 -0.5261202291660764 0.650207776925971 0.40447639132852464
1645102059.031452 2.77538090085526 1.5988247031325564 1.1412178423466341 -0.37613587928430564 -0.5233976133522993 0.6456111341322347 0.4095878959578933
1645102059.038075 2.770660131896627 1.5993397106884948 1.142397283667497 -0.36725940384716427 -0.5180451998813216 0.6515225901046737 0.4150509556033829
1645102059.051299 2.769856065064434 1.5993320299190121 1.1450271117095572 -0.3649190358276135 -0.5105271146308643 0.654525068049219 0.4216542952322976
1645102059.0578449 2.771108968155016 1.600487566040746 1.1467457734782107 -0.3658429627224336 -0.509775299555381 0.6527692474774592 0.4244757234978114
1645102059.0644522 2.7692199680749976 1.6013702532784444 1.1482657427065548 -0.36169161124881877 -0.5055321509533729 0.6541322520279825 0.43096015946510063
1645102059.071021 2.770546603420322 1.601304582767162 1.1493971131304137 -0.36298905340766097 -0.5040537094745929 0.6534712545772429 0.4326007300990916
1645102059.077698 2.770579117989247 1.6019210918740534 1.1507441591132976 -0.36168044159234264 -0.5015401417056194 0.6534807173625102 0.4365855884514992
1645102059.084221 2.771014166147304 1.6026280410731686 1.1520485948832087 -0.3608658320393336 -0.5000248027147723 0.6528984179903504 0.4398567789700235
1645102059.0908532 2.7709465879456463 1.6033394642430112 1.1532390044135212 -0.35915437842160863 -0.4978281193297626 0.6529632840598578 0.44363666299317084
1645102059.097431 2.7699995571962943 1.6048004858269735 1.154706398019123 -0.35529409439335324 -0.49601888124452553 0.653113737348201 0.4485232762288629
1645102059.104026 2.769756644930035 1.6053064113548141 1.1557445335719458 -0.3530537246525979 -0.4941464874163624 0.6540649996445977 0.4509663014650875
1645102059.1172569 2.771727341949722 1.6059273808378234 1.1576802753249316 -0.35362624782662955 -0.49125715008678916 0.653074165716791 0.45509158172918873
1645102059.1238499 2.7706471031927316 1.607287266707967 1.1590106083612408 -0.3498534632188383 -0.4891494863349857 0.653162847650735 0.4601227769947833
1645102059.137099 2.7723314502508587 1.607787087791396 1.1606757040832707 -0.349815341909256 -0.48579941370838475 0.6528557590211197 0.46411933243589304
1645102059.143636 2.7724597613595634 1.6082708337061726 1.161566420876522 -0.3483719351743116 -0.4834848303740936 0.6531098628360924 0.4672538956315195
1645102059.150221 2.771965772319886 1.6097239494825708 1.1627070876682217 -0.345149190393686 -0.4817755526354971 0.6525605636323258 0.47215290583851205
1645102059.1568232 2.7717372290538345 1.610221003101031 1.1635435601267368 -0.34271320925832705 -0.4790265296375773 0.6537053441769484 0.4751314955899137
1645102059.163441 2.773374676740659 1.6106270464316679 1.1639108633396495 -0.34445240447525494 -0.4769125541853839 0.6526720742386942 0.47741530127535214
1645102059.170026 2.7728455982807225 1.6114528060262612 1.164969186934466 -0.3404420047859998 -0.47485140303692136 0.653469610928065 0.481240228666083
1645102059.1766348 2.7727022440248987 1.6121783077693295 1.1656367311904834 -0.3383736270686974 -0.4726597637788902 0.6536808686459988 0.48455815645542316
1645102059.1832252 2.7736872666918613 1.611773129366761 1.1664028689564465 -0.33921199026701526 -0.469385016878638 0.6553768813950096 0.4848642220947845
1645102059.1898172 2.7740573838721687 1.6126549585244574 1.1671016267893457 -0.33792027764341964 -0.4670048535532421 0.6550231231213031 0.48852871795904723
1645102059.1964228 2.7745785318750253 1.6135967282746264 1.1674376626249556 -0.33484598649587244 -0.4682044733100707 0.6553582382986152 0.4890476165347461
1645102059.203019 2.7757818245359487 1.6132548534712063 1.1677176148308919 -0.3356039890616202 -0.4660041889950799 0.6563016817204993 0.48936434087746256
1645102059.216257 2.7761934674157 1.613753581284907 1.1682597924314027 -0.33455833411720814 -0.464235815496384 0.6566943188016435 0.49123084741755013
1645102059.2228281 2.775710587367232 1.6144579748729817 1.1693232668522073 -0.3336030525667035 -0.45987624933373117 0.6570645803054559 0.4954677430793484
1645102059.2294211 2.7759349519884107 1.6148633106819386 1.1698975678007668 -0.3321596128647602 -0.4575487906032176 0.6579372245347332 0.4974303417179283
1645102059.236021 2.777460097728144 1.6151171681113572 1.1698827903728748 -0.33126520954598604 -0.458045884345344 0.6578162670686188 0.4977291810840411
1645102059.242651 2.7776184411061466 1.6164529353849242 1.170662750392282 -0.32927385830728867 -0.4554555608204514 0.657200902845617 0.5022196263628301
1645102059.249226 2.777654839879766 1.6167614464508522 1.171187568915872 -0.3266696804305809 -0.4533638795939857 0.658568393551185 0.5040181321208717
1645102059.255858 2.7786125515703435 1.616811066838545 1.17126518243821 -0.3266526227328307 -0.45107625014177266 0.6592192031592283 0.505229672545949
1645102059.2624562 2.779567375026375 1.6173560050348317 1.1715693067345065 -0.3259308217178917 -0.4489470261386282 0.6591169138875514 0.5077197065782786
1645102059.269053 2.7791953836724423 1.6182189518191197 1.1723465367292838 -0.321483124147319 -0.44659785732730867 0.6601806634956838 0.5112329293460247
1645102059.275638 2.780667893341583 1.6179578852869445 1.1722576603979968 -0.3218904115720816 -0.4449043837094927 0.6607800381465316 0.5116788216034284
1645102059.282231 2.7808902929470825 1.6183779473054298 1.1725192701429674 -0.31990754276526806 -0.4425099012653151 0.6617913918460369 0.5136876607258909
1645102059.288844 2.780529754584296 1.619456968090022 1.173083073441324 -0.31671463995964344 -0.4401509470888063 0.6624978576927528 0.5167728735494113
1645102059.295421 2.7808317073150848 1.6197506134877253 1.1732419947706318 -0.3152063202075476 -0.4386142925913959 0.6636997855442541 0.5174591047610093
1645102059.302046 2.7816354065071773 1.6193294079940046 1.172996066273457 -0.31553694554798745 -0.4368494572750882 0.66525606075519 0.5167516343388393
1645102059.30864 2.781944190871222 1.619624076110452 1.1730216807515381 -0.3148870087281988 -0.43562254769998604 0.6661054976245827 0.5170892400459556
1645102059.3152251 2.7821057553477853 1.6209787153333586 1.1734394603171123 -0.31365754870798424 -0.4347451814249579 0.6653438833011566 0.5195496006654805
1645102059.3218188 2.7825033722581716 1.6213792597732384 1.173427949569642 -0.3135941057870532 -0.43472177766289616 0.6659733311675418 0.518800491527078
1645102059.328473 2.7827340081218477 1.621780109136616 1.1733531922495206 -0.3139826092002533 -0.434825375143139 0.6660935381658115 0.5183241192524358
1645102059.335028 2.782785987464317 1.6215426729176006 1.1734509184750572 -0.31556561520970106 -0.43377946363709474 0.6668156612377928 0.517309814757963
1645102059.341631 2.783680951552771 1.6214735381676186 1.1726617046398866 -0.3176611314611456 -0.4366939132871042 0.6659754971838645 0.5146504920505816
1645102059.348224 2.7835686497702063 1.6218500644168334 1.1724602515688933 -0.3191051093695959 -0.43798589029009233 0.6652185644610074 0.5136373513732126
1645102059.3548238 2.7828712574674674 1.6229251920706287 1.172639026610167 -0.31926506788507647 -0.4395318388751895 0.6636468704969968 0.5142501855672358
1645102059.361425 2.7833787861772143 1.623359278442757 1.1722761889878892 -0.322748965774513 -0.4417514717779623 0.6611614055923105 0.5133742163545297
1645102059.3680372 2.7857824274436647 1.6234534933188443 1.1715444414677283 -0.3300693130832115 -0.44667726383162515 0.6572364270291241 0.5094826214694156
1645102059.374624 2.783873083554317 1.624028043598381 1.1716090833895823 -0.32910380304694914 -0.4484912129114391 0.6565937622887029 0.5093424332469058
1645102059.381226 2.7861499195815997 1.624381007820565 1.17097325860635 -0.3366143287350583 -0.45428862042677726 0.6520405351601065 0.505128036910521
1645102059.387833 2.7873874905435625 1.624327145717378 1.1706283612999038 -0.34219257043316287 -0.45917071281855054 0.6479127810095465 0.5022691333708504
1645102059.394457 2.785911458691275 1.6253593223208627 1.17012419121316 -0.34359724973161243 -0.4618383520077478 0.6464220533842109 0.500782887668701
1645102059.4010618 2.7851242965979868 1.6256366597560816 1.1697615048834797 -0.3459040833081267 -0.4669648400702447 0.6445587122315096 0.4968275300486155
1645102059.4076722 2.7850054461941576 1.625820515033539 1.169350677922933 -0.34972259346824935 -0.471831007070698 0.6419794343200718 0.49288060242204196
1645102059.4142442 2.7855038365249154 1.6264723736277253 1.1689606486667248 -0.3544598354062352 -0.4777081156834768 0.637801997831165 0.4892454233335948
1645102059.4208279 2.7853579057869293 1.626691661154857 1.168484766394708 -0.35856173333828883 -0.4832662583465876 0.6348473422774507 0.48461874270842686
1645102059.427423 2.78584041628852 1.6264747923050733 1.1680828938742345 -0.36322441017215634 -0.4892387310666988 0.6312839407028161 0.47978471195720657
1645102059.4340212 2.7865701073062144 1.6274601394718575 1.167607065418688 -0.3694005235624805 -0.49472394898961913 0.6256255079856863 0.47684740512652646
1645102059.440623 2.7847440638668908 1.627232761363725 1.167526712472609 -0.3713016007138839 -0.4980153046736607 0.6239187002468097 0.4741735956428387
1645102059.4472241 2.785323989294501 1.6280935364322753 1.1669045976614145 -0.374711458672177 -0.5054394441329683 0.6188870974482209 0.47021304653446777
1645102059.453821 2.7859090439667886 1.6284995786889767 1.1662979335617587 -0.38051954378615105 -0.5106499689859503 0.6129342120427297 0.46770971292646907
1645102059.460421 2.7857492492696445 1.6286063364624532 1.1659920493646907 -0.3829569352943603 -0.5166658156220083 0.6098387955004929 0.46313746256758165
1645102059.467049 2.785707580559341 1.6289387838132943 1.1655602466976365 -0.3860145218217029 -0.5222361583797834 0.6056890896171602 0.4597848703505789
1645102059.473624 2.78864004594224 1.6299733484052463 1.1656666589702467 -0.3926901928479651 -0.5317484579696765 0.5978256326964855 0.45347736990763116
1645102059.480222 2.7883868380577552 1.6307589718590896 1.165485247042625 -0.39474045122996876 -0.5373467174971991 0.592536742351483 0.45203755795150186
1645102059.48682 2.787067121256703 1.6307756841399605 1.1650043352900077 -0.3954457835286324 -0.5405083303065806 0.5898651910753318 0.45114485106227487
1645102059.4934258 2.787270193438696 1.630304818876765 1.1643863770545246 -0.39910454589607164 -0.5439987579394913 0.5855528473570035 0.4493416724280595
1645102059.50002 2.787314513880105 1.6300056788449941 1.1638490250415932 -0.40103167332871925 -0.5493826859393064 0.582095942565542 0.4455510510724353
1645102059.506621 2.7865790138258255 1.6310203657074631 1.1637216286175276 -0.4010649912432157 -0.5546034867272086 0.577718938527059 0.4447492322067441
1645102059.51322 2.787905364742733 1.6327049517452403 1.1638731773238653 -0.403363733994736 -0.5621653804526806 0.5712109894438219 0.4415710872465494
1645102059.51982 2.787828761873602 1.631648474301441 1.163119422350916 -0.40677629555221173 -0.5649421672428893 0.5675001751480881 0.43967720495205787
1645102059.52645 2.7868369862429603 1.6321025965061584 1.162781038420976 0.40668594969715377 0.5689464703698689 -0.564190232489883 -0.4388569813701821
1645102059.533022 2.7880266531099336 1.6318135172992285 1.1624132651668109 0.41079246537979774 0.5740746481573274 -0.5590981653874414 -0.4348524660689586
1645102059.539652 2.787575590642297 1.6338451670355 1.1626922274295044 0.41051933035844596 0.5817334999449068 -0.5536882462983502 -0.4318437106332928
1645102059.54622 2.789892763691618 1.6332122390543373 1.1623243772137837 0.41711676548322524 0.5864748923355204 -0.5469504009504654 -0.4276747308545199
1645102059.552819 2.7881639931005364 1.634376398457046 1.1622424850390474 0.415661957404583 0.5922970667345661 -0.5439703387669153 -0.4248591245140573
1645102059.559419 2.7880626771421584 1.6345807672196073 1.161932614747564 0.4183729821312072 0.5968737294937243 -0.5387657048376259 -0.4224178616489653
1645102059.566019 2.7866988842428158 1.6341939388606581 1.1608221885881647 0.41816347240491253 0.6010406720573775 -0.5384857867946191 -0.41703962134211925
1645102059.57266 2.7880867322430345 1.6335062348590657 1.1606890406593484 0.42434225329757025 0.6042322306499551 -0.5302784281898795 -0.4167030088571662
1645102059.579265 2.7907369648743914 1.6336726758164661 1.161399092251815 0.4304794692527041 0.6108353587007752 -0.520908852249088 -0.41257867709384555
1645102059.585824 2.7955926496304166 1.634196920952067 1.1629190932016593 0.4412112838252117 0.6184120313333397 -0.5068250303382338 -0.40746423327510767
1645102059.592449 2.7908933947741104 1.6347801371963766 1.1606878132446175 0.43517443410674 0.6219305455020394 -0.509792938429627 -0.40489059223235313
1645102059.599054 2.7901192606728844 1.6346868247814814 1.1601148718008292 0.4343617947547542 0.627764015959054 -0.5069043122911274 -0.40036210171340697
1645102059.60564 2.794951937688329 1.634787131598123 1.1616631366260657 0.44549340202780346 0.6338344602627085 -0.49180192522786176 -0.3973915121543298
1645102059.6122339 2.7895578285363696 1.6359206824565438 1.1589263373374163 0.4370064715532746 0.6379285064478666 -0.49674174340924626 -0.3941063250351453
1645102059.618861 2.7865667422436817 1.6359121766911695 1.1571707929508979 0.43320778893173273 0.6424714682924627 -0.4974097369640467 -0.3900571733607717
1645102059.6254568 2.7899004661902698 1.6359552936931603 1.1585102875781315 0.4395403133034891 0.6488291678085384 -0.4845661918546403 -0.3886132930411438
1645102059.632023 2.7911011638646133 1.6354212427904207 1.158144463720599 0.4434068529424456 0.6540541338402688 -0.47808403589700293 -0.38345632249564027
1645102059.638624 2.790428270938373 1.6359198460298463 1.1571213089314747 0.4435874638186545 0.6585978967498041 -0.47447159226609564 -0.37994110741528997
1645102059.6452181 2.7905833335705466 1.6358799530103958 1.1568487921615984 0.4441139978203774 0.6642988055954818 -0.4685819144597995 -0.37669669709201425
1645102059.651859 2.789590996495833 1.6363280138840026 1.1557704647126137 0.44321523489997694 0.6693394659372873 -0.4657732950609 -0.37228993774912716
1645102059.65845 2.7909127939143636 1.6359917656769132 1.1557530625360943 0.44714194758950376 0.6745102630502677 -0.4586367054512051 -0.36708574430058344
1645102059.665065 2.790710485978716 1.636266838860734 1.155156078186955 0.44831411634017676 0.6791604418858178 -0.45284502378753144 -0.3642616869744675
1645102059.671654 2.7911374233278496 1.6362865291362527 1.154690291590433 0.4507534688395209 0.6838789386112323 -0.44707786747653305 -0.35951615573047857
1645102059.678221 2.791146149148942 1.6364591711309455 1.154103224416349 0.4522556504906069 0.6880600423722881 -0.4419339122945159 -0.3559946438775179
1645102059.684834 2.7913541435811036 1.6365046608732385 1.1536364175027076 0.4536425059625217 0.6922088369640107 -0.4367824685844713 -0.3525281522086639
1645102059.691425 2.791025881006686 1.6364346374116352 1.152603232112368 0.4535862181939091 0.6954245100589755 -0.433615414732531 -0.3501735941037307
1645102059.698045 2.7913051060370324 1.6365767261955577 1.1519534071564586 0.4553350763423822 0.6991067394869656 -0.42887797802709604 -0.3463856746001846
1645102059.704656 2.7913022527259765 1.6364612321030636 1.1511389907983187 0.45634252233849343 0.7024354331698451 -0.42560405999134854 -0.3423400289982819
1645102059.711225 2.7906514650544625 1.6365914818198202 1.1498641946323287 0.4556051781560034 0.7053407304620198 -0.42396021304358383 -0.3393754458151613
1645102059.717838 2.7914276194744545 1.6366644602659781 1.149380822469766 0.45812421752365273 0.7088174289384487 -0.41961677947260706 -0.3340979863040357
1645102059.724419 2.7904205829458526 1.6369952817010163 1.147970031342425 0.45726012067269034 0.7118139182603871 -0.4190244682332117 -0.32962436972072146
1645102059.731029 2.790726973173744 1.6366724213282675 1.1469198407851142 0.4587308728094741 0.7141605708516547 -0.4162567080186352 -0.325991818073893
1645102059.7376199 2.7904276916607023 1.6370862424502743 1.1458021950255108 0.45994036444624076 0.716749955097074 -0.4143006382013751 -0.32105909618431305
1645102059.744226 2.7901784950322264 1.6373514676392262 1.144974205408889 0.46130783139706344 0.7197524102282311 -0.41187079438300644 -0.31545774580443064
1645102059.750887 2.791171104786739 1.636709065504619 1.144155238926526 0.4651519516987532 0.7213007576295217 -0.4080550582364916 -0.31120666575802086
1645102059.757439 2.790605785313036 1.637056296307147 1.1432077052103942 0.46631258073378523 0.7240926267590918 -0.4063160951814316 -0.3052036475367696
1645102059.76404 2.791002015935453 1.6370868124948155 1.1425584381454208 0.4694826498798671 0.7257502805168391 -0.40222051272220544 -0.3018125068376498
1645102059.770653 2.7909634673151613 1.6369474587765904 1.1415480266966511 0.47113805629856714 0.7273581581640529 -0.3999158440786894 -0.2984057950751294
1645102059.777217 2.791186211272932 1.6368705525148937 1.1407182801664972 0.4734502736089896 0.7288734458145263 -0.3970034534894661 -0.2949173504872568
1645102059.784256 2.7919615702963423 1.6358823623181669 1.1393752228922893 0.47639400844844215 0.7289957622639053 -0.39450094912200745 -0.2932278459469623
1645102059.790422 2.792044309489647 1.6351547225540406 1.138003798280916 0.47809823509939664 0.7294348143079644 -0.39351565094983426 -0.2906749636042496
1645102059.797027 2.7920000241911618 1.635366727422096 1.136845364556828 0.4786695151947904 0.7310337002856168 -0.3918437541233947 -0.2879640002757413
1645102059.80362 2.7918257430947095 1.6345372957634146 1.1354373028522622 0.47900043940708553 0.7317763652804757 -0.39163333083914137 -0.28580558194462063
1645102059.810296 2.7921671615416432 1.6348191907242562 1.1351280722308705 0.4798202533596889 0.7344972117218578 -0.3891052288890438 -0.28086136410918866
1645102059.81683 2.7923653976999456 1.634684822237249 1.1344597610334854 0.4797492004789466 0.7367149621250839 -0.38799885476722284 -0.2766734524181909
1645102059.823453 2.791713702355565 1.634706927455478 1.1325668300601974 0.47861417774024423 0.7378441102285269 -0.3889720401683672 -0.27425344968362847
1645102059.830019 2.7911224915234687 1.6353367959714746 1.1318439902674517 0.47691250987941924 0.7406566223275524 -0.3884979021680771 -0.27027991454385264
1645102059.836632 2.790749356741216 1.634909246719255 1.1303087710497766 0.4762902137439218 0.7417458963952581 -0.389294388097692 -0.26722676593089867
1645102059.84322 2.7910964660299795 1.634655772714667 1.1296629661343538 0.4770149121035454 0.7430632674691329 -0.38748599577698895 -0.2648923338748096
1645102059.849834 2.7911347209239445 1.6344586714249183 1.1287812902252794 0.47699366189247644 0.744228865261698 -0.3866389212060699 -0.26288852403071383
1645102059.8564212 2.790995315039011 1.6340925613252257 1.1274856504618034 0.47683465858932056 0.7450541885797168 -0.386625078161327 -0.26085168643590945
1645102059.86302 2.7907243295468116 1.633632045893495 1.1262724509322426 0.4764524558857335 0.7457369126156942 -0.38694764400180637 -0.2591151931569863
1645102059.869641 2.791067966641357 1.632659952635091 1.1256967101441753 0.4773616045124385 0.7462311004436772 -0.3854166493468612 -0.2582995394656614
1645102059.8762188 2.790666046603912 1.6327413204529753 1.1243833888870007 0.4758976143683949 0.7471200245041115 -0.3862782982650904 -0.25714169532326403
1645102059.88942 2.790739433140268 1.6319622060497916 1.1236883383179628 0.4759324682799378 0.747826798031401 -0.38578398724556473 -0.2557609192709259
1645102059.8960261 2.790629706033911 1.63137585817271 1.1226672364284676 0.4753118276794446 0.7482251043950734 -0.3866470621082878 -0.2544436124621637
1645102059.902622 2.7912627484752313 1.6290920034967469 1.1210191338376103 0.476682840103462 0.7463110071461514 -0.3878908413525929 -0.2556044284424924
1645102059.909216 2.7913779234724037 1.6286457811327113 1.120106160351949 0.475495252108784 0.7467065872359291 -0.3896632834199947 -0.2539600326934481
1645102059.9158258 2.791263765735992 1.6278090678343506 1.1190336257236966 0.4753697101410998 0.7462547271316842 -0.39201995561844194 -0.25188787336840074
1645102059.9224231 2.789835877316156 1.6281834709952723 1.1182511001436215 0.4717857657131317 0.7482129708856251 -0.3948208325353135 -0.2484183212372313
1645102059.92902 2.7904055039919182 1.6261633332261556 1.1168930022993089 0.4727996557229557 0.7460944007167996 -0.3969174410137119 -0.24951913503023546
1645102059.935659 2.790477107162881 1.6251663263576077 1.116022600160022 0.4729531289732685 0.745237293200561 -0.39990306733994624 -0.2470098752138741
1645102059.942241 2.7902328147134976 1.6241182868457396 1.1148668625187357 0.47250628388279026 0.744295272406996 -0.40396728329534426 -0.24407464322806754
1645102059.9488199 2.7900483725141347 1.6233617006218748 1.1141706748674451 0.47196554827914877 0.743356915778024 -0.4071320560211866 -0.24271809297075211
1645102059.955426 2.7898802997815304 1.6223688687975422 1.1132188981235307 0.4716238851270784 0.7419572497271214 -0.4112774520625882 -0.24066750443370183
1645102059.962026 2.7893927852973217 1.6213431198835233 1.1121976755603438 0.4706408292660288 0.7403747893248418 -0.41597575603996617 -0.239387122667424
1645102059.968651 2.7888347154059274 1.6206932573830506 1.111254967132739 0.47008592278127087 0.7390432306818348 -0.4202302262357975 -0.23715072660503234
1645102059.9752262 2.789021816023134 1.6187921451390723 1.1099270522418339 0.47098134126891794 0.7358412625675723 -0.4247298843221248 -0.23731488683235336
1645102059.981823 2.7893975174274575 1.6167625109449448 1.1093860735930412 0.4722683946245525 0.7332288730535468 -0.42888072444326153 -0.23536975512138
1645102059.9884632 2.788702163311306 1.6172496180121296 1.108593697598632 0.4685096202255589 0.7330563788568899 -0.4340629754826062 -0.23391440609648598
1645102059.9950259 2.7886448864765003 1.61484580750531 1.108063984988528 0.4706069609758393 0.7298289140741523 -0.4368681946048217 -0.2345732948232081
1645102060.001641 2.787903243926885 1.6140697187446897 1.1071065979884838 0.4688041812013621 0.7281617449621334 -0.44193657715880846 -0.23386914006602583
1645102060.008235 2.786961195146637 1.6136842421177007 1.1068338578408055 0.4664254041816319 0.7277891152091347 -0.44604322899296517 -0.23198139599024933
1645102060.014836 2.7869045125624647 1.6126945505583836 1.1064342323113219 0.46607902279687446 0.7261680742778737 -0.44941608301177277 -0.23124681665328983
1645102060.021426 2.7865337869409506 1.6117920296549872 1.1060026502235463 0.46511707944851205 0.724675974552836 -0.45330571151246946 -0.23027005615384513
1645102060.028018 2.785877117247019 1.6109500129255654 1.1054870012447728 0.46271785832941453 0.7238726003516843 -0.4579918462499693 -0.22834999068778883
1645102060.034635 2.785543421802377 1.6097684381836983 1.1049664950932419 0.46138413792991173 0.7222858711943762 -0.4626027773929669 -0.22677305745988946
1645102060.0412211 2.785114213042118 1.6085209086149377 1.1046084143389632 0.4594955334578272 0.7209450049988966 -0.4672205358884282 -0.22540337334063557
1645102060.047832 2.784699590542377 1.607291511286259 1.1040929963501998 0.45774036256619977 0.7194414685774091 -0.47216192572337756 -0.22347347596517153
1645102060.054456 2.7843406016852037 1.6060931489713917 1.1036412958806943 0.4560778744522554 0.7179363439203642 -0.476975588690591 -0.2214819084701086
1645102060.061022 2.784328098176844 1.604962422451496 1.1031874060069686 0.4555130006190731 0.7162020317528556 -0.48115881038670416 -0.21919929824083123
1645102060.06762 2.783876733473096 1.6039484881807784 1.1026764350324774 0.4536260521611997 0.714043564776607 -0.486702846937985 -0.2179107971462211
1645102060.074215 2.7833268348776015 1.6024518273767407 1.1023482855079145 0.4518749115210407 0.7123662404803036 -0.4911000410166621 -0.21717220612194468
1645102060.0808241 2.7825659017452473 1.6009533846157218 1.1013127606039486 0.44909978917082677 0.7101310552001997 -0.497733530400643 -0.2151376223566821
1645102060.0874639 2.7819753253030073 1.5999609850419143 1.1017145419650185 0.44832507257055415 0.7095153049087681 -0.49891669462097854 -0.21604251520147952
1645102060.094026 2.7814564689046573 1.5987805063459206 1.1014284243269759 0.44660245707846447 0.7080798992333107 -0.5029272558987636 -0.21501824367885022
1645102060.100661 2.7808206365447803 1.597791246648287 1.1011563384456047 0.4442990877516303 0.7068639795954312 -0.506695260446791 -0.2149443948476012
1645102060.1072252 2.7803292219304834 1.5966500424189989 1.1008942184996808 0.4423195248969005 0.7055884562624045 -0.5104034466513337 -0.21444411709598288
1645102060.1138291 2.780456567252905 1.5951098333936773 1.1006131421422858 0.4413400270203922 0.7042192417798524 -0.5144275939843722 -0.2113244882864918
1645102060.120427 2.780010613483839 1.5940147451644944 1.1004462381242581 0.43882026921636824 0.7036818859482078 -0.517754584382582 -0.21023398226108436
1645102060.1270242 2.779505653148005 1.5931039703758527 1.1000798853205707 0.4356107747920357 0.7028644845222559 -0.5219669900986864 -0.2092243910342009
1645102060.1336288 2.779180273912619 1.5917380485890598 1.0999179328034332 0.43301773733282256 0.7020853673545383 -0.5255121526507366 -0.20834655352474438
1645102060.1402292 2.7786140889132707 1.5913631259776972 1.1001485039523689 0.42974928892033876 0.7025346284989185 -0.5274228649486236 -0.20877113838819816
1645102060.146826 2.778340253177057 1.5903605139108798 1.099950926420236 0.4268811791631505 0.7022859430622709 -0.5307796605312204 -0.20697697660631345
1645102060.1534238 2.778795923154451 1.5896965523576416 1.1000642738518982 0.42555630918418813 0.7029375969296124 -0.531741526533123 -0.20501483732575368
1645102060.160217 2.777307442572401 1.588670415945402 1.0990531974323754 0.4192539933205925 0.7015090774250448 -0.5386697083375215 -0.2048063864853115
1645102060.16662 2.7772342539784702 1.5876934078718863 1.0997990287055415 0.41859030977274003 0.7022351120754555 -0.5382497522208725 -0.20477989100904861
1645102060.173227 2.7767579543674827 1.5872773027336948 1.0995649388949755 0.4147190328676643 0.703293483533059 -0.5394427189790515 -0.2058824487575512
1645102060.179861 2.775998498591902 1.5857982129887682 1.0991682344463134 0.41279242818059436 0.7020401808960547 -0.5426845234621201 -0.20551181336395777
1645102060.1864269 2.7760833886415024 1.5860189603568977 1.0987415653039676 0.40955829349795875 0.7029000140594889 -0.543654331101339 -0.206477979560062
1645102060.193027 2.7759431689344587 1.5852724583328572 1.0990353485253985 0.40869226850246054 0.7044063993370313 -0.542092763771978 -0.20716483302160427
1645102060.199643 2.7761807803360674 1.5849241733495327 1.0994918592166527 0.409343452867433 0.7043463527137778 -0.5409485184485904 -0.20906553654602802
1645102060.206223 2.776336397701459 1.5848841220899939 1.099330623531864 0.40822783487938424 0.7056684679206671 -0.5395376820375967 -0.2104298637751042
1645102060.21283 2.7762340598747626 1.5847514298476844 1.0993544304061518 0.40761748896960076 0.7064261270820219 -0.5383938911708682 -0.21199467835489041
1645102060.219429 2.7757252328404416 1.584394044786211 1.0994815825104893 0.40746572217837435 0.7062896256329367 -0.5378696351310386 -0.21406197623566853
1645102060.22603 2.775988388376951 1.584742767750644 1.0993631630049707 0.40730555578635846 0.7077460212812416 -0.5354339585201868 -0.21565678065661611
1645102060.232621 2.7758814505846297 1.584802099756638 1.0993538811567924 0.4078742132466323 0.7082052784410685 -0.5335932850257289 -0.21762746437558864
1645102060.239228 2.775814959194947 1.585061259587338 1.0993504586424854 0.40873543464107076 0.7087260564444307 -0.5314093694830766 -0.21965068623171433
1645102060.245822 2.775698867223476 1.5853744128383216 1.09929116584589 0.40999621691620025 0.7089913679897764 -0.5291068199056146 -0.2219908346115692
1645102060.252477 2.7756313186705084 1.585750098776692 1.0992443495654936 0.4118844015845935 0.7090646799640803 -0.5263965503955874 -0.2246882082214809
1645102060.259018 2.77475566497266 1.585979255287057 1.0988315321862276 0.4122062897726474 0.7088588051086763 -0.525285585204701 -0.22733192286684573
1645102060.2656379 2.774771916649617 1.5865865482551993 1.0988143073989105 0.415055613119266 0.7086192111145481 -0.5221928884000788 -0.23000397925330032
1645102060.27222 2.774773136182424 1.5872745448669265 1.0987330848245251 0.4182947226174695 0.708149744477638 -0.518923841189985 -0.23296158554209945
1645102060.2788422 2.774785397420769 1.5880693030782793 1.098684859614854 0.4217720206794969 0.7076514404507955 -0.5155262207958996 -0.2357331900055855
1645102060.2854369 2.7740296593878 1.5894387939923098 1.0986420338771623 0.424089550621671 0.7070153073363368 -0.5122281613166944 -0.24062283374103507
1645102060.292026 2.7741961415659553 1.5902976225511518 1.098553063788755 0.42844749929100795 0.7057826569987291 -0.5089017837707328 -0.2435613519911128
1645102060.298624 2.7750858400632494 1.591181148791909 1.0987307822336871 0.4342226341723199 0.7045923828159186 -0.5049190441423016 -0.24506462230808543
1645102060.305239 2.775661449354157 1.5923322486716642 1.0984984825965045 0.4400033481015165 0.7027362988646852 -0.5017700774524875 -0.24654640593936228
1645102060.311855 2.7753512828186984 1.5930769764355972 1.0983359919456912 0.4434928671024528 0.7008916236601568 -0.49995245911974545 -0.24922297223351264
1645102060.318434 2.77583032205981 1.5940969875252375 1.0980620457455574 0.44925017675013806 0.6984470875855214 -0.4975521986902424 -0.2505740723735935
1645102060.3250182 2.775907862179643 1.595072337838494 1.097749004645263 0.4538432519747749 0.6957819603757389 -0.4959270659815878 -0.25292229177948433
1645102060.331666 2.776075752015087 1.596630994558632 1.0978534119453864 0.45813529305336864 0.6938404614221572 -0.49352422440252225 -0.2552075215074009
1645102060.338219 2.776323046258766 1.5976241946383627 1.0976938872269992 0.4631848323676406 0.6905674057473352 -0.49192740047040434 -0.25803779947114647
1645102060.3449159 2.7767722496524874 1.5986354625128762 1.0973220972559095 0.46868224028065547 0.6868965722397375 -0.4906175908226082 -0.2603920637012772
1645102060.351425 2.776727819941985 1.599623663473085 1.0970348378321098 0.4727396428262333 0.6833477128241338 -0.49001657532006593 -0.2635080242246538
1645102060.3580291 2.776845660507656 1.6015952625002385 1.0971630189646657 0.4767116900283583 0.680700658422605 -0.4883838719934757 -0.26622049674682846
1645102060.364626 2.777628529123084 1.6019233529051913 1.0967606269415004 0.4828081729553833 0.6757728371276046 -0.4872485989707172 -0.2698439067046034
1645102060.371238 2.7777864967078116 1.6030455729001232 1.0966175505346434 0.48666898542982906 0.6721555403641184 -0.48640726036136317 -0.273437029264121
1645102060.377821 2.7781212139266565 1.604994236376519 1.096974072215394 0.4902674208954022 0.6698185182831773 -0.4848332003353124 -0.2755309720247097
1645102060.384432 2.77863043761197 1.6062637324280717 1.0968222418115996 0.49459817686433927 0.665950790451431 -0.4838665825547396 -0.27884574506313387
1645102060.3910232 2.778839778876248 1.6069435029823183 1.0963528649733953 0.4983508445183604 0.6613197840945753 -0.4836422060986703 -0.2835354712287915
1645102060.3976462 2.779571457810815 1.6073045927476395 1.0961259789646565 0.5027162346929545 0.6566781775970116 -0.48354012745678737 -0.2867729550331411
1645102060.404223 2.780090228372866 1.608578229368027 1.0961636418317675 0.506384208015703 0.6534218704647944 -0.4823005244335939 -0.28982876819165276
1645102060.4108338 2.7802693892886046 1.6096316197676799 1.0958835698506404 0.5089318164097589 0.649422732197576 -0.4825056537152503 -0.2939836551659294
1645102060.417436 2.7806527182866296 1.6107535362453804 1.0957416701804363 0.5123556714472461 0.645668172369291 -0.48100298845188 -0.29873057308300016
1645102060.424026 2.781166959160269 1.6120100863869014 1.0956622783842158 0.5146890310210249 0.6424191335505358 -0.48076822510598644 -0.3020832555448985
1645102060.430629 2.7813085375158693 1.613892954217671 1.0956150283952129 0.5179173320622624 0.6389511930788832 -0.47873317727601156 -0.3071108584558585
1645102060.43723 2.781784451359468 1.6151056082048354 1.0954839144486206 0.520924546272811 0.6355036055078912 -0.4771160001726836 -0.31166128209968225
1645102060.443825 2.7827007445367715 1.6163602047742238 1.0959518800887478 0.5247440884710037 0.6326631933136287 -0.4737848293869474 -0.3160829080548814
1645102060.450442 2.7839048682437704 1.616708140201384 1.0960451819863715 0.5294357988755256 0.6290446401197693 -0.47168371398683495 -0.31861374428061573
1645102060.457027 2.7842186660681314 1.6176235896087658 1.0957887003463282 0.5331921190551205 0.6243256244306439 -0.4694233498078144 -0.32490767973457074
1645102060.4636412 2.785169186724383 1.6183515126955603 1.0957466624614982 0.5383807013822265 0.6199389295467468 -0.46610017392956127 -0.32950281427732603
1645102060.4702249 2.7867675053386334 1.6196164149740373 1.0966098330873861 0.5437997142358988 0.6183886611765533 -0.4605618275013334 -0.33130010625573747
1645102060.4834208 2.784592130892791 1.6219871750453694 1.095206725443386 0.5419794654081289 0.6144323265227049 -0.462278069719374 -0.3391603766767191
1645102060.490054 2.788040506457724 1.62306412847158 1.0962280506900821 0.5555483644965482 0.6058035871966656 -0.45083952679429606 -0.3480105840100121
1645102060.4966369 2.789231791401477 1.6239908253034192 1.0964358430306602 0.5612114541653368 0.6021151034846483 -0.44709147287411194 -0.35015406166673624
1645102060.503248 2.788171658126995 1.6274536843714853 1.0963513245473333 0.5604172068651069 0.6011315283508564 -0.4438042714219366 -0.35722658486731423
1645102060.516462 2.789688480936723 1.629844578992509 1.0966748334710603 0.5698146596047974 0.5943410923818935 -0.43489780933549704 -0.36460040886726314
1645102060.523031 2.7903114569842553 1.6310061769849515 1.0968028339330806 0.5743074904009909 0.5903889903399683 -0.43135048462910847 -0.36816871893025843
1645102060.5362828 2.791874532740851 1.6333430068624808 1.0972140578990761 0.5830620217576922 0.5838150782271185 -0.4233509361066316 -0.3741286570073458
1645102060.549422 2.7924757801007547 1.634453213782969 1.0972464155890855 0.5861798757885623 0.5810893452452436 -0.42054103178757096 -0.3766606942959898
1645102060.5560188 2.7933349707833846 1.6353196662881972 1.097427720057195 0.5906612849094816 0.5777599570124674 -0.41724501866588426 -0.37844286940803845
1645102060.562655 2.793894547724484 1.6365028162004867 1.0975310857396519 0.5933882133776013 0.5746426635609954 -0.4157667912993773 -0.38054401035343033
1645102060.569223 2.7946184701516006 1.6375805514939312 1.0977577576479336 0.5962332630432374 0.5725114635780422 -0.4127950142322884 -0.38253948338325383
1645102060.575823 2.7954327499067313 1.6382695368463327 1.098212928385272 0.5996672675476016 0.5693331165834287 -0.4102992940250666 -0.38459462033519687
1645102060.582423 2.795889203471738 1.6394573906673287 1.0982348224224168 0.6009901258230711 0.5673847916329765 -0.4093534715748887 -0.38641262037722374
1645102060.589018 2.7961472298945425 1.6399731348979156 1.0981568102473418 0.6035365625321707 0.5634708388948216 -0.4092933453897044 -0.3882305106242625
1645102060.595624 2.795683691181126 1.6420183795972587 1.097943578445875 0.6021725057178036 0.5637479543629487 -0.4100809493378007 -0.38911417552828864
1645102060.602221 2.7972932016501737 1.6417572931333029 1.0984981382572774 0.6064454666990208 0.5601209795743296 -0.40769734234348104 -0.39021899656988956
1645102060.608823 2.7969181434708754 1.642845419084939 1.098185902134085 0.6049497565522921 0.5582903253512081 -0.40991353786431434 -0.3928335766055502
1645102060.6154351 2.797244633057104 1.6437827860110856 1.0983241327481428 0.6047302131062684 0.5574558309490062 -0.40957987524683936 -0.3947003028366932
1645102060.622019 2.7974668613618836 1.6443502031925423 1.098429909514891 0.6059484753550832 0.555040519377198 -0.4099869115705244 -0.39581162346296717
1645102060.628621 2.7976176845720566 1.6446511033311815 1.0984098641538538 0.6063679216386398 0.553494671357961 -0.41095537999813614 -0.3963293556402495
1645102060.6352232 2.797716927451938 1.6449810759649384 1.0985160600491983 0.6066128503938144 0.5524870859182135 -0.4116469899787252 -0.39664245634134626
1645102060.6418262 2.7977585648602266 1.6452142810182147 1.0984490276078394 0.6063521327378748 0.5514703122478811 -0.41316405130836936 -0.39687858393867476
1645102060.648428 2.799680539972396 1.643236212857957 1.0993982015493815 0.6101644589087394 0.5506399904771992 -0.4116198970277711 -0.39378101578703817
1645102060.655018 2.7996379103760907 1.6433964299573927 1.099412746708344 0.60930980134205 0.5506331769207322 -0.41293308469825774 -0.3937391370334614
1645102060.661634 2.7995484867470286 1.643478258072559 1.099444623835884 0.6082481258829032 0.5509911733860916 -0.4142315598649329 -0.393516048655979
1645102060.668247 2.797656567397362 1.6455521506336626 1.0987011395276023 0.6025465472836091 0.5524353655333415 -0.41873998864492623 -0.3954861397437981
1645102060.6748211 2.7976666840797426 1.6454373999346488 1.0989769859576266 0.6012140855310558 0.5540430678690486 -0.4195872897219869 -0.394365413328616
1645102060.681431 2.797643703805639 1.6452056947306346 1.099199610663443 0.5997072462551061 0.5557199092127746 -0.42054702667174604 -0.3932764741704086
1645102060.6880279 2.7975486854796525 1.6449630859161184 1.0993020542984762 0.5973887131478784 0.5584640489855904 -0.4212988969527769 -0.39211162844868785
1645102060.694622 2.797353152062816 1.6447389840980968 1.0994801272737527 0.5953181761919714 0.5608505656099566 -0.42207945431787147 -0.39101349184258044
1645102060.70122 2.797147751703273 1.6443457783897326 1.0996686355909304 0.5934359820172689 0.5630103525282604 -0.42306596509702005 -0.389702302704563
1645102060.707815 2.7968943872752026 1.6438652060069268 1.0998049128348417 0.590511764807318 0.5667322328556895 -0.42349102038580533 -0.3882851392052521
1645102060.7144241 2.7965208895881952 1.6432386896921651 1.0999898281401181 0.5885860851629978 0.5692030270945758 -0.4241179626857813 -0.3869081690925775
1645102060.721026 2.796265553311703 1.6428949192987554 1.1004430130532292 0.585731889829321 0.5735656421752946 -0.42379593782737396 -0.3851457110241874
1645102060.727628 2.7960331461721672 1.6422447221554322 1.1005538297619704 0.5822679805427414 0.5777037904787852 -0.4247087291982255 -0.38320284813622474
1645102060.734238 2.7955719230188207 1.6415634047979342 1.1005440334280412 0.5792821191918831 0.580943462123636 -0.4263572916420997 -0.38099347656263394
1645102060.740821 2.795065689809379 1.6411060437345946 1.1008164882270792 0.5751252837373556 0.5855430854660708 -0.4272465158222172 -0.3792495415792426
1645102060.7474182 2.794516666122482 1.6403871227857658 1.1006593782064131 0.5712332845751233 0.5895296782235424 -0.42870465216467335 -0.37730522394841615
1645102060.754026 2.7942840034852177 1.6395552634895523 1.10087745462722 0.5678003692541294 0.594007858043213 -0.429712855939164 -0.37430456180456506
1645102060.760654 2.7937921275921673 1.638811714819475 1.1009701659583837 0.5638224504431815 0.5981943418502558 -0.43072765574860183 -0.37247963359556374
1645102060.767235 2.7929955354820857 1.6385218843258453 1.1012089523693207 0.5590283333643297 0.6025301040662955 -0.43099473851198566 -0.37240820462666957
1645102060.7738361 2.792854200000541 1.6375023316985227 1.1014215657730348 0.5559067188995139 0.6065166747968629 -0.4308493119991594 -0.370774505208307
1645102060.780446 2.792296527363196 1.636152737373926 1.10127780244808 0.5526159634153573 0.6091897321746403 -0.4326105066840293 -0.36925759684465836
1645102060.787022 2.792024716470654 1.6358302281021389 1.101668301017559 0.5489683404596719 0.6131699037538038 -0.4318803980379865 -0.36896527421899
1645102060.793646 2.792338417364281 1.6338087493146978 1.1018951036421782 0.5478467303358218 0.6153838478606998 -0.43205449104746246 -0.36673596291467714
1645102060.800225 2.7910583644612728 1.634002368295727 1.1018911642101394 0.5429889789112821 0.618524910006755 -0.4336615107324087 -0.36677960959561173
1645102060.8068311 2.79223843684661 1.631906174865114 1.1028065179258872 0.542604302119848 0.6227477707132755 -0.432876150718774 -0.3610867199296275
1645102060.813428 2.790651769298208 1.6310478773044812 1.1020246391659503 0.5368378373771817 0.6242581645966812 -0.4376874422756664 -0.36129795085796323
1645102060.820032 2.7903194922888055 1.6302795055909205 1.102292384515274 0.5327270880268227 0.6278112079054321 -0.44026244719900803 -0.35808309354157636
1645102060.826644 2.7889044276388444 1.6301743563216655 1.102166966331597 0.5267118977519037 0.6310907703207376 -0.4437987810543856 -0.35684911281057646
1645102060.833222 2.789123415346268 1.6281242440580281 1.1023755619620734 0.5241124355364041 0.633976284118246 -0.44691059249964304 -0.35164011822443747
1645102060.839851 2.7883230173373486 1.6270307146306584 1.102170265838052 0.518336315294051 0.6368411490787067 -0.4519210764393582 -0.34860829251315933
1645102060.846428 2.7871772313423406 1.6259938710851471 1.101711591748505 0.5122112696789054 0.6391564922669758 -0.45706066834524806 -0.3467184786432603
1645102060.85303 2.7867299437374475 1.6249702072259289 1.1017918475045712 0.5072325611222684 0.642391782525499 -0.461209003901518 -0.34254010995031386
1645102060.859651 2.7871542395229696 1.6231120680294189 1.1019007747762144 0.5048241414681947 0.6442971860392412 -0.4637335142887079 -0.3390938154441173
1645102060.866237 2.786234513373988 1.6216968585295126 1.101284577467339 0.49907804803700717 0.6458077358782923 -0.46883157922022023 -0.33771295093093723
1645102060.872824 2.787074800185527 1.6207416688827367 1.102281449557744 0.4960966814166216 0.6504816596098076 -0.4697621397670799 -0.3317903604743532
1645102060.8794591 2.7853559739193665 1.6205231833823792 1.1020646852554212 0.4883613087098625 0.653365558949425 -0.4741210533880222 -0.3313992230321719
1645102060.886026 2.784610472688532 1.619297139609662 1.1018388878464114 0.48281686217489894 0.6552526661646599 -0.478062609319365 -0.33013273383582714
1645102060.8926458 2.783760187743434 1.6182252944195745 1.101542549693594 0.4776585884245102 0.6566198726314844 -0.4809667079053311 -0.3307011634925572
1645102060.899221 2.7833006536012928 1.6168460340170383 1.101479073503143 0.47286777714428224 0.6585741738789223 -0.4840795277296066 -0.3291546513884475
1645102060.905833 2.7829840186887793 1.6158092739204417 1.1014852779059552 0.4683811953052485 0.6607616204073886 -0.48668472519364536 -0.3273388550838194
1645102060.912422 2.782523468260903 1.6148019762691124 1.1013693106013047 0.46349963851302783 0.6630958397784441 -0.4895372894806422 -0.3253072610099427
1645102060.919036 2.7821397889534674 1.6136673502202448 1.1013382893691204 0.4589298030632927 0.6653987448539288 -0.4924456219428237 -0.32268384092951846
1645102060.925649 2.780405446355477 1.6129000413278958 1.1006591842309106 0.4516959767682828 0.6679994761036377 -0.4978403840555651 -0.3192209373760971
1645102060.9322538 2.7812252164473534 1.611645584909686 1.1013719945102014 0.44937132627414295 0.6707093306760308 -0.4980635486639863 -0.3164596586680329
1645102060.938863 2.780592172717737 1.6108540595214322 1.1012152734870677 0.44400202573315845 0.6729291687239266 -0.5010182078259999 -0.31465679809315217
1645102060.945452 2.779831137634922 1.610034339349719 1.1010343761849417 0.4385139003495732 0.6751752510328553 -0.5035803317331938 -0.313449270264211
1645102060.952051 2.779948789566298 1.6090604437511538 1.101187196204561 0.43521653090070933 0.6776073874454568 -0.5050187781408473 -0.3104681101103198
1645102060.958687 2.7798258048750055 1.6078639465743056 1.1010964112475228 0.4315952121146258 0.6794891462874068 -0.5067683183173243 -0.3085539335473822
1645102060.9652429 2.7794001385353324 1.607283022922753 1.1010081558941467 0.4271946910681147 0.681581483025458 -0.5079577613794495 -0.30810695958652157
1645102060.971839 2.778904258886574 1.6066967386826454 1.1006813985207846 0.4226298637451975 0.6828259351217151 -0.5098973302632813 -0.30844292199764173
1645102060.978436 2.779103323961233 1.60600128989515 1.1007802277779892 0.4206051361501099 0.6847378656908311 -0.5096828544898291 -0.307324492352513
1645102060.9850261 2.777796826597975 1.6053837695625777 1.1004464254817665 0.41592724520214913 0.6854887757313447 -0.5113128877127003 -0.309303040557582
1645102060.991628 2.7776862163838656 1.6052286143512517 1.1004438989689762 0.41342119759366913 0.6872548679494499 -0.5110277782711392 -0.30921495666869603
1645102060.9982321 2.777243372288211 1.604828064680147 1.1003071006703222 0.411412209909359 0.6881892836537763 -0.5111064346627092 -0.3096858140897676
1645102061.004819 2.777530802170709 1.604352485063616 1.1002485388565764 0.4114198217950627 0.6888035062349329 -0.5101691784209508 -0.30985555936667714
1645102061.0114229 2.7776255705193575 1.6039919207191682 1.1001659344207786 0.4115770941520928 0.6891374350501158 -0.5092852399320492 -0.31035789784004436
1645102061.018059 2.7787860706564578 1.6033786691804168 1.1002296024941618 0.41443132993971815 0.6891582102013616 -0.507048218394159 -0.3101763045894805
1645102061.0246458 2.779342801784843 1.6032786376519337 1.100345803554852 0.4169531025533369 0.6891673913184352 -0.5049313515137056 -0.31022959931903477
1645102061.031254 2.779525266067477 1.603191359198254 1.1002680594535732 0.41912798824017233 0.6885235716567742 -0.5035308366011161 -0.3110036995566585
1645102061.037825 2.7785982294977645 1.603766423094692 1.1000316459511463 0.41965553196850713 0.6873989262130967 -0.5026506207503226 -0.31418772959472147
1645102061.044441 2.779915748093435 1.60328136127819 1.100207517680541 0.42580069446770497 0.6864492478602919 -0.4991351970629924 -0.313599804525908
1645102061.051052 2.779928306519136 1.6035470261798284 1.0999548277910611 0.42919704603164355 0.6844253102521791 -0.49745560875686673 -0.3160529225920496
1645102061.0576231 2.780194159672759 1.6039721514416383 1.0999115448993924 0.4336706293746766 0.6824263045183 -0.4953243391407623 -0.31761228771698885
1645102061.064286 2.7806568870844277 1.6043395183371523 1.0997891583441282 0.4394663033326971 0.6798713824495762 -0.49299330185495993 -0.31874979597144376
1645102061.0708249 2.7812477498368935 1.6049258696059727 1.0999097044493578 0.4453480019895505 0.6772021487863422 -0.49027258465336665 -0.32046029986661995
1645102061.0774348 2.7816046171745925 1.6055753625065816 1.099754901581298 0.4511222710804523 0.6740830547004214 -0.4881630273052506 -0.3221757129623653
1645102061.084074 2.7821939726154143 1.6059742816929097 1.0996900986061093 0.45776946414055847 0.6702902956328689 -0.4858927651097686 -0.3241386528452825
1645102061.090687 2.782958872575498 1.6066686609228922 1.0997792794102472 0.4647116692835288 0.6666528250314069 -0.4833222076658419 -0.32560142778696294
1645102061.097236 2.7838442654011026 1.6074350849979386 1.0999239246816597 0.470856953316356 0.6628164729272189 -0.4831831929628475 -0.32481020476705086
1645102061.103868 2.7846230837667383 1.6080676216444971 1.099757738670042 0.4787603908170318 0.6576994638613293 -0.4792641734939476 -0.3294319198772931
1645102061.110452 2.7851145824919974 1.6088905032675243 1.0995274468721359 0.48519612386119504 0.6527913358476343 -0.4779347915135628 -0.331701919256712
1645102061.1170251 2.786532416598349 1.60927898800744 1.0993891800791613 0.49352906599349794 0.6472668015224474 -0.4759518258541245 -0.3330828954807704
1645102061.123668 2.7872771507356218 1.6100702736712829 1.0992386053726286 0.4999865851326916 0.6419345124053137 -0.4751411444427382 -0.3349238153935129
1645102061.130233 2.787940785770429 1.6113956373683562 1.0992589526967302 0.5059247839586037 0.6371447389558629 -0.47356027274504164 -0.3373825937057316
1645102061.1368551 2.7880408171043727 1.613066525105442 1.099125430674265 0.5100622010695189 0.6330774309757108 -0.47338212709041627 -0.3390553062408698
1645102061.143456 2.787228037158663 1.6146978666861416 1.0980947810860695 0.5131262259559873 0.6268794971924752 -0.4749151836212809 -0.3437713707978444
1645102061.1500318 2.7870481716309046 1.6163597537525711 1.0975103832783812 0.51722728483484 0.6221015011077574 -0.4752764113442 -0.34579986525542944
1645102061.156621 2.789267624110755 1.617675361728213 1.0982793379173628 0.5249421181761084 0.6180071419050563 -0.4707252613332741 -0.34773597232539427
1645102061.169863 2.790262937974596 1.6204288501497255 1.0973887770065347 0.5342127602577591 0.606243519523114 -0.46925668280651844 -0.35620677433758097
1645102061.1830258 2.7915731615404886 1.6212384572038387 1.097400894143261 0.540585186668194 0.6003034299829905 -0.46663934222707815 -0.36007059547949266
1645102061.189714 2.79354950844134 1.625151511206238 1.0976535941175851 0.5495876834055887 0.5929254294380156 -0.4617895071576754 -0.36488746503260483
1645102061.202898 2.79388231221395 1.6293839875410165 1.096724545564934 0.5563091894275102 0.5815676146189777 -0.4587928578180712 -0.37657403156059666
1645102061.216026 2.7947984355842386 1.6312377373277702 1.0966424199841518 0.560856941816039 0.5764117272620186 -0.455971587203095 -0.3811543510334273
1645102061.222646 2.7962657188324664 1.6329504868771727 1.0967396255057373 0.566174603937475 0.5720032409598707 -0.4521263834291243 -0.38449960262826927
1645102061.229245 2.7980226357822042 1.634665654924261 1.0971450352870544 0.5722323023245733 0.567739363809086 -0.4474205337009184 -0.387345622730863
1645102061.235818 2.7986173031131556 1.6363885486615344 1.0965825005020544 0.5767055209821317 0.5608528997421263 -0.44492447153896447 -0.39356918694818194
1645102061.242464 2.7995820512628593 1.6383063572083447 1.0964301373098997 0.5807458880254609 0.5552612404281214 -0.44249881141781167 -0.3982632269666026
1645102061.2490292 2.800952864494437 1.6399876609554862 1.0963733912521882 0.5860293181210489 0.550303841434737 -0.4386894209916777 -0.4016050282872613
1645102061.255627 2.8022006905816137 1.642008373593825 1.0963555716717244 0.5904111030701822 0.5455778803855336 -0.435382969197806 -0.40521691955101496
1645102061.262224 2.8035523098107342 1.6439670297009232 1.0963560633991318 0.5949197539227412 0.5407999185652297 -0.43225560171998756 -0.4083633549202065
1645102061.268822 2.8048764233833623 1.6460119926560492 1.0963818376559813 0.5991323491767678 0.536280128907197 -0.4290942406696438 -0.4114873999812925
1645102061.2754319 2.8061562037306103 1.6481493499172575 1.096373234608703 0.6031876895382837 0.5316923626762593 -0.4258915682502472 -0.41482997077267525
1645102061.282037 2.8074849699675073 1.6508213375092018 1.0962998066090157 0.6061795619018485 0.5271290692873629 -0.424939910280215 -0.41726116583340284
1645102061.28863 2.8084578194252403 1.6523591435691167 1.0963420546239562 0.6103439402962874 0.5224926196714905 -0.42055888592060925 -0.4214399077563535
1645102061.295264 2.8102191121272946 1.6549515491274591 1.0962341876090238 0.6136638048762201 0.519225445558077 -0.417781004770485 -0.423415041422466
1645102061.301833 2.810971047200821 1.6562911764468151 1.0961349476426403 0.6172127349860376 0.5135366612506945 -0.415522212272005 -0.4273985589722687
1645102061.3084228 2.812621042614852 1.6594381876704014 1.0961487963135625 0.6194888784968764 0.5108334995390804 -0.4121853665514086 -0.4305642339683374
1645102061.315021 2.8138932281027156 1.6600928947070575 1.0962736012292713 0.6241498368639258 0.5051221503326625 -0.408812505499027 -0.4337748823767898
1645102061.3216581 2.81538958677662 1.6626030030964338 1.0963637028755018 0.6263532834288298 0.5016796114678201 -0.40668916076279127 -0.4365807099552722
1645102061.3282251 2.8163123401085617 1.6647123266871162 1.0963963812549278 0.6286276722514667 0.49682184539605656 -0.40477597763118545 -0.44062608898931027
1645102061.334822 2.817868375433676 1.6668137800927423 1.0961623480145133 0.6303034024023046 0.4932341971344885 -0.4027761176770015 -0.44408189430083156
1645102061.341429 2.8183630983181773 1.670293776624682 1.0959143792371107 0.6291354749656259 0.49081269264484767 -0.4017774875686825 -0.44929491900554525
1645102061.348064 2.820537643488833 1.6706527197263932 1.0961779532023928 0.6344511717882578 0.4848949395028945 -0.3989786412339821 -0.45073745311878366
1645102061.3546371 2.820869531670171 1.6744572277542034 1.0957741083938979 0.6323259915078868 0.4825158568865405 -0.3992380000655763 -0.456016265860126
1645102061.3612769 2.822199666610806 1.675941076621865 1.0957049741386524 0.6341535466369116 0.47864652533731195 -0.3979977633205304 -0.4586330109269283
1645102061.367872 2.8233540548095117 1.67785035745942 1.0956140624341095 0.635378709640677 0.47478797545881407 -0.39738890438608065 -0.46146721360655024
1645102061.374478 2.8242867201013953 1.6795663753333145 1.0953742772546238 0.6363929522299944 0.47099336108007855 -0.3975006287579146 -0.46385572455595914
1645102061.381026 2.825600467284941 1.6810074010631333 1.0954232479890396 0.6382020673996829 0.46758835198690807 -0.3966534250863204 -0.46553739504961744
1645102061.3876228 2.8267758267984555 1.6829667221797835 1.0953171204629883 0.6398081115412646 0.46345989909085233 -0.39758958412086015 -0.4666611139175133
1645102061.3942158 2.827386960310741 1.6842956414575179 1.0947825006887308 0.6400368410344748 0.4606592783156398 -0.39800052480382747 -0.4687654193435837
1645102061.4008288 2.8285023215948693 1.68556875313223 1.0948680403762778 0.641506401346173 0.4580610113266251 -0.3982003154864566 -0.46913308156567707
1645102061.407469 2.8277516310522386 1.686231528935747 1.0938777629017786 0.6420004835316294 0.4527201387514758 -0.4001870336995255 -0.47194261368248297
1645102061.414025 2.8286947923228927 1.6873624965486573 1.0939067831001643 0.6435805402336557 0.45036976305001636 -0.40055068437994124 -0.47173099478570996
1645102061.4206212 2.829349562511732 1.6878424234450873 1.0936422184278727 0.645048019428168 0.44797418728270716 -0.40111293398227443 -0.47152981875092337
1645102061.42724 2.830453005000988 1.6889743334035656 1.0940335949704916 0.646528478342459 0.44702054692063575 -0.400804362088432 -0.4706687026897822
1645102061.433818 2.830603895344689 1.6894907853409946 1.0935484425255793 0.6472181733386605 0.4447725255349933 -0.40222043396610846 -0.47064252029212217
1645102061.440423 2.8313412816162344 1.6904345844570334 1.0937313260741608 0.647897503462271 0.4445960245760817 -0.4023455294449475 -0.46976680195707576
1645102061.4470148 2.8314358112114446 1.6909726429583711 1.0934818172285632 0.6481742125031352 0.44361750046783205 -0.4029238411630786 -0.4698144571549202
1645102061.453677 2.831688071897877 1.6910690437278875 1.0932913003800528 0.6487517181141416 0.4429425408803478 -0.40392446421707895 -0.46879390170680724
1645102061.460223 2.832324792345671 1.6917613735463513 1.0936437022214704 0.6485225082942482 0.4444335995250799 -0.4041822113062464 -0.4674758112064762
1645102061.4668548 2.8324804197610263 1.692059817943588 1.0936179342439478 0.6482107726836815 0.44500749960736574 -0.4050737376791907 -0.46658978075260565
1645102061.473459 2.8324582282848727 1.691924114097145 1.093465034466909 0.647491254631729 0.4460668128326367 -0.4060844561940348 -0.4656980360259711
1645102061.4800582 2.8325741353886658 1.6919778094362767 1.093583131892066 0.646530082186524 0.44806041068072144 -0.4066488262216205 -0.464625770265346
1645102061.486645 2.8325363762760585 1.6920935929210437 1.0938140141907315 0.6450741393922935 0.4506606730140795 -0.406517431388265 -0.46424939544854005
1645102061.493224 2.8324761461949124 1.6918478656404186 1.093865289418532 0.6436129322662867 0.45316964556951983 -0.4080708170718096 -0.46246881371775417
1645102061.499834 2.833895859614589 1.692606176686764 1.0948317160091645 0.6416496205076415 0.45920185830352905 -0.4085305120152014 -0.458826607241013
1645102061.506429 2.833511234313876 1.6920404158520306 1.0951530997775676 0.6396024528777835 0.46296249171831766 -0.40912110699470794 -0.45737718848895814
1645102061.51305 2.8324655155003695 1.6914692222978633 1.0953767132244685 0.6372396278491188 0.4654009493408861 -0.4110874687826167 -0.4564364461485886
1645102061.519629 2.832580521051824 1.6913191860462937 1.0954300789243343 0.633606676450103 0.4714022187836639 -0.4123529799119748 -0.4541885120984948
1645102061.526221 2.832525196958515 1.6893462191439614 1.0955625561427758 0.6325534816833991 0.4745960242369946 -0.4137986497571395 -0.45100441771979577
1645102061.5328262 2.83108958360141 1.6901209957716816 1.0954521535977362 0.6259730818113655 0.4815578631627343 -0.4168440116675512 -0.4500004172121386
1645102061.539457 2.831365926197202 1.6880051998360341 1.095959391494001 0.6254096589953245 0.48546319413180344 -0.4185579516465698 -0.444968488968831
1645102061.5460322 2.830583256914233 1.6872130616234895 1.0960035918748228 0.6211290448521405 0.49121212435794975 -0.42098294019422244 -0.44236010638493856
1645102061.552657 2.8295044483055842 1.687717597050615 1.0958948414727463 0.6155079564913016 0.49728808746189845 -0.4240337530461657 -0.44051052777274713
1645102061.559263 2.828830857669656 1.6861181769761915 1.0960385537981423 0.6122346942641523 0.5023179430137273 -0.427516600272287 -0.4359755101209845
1645102061.565825 2.8279165030585807 1.6850803326126893 1.096065797183923 0.6074874107927178 0.5086793385018972 -0.42958738153883863 -0.43319602517902867
1645102061.572423 2.8261309274366453 1.6842808799916362 1.096324344192086 0.6018220133317554 0.5145186430760376 -0.43126489923888195 -0.43254032076767573
1645102061.579017 2.8252114368511125 1.6831464569241408 1.096512499409944 0.5974751627395707 0.5203076814486773 -0.4333484955266163 -0.42954874104128227
1645102061.585684 2.8251169804817433 1.682472826349234 1.0968395240477615 0.5934869893511423 0.5270179997869989 -0.43455424274521237 -0.42566112776336557
1645102061.592269 2.823828121069284 1.6802687464070587 1.0968420686752696 0.5901470295504808 0.5313790950869189 -0.43675242825322386 -0.4226223805541001
1645102061.59887 2.8226646676826856 1.6790586955509204 1.096924593786171 0.5855284586405893 0.5368723557583662 -0.4388712661879336 -0.41990016677362485
1645102061.605438 2.8216090173068653 1.6780157253335948 1.0971166284166047 0.5807702254080345 0.542815182460787 -0.44120441065171456 -0.41640840534228707
1645102061.612032 2.820396734009479 1.6766798568745025 1.0971656448925067 0.5760391600042007 0.548301393442151 -0.4441544948155887 -0.41263900000670084
1645102061.618619 2.819080610632004 1.6757727445593429 1.0973516292316525 0.5704584993956312 0.5543506553358025 -0.4472592982905865 -0.4089392241922857
1645102061.625222 2.81791263289321 1.6741313543912042 1.09738735939924 0.5662579741649137 0.5591177059572779 -0.45120112858629235 -0.4039264146573714
1645102061.6318212 2.816684709265166 1.6727763347006996 1.0974220379127864 0.5610998643169226 0.5648734585308424 -0.45436252644181946 -0.399548835766761
1645102061.6384242 2.8153365371122456 1.6715099604877293 1.0974847371753385 0.5559491593935798 0.569849603071791 -0.45761954890436385 -0.39594937232674976
1645102061.645025 2.8148174751420156 1.6700307183757401 1.0979661494966866 0.5518163716546539 0.5760718067119299 -0.4604922646405677 -0.3893410193550051
1645102061.6516411 2.8131103321726965 1.6685310822111976 1.0977089930069759 0.5466662119245799 0.5794465442375475 -0.4643758602081323 -0.3869786089042882
1645102061.658219 2.8111346938204025 1.6665676645894076 1.097333547634818 0.5406531902890584 0.5834674194146985 -0.4697429889418712 -0.3828851544769906
1645102061.6648269 2.8110435107527025 1.6647131387869236 1.0977955474219416 0.5381925202738009 0.586888579425449 -0.4708581959635922 -0.37974037277699224
1645102061.6714199 2.8097133844494957 1.663107485671828 1.0976928205404617 0.533066560926993 0.5902618292011247 -0.47500521326411216 -0.3765642470085188
1645102061.678037 2.8066632487804615 1.6617801293545014 1.0967734419004949 0.5254855606763291 0.5929772353979788 -0.48149564578472487 -0.37470580787543045
1645102061.684635 2.8061095594834957 1.6602207409332193 1.0971704910258595 0.5221999811782796 0.5968086813808177 -0.4842787787525257 -0.3695948221966945
1645102061.691232 2.8062166343982784 1.6585618757432867 1.0976470652063295 0.5199735185403713 0.5997999597187434 -0.4855439669778419 -0.36621615386563794
1645102061.697858 2.8041136929273867 1.6570799913644094 1.0971490393583743 0.5136454577333718 0.6019916399449308 -0.4909376429693446 -0.36435449597473907
1645102061.704424 2.803910555676459 1.6559318607455045 1.097676540754562 0.511181171352127 0.605465676803557 -0.49289766148623637 -0.3593835925534856
1645102061.711025 2.799048229364464 1.6546863715166846 1.0959967194580147 0.49928867044186925 0.607312014689604 -0.5045137588697648 -0.35685908181020587
1645102061.7176168 2.797640911075134 1.6529228110782082 1.0958531707303074 0.4946654787710668 0.6094584784184214 -0.5091575992451003 -0.35302216750450294
1645102061.724229 2.8001386695898702 1.6500213173331244 1.0973368376477879 0.497291078050024 0.611905343827526 -0.5067778126861959 -0.3484957837419734
1645102061.7308412 2.7992077614489004 1.6482737724493566 1.0974078301840282 0.49392787157175666 0.6138698057510917 -0.5097956239601055 -0.3454086079706739
1645102061.737429 2.7982438015392455 1.6465953506698932 1.0974751802641498 0.490034343218516 0.6158695013578922 -0.5136519018659284 -0.3416613111103818
1645102061.744027 2.7972598920587584 1.644835346547961 1.0974695423639311 0.486173875674989 0.617602496590024 -0.5170744798194513 -0.33887418085524196
1645102061.750628 2.7961031994454077 1.643164534723207 1.097448746175063 0.48221356358175926 0.6190190607993599 -0.5202046029920255 -0.3371531094541562
1645102061.757225 2.795415982203715 1.6417688815895164 1.0974463615534684 0.47766055261256807 0.6213515154142528 -0.5231153186762568 -0.3348322055776437
1645102061.76382 2.794497561231182 1.6401090887671814 1.0976647519645337 0.4747787164871625 0.623212535841618 -0.5247561968151826 -0.3328991062100902
1645102061.7704399 2.793631676836573 1.638942025033904 1.0977917388579452 0.46995509326735213 0.6256813663391532 -0.5279149691891898 -0.33010669119256647
1645102061.777024 2.7926680241764466 1.6370682747089669 1.097548475069667 0.466117829322565 0.626348378637233 -0.5312965412663365 -0.3288547421536096
1645102061.783628 2.7916335195811457 1.6355219006208888 1.0976215025004512 0.4603033554409435 0.6289152203781059 -0.5343174269270317 -0.32724760328989455
1645102061.7902231 2.790640089247598 1.6342801613638043 1.097610456052284 0.4549709322643323 0.6311860656952055 -0.5378477151311043 -0.3245381108282523
1645102061.796863 2.789773922621948 1.6332328805112173 1.0977416536776925 0.45091832515052893 0.6338484072218762 -0.5388771861560728 -0.3232953458538525
1645102061.80344 2.7886651869569703 1.631181739141352 1.0974100970888225 0.4466664091283709 0.6343786803528833 -0.5424111119920512 -0.32224618980211783
1645102061.8100328 2.788143703944081 1.6298702063408104 1.0977859088119442 0.44197868350984654 0.6379142862157283 -0.5438207924258933 -0.319341087170417
1645102061.823267 2.7863036045603464 1.6270768772971158 1.0978497404553553 0.4324159284150306 0.6422689313394474 -0.5484259550058543 -0.31580952685970703
1645102061.829817 2.785519307746375 1.6258556751393765 1.097950282198917 0.427893300240724 0.6445289333551997 -0.5499880724664195 -0.31464661127905574
1645102061.836426 2.7844042467518637 1.6245095204107516 1.097871690234604 0.4228327669767041 0.6462115138033815 -0.5519665496074077 -0.3145721739297623
1645102061.84964 2.7840627644141787 1.6232457666904596 1.0981251199625082 0.4197210972559303 0.6486445606641836 -0.5529162351982065 -0.3120539522591673
1645102061.856225 2.783421172436522 1.622152392567473 1.098208610168353 0.41610715342999655 0.6506116701375925 -0.5537109942531196 -0.31138891302550376
1645102061.862831 2.7819041873612207 1.6216405895123525 1.0985103610967912 0.41057238559454373 0.6528984169971502 -0.5546980004197993 -0.3121917110446689
1645102061.8694222 2.780898589255412 1.6204951464271864 1.0984047286451024 0.40673494252066394 0.6540400348881377 -0.5556707944225782 -0.31309403395318813
1645102061.8760278 2.7805838506942147 1.6193512802161538 1.0985272377657194 0.4043628625014893 0.6559372848465259 -0.5563023616680833 -0.31106948591937994
1645102061.882625 2.7804130765495843 1.6179706685763628 1.0984017484423114 0.4018790817773679 0.657222488561342 -0.5572981985662028 -0.30979044285842455
1645102061.8892229 2.7804716564305543 1.6172390332630588 1.0986199499862233 0.40109058403196257 0.6586092989279658 -0.5571335713141023 -0.3081588867309522
1645102061.895822 2.780033009256915 1.6164547007908239 1.098712846194904 0.399299175084119 0.6598508079010458 -0.5571593016600564 -0.3077826552082295
1645102061.9024289 2.779682852508637 1.6156020903323343 1.098849890696462 0.39817003354735425 0.6608354209611418 -0.5570691322258347 -0.3072958817367274
1645102061.909029 2.7793401761286294 1.6149387052962945 1.0990309933136664 0.3974657214014984 0.6617078391778944 -0.5565636144172262 -0.30724626727524873
1645102061.915636 2.7783279085736257 1.6139848631840876 1.0986893804134794 0.3964176117044256 0.6613353302595016 -0.5574857240511125 -0.30773022615801593
1645102061.922219 2.778050563933491 1.6135086698027343 1.0988805406953295 0.3966560168178408 0.6617057114776818 -0.5567454507837004 -0.30796699369512426
1645102061.9288561 2.775393753383542 1.6136744608484763 1.098799438757513 0.39267431582830853 0.6616474428620333 -0.5581755819103955 -0.31059487359377064
1645102061.9354188 2.776598313272751 1.613120312637056 1.0993554921083952 0.39698837925477043 0.6615478610076648 -0.5549074365756723 -0.3111783708929752
1645102061.942025 2.7765777202260726 1.6130736821759377 1.0994816688888285 0.3986989107840685 0.661260969599951 -0.5535082365526761 -0.3120919035724511
1645102061.948652 2.776403006180501 1.6128073636204983 1.099477157892307 0.400519245973588 0.6601529400607355 -0.5524866114021698 -0.31391175664120075
1645102061.955242 2.7765696803313586 1.6124636161962018 1.0995942879503946 0.4037700627144294 0.6588848251942886 -0.5510184129649811 -0.3149902741108884
1645102061.961827 2.776601291591862 1.6120175175182931 1.0996286800422006 0.40735099312980033 0.6571002134303275 -0.5494850394879063 -0.31678103984081474
1645102061.968469 2.777457266835156 1.61154193362248 1.099649667830132 0.41224241853415333 0.6555531116566623 -0.5474605376713523 -0.3171638037155667
1645102061.975022 2.77782427868941 1.6118337685820643 1.1002983736403156 0.41708476080753115 0.6546266550772135 -0.5446292336253862 -0.31762065194605005
1645102061.981642 2.7774094528432136 1.6115755380783312 1.0996922361705328 0.4198113294614247 0.6513937069000565 -0.5441805720294963 -0.32142155671996203
1645102061.988224 2.778061881085433 1.611911071163319 1.1000079270917382 0.4249883674813474 0.650105760779492 -0.5412562157015475 -0.3221624833298054
1645102061.994824 2.7781738854511975 1.6118984118648272 1.1001547804026328 0.42947988381929947 0.6480777756976639 -0.5389114299637167 -0.32421644517346254
1645102062.001421 2.7784274013538184 1.6121058714875456 1.100308094619196 0.43405280916313305 0.6458423880860396 -0.5367077585499302 -0.3262364013392593
1645102062.008029 2.7784228405897835 1.6125571477097156 1.100313248902343 0.4381681555905318 0.6433984856846019 -0.5347684183997238 -0.32873911903125586
1645102062.014642 2.77874789646125 1.6129624686991275 1.100393490262658 0.4430579194579243 0.640764519477437 -0.5323154438487017 -0.33130099582259076
1645102062.021224 2.778616140887171 1.6136616668334434 1.100274272875563 0.4470503646961911 0.6376998007153719 -0.5302314148866718 -0.33517038910490365
1645102062.0278249 2.779218700869894 1.6139648997363196 1.1004551794013164 0.45265771711591113 0.6347925806115816 -0.5280942407003175 -0.3365345470819434
1645102062.034422 2.7797204154964748 1.6147468951643331 1.1006423946407276 0.4577318111141327 0.6324294008731065 -0.5248168459479249 -0.33923674629713785
1645102062.041054 2.7801600460775484 1.6153871324313396 1.100711026987259 0.46289233872815855 0.629446769490576 -0.5220611806848781 -0.342022223108655
1645102062.047633 2.7804219958189744 1.6161771964652065 1.1006946272846807 0.46771902853351033 0.626341151674364 -0.5195062424426093 -0.3450340610113885
1645102062.054236 2.780874497330897 1.616887716379472 1.100677265885421 0.47221177607642395 0.6230636860109114 -0.5174684240446228 -0.34789906212938304
1645102062.060825 2.7811262475215166 1.6175605992738762 1.1005516164818618 0.47752333368996375 0.6190261599270088 -0.5151814431457581 -0.3512346509317501
1645102062.0674582 2.7818775650490877 1.6185791545432102 1.1006990245036754 0.48388217569424785 0.6160837313380833 -0.5111487304963892 -0.35358937276071717
1645102062.0740302 2.7823086663698366 1.619575150631444 1.1006409982572607 0.4891417744698143 0.6126653474757024 -0.5082491767164586 -0.35646028948830055
1645102062.080649 2.7829733402993724 1.6204882850466544 1.1006499377210692 0.4951094595566892 0.6092185921795639 -0.5048358349185523 -0.35897035292197443
1645102062.0872571 2.7843469678484376 1.6221262936891754 1.1010395448396522 0.5020751135557985 0.6057808000747085 -0.4996058102383262 -0.3624138943343696
1645102062.093847 2.784890134123802 1.6231458209170937 1.1009761256438657 0.5078595861137986 0.6026603615292634 -0.49633571611369287 -0.36404617998091626
1645102062.10044 2.7843648550252587 1.6234130554190387 1.100328246112667 0.5115278742944763 0.5989558133574854 -0.4960345205683627 -0.3654320665159634
1645102062.107017 2.784759718328506 1.6244058569778026 1.1002144174706463 0.5165080921994462 0.5956068137294752 -0.49321000067827764 -0.3677165888662951
1645102062.113626 2.786180910339265 1.6253821435192806 1.1006003915070715 0.5235545648737339 0.5929559181358487 -0.4878323871383236 -0.36920597818061107
1645102062.120236 2.786496432638956 1.6265776494419601 1.100342400413605 0.5281193157361057 0.5899652321924623 -0.4848459834217977 -0.3714230296444934
1645102062.126872 2.787222149153664 1.6278027775524018 1.1003994749339052 0.5327881623450945 0.5878411082359236 -0.4806540319032905 -0.3735651392498446
1645102062.133433 2.788261364639746 1.6297558247129145 1.1009263403076925 0.5373752615925406 0.5865824739679923 -0.474782536656279 -0.3764703567304859
1645102062.1400251 2.7880142620991366 1.6306835434402072 1.1001361473753248 0.5399038258293171 0.5839885989761587 -0.4737160871673793 -0.37822460579782397
1645102062.146625 2.788789949202325 1.6326279650824072 1.1003279798766763 0.5432063003989342 0.5828980034266926 -0.4687311257658485 -0.38137596522114786
1645102062.1532218 2.7895389121034038 1.6337484468147088 1.1003421515391438 0.5469408466238608 0.5814293446336056 -0.46474793797059927 -0.3831509511142194
1645102062.159821 2.790450002156406 1.6350252505157592 1.100453931710267 0.5502195362418039 0.5806572284401929 -0.4601903621666676 -0.38512343690813
1645102062.166419 2.791119448853353 1.636280347941742 1.100447042057686 0.5529456569095235 0.579734264813108 -0.4564133184526777 -0.3870992840250172
1645102062.1730418 2.792975320458294 1.6367629662254632 1.1010383263802939 0.5576330059080828 0.5807580792277738 -0.45113122798396 -0.38502685666115105
1645102062.179625 2.7927470143806916 1.638315586584951 1.1004301411957762 0.558243796283398 0.5787601201245535 -0.4484051175554536 -0.3902986543706921
1645102062.18626 2.793567946646034 1.6401996802680954 1.1006311153136497 0.5595883446845586 0.578885908295577 -0.4440650133319778 -0.39313855001882103
1645102062.192862 2.794497278220184 1.6412691769898629 1.100625475808561 0.5621859803299853 0.5785184727774318 -0.43983326897416186 -0.3947272506987001
1645102062.199454 2.795250033039659 1.6428735221909494 1.1008001652327504 0.5633718081425672 0.5788238301112841 -0.4354547799910299 -0.3974342267942639
1645102062.2060611 2.7959958829916682 1.6440111185809074 1.1007615150160974 0.5650897011299356 0.5783062517876446 -0.43164889054018474 -0.39989286059699497
1645102062.2126222 2.796606288007724 1.6454267011541472 1.1007599065409053 0.5664008726796924 0.5778030859997126 -0.4276808477040506 -0.40301663464165843
1645102062.2192562 2.798126831495823 1.6463682182613217 1.1011684498501402 0.5701821569648964 0.5777599459496153 -0.4218319971032734 -0.4039097936594705
1645102062.2258801 2.799628195170677 1.6475357021873485 1.10155428379812 0.5726485282717197 0.5779031475850693 -0.41712252277757467 -0.40510494845892175
1645102062.232426 2.79953193449474 1.6501115673442228 1.1013523508113625 0.5727683804261162 0.5778413355330827 -0.4148438401012551 -0.4073573013631224
1645102062.239038 2.80192349810821 1.6495263576642258 1.1018558234162545 0.5784589470436436 0.5760444948775465 -0.40880040136336004 -0.40797045591421643
1645102062.245632 2.8015570558568954 1.6519809118322137 1.1014510963393118 0.5777582304984187 0.5761334838724166 -0.40775230418371017 -0.4098821228297144
1645102062.252255 2.8025756597906244 1.6533572248398891 1.101666503248709 0.5799861263842053 0.5751226546041542 -0.4049026824932897 -0.4109787531861809
1645102062.258828 2.804968197373975 1.6529325128217045 1.102241824495902 0.5859433233518078 0.57236364174204 -0.3984664963532982 -0.412667381734262
1645102062.265428 2.805899766019602 1.6538038057799447 1.1023060971914076 0.5890051809551657 0.5699378674528333 -0.3962196063109607 -0.4138276594903739
1645102062.272021 2.8071015313169667 1.6550813588724287 1.1026303796343628 0.5907313183228462 0.5696557710362126 -0.3931155519034765 -0.4147150959205845
1645102062.278632 2.8078617868530924 1.6559520811616557 1.1025385791945472 0.5938522464711373 0.566506592761768 -0.39134678980976034 -0.41624165153185905
1645102062.285232 2.8089233633039217 1.656949483822789 1.1026197705687193 0.5954438587358767 0.5656363216646102 -0.38932076208010946 -0.4170504242778369
1645102062.2918248 2.8096827886784874 1.6577229676354452 1.102453902310356 0.597620944135698 0.5633977032808638 -0.3883035841109493 -0.4179141372083546
1645102062.298422 2.810859652112133 1.6587051858980824 1.102623552219559 0.6004113945279068 0.5614000120037975 -0.3860379390701768 -0.4187011390608498
1645102062.305025 2.8108321595331476 1.659990628221083 1.1016854815278414 0.6007439913628716 0.5584364764219412 -0.38764235788282025 -0.4206999466673278
1645102062.311657 2.811585888511022 1.6612223382376454 1.1015737242727772 0.6023664455540789 0.5564864745567626 -0.38680144631270696 -0.421736438885857
1645102062.3182259 2.8130969307943605 1.6612073004754362 1.1026431355972353 0.6075462190797585 0.5537557402057073 -0.38275197155225293 -0.42159540281742514
1645102062.324825 2.8133976920464603 1.6626114313980545 1.1015443891896874 0.6066725907017944 0.5524294044309763 -0.38413326628539796 -0.4233337789190569
1645102062.331423 2.814974909026966 1.6624692047069025 1.102402867508485 0.6108531762274076 0.5507051818265337 -0.3808264831761628 -0.42255538269748827
1645102062.33802 2.8156155727697425 1.6632342879445376 1.1022908662820616 0.6126747111780905 0.548407756619386 -0.3798024992753391 -0.42382592375625894
1645102062.344649 2.8161477417120713 1.6638963668427558 1.1022027002144905 0.6140146465723766 0.5470363195080684 -0.37889635003559696 -0.4244695829610146
1645102062.351265 2.816696126954222 1.6655675786881354 1.101424344237688 0.6135259282309184 0.5464751223809723 -0.3796393355547888 -0.4252345495622018
1645102062.357823 2.817310032658521 1.6644552990596586 1.1021423005310804 0.6181459840365578 0.5429243031887065 -0.3778295537920682 -0.42470381769871507
1645102062.364425 2.817148368286187 1.6660166369584053 1.1012881810284123 0.616909576478619 0.5422448907899382 -0.3793255936482911 -0.42603376819183575
1645102062.371045 2.8184217660448647 1.6651848945846885 1.1020876898809484 0.6209478510470594 0.540980282200841 -0.3760059104086576 -0.42471551375881844
1645102062.37762 2.818922506807423 1.665236597857816 1.1019772599689805 0.6223923619352505 0.5402008255364411 -0.3754956902888885 -0.4240441782455775
1645102062.384244 2.819275105959261 1.6651670046279963 1.1018409401729912 0.6231411964256799 0.5398568940263411 -0.37527578366484243 -0.4235769056934965
1645102062.390819 2.819504353720406 1.6654525807502645 1.1016652518988896 0.6235208692629404 0.5397630919445878 -0.37532864952961303 -0.4230905421502641
1645102062.397408 2.819789234832102 1.665230977194446 1.1015892620260253 0.6234979799879822 0.5403621198135253 -0.3757296744022634 -0.42200232413134153
1645102062.404022 2.8199575838461364 1.664980094211205 1.1013614473419577 0.6233987278408047 0.5406037191648989 -0.3767083016486756 -0.4209656410168973
1645102062.410629 2.820088566856413 1.6648137908727552 1.1012546278088995 0.6227812643678898 0.541806938446622 -0.37718131435311497 -0.4199078967709774
1645102062.417228 2.8204465493356774 1.6645505373666618 1.1012684570042939 0.6221084012415528 0.5437873441572956 -0.37737534581746307 -0.4181674196131529
1645102062.4238238 2.8204246325198743 1.6645661574740327 1.1011103433006815 0.619674749135067 0.546624770440662 -0.37784102189685587 -0.41766044194120255
1645102062.43042 2.8203526610546166 1.6641880852162658 1.100937828942226 0.6179474297977195 0.5486538454616687 -0.37914889276518504 -0.4163720319581445
1645102062.4370391 2.820866314772532 1.664125956309239 1.1007725649304347 0.6165143317232417 0.5516707429341422 -0.3792217119440069 -0.4144393120427385
1645102062.443667 2.8207065289209123 1.663271767777164 1.10067133637334 0.6151902820627226 0.5534005606604856 -0.3812112274622021 -0.4122697671218016
1645102062.4502342 2.820225536051904 1.6625022186368483 1.100459777414414 0.6115336130969538 0.5575307961954143 -0.3834229276875953 -0.41008858879117943
1645102062.4569018 2.8198438879832644 1.661832982915506 1.1001820427047442 0.6082442674989741 0.5606688104943556 -0.38665142182934775 -0.4076636785143935
1645102062.4701152 2.81896079332283 1.6604578156689465 1.0998215917586116 0.6005646517990247 0.5692180530852302 -0.39141150862225366 -0.4026283340134704
1645102062.4766269 2.818204203760655 1.659645199920974 1.099514693978624 0.597344341793453 0.5725540661192883 -0.3938654116849494 -0.4002889254616516
1645102062.489856 2.816159932315723 1.6589134660807399 1.0985986935758825 0.5855435141135471 0.5836953407764414 -0.4018829189574571 -0.3936093029221915
1645102062.503052 2.8150324838999468 1.6565147389596706 1.098129845973943 0.5772574103253181 0.592859391481241 -0.40684357916026276 -0.387000600463524
1645102062.516238 2.8151428696862975 1.6543100903513699 1.0980625612514467 0.5749125409328582 0.5964756427130772 -0.40752516472519357 -0.38420732890214054
1645102062.522848 2.8142760650986682 1.6529350667747156 1.0975558870938782 0.5706275101155611 0.6004179668497053 -0.4108918774976136 -0.38085427581880643
1645102062.529441 2.8135867404422847 1.6518269740118847 1.0973411671707034 0.5656896728385836 0.6058145789041044 -0.41285187018345115 -0.37754045746477366
1645102062.5360389 2.8127586004275384 1.6503149401072572 1.0970045696585276 0.5612156861012698 0.6103131692230913 -0.41581921671654376 -0.3736961669999058
1645102062.542619 2.8121643453352476 1.648448550982944 1.0966116763332763 0.5575417223295746 0.6148200878953555 -0.4187364386554803 -0.3685144128439864
1645102062.549221 2.8111165781691607 1.6470122496952326 1.0959318175788662 0.551743745580841 0.6192442111040217 -0.42355717415348804 -0.36429983679810474
1645102062.555818 2.810654835049736 1.6460565485096308 1.095865366848082 0.5471633726682793 0.6244856977490807 -0.4255453663467866 -0.3599174958796477
1645102062.562712 2.810012311761854 1.6444590247061839 1.0956783608992697 0.5436054329231252 0.6290681430199732 -0.4271735811432274 -0.3553713315404009
1645102062.569026 2.8094919432223966 1.6429151088641516 1.0952811593481635 0.5389939931407098 0.634204391631647 -0.4298747622767933 -0.349967995677752
1645102062.5756311 2.809443758659035 1.641505167926079 1.0954723709728231 0.5345218643436269 0.640108985334738 -0.43194413516481794 -0.34346870821013586
1645102062.582227 2.8078254249850625 1.6399202521681184 1.0942703110593628 0.5292441789158828 0.642136261729377 -0.43664307017805265 -0.3419123993340722
1645102062.588842 2.808245634511484 1.637476809529427 1.0940654463429054 0.5270821536960173 0.6464290774921758 -0.43798878309151534 -0.3353793153611589
1645102062.595435 2.806474376446414 1.63624104317119 1.0931617021551825 0.5222325214892343 0.6503101145621164 -0.44135359527829193 -0.33102350365227967
1645102062.6020322 2.806742732199465 1.635424612572893 1.0935457443682608 0.5204768043599979 0.6544323084326825 -0.4390536184948054 -0.3287153396871326
1645102062.608672 2.8064965062516496 1.6329111630774107 1.0928255463151935 0.518703517165616 0.6567985076117447 -0.4404469368248192 -0.3249130422874601
1645102062.6152399 2.805931265464587 1.6317328609498423 1.0925090839807865 0.5165464120494148 0.6604084014299595 -0.4407938849551393 -0.3205322923630279
1645102062.621831 2.8063750593945604 1.6299292721483396 1.0925535932115273 0.5169729143327519 0.6629503159920442 -0.43881076302009453 -0.3173020329328881
1645102062.628427 2.8051263549019176 1.6289808958083167 1.0917688369244405 0.5141734269136248 0.6660818057401474 -0.43966893862719836 -0.3140883472799441
1645102062.635028 2.8061351393462304 1.6274411467137693 1.0924188400056236 0.515967978418806 0.6691132306158559 -0.4352794542024047 -0.310798956772482
1645102062.641662 2.8058182662920825 1.6262099992145318 1.0919538305584933 0.5160602243892255 0.6707665763688818 -0.4332003580138532 -0.30998553851838917
1645102062.6482291 2.8056252163722 1.6252250819908496 1.0917799183527652 0.5160601145666195 0.673224375234944 -0.4307812917188871 -0.3080226096722622
1645102062.654835 2.8057228263598244 1.6240513657165012 1.0917762493595242 0.5167796943791093 0.6753987658842027 -0.4287019978288567 -0.30494170598033304
1645102062.6614301 2.80554496292876 1.6228858657379377 1.091509596796842 0.5175051914314054 0.6770412207343636 -0.4260207934806304 -0.30382469997894895
1645102062.668031 2.805864081366874 1.6212206634849868 1.0909944355928372 0.5199869330604706 0.677049163658811 -0.42274358001957774 -0.30414720588381317
1645102062.6746418 2.806315680368425 1.6195942324276547 1.0908294807668018 0.5221108913618381 0.6780848369151875 -0.42008365115090995 -0.30187833798463326
1645102062.681229 2.806163776308729 1.618831220054194 1.0905631852042277 0.5229284574695287 0.6794153462335489 -0.41802415238957874 -0.3003265113839696
1645102062.687832 2.805841684463287 1.6191357611362873 1.0911751084576493 0.5224663337790125 0.6832624156430841 -0.4152628112572281 -0.29620558330502306
1645102062.694428 2.8054206378710207 1.6191907087997155 1.0908412406516996 0.5225409884203043 0.6848255159801456 -0.4133831733609718 -0.29509119764096
1645102062.7010272 2.8057848444616633 1.6176600147016569 1.0904622160690807 0.5246025949331832 0.6849114994861883 -0.41221066442414467 -0.29286573080482015
1645102062.707644 2.806280111292632 1.6176025326140884 1.090767469569594 0.5252347941295102 0.6873120770729443 -0.4111053584725631 -0.2876150378438294
1645102062.71423 2.8054958534866694 1.616588912326922 1.0897098181098426 0.5258649144433923 0.6870248118539798 -0.4104550502665766 -0.28807856182603425
1645102062.720837 2.8050097255932305 1.6162692998143022 1.089071786327399 0.5261997516578789 0.6878528911318409 -0.41008493731695544 -0.28601069740481777
1645102062.7274299 2.806807051076109 1.6154771250229698 1.0900707787417774 0.5303565290421235 0.6889083609793604 -0.40507077683800213 -0.28292116912905807
1645102062.734025 2.8057451325951583 1.6147280786960818 1.0886510930651918 0.5303354960590534 0.688763137050449 -0.4064702366967517 -0.28130261907486304
1645102062.7406359 2.806027224702428 1.6142320485830628 1.0884989923838244 0.5309111899053472 0.6898417625042926 -0.4066422355606465 -0.2772963838003849
1645102062.74723 2.805766959007442 1.6131811275669041 1.0877752068734978 0.5332824464724315 0.6890861777084779 -0.40467735820301237 -0.2774994195339943
1645102062.753849 2.805965006732325 1.6122614248285392 1.0872097790543045 0.5354942950766286 0.6883314272168288 -0.4028699702984273 -0.2777428962375745
1645102062.760436 2.806334511197803 1.6110039382283146 1.0863060136788447 0.537917890340924 0.6871904587098212 -0.402202090132143 -0.2768514335231082
1645102062.767026 2.806241512013682 1.6105238976016905 1.0859483521887126 0.5389745454514037 0.6874951001254814 -0.400916955573613 -0.275902351888339
1645102062.773628 2.805881648146236 1.6109057174229457 1.085690448926325 0.5387368566847236 0.6885000992872047 -0.3998640414807493 -0.275388046791843
1645102062.7802198 2.8060174283687305 1.611339540100377 1.0863344729524507 0.5386491743628137 0.6912028582176228 -0.398085418371423 -0.2713359679105849
1645102062.7868328 2.8062257669389576 1.6109399442927907 1.086107277180772 0.5395756872239091 0.6916312728591307 -0.39693280602644065 -0.270089057930652
1645102062.793426 2.805914786649735 1.611080697032792 1.0858011628967394 0.5396184538466404 0.6925012223014786 -0.3960944072327187 -0.26900326246210876
1645102062.8000278 2.805985746098995 1.6108764791334622 1.0855365777360761 0.540049989698674 0.6930539440341852 -0.3951970791278073 -0.2680318801505587
1645102062.806623 2.8076430653280595 1.6104460846279973 1.0866037653028118 0.5428644382690452 0.6938533289210105 -0.39078375746332317 -0.26674597092672747
1645102062.81322 2.8071766532411546 1.6086785973532673 1.084463422851571 0.5438997491687153 0.6912939357925946 -0.3927900400350905 -0.26833056177266285
1645102062.819822 2.8069285459303575 1.609979645137652 1.084972379817283 0.542617081121783 0.6940406573385338 -0.39101545817141536 -0.2664220888690751
1645102062.82646 2.8073320307179044 1.6083212558054631 1.0839129980887066 0.5450269892698751 0.6915908150361825 -0.3904988330676459 -0.26862247192638855
1645102062.833021 2.8072925880875155 1.6094102761534272 1.0846377657675916 0.544604614413736 0.694095440318497 -0.3883246427327753 -0.26615968651678107
1645102062.839626 2.807659469465335 1.6079072728095873 1.0836704701755169 0.5468631472797167 0.6917645027590631 -0.38758639942253775 -0.2686612904028755
1645102062.846219 2.8076511512345914 1.6091650418119117 1.0844868265206982 0.5463657768635385 0.6944068708184354 -0.3850203906742075 -0.26653782931851683
1645102062.852844 2.8079862515673972 1.607752076983192 1.0835143198475776 0.5483561338973714 0.6922447117609507 -0.3842542114852203 -0.26916730684166795
1645102062.859431 2.8079873621621196 1.6091847422016978 1.084353061839173 0.5472848517242139 0.6951628925822018 -0.382111759101702 -0.2668670878722692
1645102062.866026 2.8088929545895542 1.6092070723968814 1.0849273599603542 0.5484588214476218 0.6957750129307188 -0.3796851309730158 -0.2663245495978242
1645102062.872621 2.808465208498008 1.6076436843685917 1.083318818684269 0.5490800357109257 0.6934281060133838 -0.38129224638704184 -0.26885755785474363
1645102062.87922 2.808625217333328 1.6076293730808275 1.0832595069993065 0.5489893261170716 0.6938482344230105 -0.3807706500173787 -0.26869806126913787
1645102062.8858209 2.80881658378482 1.6075992305155626 1.0832357838926892 0.548957905010089 0.6941702917756021 -0.38031238937923234 -0.26857945173843506
1645102062.892422 2.80868696939655 1.6078065832499042 1.082976066627544 0.5481014985828921 0.6946036481682415 -0.3808294527449139 -0.2684753848691847
1645102062.8990562 2.8093655495909275 1.6090106148150793 1.084444424936267 0.5478344675109328 0.6970734429982024 -0.3784127200116112 -0.2660252798120855
1645102062.905653 2.8095631568630344 1.6089653522794274 1.0843984122382224 0.5479999167135353 0.6968267127934259 -0.3785276911369769 -0.26616736196868923
1645102062.912246 2.810116287138324 1.6087511814148256 1.084740970101662 0.5491007470428895 0.69634450203527 -0.37776254018240063 -0.26624753827000586
1645102062.918856 2.8101532685871122 1.6089725124802168 1.0847533346503366 0.5491794368629189 0.6958056005207026 -0.3779686194637215 -0.2671998894560871
1645102062.925421 2.810398567802718 1.6090331049491946 1.0849150002128958 0.5494372446151896 0.6950587177444688 -0.37833550491820056 -0.2680931094902782
1645102062.9320488 2.8104967014769477 1.6087363595314126 1.084743489920623 0.5503627755342428 0.6931134703956306 -0.37970624369948985 -0.2692902279066998
1645102062.938617 2.81073392816206 1.6082380536392131 1.0847452573763383 0.5509694389670433 0.691395128132126 -0.38127316213591705 -0.2702513134926074
1645102062.945225 2.810324011463017 1.607754048791087 1.084038749201193 0.5507571822599439 0.6886594126480047 -0.3844242999931677 -0.2731891655830474
1645102062.951849 2.8098375912439604 1.608375677018865 1.0837004824721503 0.5498454861272859 0.6869095727345678 -0.38686656021088334 -0.2759692805404139
1645102062.965087 2.809696384724249 1.6079552761788216 1.0837270246620634 0.549294588374703 0.6820645405661663 -0.3924496679683129 -0.28115161218395057
1645102062.9716349 2.8101950230807207 1.6082719489264727 1.0844112191462745 0.5497041716296336 0.680074907520235 -0.3937223061945041 -0.2833826411580193
1645102062.978219 2.8101578701075374 1.6081957705096492 1.084449313447609 0.5493523576833634 0.6773563417664258 -0.3971109784742771 -0.28583718653962914
1645102062.984829 2.8101236007301544 1.6080796096099532 1.0845100421048077 0.5492357164538058 0.6742572215819963 -0.40012341965854153 -0.2891681365328571
1645102062.991421 2.81023768371997 1.6079447908548903 1.0847707180057808 0.5487694265867916 0.6717647605031337 -0.404184226756614 -0.2902049108674016
1645102062.9984891 2.8102496016110305 1.6078525792161147 1.0849348827759075 0.5485428538223825 0.6687105810845638 -0.40767073212407356 -0.29279856880252786
1645102063.004661 2.809693421305978 1.6079405040589336 1.0849225622700591 0.5468562359421649 0.6662371849680732 -0.4123103118464899 -0.29508650084930793
1645102063.011242 2.810059031449428 1.6077456252747009 1.085480104932939 0.5472015097401863 0.6639419123297803 -0.41535553339470294 -0.2953489824460182
1645102063.017837 2.809715296232834 1.607864078506591 1.0854819126274535 0.545943765174664 0.6608717340273699 -0.41972771173396956 -0.29836577969361855
1645102063.0244339 2.8101373148012 1.6078168612478057 1.0862420162735427 0.5465755609216485 0.6584494451297099 -0.4220148107763768 -0.2993369725946858
1645102063.031026 2.809598733856025 1.6072701618972076 1.0859651983641228 0.545325493064741 0.6548652197276202 -0.426797344123476 -0.30268012248684384
1645102063.0376241 2.810052143399896 1.6069512649633477 1.0866099435321892 0.545651836762777 0.6521487079142513 -0.4292147768728998 -0.3045330466432095
1645102063.044242 2.8097982421317154 1.6069582897965105 1.0866707192934004 0.5445906032157329 0.6490019882352008 -0.43406102120674356 -0.3062811326130345
1645102063.050844 2.810027164233925 1.6068691478517587 1.0873529366960677 0.5446947747818419 0.6468772293918005 -0.4361190961802369 -0.30766398360919045
1645102063.0574331 2.8098963155500716 1.6067959363694597 1.0876409475807456 0.5434087308348554 0.64427727219376 -0.44003996130531936 -0.30980350863982237
1645102063.064041 2.8101343537516588 1.6065613603558986 1.0881790952674135 0.5424806428969806 0.6422550835901131 -0.4435124233359779 -0.31067590446160337
1645102063.0706182 2.8089401223773933 1.6063477428241042 1.0875401997179948 0.5397514161057044 0.6384276568486528 -0.44949231022268177 -0.31469802251696066
1645102063.077218 2.808974936915075 1.606110678867088 1.087967468176183 0.5389977049465454 0.635962238336481 -0.4529364743420275 -0.3160406891899925
1645102063.08385 2.808674404858087 1.6069510124241229 1.088470749751353 0.536747241922896 0.6353884990124927 -0.4570559109387477 -0.3150926108527474
1645102063.09043 2.8104129925074317 1.6052783378356124 1.0897017075923818 0.5401411184943126 0.6315704699866269 -0.4563042847339278 -0.318044647512618
1645102063.0970209 2.810480527613179 1.6051157051898028 1.0902698536397706 0.5397467407414253 0.6292235152664984 -0.45874318336384745 -0.319852288577366
1645102063.103637 2.8088977042570873 1.605329849651506 1.0895268342855062 0.5364686682237153 0.6254682253496442 -0.46454148636591913 -0.32433268653459707
1645102063.11024 2.809514988965505 1.6052945652696302 1.0904425171726353 0.5359165250674239 0.6246794790019693 -0.46635127363495654 -0.3241683925491511
1645102063.123457 2.8105751084220074 1.6046782239492665 1.0917052423180778 0.537011228182899 0.6182339700700755 -0.4690128468474515 -0.3308055223229009
1645102063.130017 2.8099042907311 1.604723254266194 1.0917748341979685 0.534527752079187 0.6174080819149561 -0.4733206626337441 -0.3302340306907642
1645102063.136621 2.809511742421788 1.6046256434846335 1.0917295779779157 0.5333725570428537 0.6131690297921912 -0.4765198137833571 -0.335359316550651
1645102063.143223 2.8114561252807153 1.6035526203561752 1.0931082349196315 0.5364266976040009 0.6109338046951533 -0.47556035749581355 -0.3359289568652522
1645102063.1498308 2.810390610030442 1.6035857792411363 1.0926854016954244 0.5334653090295731 0.6084386921853648 -0.480646598360794 -0.33792829839426
1645102063.1564229 2.8113287861357312 1.6032515311596072 1.0935207331910823 0.5347101900374259 0.6064972576101394 -0.48142474365679977 -0.3383428758711685
1645102063.169634 2.8117662028807335 1.6027483370565536 1.0940451143580436 0.5343216415124283 0.6044965700326826 -0.4833583770477646 -0.3397771899724037
1645102063.176258 2.8106007060731044 1.6030793051466619 1.0936802260391425 0.5309321122611121 0.6022837350591685 -0.48795351293764255 -0.3424417132362331
1645102063.182823 2.811143069213326 1.6025957167383622 1.094087371900468 0.5314381749930748 0.6003885359524963 -0.48963317809314766 -0.3425873573096204
1645102063.189418 2.8118311347836076 1.6016561540116585 1.0945215138437188 0.532007004152299 0.5971091563935798 -0.49246456993208687 -0.3433765316123805
1645102063.1960251 2.8116441102245355 1.6013780083234028 1.0944711894851882 0.530218994805521 0.5947533446659253 -0.4958856271486814 -0.34530185403603625
1645102063.202633 2.8120024106170263 1.6009584004973874 1.0946863776877005 0.5305144201084777 0.5924359199149288 -0.49795444237835523 -0.3458542076888536
1645102063.2092218 2.811891204807087 1.600695020263249 1.0948277972417544 0.5288188490396057 0.5913415420847528 -0.5002767786939065 -0.34697060821702547
1645102063.215826 2.8112580062177814 1.600730625439636 1.0945584275805194 0.5260607749694389 0.5901019448294809 -0.5036755256417437 -0.3483536493306573
1645102063.2224221 2.810660367506005 1.6003272990278061 1.0942346382785795 0.5232095943854008 0.5886207434734063 -0.507511686893433 -0.34958370360428714
1645102063.2290208 2.810934824605712 1.599850485712377 1.094388279411232 0.52234760813405 0.587771471579724 -0.5091729069390527 -0.3498861063432648
1645102063.235614 2.812220525140888 1.599356436422671 1.0950682334109691 0.5227238668403436 0.5873243476257344 -0.5085440260717405 -0.35098788550982646
1645102063.242221 2.8125251712480943 1.5989745253296597 1.0951412623952423 0.5211271960213318 0.5875204360807542 -0.509721801849699 -0.35132530050128485
1645102063.2488189 2.8132845055195954 1.5989657254424947 1.0955638182203813 0.5194620887018768 0.5897275516849847 -0.5094920943777477 -0.35042543505462376
1645102063.255425 2.8125487507974793 1.5983990331467353 1.0950854498121874 0.5165382178922998 0.5882764473992053 -0.5121391141528108 -0.35331596555932143
1645102063.262018 2.8126250506814294 1.5980003044320512 1.0950708209049498 0.5139713815613692 0.5893014419222261 -0.5128657573980127 -0.3542958619969929
1645102063.268621 2.8128465264141 1.59775659387981 1.0951486051540444 0.5114592742024564 0.5908560163030994 -0.5132192729184725 -0.35482968289554984
1645102063.275213 2.8123045816032866 1.5978120758149834 1.0948989491490144 0.5072742697719876 0.5927979022623471 -0.5145853276014647 -0.35561918613072124
1645102063.281824 2.8125963253776267 1.597727713694795 1.0950321199891155 0.5050427353737612 0.5944627137265092 -0.5142656272567496 -0.356477761891002
1645102063.2884128 2.8104832732333698 1.5979486754433223 1.0940636046105854 0.4977341439650349 0.5963805133353031 -0.5187847699203813 -0.35700561167648787
1645102063.2950451 2.8131647354788023 1.5963445117522388 1.0950554380959725 0.4996986943429742 0.5983822333362225 -0.515059160424619 -0.3563055981105371
1645102063.301622 2.8132851123436065 1.5960965006391703 1.0950231731085558 0.4958647898305285 0.6011227709635737 -0.5157081677923349 -0.3561098704872417
1645102063.3082292 2.8131919702916863 1.5955897154131982 1.0948770364832034 0.49343434656376023 0.6025123967461926 -0.5161815011554385 -0.35645145345779605
1645102063.3148239 2.8121489078815887 1.595486057681862 1.0944074531156007 0.4878706335816849 0.6054277881577074 -0.5183518221305081 -0.35602033525577526
1645102063.3214211 2.812579642081099 1.5952947035881353 1.0945181447873638 0.4855693394564766 0.6079747539297204 -0.5175872700096871 -0.3559382880211204
1645102063.328015 2.8130183303738243 1.5941457048479888 1.0945228744747904 0.48261548658675907 0.6103400744586125 -0.5187823431285847 -0.3541635463076565
1645102063.334656 2.8129913600873033 1.593805925523358 1.0942893529957674 0.47885687958377726 0.612966774194754 -0.5186967124676574 -0.35485364047455953
1645102063.341225 2.813253434694186 1.593329514288362 1.0943083212926685 0.4756989707844371 0.6156356300718252 -0.5188932986724425 -0.35419295568351833
1645102063.347826 2.813882576219349 1.5927043815067072 1.0945839597724742 0.47304401431250015 0.6193337465271939 -0.5180884263430966 -0.35247572945879896
1645102063.354429 2.8130349031678925 1.5919510842051008 1.0939133248855684 0.4687582445309646 0.6189814735871252 -0.5205820651479329 -0.35513600106771825
1645102063.361025 2.8142000481941936 1.591566486301783 1.094353726143575 0.4665501775065912 0.6234302133326441 -0.5188240184355933 -0.352827034984042
1645102063.367629 2.813947347792305 1.590807589559006 1.0940910611931274 0.4620230466665693 0.6251744304237087 -0.5203295745972988 -0.3534803887143416
1645102063.374222 2.81303294740818 1.5901436815729624 1.0935150704074683 0.45769916586577164 0.6251490390411197 -0.5224201864266282 -0.3560574176223747
1645102063.38082 2.8138232097978872 1.5896854730929393 1.093589565066463 0.45626038702235977 0.6271026928785196 -0.5214583992416215 -0.35587830294382644
1645102063.38742 2.814299877630676 1.5894012809634055 1.0936939592842339 0.4550492382719878 0.628756120234929 -0.5196410333484753 -0.35716761427079347
1645102063.394024 2.814643978443714 1.5885842077197587 1.0938040435729 0.45273801566610056 0.6297016803491604 -0.5202585612274775 -0.35753979100680444
1645102063.400646 2.8148568937072036 1.5874203648330436 1.0937531639708384 0.4500446544647641 0.6306582665482513 -0.5218051125909984 -0.35699998143076317
1645102063.4072409 2.815162513563514 1.586394646603418 1.0936788487597275 0.44840970042692546 0.630595830011706 -0.5227259669460947 -0.35781948997471585
1645102063.413822 2.815316751356179 1.5858032896286067 1.093547355064071 0.4463447550624181 0.6306637336613743 -0.5240794423301135 -0.35830148915050974
1645102063.420446 2.8152787085581017 1.5848302550840454 1.0932772597849578 0.4445485344728973 0.6295681996601847 -0.5263317153137594 -0.35915871218535067
1645102063.427028 2.815244978899031 1.5840336110367796 1.0930247148118597 0.4411168727661605 0.6286690836165107 -0.529734070504089 -0.3599617809054836
1645102063.433621 2.81623913664441 1.5836445768312493 1.0932930942645556 0.4435581821332754 0.6282499276104322 -0.5281384265362509 -0.3600383964727052
1645102063.440246 2.8156530984054573 1.5823103625596988 1.0928456517778873 0.4413966667251207 0.626265000541202 -0.532201837212666 -0.3601693258095185
1645102063.446822 2.8150534622901695 1.5811180178315496 1.0921859187677905 0.4404175798848593 0.6224615721239615 -0.5360608868723824 -0.36223242948651735
1645102063.453446 2.8152488172689636 1.5800951932462148 1.091974487358889 0.4407300354134866 0.619722031071736 -0.5389609282698393 -0.36224630922391987
1645102063.460054 2.815036276310027 1.579533606584841 1.0918139397581907 0.4410688372620205 0.6161319856218039 -0.5414344005233928 -0.3642636730151915
1645102063.466662 2.815121750591988 1.5784133849771183 1.0914656213281098 0.4426346322540232 0.6121044216603742 -0.544518713681767 -0.36455689405837166
1645102063.473217 2.816619577287008 1.5771541604036912 1.091302650728447 0.4473232909649363 0.6088737072923901 -0.5460149394828735 -0.36199714942362016
1645102063.479834 2.815671444118207 1.5766705895266735 1.0906361857037106 0.44740994688735003 0.6047029911976524 -0.551172914395749 -0.36106327075748273
1645102063.48643 2.816037764898018 1.5756112245181957 1.0904796426236743 0.45056349879566204 0.6002651301883465 -0.5542777352787148 -0.35979170720529124
1645102063.4930282 2.816235841516274 1.574162918771508 1.0900357524626825 0.4542961616196302 0.5947182804215898 -0.557128284232103 -0.35990677427221923
1645102063.4996202 2.816285336600843 1.5722436885472493 1.0896303724305754 0.45758499611783093 0.5891301421486742 -0.561156960945331 -0.35866996898187004
1645102063.506231 2.8178874976146195 1.5707832521310587 1.089715867837004 0.4636797273509546 0.5842252004827505 -0.5617773371559356 -0.3578936239313127
1645102063.512819 2.818018767221931 1.5700273139609329 1.089194012011506 0.46783639797551124 0.5783536517851501 -0.5647260069904655 -0.35737974944000606
1645102063.519499 2.8173917032574565 1.5688443913030659 1.088556646945262 0.46920062472126584 0.5730816372210203 -0.5696014383895625 -0.3563452851372798
1645102063.526043 2.8178305469866887 1.5676008862849753 1.088260264151609 -0.4734304009605034 -0.5672927535144557 0.572132035259125 0.3559589092804356
1645102063.5326478 2.8179926292866466 1.5667680408206153 1.0878200290549913 -0.4759585734602122 -0.5627230360871126 0.5754588781929526 0.3544748685505665
1645102063.539236 2.8182335533330534 1.565594127098651 1.0873966893227078 -0.47986960088627423 -0.5571235961835512 0.5771379352677692 0.35531593964911046
1645102063.54586 2.8187298279125477 1.5646358278575805 1.0871179455244413 -0.482966308759797 -0.5527777828855306 0.5792846615737717 0.35441321344758037
1645102063.5524201 2.8193151668002425 1.563286527520003 1.0868648578342175 -0.4859881952670359 -0.5481472201309298 0.5817998920984887 0.35335277008675575
1645102063.5590248 2.8193087672534904 1.5626629505222878 1.0863919627655485 -0.4879359194458362 -0.5438177936183859 0.584156349363666 0.3534704732696961
1645102063.565618 2.8190184306094594 1.5614394753912106 1.0857006327592096 -0.4893306916543133 -0.5392859027599171 0.5871254756658582 0.35356627533300944
1645102063.572236 2.819457863324053 1.5605258702080267 1.0854453801414263 -0.49110752118538736 -0.5360542637977549 0.5891888273941599 0.3525831695243199
1645102063.578839 2.820066093099363 1.5590473299547511 1.0851419027647027 -0.49419780570950445 -0.5322506737593412 0.5895777642995138 0.35337662776542367
1645102063.585427 2.8189910069280946 1.558316332588924 1.084403321001795 -0.493480128641446 -0.52797519688826 0.5925985777145341 0.35573251812668905
1645102063.592018 2.820224746154711 1.5572838782568827 1.0843654243927743 -0.4956745217233567 -0.5269270932704265 0.5930258080907634 0.35351677931452097
1645102063.598625 2.8204786435025517 1.5562610663992278 1.084015286016844 -0.4964281162580207 -0.524851197314199 0.5939988398448782 0.3539138109838868
1645102063.605216 2.8207215304575732 1.5551579414130237 1.083687093895569 -0.49690137400568635 -0.5232033658185924 0.5948665231381095 0.35423199826414875
1645102063.611852 2.8209114271043156 1.554256191502647 1.0833243174839287 -0.4966199442912577 -0.5222903697734796 0.5956580480922071 0.3546435987670235
1645102063.6184242 2.82096034000497 1.5530309340181163 1.082998277905723 -0.4965396606971757 -0.5212299302729517 0.5962220672392565 0.3553675717105731
1645102063.625033 2.821112000866737 1.5518335678160449 1.0826600000574436 -0.4961121802752972 -0.5207558706907781 0.596621555516753 0.35598874026888894
1645102063.63166 2.8210254630321905 1.550765525935662 1.0822807386660143 -0.4949714224577399 -0.5203006250868625 0.5973485967804801 0.35702159342701156
1645102063.638247 2.821259476118929 1.5501209414823305 1.082052604416715 -0.49438737544469796 -0.5206575702442738 0.5962368890243356 0.35916234160777566
1645102063.644824 2.821174036692469 1.5488247132065633 1.0816757036265252 -0.49379518126189437 -0.5208056786579689 0.5956508860883607 0.36073128378824604
1645102063.651428 2.8220875197332758 1.546484213710742 1.0816098332355186 -0.49407009940281016 -0.521381876597419 0.5962609769313799 0.3585076304262214
1645102063.658022 2.822075561674656 1.5461749857215088 1.0812315774358057 -0.4929722006689784 -0.5223671615930142 0.5947572858022844 0.36107321819108745
1645102063.66463 2.822428370939248 1.5447774149274789 1.0809676395801178 -0.4925762232829919 -0.5241930507843952 0.5937814780773456 0.3605732746127001
1645102063.671224 2.8223714554558494 1.5433484530459063 1.0805920111812486 -0.4912219526344592 -0.5249326140528104 0.5945315215209565 0.3601085586639172
1645102063.67783 2.8243429867579763 1.5416870066309285 1.0808111476975766 -0.49441801211455294 -0.5261394546837046 0.5905560707152708 0.36051471375205474
1645102063.6844292 2.8229766184597436 1.5400769162683503 1.0800983203940757 -0.4906154482062778 -0.5271240134207479 0.5937094262088847 0.35908919164927083
1645102063.691034 2.823152714155169 1.5386395127594685 1.0797967870432472 -0.4910229674563823 -0.5266586535711297 0.5922663073301792 0.36158937975421135
1645102063.697626 2.823179078230069 1.5365966880681576 1.079420991693321 -0.4897760137527401 -0.5287612389241816 0.5940015828140638 0.3573407459637197
1645102063.704225 2.8236106257396676 1.5338119302729487 1.0792037756429866 -0.48984388836995457 -0.5293528085384324 0.5949929949090115 0.3547125988193113
1645102063.71086 2.823283212697993 1.5318354840076427 1.0787464722695994 -0.4889157066408239 -0.5297255222428725 0.595915390641166 0.35388741340619356
1645102063.717422 2.82285451161741 1.5310447919418697 1.0782086146886947 -0.4878631247341851 -0.5306160520790941 0.5956662622773791 0.354425034296863
1645102063.724024 2.8228079688154164 1.527973809746889 1.0778615295896705 -0.48756783181702806 -0.5304896859373522 0.597292603568622 0.3522770152568813
1645102063.730626 2.822990726639023 1.5270768177750491 1.0776565991715863 -0.48775454211999403 -0.5318455755069017 0.5955929944498891 0.3528512399640258
1645102063.737225 2.822607272932573 1.5241150506023589 1.0772830204032022 -0.48697002075812157 -0.5311448560679902 0.5975374713300193 0.35170102192928593
1645102063.74382 2.822062214738186 1.5229722023861147 1.0767219345866588 -0.4856881673660865 -0.5324988090567876 0.5972237801291812 0.35195877812506104
1645102063.750388 2.822095622717781 1.5210144659458675 1.076454160107535 -0.4851636252663504 -0.5333018262671207 0.597497604640944 0.35100032313757124
1645102063.757022 2.822469569389803 1.5189485536716094 1.0762814810567116 -0.48572778594082383 -0.5339710798096778 0.5964602035623289 0.35096705186255
1645102063.7636192 2.8218601062206314 1.5170072788533524 1.0759045587589378 -0.48392437721903747 -0.534754735807646 0.5974890325398812 0.3505147853257498
1645102063.770224 2.8220229908589944 1.5147829871230882 1.075781711673779 -0.48425569092713455 -0.5345933842530642 0.5973664904260426 0.35051211944346533
1645102063.783485 2.821900511089644 1.510080365370195 1.0752235727493937 -0.4827120565901892 -0.5371842303040909 0.5966243286202858 0.3499440305137443
1645102063.79002 2.821441399015984 1.509377218027574 1.0746311761836296 -0.48150724132089057 -0.5383935663112026 0.5957155876181184 0.35129100869477575
1645102063.796615 2.821518589260704 1.5060872066702629 1.0745901249536596 -0.4822719364945279 -0.5391445287661414 0.5947614568299642 0.3507064927651675
1645102063.809817 2.8205212904898955 1.5048241756238616 1.0740845545522932 -0.4813999545369541 -0.5392229764443914 0.5934383738225351 0.35400954149444885
1645102063.816468 2.8199034280257695 1.500469661350402 1.073750133722354 -0.4810237494714458 -0.5411222992634975 0.5921710511551779 0.35374486256442195
1645102063.823024 2.819560832724652 1.4975574838673196 1.0733027052240218 -0.4808389353174174 -0.5423203495905706 0.5930148153446316 0.35073513417858504
1645102063.836307 2.8189305558663333 1.4940669165323528 1.072998050555251 -0.48070569100861854 -0.5446364800851607 0.5895836896789092 0.35310525170834395
1645102063.8494248 2.8191107474120995 1.4922111599204897 1.0730282873695227 -0.4814840377710425 -0.5465127379106498 0.5872549904937794 0.35302665766422253
1645102063.856029 2.8186175481083784 1.4907471764790283 1.0727293467170167 -0.48083247985289906 -0.5479270373598633 0.5857566787909047 0.3542096007392273
1645102063.8626728 2.819044704684147 1.4888649056279069 1.0728107946548757 -0.4814574614481618 -0.5503591443079608 0.5839171520808681 0.3526236668886273
1645102063.8692522 2.8184524873391554 1.4870444094703537 1.0726302142970388 -0.4796172479577014 -0.5516763712071181 0.5836876858334693 0.35345213443641343
1645102063.875854 2.818734330725798 1.4848521949643005 1.07265427721266 -0.47960836248973926 -0.553710924418507 0.5825442752490575 0.35216669755529184
1645102063.8824582 2.8182256524052183 1.4839186983812847 1.0724534860498796 -0.4779180352025213 -0.5559774677758786 0.5811567413785383 0.35318477747060467
1645102063.889048 2.818216035452874 1.4818917043692383 1.0723317377962518 -0.47646554584600725 -0.5579681310281663 0.5809276980591175 0.35238382549839364
1645102063.895678 2.818269872988386 1.4804173414726818 1.0723296224561163 -0.4752542833218394 -0.560463345597417 0.5791502331935487 0.352985041531464
1645102063.902288 2.818273129027016 1.4792752398645 1.0721577373685056 -0.4734454770309563 -0.5631012831145079 0.5783237303782299 0.3525721665203278
1645102063.909305 2.8168714600191342 1.4788884835746774 1.0718246463398649 -0.46973676156648403 -0.5662426309383544 0.577841716447296 0.35329141815364423
1645102063.915429 2.818052596271299 1.4762873961158645 1.0719835077583153 -0.47063480869971164 -0.5682529092474974 0.5753734747329872 0.3528967289596124
1645102063.922024 2.8174927751107286 1.4762691520079123 1.0717524549853532 -0.46790367477760997 -0.5727655688380813 0.573790172631296 0.351809263269011
1645102063.928619 2.8196497334665405 1.473516308594796 1.0723405447818537 0.47099753104498593 0.5751674344530653 -0.5692586528835453 -0.35112372401574493
1645102063.935327 2.8178083419248625 1.47365464998974 1.0717415097470222 0.4660413977864955 0.5784110442916328 -0.5695564635784411 -0.35192490208492405
1645102063.941819 2.8186518573134656 1.472027086705395 1.0718319223771196 0.4662786403410901 0.5812760734938406 -0.5668104946326107 -0.35132294782253104
1645102063.948475 2.818202865525596 1.471419346801182 1.0715708382274816 0.4644759156538582 0.5839584100755005 -0.5653526960666092 -0.3516114384379341
1645102063.95504 2.817925461873217 1.4706233356762124 1.0714721015997188 0.4625020831039119 0.5871053554500661 -0.5639228979898419 -0.35126862102449635
1645102063.9616709 2.8169302739448567 1.4687683014292932 1.0706256834124488 0.46024273205809796 0.5877391270372563 -0.5641277030338097 -0.3528439677160942
1645102063.968231 2.818865327934432 1.46850542682772 1.0715413326686754 0.4618684330885343 0.5924258581646924 -0.5580369511914178 -0.3525671143506208
1645102063.974856 2.8188061241900444 1.4679634708754847 1.0714151779702912 0.4598930539006993 0.5951229377563079 -0.5566047369390529 -0.35287092198179837
1645102063.981489 2.816783026568557 1.4673445429281904 1.0701900343915034 0.4554865390642757 0.5956888995163473 -0.5577988222064725 -0.3557341729496186
1645102063.98803 2.818954386646882 1.4666949958850424 1.0712659759505823 0.4570455717902864 0.5999492582510987 -0.5522687551078078 -0.355202786500111
1645102063.994638 2.8190529424824415 1.4663198468439862 1.071069587120099 0.4551695803908696 0.6024382581009644 -0.5505652183933103 -0.35604263977674755
1645102064.0012212 2.817318653428712 1.4653810002734156 1.0699446539769544 0.45139344191321246 0.6028218723774389 -0.5519660252269605 -0.3580264206981303
1645102064.007818 2.820511355331614 1.4655451712766823 1.0713403506239338 0.45485625305743854 0.6086004608952678 -0.5447281340450021 -0.3549396915616426
1645102064.014443 2.8207958331079457 1.4649316980386549 1.0711373500534027 0.4542293657068003 0.6102264840784575 -0.5428913559576474 -0.35576384379607906
1645102064.021034 2.820948904962736 1.4646158451422155 1.07093690229417 0.45363613377504797 0.6117251418055781 -0.5408853783440772 -0.3570003012068894
1645102064.027636 2.821176188952407 1.464551985021814 1.0707528276592415 0.4527974928176889 0.6132851105100477 -0.5393480752180557 -0.3577136232550427
1645102064.034227 2.819985445355567 1.4640241828560967 1.0696042961966759 0.45124073138415144 0.612869185613322 -0.54005071680629 -0.35932998018860984
1645102064.040823 2.820513219200939 1.4634484762719664 1.0695413655071795 0.45166468159067763 0.6139792484868604 -0.537778077743919 -0.3603093401047654
1645102064.0474198 2.8209804374125653 1.463344366944248 1.0694027020960621 0.4523489325919458 0.6150155684329264 -0.5353266560876393 -0.3613326231710588
1645102064.0540318 2.8212908088895436 1.463243315328888 1.0690808955657471 0.45289209408182207 0.6153667875711061 -0.533288202238954 -0.36306447586917734
1645102064.06063 2.822945593132283 1.4635648059011668 1.069558341069264 0.455196264349139 0.6173939209756685 -0.5286512534381436 -0.3635224185598209
1645102064.067241 2.822928855984172 1.463503446286325 1.0690410924391012 0.4552738765679119 0.6177260823473771 -0.5274247585570875 -0.36464081035875145
1645102064.073864 2.823430002363808 1.4635570381900003 1.0687829860934523 0.4561535037497466 0.6184670636541407 -0.5251869449511068 -0.3655143736911991
1645102064.080449 2.824230788143077 1.4636664137850401 1.0687050706473684 0.4575352253438867 0.6197416159856364 -0.5223710392706747 -0.36566381084976385
1645102064.0870242 2.824728474986811 1.4638485905474083 1.0684449667098912 0.4583887130942382 0.6204808941372775 -0.5200860567227221 -0.3665969906378345
1645102064.093659 2.8252743688730058 1.4640388625030447 1.068221176142983 0.4593829624685789 0.6212104278521239 -0.5177011268484226 -0.3674915897899616
1645102064.10023 2.825703826864544 1.4645112308300299 1.068002887612808 0.460178879807497 0.6220397204684605 -0.5150476936394046 -0.3688189795099513
1645102064.106828 2.8265271530176967 1.4644893051690913 1.067726989472416 0.46178218327905923 0.6223057312940181 -0.5125714472310019 -0.36981470730152605
1645102064.1134222 2.8270897513303925 1.4648454745929078 1.067480414601384 0.4629062158104354 0.6229469623744952 -0.5099220640647057 -0.37099066020293325
1645102064.120075 2.8278150960179183 1.465216607699356 1.0672768728745003 0.4643939680267647 0.6236342548006375 -0.5068783364943295 -0.37214587249839787
1645102064.1266618 2.8285732390042244 1.465583311293786 1.0671043236601334 0.46583521269897643 0.6242070152473482 -0.5041330062054461 -0.37311223863850307
1645102064.133227 2.8289892883249053 1.4659463493363276 1.0666331595502272 0.4666387102303815 0.6241758374817253 -0.502363226320947 -0.3745446317842647
1645102064.1398232 2.8292720314778133 1.4664880824515676 1.0662467102312265 0.4668460172967675 0.6242536864555287 -0.5004783182957343 -0.37667382757927187
1645102064.146452 2.83029191124917 1.467216031931878 1.066207384471964 0.46855595467663624 0.6251358643471767 -0.49757140432057523 -0.3769386556431227
1645102064.1530292 2.830672905380455 1.467835322508491 1.06591508900876 0.46898674837932613 0.6251606826956576 -0.4957232392241585 -0.37879232462645135
1645102064.1596348 2.831451193086352 1.468410886348252 1.0657284521092372 0.47025186094101284 0.6252859937416556 -0.49355364633796733 -0.37984859064729903
1645102064.1662169 2.832327220713177 1.4691456405762484 1.065566361318599 0.47181671630160943 0.6254487841660519 -0.4909711786617939 -0.3809851278165201
1645102064.172825 2.833242937708455 1.4695830026041303 1.0653795252710736 0.47331962076107215 0.6253183901227665 -0.48908867513380566 -0.3817554800732527
1645102064.1794298 2.833939080408061 1.4704026531660868 1.0651202999487688 0.4746079028940928 0.6252625142790063 -0.48708514893082683 -0.3828077074096764
1645102064.1860669 2.834769375063725 1.4711146730672648 1.0649396269933453 0.47622614163160243 0.624963041452365 -0.48512453852273313 -0.3837755025004882
1645102064.192638 2.8360178588633165 1.4719834926497053 1.0649980555778789 0.4785577155716736 0.6254319341481062 -0.48226045302540727 -0.38372109230916956
1645102064.199269 2.8365151300734923 1.4729193913771974 1.0646395925136358 0.4796361915450459 0.6247622364030699 -0.48112701472313646 -0.3848866415084617
1645102064.2058392 2.8368014189361355 1.4738137073488387 1.0642079892579606 0.4806155258819983 0.6241568514715196 -0.4805125056758677 -0.38541443225133587
1645102064.212425 2.838142736497098 1.4746961335132536 1.0642720558512881 0.48340518149760653 0.6239331987662597 -0.4777166939983386 -0.385763112070986
1645102064.219025 2.8389435979834294 1.4756483062978156 1.0641517463192822 0.4852290342874731 0.6235109355349464 -0.4761591566389053 -0.38608155325800925
1645102064.225617 2.8395638460609334 1.4767578510207326 1.0638102930225437 0.48680763820405626 0.6227556597396698 -0.47528736777918995 -0.3863874324883896
1645102064.232218 2.8404371368883505 1.477800506400514 1.0637235598571604 0.48863491347038013 0.6223216110313188 -0.4738022341555835 -0.3866042136077685
1645102064.238852 2.841266400289932 1.4789347461253861 1.0635569653279175 0.49045155444812755 0.6217090746873857 -0.4723844975654687 -0.3870240937008883
1645102064.24542 2.842292605511369 1.4803128773756717 1.0636621827660566 0.49239198921260424 0.6217740264637625 -0.47025867666808663 -0.3870447897368316
1645102064.2520242 2.8434020590158102 1.4813024162877921 1.063616604099389 0.49475897282510845 0.6210163136937193 -0.46881338934845335 -0.3869959744000761
1645102064.2586198 2.8443618897169793 1.4825318428779952 1.063571803668979 0.496574567373724 0.6203894223359979 -0.46719563712305484 -0.3876318683462921
1645102064.265224 2.8446718709336607 1.4839559145306471 1.0632019168679985 0.4972684605767677 0.6188196920347462 -0.4668308368192747 -0.3896854962680779
1645102064.271819 2.8451748259138876 1.4855663111389086 1.0630731284825379 0.49830551976281295 0.6183779330051704 -0.4658325685538745 -0.390256384350232
1645102064.2784379 2.8456183089383225 1.4869962559969072 1.0627172641305223 0.4987951699695492 0.6167080357732362 -0.4648384705687657 -0.39344554235879403
1645102064.285022 2.8468825970518314 1.4884270228866743 1.0628869425541958 0.5010151036694738 0.6165142544976043 -0.4631011294931003 -0.3929771703159231
1645102064.291636 2.848069816345998 1.4894862110672171 1.062887181139447 0.503487908230365 0.6153160996751115 -0.46159232747234796 -0.39346948209930943
1645102064.2982311 2.8484183093045656 1.4910838994734972 1.0625845739856798 0.5038930120463133 0.6141344466642289 -0.46120526719785404 -0.3952468453840316
1645102064.304853 2.8497698253936674 1.492482169159513 1.0627802080849569 0.5065435775546059 0.6135101744306651 -0.45954154100351186 -0.39476583755463807
1645102064.311427 2.8501452440911184 1.4942177571017 1.0627133916453246 0.5072340753768105 0.6127099902300139 -0.4589061493825111 -0.3958596473437849
1645102064.318054 2.850704587601688 1.4956184886065869 1.0625063522262324 0.508376404126416 0.611524995076654 -0.45892896529321503 -0.3961999525945359
1645102064.324651 2.8506552089271646 1.4969927008336494 1.0620276293436035 0.5087721309861811 0.6098783898280524 -0.4596490791992498 -0.3973935113938086
1645102064.331222 2.8524078486923887 1.4987212674182346 1.0627535295052593 0.5113993050886046 0.609640077060672 -0.4571991094854788 -0.3972131830448378
1645102064.337853 2.852069840017565 1.5013759529634616 1.0625412487979928 0.5100832312676807 0.6093710583575406 -0.45821850385089874 -0.3981424835536222
1645102064.34443 2.8535953522122255 1.5025416453346903 1.0630427403295895 0.513214165057075 0.608092817032383 -0.4549206807117699 -0.3998514627810932
1645102064.3576581 2.8549289829805553 1.506180364087685 1.0634626517082655 0.5148672188940701 0.605953927059261 -0.4533187596627747 -0.4027819856501628
1645102064.3642209 2.857458610846258 1.5074772355444206 1.0645314535728654 0.5191557159538607 0.6057440913461112 -0.4487418358410585 -0.40271808737229925
1645102064.370822 2.8567998003515833 1.509351640452925 1.0640754775538792 0.5178705201040447 0.6045559797404009 -0.45122899588242193 -0.4033784841615162
1645102064.3774168 2.8577357143375237 1.5112625686896806 1.064426671634562 0.5191013049844728 0.603631278100588 -0.4496405784247744 -0.40495200618786054
1645102064.384026 2.857725591752577 1.5131097091427592 1.0645270563902902 0.518642841397561 0.6029924236452437 -0.45061272036320044 -0.4054103738594015
1645102064.390622 2.859450434757412 1.5150081633302095 1.0653557466398242 0.5213613876011781 0.6020816733446605 -0.4468822157903761 -0.40740131124182305
1645102064.40399 2.861465518239493 1.518460485650191 1.06661455961128 0.5242429858908639 0.6004685247375579 -0.44366502451952083 -0.4095946631569552
1645102064.410453 2.8630705035141095 1.5203907078452314 1.0673549658530979 0.5257980111042981 0.5995242892538173 -0.44150743572232665 -0.41131246232632324
1645102064.423685 2.8636604695431105 1.523960384552391 1.0680499049992165 0.5269083076501234 0.5968748482841784 -0.44149383282366395 -0.4137521260365721
1645102064.430223 2.8658196915204917 1.5253094172475716 1.0694400844795977 0.5301396460049383 0.5964572112849742 -0.43783116954258994 -0.41411869305931276
1645102064.436817 2.866940426557468 1.5272987231785626 1.0703509319877753 0.5320991687715272 0.595119823375305 -0.4356843483784663 -0.41579040381953636
1645102064.443417 2.867441659282402 1.5296350318374539 1.0711648151987962 0.5323686860606113 0.5942758045862551 -0.43492820685444816 -0.4174409522320059
1645102064.450023 2.868277226078707 1.531382802813718 1.071513481491471 0.5335890452794856 0.5927016084124792 -0.43579353831220596 -0.41721837967357733
1645102064.456618 2.8688121710841528 1.5330385274105314 1.0722671939183324 0.5353440768130585 0.5905970599435598 -0.4342864778486511 -0.4195196694840109
1645102064.463239 2.870269405036149 1.5344508640532453 1.073249548207441 0.5386987979686683 0.5885701835065288 -0.43313101838671425 -0.41926830719953573
1645102064.469823 2.8701135215737614 1.5366261581299296 1.0738070802934085 0.5384738387885293 0.5863955896008511 -0.43363186608322396 -0.42207716359666625
1645102064.483083 2.8727901663196533 1.540443746410453 1.0759254066298076 0.541556289328759 0.5847561063691774 -0.4320099522637688 -0.42207122015574955
1645102064.496225 2.873795337009768 1.5430758125829722 1.0772208995792873 0.5429446191040332 0.5829970954060615 -0.43041318835951187 -0.4243461454829367
1645102064.502818 2.8751515996240924 1.5447889085714785 1.078497603521533 0.5449065997823426 0.5822307753627319 -0.428070667476691 -0.4252520177360406
1645102064.509453 2.8755983084628784 1.5458668050618336 1.079381040753672 0.5462969998652154 0.5803873054554636 -0.42747059726496506 -0.4265896737782598
1645102064.516017 2.876473690122128 1.54838094285667 1.0802369983990523 0.5469725943016913 0.5777676392524213 -0.4281572210255527 -0.42858668152635565
1645102064.52262 2.8778582809079536 1.550532824572933 1.081882068728053 0.5478342745439219 0.5780857622566987 -0.42523423138415367 -0.4299650492297937
1645102064.529218 2.8787059509362716 1.5522761658633324 1.0831105596403947 0.5488645072615939 0.5766814052441713 -0.42474044126515065 -0.43102384743992667
1645102064.535842 2.8794607665194234 1.5542135954836214 1.0840702153851371 0.5500803972409102 0.5741348526489146 -0.42524710509297425 -0.43237160324890267
1645102064.542426 2.880781131458481 1.556111817200516 1.0857304511499781 0.5510566413309526 0.574105783286524 -0.42263043048914545 -0.4337307105806268
1645102064.549046 2.881895543159443 1.5581262158479172 1.0869792838075523 0.5525882464065991 0.5723207818884947 -0.4215513019034175 -0.43518871039757906
1645102064.555616 2.8824914199123137 1.5598882143968542 1.0883223867264609 0.553533440801396 0.5705707130585289 -0.42141242869768564 -0.4364183582344516
1645102064.562221 2.8824298301494515 1.5625645744454633 1.0897079812744055 0.5520874601881464 0.5712726708807265 -0.4215584835428785 -0.43718993032939424
1645102064.569205 2.8844838285291803 1.5622670503846225 1.0907769196257966 0.5568413170966416 0.5670371777277552 -0.4202702828017108 -0.43791442783616946
1645102064.575454 2.887171187963176 1.56573899026686 1.0936788643504691 0.5586383462844262 0.5685916106349583 -0.4138318560601721 -0.4397380664008059
1645102064.582025 2.887890756626582 1.565920977601496 1.094790079034461 0.5617712598579024 0.5642603336883861 -0.4134290152506932 -0.4417005774702548
1645102064.588618 2.888917093548175 1.5695602375379332 1.0968665706410838 0.5607603887781252 0.5656249563955446 -0.4118158565368973 -0.4427455183519505
1645102064.595221 2.888443551466761 1.5699778584320003 1.0975111018161514 0.5607202624602784 0.5630559699207018 -0.41493059219948364 -0.44316248731785507
1645102064.6018188 2.8887067438849052 1.5719457117627278 1.0988987636666547 0.561267831056792 0.5605765154763163 -0.4147793997758248 -0.4457465276649461
1645102064.6084108 2.891593669138892 1.5756609800820265 1.102020955831898 0.5627397003786606 0.56259926677915 -0.40803202891816626 -0.4475663354220979
1645102064.615065 2.8904842967594297 1.5766474273986977 1.1027222909769823 0.5620018319632936 0.5592831576392227 -0.41156865587831903 -0.44940755909917934
1645102064.621635 2.8916174362611193 1.5790203094281963 1.1047295108091706 0.5623932622865299 0.5586902300494493 -0.410186933155513 -0.4509162196498913
1645102064.628232 2.8923853275044453 1.5805527160462134 1.106719229210279 0.5635194173956528 0.5570761918674619 -0.40843153794354553 -0.4530953231293866
1645102064.634822 2.893147900621995 1.5824763103084731 1.1086015953732322 0.5637679089888421 0.5562183358749645 -0.4078714021504217 -0.4543428175464991
1645102064.641421 2.893772541595628 1.5840239183949192 1.110588691654555 0.5643119338878104 0.554816497476874 -0.40725650064570423 -0.4559304194321723
1645102064.648013 2.894699331449911 1.585972141047874 1.1127722835003904 0.5653215256329523 0.5531474161419796 -0.40579881134738205 -0.4580027158558981
1645102064.654634 2.8952176244986063 1.5874153479117767 1.1147673939657086 0.5656062248436429 0.5520657168781621 -0.405625466803857 -0.45910858327390586
1645102064.66122 2.895558598414869 1.5890356853306131 1.1167242768174235 0.5660434287203142 0.5497878073877895 -0.4055499887908923 -0.4613642855963407
1645102064.6678169 2.8964855075517963 1.5906143153796535 1.1190364886629038 0.5666079823783158 0.5492281057398616 -0.40446558450619546 -0.4622889957853132
1645102064.6744142 2.897325684471943 1.5922040664098265 1.1213035384057843 0.5678698082011059 0.5474322919160785 -0.40325423105956404 -0.46392609275458535
1645102064.6810272 2.8976227374297676 1.5934535166971382 1.1235321223036827 0.5685347029475665 0.5450245219903717 -0.4039082479946917 -0.46537551359810125
1645102064.687627 2.8984294040445238 1.5950112737412412 1.1259753801396706 0.5690190174874374 0.5443552579787024 -0.4020489943876553 -0.4671732295842261
1645102064.694231 2.8989869845466587 1.5963761231497766 1.1283575160403823 0.5696140510785659 0.5425059097775331 -0.4014734607620425 -0.46909041985895233
1645102064.70082 2.899809859311979 1.5980066879643966 1.1308972379027171 0.5702270937052276 0.5415356492373999 -0.40039305750369864 -0.47038842004238
1645102064.707432 2.90052337489256 1.5991905883868058 1.1334934100344636 0.5709542536355099 0.5402325842567969 -0.3989573506136612 -0.47222096913328315
1645102064.714015 2.900963401827828 1.6004886784270407 1.1360002034246401 0.5714172972077769 0.5385490388861321 -0.3980842848085086 -0.4743161747715813
1645102064.720632 2.9016440195514908 1.6018348083195157 1.1387520809808076 0.5730069140316617 0.5358429124421167 -0.39716534402071096 -0.4762296907290503
1645102064.727255 2.9033505501702663 1.6011348659695792 1.1422532941747567 0.5768658421095724 0.5346511151437684 -0.3936720313780596 -0.47581070228403743
1645102064.7338262 2.902435456977126 1.603838201464795 1.1438901852802665 0.5734966168361331 0.5330196571622412 -0.39709412046701953 -0.4788606995098571
1645102064.7404191 2.9031110485653033 1.6048844126665758 1.1466324924025955 0.5737711046037275 0.5322402901662838 -0.3957280093149098 -0.4805268737982235
1645102064.7470348 2.9036179613425133 1.6056858915209433 1.1493519323935841 0.5743453174126756 0.5309112790323666 -0.39570983738809684 -0.48132545312308234
1645102064.753643 2.902574931504745 1.607138046841169 1.1518780210447512 0.5735214429144545 0.5266307950920628 -0.39542990996876665 -0.4872042609457221
1645102064.760231 2.9033334632982326 1.6052533573736285 1.1544676109730518 0.577803101842181 0.5229853313507222 -0.3946191476725877 -0.4867292611477873
1645102064.7668421 2.905457632609261 1.6077365730884623 1.1582269929356634 0.5764657973941882 0.5265277753417572 -0.39094313191852775 -0.48746159592859156
1645102064.773468 2.9062372516460986 1.6054301637488708 1.1613307129086226 0.5829276570676702 0.5193059998306894 -0.38778562045220955 -0.49003936852650887
1645102064.7800262 2.904383479885669 1.6090699230068135 1.1632840891204932 0.5763723088663292 0.520012748657313 -0.39022440260687496 -0.4950820682017346
1645102064.786643 2.903930359743909 1.6099625709038463 1.1659045585619314 0.5750063975386414 0.5178359389684657 -0.390535740886709 -0.4986932561992214
1645102064.793223 2.9050746800527625 1.6101838441129206 1.1690324665564802 0.5766307538987909 0.5169580514136898 -0.3894277921553576 -0.4985949719579448
1645102064.799823 2.904958028044921 1.6101700010470392 1.1718217328146117 -0.576726153436708 -0.5146577056820363 0.38935687636996363 0.50091385004465
1645102064.806417 2.905177461204523 1.6107733462624294 1.1746919817260106 -0.576103951233326 -0.5135289390076703 0.38902388034517216 0.5030423799948922
1645102064.813031 2.906089189273178 1.6115780482236188 1.1777793000238692 -0.5761726955809694 -0.5130861046944316 0.38779530895781233 0.5043625090259087
1645102064.819659 2.908295331985502 1.6092424047746066 1.1817657179490244 -0.5817126311130839 -0.5104236617908143 0.3835509452066164 0.503950284389153
1645102064.826218 2.9066155477432463 1.6125211545511857 1.1837350744393018 -0.5743824787322974 -0.5113177087158945 0.387921280735441 0.50808957495665
1645102064.8328562 2.91002190545848 1.6117656995671075 1.1879590602973653 -0.577080821165932 -0.5135867710863224 0.38280511029796105 0.5066216427423526
1645102064.839463 2.9080997988045345 1.6139924671308798 1.189852676368829 -0.5710470263878503 -0.5132520799779313 0.38761674489577186 0.5101273679126372
1645102064.846027 2.90822009722819 1.6138167026674866 1.1927960621366354 -0.5711290645710841 -0.5113351701153249 0.3882844042835084 0.5114509955464696
1645102064.8526468 2.9125563985785794 1.6096946926889781 1.196864475023855 -0.5814694358415978 -0.5076134384100817 0.3815920263713681 0.5085355126689032
1645102064.8592262 2.908704975596962 1.6137460575115756 1.1984875249435836 -0.57092545623401 -0.5089118125822049 0.38861480311572866 0.5138388482198678
1645102064.865846 2.90858960239283 1.6140534996423983 1.2014443665992394 -0.5692227467304073 -0.5084412875787709 0.3892638057496485 0.515699257193002
1645102064.872447 2.9087052686957318 1.6138509435566535 1.2042942229334703 -0.5686755333358655 -0.507454535015583 0.3899228455477746 0.5167757059324615
1645102064.8790221 2.908759568630235 1.6136738326973885 1.2071570292914482 -0.5680840204826042 -0.5064235869712146 0.39074103416184613 0.5178187288585842
1645102064.8856199 2.908789575724389 1.613410978969015 1.2099869451469207 -0.5671812112404498 -0.5055004695618615 0.3920522926194423 0.5187185304768779
1645102064.8922298 2.9053557176686233 1.6158651179489025 1.2112048824084327 -0.5589471358057245 -0.5051592741961028 0.3988620633837537 0.5227812025735882
1645102064.898829 2.908153561480422 1.6130346682742571 1.2152758343792143 -0.5652783748859712 -0.503262719350083 0.3941786416724088 0.5213532729560334
1645102064.90544 2.9092674380170456 1.6118778525403836 1.218542449797813 -0.5666007870936359 -0.5026585967424569 0.39367547715584916 0.5208804070424385
1645102064.9120362 2.90811565929687 1.6116286395076005 1.220835307277525 -0.5629637663603995 -0.5028648081652467 0.3961913648069189 0.5227142314975656
1645102064.9186728 2.9083204396672087 1.6101932802409153 1.2236397341444518 -0.5658774964063368 -0.49838396905229754 0.39606563704679726 0.5239533919041978
1645102064.92523 2.9072624800259423 1.6104136279880292 1.2262364532075 -0.5613380070966667 -0.498954826453557 0.3974193294298581 0.5272577161231004
1645102064.931863 2.9078190089717353 1.6097359605941561 1.2289642149799254 -0.5612446107649617 -0.4997220878414826 0.397273450300053 0.526740173597639
1645102064.938424 2.9078350198032368 1.6099494048071599 1.2312597594362644 -0.5575109056233339 -0.502224347269385 0.39930715790845855 0.5267876882806412
1645102064.945024 2.9077920730380225 1.6084231036423426 1.2339495186068228 -0.5570189377885725 -0.5024962979183242 0.39958354764000026 0.5268391789035742
1645102064.9516501 2.906301342378773 1.607922254633299 1.2359673067154673 -0.5547301989634685 -0.5006139839474845 0.402306741353043 0.5289691860473227
1645102064.9582562 2.9057661278049647 1.6065815881759726 1.2382062926676907 -0.5536593471858717 -0.5004149529781902 0.40469424306760604 0.5284580121839536
1645102064.964855 2.9059548958574157 1.6067059141260787 1.240623362818166 -0.5497588872883821 -0.5046362317844869 0.4052716435208116 0.5280732949329797
1645102064.971466 2.9054043117713775 1.6055264340203117 1.2428116947606946 -0.5481859825701468 -0.5047649311833606 0.40716421553624155 0.5281295164383675
1645102064.978008 2.904256517156436 1.603547344753211 1.2448685755076123 -0.5481096140246796 -0.5027209197091627 0.4084762882683277 0.5291443492490349
1645102064.984628 2.9036977270451274 1.6023035388635276 1.2468153773867368 -0.5457955849633382 -0.5042091772104682 0.40919147063761535 0.5295673794868357
1645102064.991221 2.9046263148641867 1.5995180503474828 1.249679723017061 -0.547103575641595 -0.5062805775927746 0.4078046996435115 0.5273063716253517
1645102064.99782 2.902707482301415 1.5973162857950225 1.250977990205582 -0.5454141561566069 -0.5047849822800609 0.41044990578639357 0.528436846777796
1645102065.011054 2.9009748925591845 1.5948393804649077 1.2538224921019872 -0.5390139338536615 -0.5085149443831597 0.4156657927933393 0.5273495827643013
1645102065.017629 2.9013888147219147 1.5927200690304284 1.2560081145778668 -0.5399596864370712 -0.5093782182655667 0.4129282642449261 0.5276992508608441
1645102065.024231 2.9000622512193313 1.5910105296002102 1.2570366100684862 -0.5361788521206359 -0.5121228128312372 0.4173218821959994 0.5254367977129268
1645102065.030818 2.8992198319419678 1.5889845611233224 1.2584017050447676 -0.5355118405635685 -0.5117025495002898 0.4167578163576329 0.5269719264077274
1645102065.037411 2.899225921791786 1.5874686546279813 1.2597443317883716 -0.533212587905068 -0.5156526711133588 0.41806517140490773 0.5244114367913459
1645102065.04402 2.896598568228389 1.584790730223774 1.2601656074876892 -0.5306589480966006 -0.5146951889729855 0.4217611830111773 0.5249821771425307
1645102065.050613 2.8988937005353965 1.5822951786233301 1.261611586426059 -0.5328402816300429 -0.518063917423743 0.41999965677875656 0.5208552262716822
1645102065.057218 2.898721815035203 1.5800204123997064 1.2623426033719358 -0.5319129254048328 -0.520291410676273 0.4190142677198289 0.520376317724331
1645102065.063818 2.8876376603295673 1.5812931582298495 1.2585898276970544 -0.5124844857086938 -0.5186164637448614 0.4392820926686821 0.5248112136888893
1645102065.070418 2.8966979610215455 1.5766111771846134 1.2637179195020405 -0.5284763476895522 -0.5230750796500768 0.4208713792373598 0.5195878079294216
1645102065.077012 2.896086070269198 1.574295699988512 1.2640357570122025 -0.5275228743735781 -0.5256814444233102 0.42102496285100965 0.5177987490394257
1645102065.083622 2.891714459306892 1.5725008141015486 1.263170031692789 -0.5212355780392836 -0.527176191651236 0.42785000291630526 0.517051363170594
1645102065.0902169 2.8943274840407223 1.5688901519007832 1.264076393227552 -0.5263006408743366 -0.5286289106186337 0.423140146039431 0.5143058191021226
1645102065.096823 2.890405779477913 1.567451127230489 1.26325807115296 -0.5189832525083239 -0.5315405399907667 0.4297713068324438 0.5132413003584126
1645102065.103416 2.8890908334686083 1.5650557186440506 1.262929769945273 -0.5181046764990245 -0.5331528856682924 0.4305528217310715 0.5117993994408738
1645102065.110017 2.8910164385466643 1.5635574380402748 1.2636792733591693 -0.5214284490763584 -0.5356385698194909 0.4247018998443864 0.5107159895344925
1645102065.1166568 2.8892095353936056 1.5594259211213564 1.2624638682645852 -0.5209111795820573 -0.5359836254511756 0.42845202147814176 0.507741032010264
1645102065.123224 2.8866240546752384 1.5582401680864875 1.2615168807893686 -0.5170506581883587 -0.5372576430099183 0.43057415195314874 0.5085446280487516
1645102065.129825 2.884124083958993 1.5555253752376978 1.2602719488273157 -0.5133287879556656 -0.5406463473124586 0.43521000838006746 0.5047636380699928
1645102065.136419 2.884712826508278 1.553522390611046 1.2599389051181507 -0.5150508701779898 -0.542678500364973 0.4316166388697986 0.503913239939184
1645102065.149633 2.8767333332087395 1.5513674088803444 1.255978286309678 -0.5034383859352655 -0.5424069352429113 0.44498956351792707 0.5043091044889108
1645102065.1562822 2.8794681084478144 1.5492611753911194 1.256809435131389 -0.5085496971452602 -0.5466389365385024 0.43789191324131205 0.50081197298327
1645102065.162823 2.873780586698385 1.546544006989305 1.2531529338142051 -0.5003948252309691 -0.5464106319947822 0.4477297365868765 0.5005770521274363
1645102065.169416 2.8767491332559487 1.5439348806565136 1.2534618097463042 0.505175600817164 0.5513412547571684 -0.4417851152297517 -0.49562697978876574
1645102065.17606 2.8711513031813536 1.5419431677886863 1.2498368548365455 0.49780890254256016 0.5505913301790523 -0.4496333586669548 -0.49685510828550034
1645102065.182622 2.8720139818848245 1.54018007876555 1.2495896033376006 0.499114284103037 0.5556984321797881 -0.44625261514797837 -0.492891869301422
1645102065.189218 2.870973232573971 1.5376124096546577 1.2469066289255852 0.49971727549510164 0.5545997272973014 -0.44618652359450495 -0.4935777498668585
1645102065.1958559 2.8708363282320826 1.5360641059175082 1.2460330557147252 0.4992994138726571 0.5586207202765379 -0.4448455306457464 -0.4906680474356311
1645102065.202461 2.865894586091865 1.5331301636400103 1.2417746770953881 0.49317957407381446 0.5582809269407454 -0.45251165424425377 -0.49023378168728476
1645102065.209064 2.868774408852095 1.531644677513551 1.2416310076675656 0.49825375303215624 0.5626487208602765 -0.4453477037205494 -0.48665661907534674
1645102065.21563 2.865331618230426 1.5295172793039926 1.2382799910519504 0.4935273273370525 0.5647493120353705 -0.4505344948822355 -0.4842595249527416
1645102065.22222 2.8669779067310683 1.5275802577546491 1.2369689654166798 0.4978429635226125 0.566438125624827 -0.44512417219659484 -0.4828708941297391
1645102065.228822 2.867156501585848 1.5251021757243897 1.2343756213716741 0.49960097400438414 0.5673041829941151 -0.4436172708121352 -0.48142310277909606
1645102065.235424 2.8605576538411803 1.5231663274312683 1.2291796365303203 0.49034151674055987 0.5670104677355724 -0.45479169434415523 -0.48086226287498224
1645102065.242028 2.8661671277953173 1.5205136886042754 1.2292506469559221 0.50193240454039 0.5700107152721493 -0.44282716732046556 -0.47650320839555066
1645102065.24862 2.8623685459705226 1.5198825309338502 1.2255904415079326 0.49676268154715886 0.5712231490084456 -0.44766279954455374 -0.47595024922974377
1645102065.2552261 2.8580426975846587 1.5185368524906042 1.2214072832139475 0.49076905888345407 0.5728865089199073 -0.4547263683561923 -0.4734662490905579
1645102065.261822 2.85526066576016 1.5175251815302027 1.217492600719837 0.48795537395305827 0.5728623660932041 -0.4585214790607231 -0.47274305070004147
1645102065.268416 2.859258630484551 1.5148318161591283 1.216434862824339 0.49727733931636003 0.5741211304921652 -0.44920251035168823 -0.4704433687563044
1645102065.275048 2.857129978870147 1.5135848752659502 1.2127869053827682 0.4950752005821064 0.5748651783206067 -0.45234130415352936 -0.46884699590515166
1645102065.281625 2.85557096766015 1.5115184696116994 1.2090597072441363 0.49398352578291665 0.5757439974566806 -0.45494769390720263 -0.4663917837309664
1645102065.288224 2.8549520025438895 1.5099733805132673 1.2057262234748103 0.4947390535836339 0.5763058349294242 -0.455648535755673 -0.4642078356423376
1645102065.294834 2.8536324370189097 1.508857403137051 1.2021757889051825 0.49369765733810467 0.577343302793045 -0.4573971781575739 -0.46230378936148026
1645102065.301427 2.852923853190935 1.5075987414668164 1.1988903460739724 0.493552194230391 0.5783545180674476 -0.45794848237767455 -0.4606463319059229
1645102065.308018 2.8521756985696296 1.5064584085553887 1.1953535664133976 0.49382751500739797 0.5788872322774213 -0.4586105704115064 -0.4590206189776001
1645102065.314616 2.8514932061246165 1.5054830441500973 1.191818101610194 0.49395642750936747 0.5794151392842165 -0.45915979612606905 -0.4576647475033798
1645102065.321218 2.8508705145095385 1.5047399588609123 1.1883716749112028 0.49403170368509436 0.5800699867208842 -0.4593284668477807 -0.4565834452550441
1645102065.3278148 2.849984920886828 1.504037708469864 1.1846400756140811 0.49391276876619256 0.5803778210741962 -0.4600791043554932 -0.45556402216064695
1645102065.3344178 2.849602889267169 1.503301212275104 1.1811986687332499 0.4946809460611331 0.5812176721409973 -0.45960993751538864 -0.454131225133117
1645102065.3410292 2.8508583777811416 1.5031268187759648 1.178214770861958 0.4983985798598117 0.5808023097500193 -0.4556773281810081 -0.45456056972293735
1645102065.3542569 2.850532310051812 1.502079006823436 1.171234516821316 0.5004385065752956 0.5819298002164279 -0.4546852864167609 -0.4518627246486745
1645102065.360851 2.8494146515089023 1.5021008920708396 1.1673425215017905 0.4993454183389348 0.5825300968176831 -0.45632406166018186 -0.4506449651133035
1645102065.3674219 2.848875121541463 1.5020337861778756 1.1636154551149325 0.49959332112668814 0.5828546473625641 -0.45660841943114505 -0.449661445923279
1645102065.374018 2.8469726424729402 1.5022985006142384 1.159373997254696 0.49781577425575174 0.5825980393909392 -0.45852768402493177 -0.4500122172619083
1645102065.380641 2.847742084346228 1.5021321833484798 1.1559374609430528 0.5008349010785558 0.5825277830408385 -0.4569966994069727 -0.44830725458006976
1645102065.387222 2.8460585244559478 1.50266284163655 1.152000532432727 0.4988460340505254 0.5824439925599395 -0.4586782485721624 -0.44891601199552245
1645102065.393816 2.846759715089534 1.503173885708029 1.1488267594278112 0.501179160866059 0.5830965691343648 -0.4567147905863753 -0.4474695833139966
1645102065.400458 2.8470728210289358 1.5032976785144718 1.1453492638372809 0.5033603963634942 0.5826838460447907 -0.4563972947188051 -0.44588007985767175
1645102065.407048 2.845046840392553 1.5044013467876693 1.1403848024089496 0.5006551695879222 0.5812903060937541 -0.46084299779979865 -0.4461718929314972
1645102065.413627 2.846261668116785 1.5037479158330622 1.1372550050667023 0.5057760057377326 0.5791704395586662 -0.4593327388185394 -0.44470808588374316
1645102065.420216 2.8458170533052436 1.5047655682023358 1.1337209782016828 0.5049106810192003 0.579856367388354 -0.4596695043118689 -0.44444950201016564
1645102065.42683 2.845705765999007 1.5053238729830054 1.130002133478924 0.5060199837183587 0.578835220238248 -0.4607269037926319 -0.44342294001722393
1645102065.433416 2.8461826241122763 1.5061433744282011 1.126425298516388 0.5078571487004311 0.5779853867515736 -0.46061175841763713 -0.4425498775821186
1645102065.44002 2.845282539382404 1.5075592385537906 1.1228081104893213 0.5067891576530518 0.5769937786792095 -0.4618815831889399 -0.443743052240259
1645102065.446628 2.8455459396922516 1.5083461151204176 1.1192415862511496 0.5079605365073312 0.5758781638821867 -0.4626015677761206 -0.443102547471381
1645102065.4532201 2.845531816843759 1.5098268384808828 1.1158283535161706 0.5082617461328678 0.5755571684086122 -0.4624780277278953 -0.443303135683048
1645102065.459818 2.8458837624562854 1.5108613384193028 1.1123182515290577 0.5099927468622221 0.5746544651242019 -0.46256845378384837 -0.4423909032685669
1645102065.466421 2.846163653618526 1.512933589864826 1.1084746075793892 0.5098101232508188 0.5737018174734491 -0.464085859215539 -0.4422485353910449
1645102065.473021 2.845634204794844 1.5147197055085675 1.1049025337754437 0.5097557452840034 0.5727063947381982 -0.4646476552872447 -0.4430108844575598
1645102065.479649 2.8464805681846865 1.5151300464822748 1.1020763400869424 0.5132852715534683 0.5716397837277304 -0.46314518248641073 -0.44188497103165914
1645102065.486221 2.84646610776994 1.5178025121143441 1.0983119250498954 0.5128957166507415 0.5711380798598384 -0.46399233933080924 -0.44209730335389136
1645102065.4928262 2.8472012772587076 1.518584907651956 1.0955321091189245 0.5164093954001275 0.569800876900303 -0.4619986541047725 -0.44182019500860137
1645102065.4994261 2.847376780158244 1.5204317800348388 1.0921966033531185 0.5179361427076485 0.5684617637314281 -0.46173093246888275 -0.44203796040218274
1645102065.506038 2.847209220786205 1.5236566692262128 1.0886805612613226 0.5169727710974087 0.5684925010453554 -0.4621225276612638 -0.4427164578589797
1645102065.51262 2.847976271781951 1.5245180370304805 1.0858424518274294 0.5209717538672413 0.5667420482419284 -0.4604195236242827 -0.44204672449077564
1645102065.519223 2.848096090415329 1.5275364181668214 1.0824042173236639 0.5210583934092874 0.5664490465339842 -0.46087747774583293 -0.4418430278258167
1645102065.525815 2.849031389770985 1.5293698990495017 1.0791982943751206 0.5240669384838882 0.564891763810753 -0.4591210790401692 -0.44210700502625694
1645102065.5324259 2.849024511554452 1.530984306933834 1.0766480852112292 0.526122132581404 0.5640077457057381 -0.4583638354021515 -0.44158008090215567
1645102065.5390248 2.8494051882663705 1.5332558414757769 1.073708413286045 0.5280278475527331 0.5627476580817505 -0.4574254034110911 -0.44188608750909714
1645102065.546192 2.85319575916457 1.5366030532854305 1.0720772110874088 0.5336302750154518 0.5642223751464263 -0.45093865424953694 -0.4399383772091535
1645102065.5522282 2.8512748371961836 1.5378379203454022 1.0683038518978913 0.5336131414638101 0.5604883007854848 -0.454260611410075 -0.44131258151214897
1645102065.5588338 2.8540374007000326 1.5415354572107822 1.0666041125530457 0.5377251963872757 0.5614353825413728 -0.4494704172173963 -0.4400203832515681
1645102065.565418 2.8516758764844288 1.5432726743854985 1.0629065962996336 0.5355091755917645 0.5599017262494815 -0.45270706308387765 -0.4413568606974097
1645102065.5720708 2.852369720507743 1.5460482303725178 1.0603508714645744 0.5377974479516663 0.558589351998416 -0.4515376259882735 -0.4414354771982114
1645102065.578624 2.8535005062265566 1.5485129435247307 1.0580379023603281 0.5409154885653202 0.5573922622585635 -0.44947099714291794 -0.4412480027012276
1645102065.5852008 2.8538613770768224 1.5511176034790701 1.055441075674556 0.5426744403803964 0.5569681660364025 -0.4489808269149434 -0.4401213727034623
1645102065.59185 2.854583027375455 1.5541437278919852 1.0533427654866927 0.544411400030619 0.5559284130757629 -0.44674539459346047 -0.44156309088616946
1645102065.598444 2.8552778802131273 1.5569563383223188 1.0511352195262413 0.5465930333755368 0.5552190049664966 -0.44535435738382734 -0.4411656399977101
1645102065.605056 2.8559968014696047 1.5600850551000087 1.0490649085150976 0.5475427007743997 0.5559496750998325 -0.44309897378544494 -0.4413387578493462
1645102065.6116512 2.8565533460237402 1.5627763205071488 1.047081175077089 0.5503789381379559 0.5541134060323973 -0.44202172115713134 -0.44120030055290266
1645102065.618311 2.8582493088918968 1.5659647370377134 1.0459919799270412 0.5528362269879915 0.556189532925481 -0.43763962054000294 -0.43988237757132714
1645102065.624835 2.857443623881235 1.5688507622243433 1.0428936917296472 0.553270817464624 0.5527755476937543 -0.43997948479475296 -0.4413029745224664
1645102065.63142 2.858427756725583 1.5722632379854227 1.0413031403205186 0.5542590886094348 0.5542738381376637 -0.43756687012935125 -0.4405816921960869
1645102065.6380281 2.85925331326162 1.575306083043003 1.0397389599206037 0.5560414154041459 0.5542400461632365 -0.43590038763581246 -0.4400299930273992
1645102065.644625 2.861395920733231 1.5795949466195391 1.0388387811340205 0.5590804000582157 0.5547087487773804 -0.4328173612582443 -0.43862994982287523
1645102065.651245 2.860480407697748 1.5824944775521161 1.0367077447145048 0.5573426658724735 0.5555840855811014 -0.43421303444821113 -0.43835384536689115
1645102065.65782 2.861148347998503 1.5855601966229191 1.0350445175042964 0.5594961636704676 0.5549283206054215 -0.4329944150554675 -0.43764613503642585
1645102065.6644108 2.8612531488491175 1.5885384074286326 1.0335864814532505 0.5609245250794712 0.5533947624811297 -0.43305341833394406 -0.4377011762727825
1645102065.671026 2.8630679336985994 1.5914763997129382 1.032783254890811 0.5642271540729215 0.5553541243431559 -0.42939020509989945 -0.4345723498649486
1645102065.677623 2.864040284821133 1.5934658560730321 1.0320652410456703 0.5675917092602963 0.554342213647937 -0.4268157337342166 -0.43401877461368893
1645102065.6842518 2.8622196562338695 1.5972529500799535 1.0291795580387246 0.564985249369386 0.5511910042013486 -0.4314225866024636 -0.43686876989249435
1645102065.690853 2.86360498260554 1.6000922592635995 1.0288828649315955 0.5675621505050428 0.5523036455381792 -0.4269084853577266 -0.43655769939307665
1645102065.69746 2.863239406617563 1.6040807728560371 1.027199476857531 0.5663724297860302 0.5523220064564774 -0.42841130081722345 -0.4366073927404079
1645102065.704061 2.863721192922387 1.6064197787928436 1.0263566755986773 0.5687155646841873 0.5508975519509292 -0.42666280613923474 -0.4370732468699112
1645102065.710662 2.864031460783443 1.6104778748936317 1.0251813396920924 0.5680390331284956 0.5517849536711371 -0.42666937222265394 -0.4368270390507962
1645102065.71722 2.863593049610405 1.6134718102714258 1.0237497777981728 0.5676425890302947 0.550358086079851 -0.4275121420649621 -0.4383158984997417
1645102065.723856 2.8644297545108857 1.6164893935497757 1.0234682758765405 0.5696276092128087 0.550852491031377 -0.42415735291343254 -0.4383788719793806
1645102065.730422 2.8653981866792524 1.6197949115619235 1.0232344282158623 0.5710499161879898 0.5506570746070706 -0.4221294147521342 -0.4387313807790524
1645102065.737036 2.8644029295262543 1.6228576047607501 1.0211197539018704 0.5695067072947857 0.5495979937516512 -0.426050482577612 -0.438274796970406
1645102065.7502878 2.865972014072708 1.629469519889968 1.0202717452850545 0.5731186241939444 0.5487777437931792 -0.42173821416322377 -0.43876469189930073
1645102065.756834 2.866392520832897 1.6330733191858644 1.019887329738218 0.5742062325884068 0.5487840627314783 -0.41931953883691897 -0.439652203732042
1645102065.763427 2.866606204211141 1.636515203912489 1.01964907352494 0.5742252454941248 0.5499711559177259 -0.41910052928918434 -0.4383507252071482
1645102065.7700238 2.866991733587284 1.6386124378595277 1.0194156422796445 0.5768149298147268 0.5484336979612041 -0.4172018901944944 -0.43868809350123333
1645102065.77663 2.8669680571598266 1.6425035622259234 1.0184034043917694 0.5770139652929311 0.5480052756976797 -0.417170281534633 -0.43899157681462614
1645102065.789862 2.8675976160081937 1.647730299420396 1.0181729799350347 0.580719451117874 0.5472926805132251 -0.4151507390961515 -0.43690398267505104
1645102065.796469 2.8673338878454158 1.6521689169737734 1.017566725113108 0.579308575545121 0.5485210062648539 -0.41585527434104796 -0.4365664088460124
1645102065.803046 2.867329773773644 1.6553154093677336 1.0173230506876303 0.580548210108776 0.547508759995329 -0.41575039427819177 -0.43629029662772967
1645102065.816237 2.8675985560943578 1.6562590157936412 1.0164954198336051 0.5840256254724435 0.5449220886545646 -0.41561458423271486 -0.4350149778236618
1645102065.822827 2.866981627115371 1.6610589328630034 1.0164838667097527 0.5824950352813361 0.5458818763928373 -0.4139088019874617 -0.4374832751074307
1645102065.829431 2.867692918058966 1.6631072258606452 1.0168889258747449 0.5858530231733509 0.544514854899016 -0.41207744321421635 -0.4364304646647027
1645102065.836056 2.867420650897156 1.6668017802423367 1.0161798762700007 0.5847260135707961 0.5452596225952874 -0.41270739619128727 -0.4364167906101398
1645102065.842622 2.8667251524551425 1.6701218076831263 1.0158757989022449 0.584434931096297 0.5441734608069496 -0.4133372730902167 -0.437564878459524
1645102065.84925 2.867039771990595 1.6723526776099589 1.0160037354014149 0.5873109103935081 0.5434686454752362 -0.4120118648368397 -0.43583661002733953
1645102065.855859 2.8664225838554094 1.676422227325825 1.0160350093563046 0.5852859962382324 0.5444698054579367 -0.4106378644589313 -0.43859897925327584
1645102065.862484 2.866339466246939 1.6798064046366976 1.0162053551722023 0.5856524587009546 0.544851537663927 -0.41010432262575386 -0.43813476989827854
1645102065.869056 2.8665746176447215 1.6816983140831396 1.0167594656330046 0.5884713604250057 0.5435663987349694 -0.40807751661710173 -0.4378464123371211
1645102065.8756192 2.8656738346042614 1.6853383873871637 1.0161276075099934 0.5875123876389954 0.5430787515088576 -0.4090913039817438 -0.4387922365596237
1645102065.882229 2.8659922867602874 1.686756579065914 1.0161313315677125 0.5907646834842236 0.5412968580212414 -0.4087857231120716 -0.43690801447438576
1645102065.888819 2.864943797223697 1.6914381532242742 1.0164082175226163 0.5883838428993459 0.5424051047380961 -0.40756672545035805 -0.43987495921812453
1645102065.895434 2.8646643890239436 1.6942927573908495 1.0167577128106893 0.588890411269683 0.5423881061109932 -0.4066793529207619 -0.44003934186305166
1645102065.9020228 2.864555078318442 1.6971049883756655 1.0168756798067875 0.5897638677989787 0.5424560586152749 -0.40592102924673523 -0.4394857279220739
1645102065.908635 2.86394464286643 1.6999234959664438 1.0173958032756185 0.5905741133139901 0.5417303012102515 -0.4048519114269021 -0.4402782564293198
1645102065.91529 2.86417053962078 1.7017273511107545 1.0181424243651 0.593015713183461 0.5417780145277535 -0.4023858564744228 -0.43919725268431525
1645102065.921876 2.863313705691204 1.705292926225611 1.0179675277798939 0.5923316499409335 0.541030351073137 -0.4037822596758148 -0.43976009176273106
1645102065.928478 2.863369039757654 1.7072111467619469 1.0190292179347606 0.5946437283975099 0.5412970737413295 -0.4011216563936337 -0.43874523997949055
1645102065.93504 2.862201542220813 1.710616309124783 1.018535923336207 0.5926020831291046 0.5413456597257612 -0.40313285094938384 -0.43960338683471345
1645102065.941629 2.862289353837538 1.7123022266659802 1.0198243443002437 0.5958874348799176 0.5402144371229369 -0.40125139512569574 -0.43827343366231225
1645102065.9482582 2.860604994560881 1.7164167044387246 1.0194848091651751 0.5926528281695971 0.5405849840143943 -0.40328121949187684 -0.44033438329743657
1645102065.954817 2.8600398020266686 1.7189987818673 1.0199837485923657 0.5930580540470417 0.5404054384065031 -0.4030114897933125 -0.4402562402519896
1645102065.961418 2.859330012437235 1.7218405897953606 1.0205803090895837 0.5929376337380577 0.5405747176519161 -0.4027416432587916 -0.4404574992524309
1645102065.9680269 2.8586357421745747 1.7241498742409487 1.0209379164337977 0.59315941521753 0.5404700256848408 -0.4027803952927733 -0.4402518400671686
1645102065.974626 2.85814206762923 1.7267002572525911 1.0217594427024013 0.5938513563190376 0.5404420977757182 -0.402010799224133 -0.4400567313478535
1645102065.981226 2.857094314015625 1.7292884068264156 1.0220449205667095 0.5937806505006364 0.5395191840237226 -0.4037155679876313 -0.43972364288625365
1645102065.987825 2.8564107382856907 1.7317477167023703 1.0225858231226534 0.5937069448188802 0.5399200538104222 -0.40368573757374177 -0.4393585283588182
1645102065.994424 2.8560411762239166 1.7331695863093641 1.0237872032623305 0.5960678564692045 0.5392507010534859 -0.40276233748325074 -0.4378285296841003
1645102066.0010219 2.854742495572893 1.7365199841067487 1.023820212318503 0.5941291137216511 0.5394724904059219 -0.4052224057908896 -0.43792072245677977
1645102066.0076191 2.853899416052334 1.738930085444131 1.0245558623167164 0.5945145535487864 0.5392593186301 -0.40515848288106976 -0.43771916057925603
1645102066.014226 2.852949152910693 1.7405454816147268 1.0255030702858852 0.5961466540762177 0.5383746099999427 -0.4053331541445898 -0.43642470185340454
1645102066.020824 2.851873604555297 1.7432852485914803 1.0262097000416157 0.5956034455910725 0.5385998231447786 -0.40556048224291597 -0.43667735546882963
1645102066.027491 2.8509274935836117 1.7454744682602554 1.0268983726122265 0.5962005954470986 0.5385093392918853 -0.40526578793230406 -0.4362472764601159
1645102066.0340211 2.849981580530545 1.7475352730724394 1.0276515862612539 0.5968783475011847 0.5382536039431864 -0.40618688860436364 -0.43477723001415675
1645102066.040647 2.8488073796530067 1.7503654134886002 1.0280891504012866 0.5964226026475032 0.5377393866721014 -0.40709137212334484 -0.4351926041171981
1645102066.0472262 2.847888605941732 1.7526769331208893 1.029094559269168 0.5963962364578632 0.5383264275034695 -0.406585276434793 -0.434976108910501
1645102066.053853 2.847241936897887 1.7547402834948933 1.0300653594298104 0.5969335891916003 0.5396677031046049 -0.40631534851549117 -0.43282390429670586
1645102066.060431 2.8459993343554935 1.7566697161798535 1.030928773192387 0.5965482930160101 0.5399477916779369 -0.40650179698107464 -0.43283075373608165
1645102066.067032 2.844814272104912 1.7584563685167738 1.0321476847843378 0.596900591680019 0.54047235739937 -0.40586686930891647 -0.43228576300108873
1645102066.0736582 2.8435738555932915 1.7608114048817876 1.0331819835209293 0.596484102088351 0.5409812624537392 -0.40521201088667047 -0.43283820376086596
1645102066.0802612 2.842539259740104 1.7629810536995665 1.033735774049666 0.5956985698297829 0.5415320059382442 -0.4066424257523548 -0.43188867076979376
1645102066.086856 2.8414011359205533 1.765098135387135 1.034807621676471 0.5950571977831902 0.5424735660839931 -0.4060788374316499 -0.4321214459903493
1645102066.093428 2.840317525471174 1.7672587904766308 1.0359246675999405 0.5944074644361659 0.5437760342997675 -0.4055148604776571 -0.43190813766921354
1645102066.100021 2.8398861463912644 1.7682680126348893 1.037671344227061 0.5960271219247659 0.5446248578685781 -0.40307308084462645 -0.43089111265615243
1645102066.1066198 2.838825356656234 1.7699978614308705 1.0387022482154724 0.5957160639788931 0.5455107237575401 -0.40295551668380747 -0.43031033211368397
1645102066.1132212 2.8378211604221977 1.7718288245730154 1.0397854683326353 0.5945469317242886 0.546790728649866 -0.40345747232953255 -0.42983201787879993
1645102066.1198459 2.836087797306827 1.774530918202178 1.0403912400266762 0.5923628339758212 0.5476818383111681 -0.40430461502672116 -0.43091565719180974
1645102066.1264188 2.835770642548 1.7756160372552485 1.0421096051249537 0.5931787926448986 0.5494245461518928 -0.4022817189556944 -0.42946558836408943
1645102066.133128 2.83440852072463 1.7775873895237326 1.0426623599252314 0.5913867420681382 0.5501009812646597 -0.4042715774424002 -0.4292024661637335
1645102066.139669 2.8337166379694003 1.778795344419797 1.0442287760916371 0.5919469629218176 0.5507051098399824 -0.4030489797575396 -0.42880524123174607
1645102066.146297 2.833133675364507 1.7807744852745184 1.0456595601011205 0.591231254109286 0.5520056364193636 -0.40281554961503935 -0.4283393392039857
1645102066.152871 2.8323430653447996 1.7813868091278175 1.0465525263919262 0.5923339755976818 0.5497919056167655 -0.40353557376133237 -0.4289848831611623
1645102066.1594481 2.830234546781619 1.7846034990116548 1.0475863822225882 0.5881825546466164 0.5530148844280163 -0.40606533076211987 -0.42816633533065157
1645102066.166025 2.829478496678731 1.7865143397539318 1.0490113030284964 0.5868098938521289 0.5542371918403673 -0.4059408686338181 -0.42858714993165165
1645102066.172666 2.8302315850086557 1.7857943708488027 1.0501496921377762 0.5899314882622466 0.5515400060008703 -0.404977177318552 -0.4286928229738912
1645102066.179223 2.831773417326309 1.7840847311935821 1.0522663618534775 0.596018264626397 0.5496358339712649 -0.40167095009217635 -0.42582017128411837
1645102066.185846 2.8311748423290086 1.786140407996074 1.053089947539671 0.5936105537022864 0.5509734200423322 -0.40330560006035565 -0.4259096176434234
1645102066.1924322 2.828855867416969 1.7895602532301007 1.0536958767391646 0.5881132430011583 0.5527404814660829 -0.4061374906218077 -0.42854730616807113
1645102066.199021 2.8273683523474684 1.7915813929208706 1.0542598958011817 0.584919690762479 0.5532609959130818 -0.4086444114992659 -0.4298612006393573
1645102066.2056162 2.827958281701068 1.7918344241961843 1.055562098812063 0.5859798937501389 0.5529127660015155 -0.40874538793626003 -0.42876793727068424
1645102066.2122219 2.8283263642907017 1.7930836784849968 1.057334680810049 0.5855076650756785 0.5543224176097977 -0.40818306302983387 -0.42812810046849176
1645102066.21883 2.8282684571571606 1.793957842650744 1.0582317275000794 0.5843017333369548 0.554925179017264 -0.4097533579727482 -0.42749429305407366
1645102066.225426 2.8256856037189255 1.7963308173394565 1.0581583185666579 0.5786798712920858 0.5558691266377097 -0.4139482175313312 -0.4298670564973451
1645102066.232054 2.826476936460348 1.796691990820782 1.0594720531065005 0.5793906683461791 0.5564062008474074 -0.41411472901436425 -0.4280506170387816
1645102066.238633 2.826221753925134 1.7978858843870897 1.0602590334585078 0.5777707098279863 0.5574058253509101 -0.4157495740683619 -0.42735432336397505
1645102066.251905 2.8278264338515897 1.7977360516008367 1.06234727805769 0.5800127508860833 0.5567328281935696 -0.41617510642497696 -0.4247725107590019
1645102066.258441 2.8261335339096405 1.800647181779954 1.0628133747403254 0.574128665679891 0.5598212332132939 -0.4186567981588443 -0.4262658325777742
1645102066.26503 2.826350305662354 1.8017501066404675 1.063797780319109 0.5727484095237186 0.5611617225069774 -0.41881221463249474 -0.42620741260627365
1645102066.271616 2.8266229672626864 1.8034590291868495 1.0646188496587636 0.5703916539406471 0.563149541209549 -0.4196657982888089 -0.42590638477772935
1645102066.278265 2.8269715468906833 1.8032990534206845 1.0653488388590298 0.5702709343074602 0.5631912688299727 -0.4199684028378995 -0.4257145124328049
1645102066.284818 2.826963997932566 1.8058423468539067 1.0665489536973942 0.5665957971292284 0.5662650138330608 -0.41940105707010156 -0.4271012941123896
1645102066.291451 2.8291487352830407 1.805041969739004 1.0680724920200875 0.5698769053481816 0.5662628218309761 -0.4164834079594515 -0.4255912471868539
1645102066.2980201 2.827955849595561 1.8064186521463108 1.06800104703315 0.5655783077146586 0.5672464313632902 -0.4197216201757111 -0.4268325287789146
1645102066.30461 2.829209652168393 1.8073285574499256 1.068933448249897 0.5644830445832507 0.5691442303376923 -0.4199472351798437 -0.4255321529719383
1645102066.3112519 2.8295865002589418 1.8081623059204253 1.069671077548577 0.5626063625281882 0.5704665758629165 -0.42031421826972953 -0.42588431022734013
1645102066.317816 2.8300245296061832 1.8085674131165648 1.0704030335401622 0.5613912633470414 0.5712182866347398 -0.4201043371038829 -0.42668669223334216
1645102066.3244202 2.8311302155308407 1.8097310811159173 1.0711694658652127 0.5604333132458886 0.5729452804518452 -0.41970544275571353 -0.42602255050972077
1645102066.3310132 2.8303024576876714 1.8100679232521524 1.071153131168168 0.557053066727291 0.5730960816504853 -0.42242560489372266 -0.4275617057301409
1645102066.344293 2.8318988847071154 1.8116682935090478 1.072111653595306 0.5542777306100065 0.5755437604583397 -0.4245330832319489 -0.4257896835558363
1645102066.350823 2.831438092129679 1.8123230820660075 1.07238006563004 0.55126936606497 0.5766070624887865 -0.42574144444197587 -0.4270483104687334
1645102066.357426 2.8322540974492343 1.8125141358781187 1.0725797276654947 0.5508248666720691 0.5770378813895009 -0.42671889059141704 -0.4260631466087333
1645102066.364052 2.8327988470621306 1.8129351029199587 1.072695870715468 0.549884405544061 0.577625150705997 -0.4279793505233134 -0.4252171833273053
1645102066.37062 2.8340667162240294 1.8139199537108421 1.073300179182359 0.5489064901915401 0.5798169494941805 -0.4277822163617061 -0.4236932751319154
1645102066.3772202 2.8353922334892503 1.8132418242455086 1.0737207460446425 0.5504502295828729 0.579479721725856 -0.42750003115486207 -0.4224348838791548
1645102066.383856 2.835270768427407 1.813724737342538 1.0734181063898145 0.5493197149804429 0.5786086528593104 -0.4292581591777154 -0.42331661939928283
1645102066.390423 2.8351776347727737 1.8148768210580701 1.0729600619579243 0.5467097336564882 0.5797246489624951 -0.43183656275750515 -0.4225453203115742
1645102066.397019 2.834790362096601 1.8146847252213658 1.0724598265765117 0.5461949824478589 0.5789839986679667 -0.4330993494801909 -0.4229340292834255
1645102066.403622 2.835013176293426 1.8150130137773162 1.0721569030064986 0.545255585540613 0.5791497632747593 -0.43440443699048487 -0.42258063546203584
1645102066.410254 2.8353580603562247 1.8154579621819247 1.0718913207079788 0.544668252594189 0.5795372451636718 -0.43497407999120435 -0.4222205810778331
1645102066.4234529 2.835834205692947 1.8161349508522437 1.0711326437051054 0.5437829919840577 0.5799119944198712 -0.4364045642225467 -0.4213701816599562
1645102066.4300191 2.8354360807674484 1.8168117846139695 1.0706111472607787 0.5419574554391715 0.5801922895169419 -0.43750451230846243 -0.4221947426243286
1645102066.436619 2.835531624440534 1.8172416101711935 1.0701099767920323 0.5418168395828826 0.5800575619510974 -0.4377385895241708 -0.42231775359641927
1645102066.443221 2.836293091869723 1.8174353265629506 1.0693990388183123 0.5423337507485148 0.5799787948499102 -0.4389127820075965 -0.42053993834912506
1645102066.449843 2.838114279776347 1.8153311748962015 1.0691644766742037 0.5469354069984717 0.5779122323252222 -0.4375378765267365 -0.4188548066714017
1645102066.4630232 2.8371818266176074 1.8155028369405257 1.0680421862458378 0.5450972667315852 0.5775991952726369 -0.4397504859197197 -0.41936533656146213
1645102066.469619 2.8355349413018733 1.817334082483585 1.0670054088308172 0.5409992504809623 0.5776210105669811 -0.44258120470344403 -0.42165771003935604
1645102066.476243 2.8341124846543804 1.8175548835222506 1.0654832296449892 0.5383183058333594 0.5766242044873284 -0.4462913740844601 -0.4225418074819041
1645102066.482847 2.833673149859231 1.8175892075074487 1.0643958733732681 0.5375207647850517 0.5757681063709253 -0.4481031228349325 -0.4228069693874381
1645102066.489446 2.834742937047432 1.8182643136453114 1.0640847425476916 0.5379426444251133 0.5770791578111464 -0.44771032232010904 -0.4208948226786631
1645102066.496025 2.83114112284783 1.8177233337305898 1.0611100415555081 0.534103223805412 0.57354079386084 -0.4545677749554664 -0.4232640292341937
1645102066.502651 2.832275657345332 1.817794954140225 1.0610341792364761 0.5357303299182354 0.5739648683074876 -0.4526944665757306 -0.42264016377715313
1645102066.5092192 2.8282096058964923 1.8170898078485231 1.0576491401655366 0.5300395787121123 0.5709591957674706 -0.46216326346708386 -0.4236370393835843
1645102066.5158532 2.8289719068724177 1.8174799833926847 1.057116333940909 0.5319142945134936 0.5704327263439313 -0.46023304912439295 -0.4240976412766113
1645102066.522461 2.8337385337067498 1.815591552913041 1.0582515312066476 0.541071187642004 0.5708617993293471 -0.45355817987626174 -0.4190983385396359
1645102066.5290492 2.8295251815571576 1.8176075383415136 1.055726211086243 0.5333323741125773 0.571058446222237 -0.4606725018419796 -0.42098608437893964
1645102066.535658 2.8304784276580057 1.817419753183246 1.0552010457474394 0.5365551078434786 0.5701270681324853 -0.45704003986978287 -0.42211101844908405
1645102066.542253 2.82966830527073 1.8172874664090422 1.0536421992591127 0.5366041533349855 0.5689797669983838 -0.4578470408094234 -0.4227217420315888
1645102066.548857 2.82933062036455 1.8184760657429897 1.052261396472692 0.5365221101406269 0.568977160285387 -0.4575024755538288 -0.42320215613497747
1645102066.555462 2.827544309345439 1.8173464982184058 1.0504476914090963 0.5359554351741744 0.5672134002404005 -0.46043117624246416 -0.4231115881101398
1645102066.562054 2.8256898140172027 1.816610101037432 1.0482497329279428 0.5347404649041921 0.5657814699713484 -0.4644901305965276 -0.42212855345603406
1645102066.568684 2.825528186007572 1.8173194173969096 1.047138654300699 0.5360080263321971 0.5653923113184984 -0.4618942209925798 -0.4238871968457767
1645102066.5752199 2.824605128638918 1.8170778870811517 1.045474073964445 0.535986392643136 0.5651218738982848 -0.46292505723439314 -0.42314992438935545
1645102066.581863 2.8230221314599895 1.8171177759964614 1.0435462530808377 0.5351265467326541 0.5641744965030672 -0.46448935427735155 -0.4237876169699172
1645102066.588424 2.8237286735192706 1.8152160492935183 1.042193845509183 0.5397709262113883 0.562925238510589 -0.4630431326467743 -0.4211332416913455
1645102066.5950232 2.820437442779901 1.8170510182201516 1.0400075699501756 0.5347100847686822 0.5629844115080469 -0.4664729144343642 -0.4237172347584547
1645102066.60166 2.8187492863937744 1.8162029975427025 1.0378401094991367 0.5344746378110156 0.5625906667355259 -0.4689246526942659 -0.42182676813694614
1645102066.608253 2.818352207100225 1.816710298794863 1.0365934012516536 0.5357744606412135 0.5627645928774444 -0.4666662428816966 -0.4224500313345415
1645102066.61486 2.816508555898649 1.8167015386836973 1.0345595755212216 0.5347196804518075 0.5620693304778599 -0.46862013239619316 -0.4225490879189853
1645102066.621448 2.81543867841445 1.8166088008978922 1.0329696330847293 0.5349231787879307 0.5620620869965791 -0.46907350030502093 -0.42179741552542305
1645102066.628024 2.8137883795367697 1.8164564489929247 1.0308580718935871 0.534280392149219 0.5614230246988084 -0.4703002666872139 -0.42209708147196384
1645102066.6346161 2.814281951994231 1.8143390514831943 1.029337611282187 0.5388643488676735 0.5597933418878009 -0.46955446815410823 -0.4192550765946534
1645102066.641222 2.810795176788093 1.8161338278086594 1.0270441843060532 0.5338920742984532 0.5601744183301985 -0.4727779791330167 -0.4214788687344609
1645102066.64782 2.8093631175294957 1.816076706329059 1.02520724508871 0.5335695849796286 0.560458215353808 -0.47315197523582275 -0.4210900873485484
1645102066.654457 2.808101325511259 1.815787528929204 1.023482489187601 0.5340344263178012 0.5598300128548267 -0.4736174418136509 -0.4208131955624693
1645102066.661027 2.806389675011992 1.8156933215044258 1.021383665168584 0.5332980876287364 0.5595791143522765 -0.47454373131109 -0.42103706028599874
1645102066.6676302 2.8047453724175178 1.8156292196928923 1.0196019331167743 0.532758645715482 0.5596279008619285 -0.4752203619140336 -0.42089195661292683
1645102066.6742148 2.8032073034452867 1.81546355429762 1.0177908323706302 0.5326985611399901 0.5593322650052397 -0.47539142961212116 -0.4211677839897834
1645102066.680825 2.800350285796478 1.816407333609451 1.0152643527191452 0.5296870999793616 0.5585903311451124 -0.47911117363237304 -0.4217351609345161
1645102066.687464 2.7998143424761586 1.815083809728248 1.0140222152302403 0.5321652586354229 0.5587930926417053 -0.476881502904435 -0.4208728925111291
1645102066.6940212 2.798079733138331 1.815031361472231 1.0121312266052997 0.5316757460503685 0.5588263548257557 -0.47722485357563477 -0.4210583526449932
1645102066.700617 2.7949548141793246 1.8160788896343611 1.0096219522077898 0.5280328789604303 0.5585374820845653 -0.4810138375613036 -0.42171368176110297
1645102066.707223 2.793401346163998 1.8161115296116668 1.0079223117904972 0.5273740334492591 0.5598486021118025 -0.4803952684330585 -0.4215046566022143
1645102066.713847 2.7912257487299565 1.8158911589477937 1.00598531773929 0.527137463013213 0.5584533506120317 -0.48198923366086643 -0.42183160661450897
1645102066.720429 2.7870075866973463 1.8149547794871024 1.0030084870338007 0.5241246524922493 0.5564896296024062 -0.48596477798738813 -0.4236159098470268
1645102066.727016 2.7854787959217036 1.8149496227857087 1.0014175107443326 0.5240151077642536 0.5572046481653831 -0.4857503199051792 -0.42305718273721327
1645102066.7336261 2.7851185448293223 1.815722590544652 1.0003792106070963 0.524556863488583 0.5585140054515928 -0.48347236314240155 -0.4232685452205875
1645102066.740223 2.7840574597486034 1.815235206999211 0.9991177625308034 0.5265667383427546 0.5587610974886001 -0.4831381195704625 -0.4208215293260754
1645102066.7468219 2.7793526379896263 1.8143495190455639 0.9961023368914415 0.5234748676302369 0.5559891143865717 -0.4876438335125121 -0.4231468677117184
1645102066.7534158 2.7773929764827603 1.814070428378025 0.9944521623552598 0.5238022343402366 0.5552454780306855 -0.4883993991162313 -0.42284679807290715
1645102066.7600482 2.7780189347016497 1.8148014583018957 0.9940683316596088 0.526112965416629 0.5580499341442154 -0.48487137946345304 -0.420338870050314
1645102066.766619 2.775692274254469 1.8145268279574738 0.992297515108507 0.5258884495010114 0.5570215149203063 -0.48675335982770274 -0.41980851646020334
1645102066.7732239 2.77340470817302 1.814260099374189 0.990369324138941 0.5254592231821962 0.555935945183346 -0.48836817975087077 -0.4199094975659493
1645102066.7798169 2.7713645162995157 1.8141245319666033 0.9889145715974103 0.5252756008114907 0.5562861815100907 -0.48858956772707024 -0.41941757449223094
1645102066.786423 2.7693957092541 1.8139295954487182 0.9873688240182827 0.5250381882237249 0.5562429343605094 -0.48947940134626305 -0.4187341302002256
1645102066.7930298 2.7672358596555564 1.8136593213772212 0.9856948305950739 0.5247269390770977 0.5558122911533332 -0.4905392714533069 -0.4184558047479509
1645102066.7996259 2.765198622095526 1.813422267906425 0.9840872882772651 0.5243617502135158 0.555356162995434 -0.49153976388428794 -0.4183450649421368
1645102066.806263 2.761351955684376 1.812472893996956 0.9817476321881139 0.5227183884852573 0.5530996456864713 -0.4945109811751557 -0.4198867005819076
1645102066.812833 2.760496594969932 1.8128011387440295 0.9806179030430819 0.5235423833954248 0.5542640247602793 -0.4931541343781179 -0.41891941531389026
1645102066.8194199 2.758549066499459 1.8125375407938347 0.979070815065183 0.5233161613502736 0.5541014864362451 -0.49402985757069334 -0.4183848713561861
1645102066.8260229 2.75601089573341 1.8121450818615807 0.9773267956684624 0.5226962902263411 0.5531520531417174 -0.49586128768947285 -0.41824945313813844
1645102066.832625 2.752726342763382 1.8109897420420427 0.9750815117428827 0.5208159693341328 0.5523028008433952 -0.49990578852779544 -0.4169005984355836
1645102066.839243 2.751668256196999 1.8117590543567634 0.9742498163197182 0.5220989539051656 0.5528558973069755 -0.49695181646791964 -0.41809276700995385
1645102066.845821 2.749581019782135 1.8114343265526558 0.9726364367219662 0.5218059190374168 0.5530412908879796 -0.4978264752187722 -0.4171719082814378
1645102066.852501 2.746937543551141 1.8111900515970323 0.9709174419287729 0.5209948576287186 0.5526504552108323 -0.4989993077076778 -0.41730226938956755
1645102066.859034 2.7448485239679163 1.810664986433771 0.9693452067490165 0.5211248948827368 0.5527457164228141 -0.49964200131965936 -0.4162434203326893
1645102066.86563 2.739795794042542 1.8092155563540666 0.9664769752363511 0.5184381553382303 0.5494555820065304 -0.504455520308886 -0.4181443408496225
1645102066.872226 2.7396674018165044 1.8100424155319554 0.9659791126270323 0.5201972062126187 0.5521251261782184 -0.5009084593548048 -0.41670489181432174
1645102066.8788621 2.7398356379915842 1.8069909009162086 0.964964338417742 0.5262283981654661 0.5507482339944813 -0.4993846987320627 -0.4127645696545408
1645102066.885428 2.734982399239293 1.809126576586207 0.9627378896021812 0.5203594162575204 0.5514905709955664 -0.5028015329542581 -0.4150596775378041
1645102066.892024 2.732382811358333 1.808759659371214 0.9611169694156552 0.5195499151450438 0.5518748201221151 -0.5031971799833975 -0.41508357348708586
1645102066.8986309 2.729987196331931 1.8082591773184618 0.9595597095447047 0.5198436909379365 0.5514393749208957 -0.5038958482517312 -0.414446247685723
1645102066.905225 2.7252733953725716 1.8071934809307983 0.9570271208002513 0.5170272989282528 0.549657240341819 -0.5074884025590154 -0.4159504989682853
1645102066.911825 2.7262822129405166 1.807496004689068 0.9569617959532435 0.5206765229845839 0.5542316103053725 -0.502244400685709 -0.41167158545496585
1645102066.918463 2.720884021365906 1.806223515026825 0.9540400660139642 0.5170764872381867 0.5511727013114726 -0.5077244333369282 -0.41358934882390747
1645102066.925057 2.7218009265305603 1.805466335605582 0.9541624322706733 0.5221907503103088 0.553340381490938 -0.5026873023573977 -0.410409948896919
1645102066.931635 2.7185444150331097 1.8062393436257411 0.9522630491121906 0.518962130962811 0.5542854063334196 -0.5043151013434272 -0.41123211358978595
1645102066.9382222 2.7167273295676284 1.8044716971587393 0.9510207939253503 0.521131536459538 0.5534048822037175 -0.5042520255548718 -0.4097493027699538
1645102066.944823 2.7104817608161635 1.8045252640535967 0.9477163130907251 0.51461325055897 0.5511188367707823 -0.5106683868103921 -0.41310850527105597
1645102066.951421 2.7076985807810923 1.8040916826011864 0.9461591117103014 0.5135806127370983 0.5509237753272739 -0.5114898237321428 -0.41363717081007245
1645102066.958051 2.7083069571835527 1.8044605549679926 0.9459024297075634 0.5171345246381702 0.5542341421458469 -0.5069858839483812 -0.4103185223165097
1645102066.964627 2.702500061282279 1.8032150988005593 0.943141418432366 0.5130229463182748 0.5507681873597909 -0.512441321000015 -0.413358613921122
1645102066.9712179 2.7034657657151704 1.8024779858029998 0.9433165188976856 0.5185610073911558 0.55331901512678 -0.5069645603584405 -0.4097794218458344
1645102066.977822 2.6968324238619967 1.802411594149535 0.9399870071327054 0.5118946456510775 0.5498969677663107 -0.5135549922117169 -0.41453356646432693
1645102066.984448 2.6968213082345067 1.8019933830375743 0.9398103286064365 0.5160301680646275 0.5523967468594041 -0.5103860547139596 -0.4099711619561086
1645102066.991026 2.6946030928585856 1.8013835573292851 0.9386921642248406 0.5168908517349329 0.551415791609215 -0.5092432660456598 -0.4116253392872403
1645102066.997647 2.6924305970919162 1.8006675618717434 0.9375337780568718 0.5181213730754918 0.5514612702970039 -0.509796627438185 -0.40932597610835275
1645102067.004262 2.689858179371901 1.800249452594685 0.9363482267967652 0.5184373821947915 0.5512294346667779 -0.5099836622816388 -0.4090049906107119
1645102067.010849 2.6868793771711816 1.7999044558381858 0.9348068697581482 0.5177155141249477 0.550322719336058 -0.5110628046641482 -0.40979253124805193
1645102067.0174239 2.6840383110146946 1.8002180892901067 0.9335126828933156 0.5162778396785561 0.5512081778447039 -0.5125829170778261 -0.4085157186211341
1645102067.024054 2.6790064052042117 1.799273122162976 0.931323167679742 0.5133851208794972 0.548745941999868 -0.516868669263657 -0.41007318046474955
1645102067.030622 2.6787847310017954 1.7986341442217844 0.9313318092694148 0.5166626150467868 0.5498022780204788 -0.5129063509934163 -0.40951664691406786
1645102067.037257 2.67357367778253 1.798192506829787 0.9289645152982725 0.5125927762528697 0.5480416599064253 -0.5183556031103229 -0.41012931481232906
1645102067.0438242 2.671165088001949 1.7977249339420383 0.9278856524321026 0.5127212335895056 0.5479259460132483 -0.5183956833233188 -0.4100727346385953
1645102067.050418 2.67000292266562 1.7975420474874646 0.9276229770153775 0.5144353181489616 0.5489552063168719 -0.5159975111422066 -0.40957373557593385
1645102067.05706 2.665897655959903 1.7968897016792833 0.9258446605650408 0.5124074214749487 0.5476097665957909 -0.5187820237200721 -0.4103985871915324
1645102067.070265 2.662612556740758 1.7970331410839067 0.9247375206394226 0.5144511356335038 0.5489788254127775 -0.5155591584835887 -0.41007391402682136
1645102067.076824 2.659338142312238 1.796999284379466 0.9235854820304896 0.5135169155115347 0.5488169860190192 -0.5164398384336021 -0.41035318101224877
1645102067.0834272 2.6577434322406193 1.7955773057052447 0.9232354383595837 0.5169781293895125 0.5479927853876474 -0.5142508821990576 -0.4098575331554794
1645102067.090027 2.6544722172762314 1.7960332538908974 0.921912856887912 0.5156998695692702 0.5480450037894078 -0.5157605676688635 -0.40950083155039696
1645102067.09663 2.6521153611339896 1.7949111536552351 0.9213348275792211 0.5177679039721717 0.5473344586110283 -0.5146919448990771 -0.40918598162199704
1645102067.1098251 2.6494923102088217 1.7947259914728166 0.9206233798892283 0.5185822844948089 0.5472056651770894 -0.5144428887527934 -0.4086397651654429
1645102067.1164732 2.6428800288014735 1.7937800796918337 0.9185439924608747 0.5174195575067069 0.5465590687527686 -0.5171808571289763 -0.4075214769799501
1645102067.129625 2.6409496708859472 1.794324330555855 0.9182378255109975 0.5191870419969813 0.5466411750043773 -0.51453713489033 -0.4085087378073586
1645102067.1362271 2.6369527300287414 1.7942809679024654 0.9169475662231085 0.5173290791126722 0.5460002595824764 -0.5169928926954949 -0.4086224127577445
1645102067.142817 2.635363563134398 1.7937862266478075 0.9168680183527758 0.5198343518749995 0.5459606659806688 -0.5148954552069277 -0.40814401966355907
1645102067.149427 2.6324184568575077 1.7937540987040586 0.9161729462452182 0.51940894299588 0.5458181735372809 -0.5148912528793318 -0.408880714842681
1645102067.156023 2.625822524734087 1.7930545500613713 0.9136644161536642 0.513673600192755 0.5429252128042918 -0.5223498498851671 -0.41051429138869056
1645102067.1626391 2.6269178294467768 1.793255190963577 0.9148826737117426 0.519976420909007 0.5446965467830168 -0.5147749784756692 -0.4098006320615415
1645102067.1692228 2.6244765536539623 1.7932705262824038 0.9145336092906932 0.5203530913211637 0.545066140990584 -0.5140663020950235 -0.40972069181668036
1645102067.175817 2.6211570999402465 1.7940109689705912 0.9135681026926266 0.5186009332990205 0.545001671328484 -0.5151358561703233 -0.4106834199221472
1645102067.1824262 2.618488822504869 1.7938478881933115 0.9130586088805863 0.5189711154749926 0.5444352642190509 -0.5149892601845276 -0.4111508065620165
1645102067.189025 2.6167532072346 1.7925882259977033 0.9130506311849494 0.5222360876078095 0.5435198989107396 -0.5135302524441852 -0.4100510314770116
1645102067.195619 2.612445719410186 1.793016014541985 0.9119619227608939 0.5193430093785231 0.5425420107662074 -0.5158524560615988 -0.4121006415548099
1645102067.202223 2.6074615932234355 1.7925523424464622 0.9104641305503629 0.517017990992845 0.5395476709647211 -0.5193044074069783 -0.4146121481206194
1645102067.208843 2.605877436059586 1.7926901704688372 0.9107240789158388 0.5189043385110716 0.5389178380025924 -0.5174886911427381 -0.4153442692407198
1645102067.215436 2.603867842958784 1.7930111550973138 0.9104827570835176 0.5192991077400452 0.5396038723098437 -0.5166077369630478 -0.41505683465590715
1645102067.222056 2.601580667438351 1.7923573172839447 0.9106254894358103 0.5210799404711934 0.5401345857891661 -0.5154865335513484 -0.41352585480870535
1645102067.2286289 2.597467628319299 1.792095001876861 0.9096554679144898 0.5195626159280227 0.5367173629978915 -0.5177107639749549 -0.4170903646389091
1645102067.235216 2.5954114017100567 1.7924350446775488 0.9094726187155344 0.520006183625529 0.5369869001547002 -0.5170109034274664 -0.41705878151366754
1645102067.241864 2.5910457317492854 1.791652463574709 0.9085973005339596 0.5185796474104715 0.5345133711139823 -0.5190312360943972 -0.41949595930095457
1645102067.248448 2.590464738758021 1.791369259274509 0.9093201764422049 0.5218310726104343 0.5355385597439337 -0.5155903601255775 -0.41839813999128433
1645102067.2550242 2.5844231555107275 1.7911149994617415 0.9074855497666288 0.5170079335543312 0.5321134549484967 -0.5207588765728614 -0.4223363182050306
1645102067.2616372 2.5824192714714753 1.7913839970602792 0.9075407082756691 0.5172632147246945 0.5328268018821338 -0.5196709897932305 -0.4224643607661704
1645102067.268223 2.5799342866361457 1.7912541332974548 0.9073450974017299 0.5172660617532276 0.5329203834586645 -0.5190789060334097 -0.4230701593828363
1645102067.274858 2.5767667801509506 1.7913416450741215 0.9069975021551073 0.5162334486239775 0.5322615684451726 -0.5199455671479253 -0.4240952769252652
1645102067.281486 2.5742801287799866 1.7913871441784284 0.9068074208248786 0.5159503848887452 0.532378426699081 -0.5195967418538292 -0.4247202806132614
1645102067.288059 2.5708805439473643 1.7913075092772908 0.9062987271565184 0.5145445519763034 0.5316125069852601 -0.5208548030162741 -0.4258426706779253
1645102067.294626 2.5681265425400626 1.7913421954766955 0.9060873679258267 0.5138198029233337 0.5317282812363614 -0.5209769996411966 -0.4264232769224712
1645102067.3012218 2.566700613326283 1.7921372957404704 0.9062996082318515 0.5140905129295417 0.533334659133409 -0.519294815761864 -0.4261426979285421
1645102067.30787 2.561398368946892 1.7913109994752694 0.9050685617631586 0.5109854365021654 0.5305695208334644 -0.5225419931230526 -0.4293476984683844
1645102067.314417 2.55845282245493 1.7912384903714629 0.9047793937748427 0.5104109088224907 0.529876245988389 -0.5230851569805988 -0.43022477851276936
1645102067.321022 2.5560660185811797 1.7918963226467581 0.9048210399538157 0.5093015856485145 0.5311599279695505 -0.5225775783464786 -0.43057326745208135
1645102067.32761 2.553494169895345 1.7921570759935777 0.9047225812074207 0.5087162409450119 0.5314381477495003 -0.5221363738378886 -0.4314563152499967
1645102067.334246 2.549945964725609 1.7921751747599086 0.9042299403781038 0.5075270060779202 0.530159401888664 -0.5231382450190253 -0.4332127651494281
1645102067.340835 2.5466899124381963 1.7924088137256067 0.9039374088999791 0.5061762078175034 0.5298384391681725 -0.523417446574123 -0.4348456075603958
1645102067.3474271 2.548522189938476 1.7905771835935131 0.9049441316076233 0.5147221049343198 0.5298957360699129 -0.5184873159295885 -0.4306299669618147
1645102067.353996 2.543623002991808 1.7918533808157227 0.9046827404471132 0.5093730072467068 0.5314984082406602 -0.5206001657644064 -0.43246225614462375
1645102067.360619 2.5410484388441503 1.792968893236086 0.9048400457058546 0.5094368833689318 0.5312103173307813 -0.5184760828828514 -0.4352835709077561
1645102067.36722 2.5356042210763086 1.7933999128248206 0.9035109678473018 0.504969607426064 0.5290399782585913 -0.5227978723105946 -0.43795472609091357
1645102067.373821 2.532610705029842 1.7937006120298566 0.9033528628969191 0.5045703026761005 0.5284638234400078 -0.5227137759244549 -0.43920912648875726
1645102067.3804228 2.529156487699029 1.792970752703847 0.902856328133272 0.5035973701729115 0.5279386929048773 -0.5254547039580679 -0.43768422861561557
1645102067.387048 2.5289903962026203 1.7938401280214367 0.9039680047458125 0.5075878002427627 0.5292417573708189 -0.5196452233128774 -0.43843619626600727
1645102067.3936498 2.525953614118031 1.7942316420829116 0.9037984232655432 0.5070361981065489 0.5288681566844792 -0.5196856576916186 -0.4394760713040549
1645102067.400223 2.5205192449546847 1.794494645046419 0.9023149333545795 0.5030067562127566 0.526350804097158 -0.524062433168306 -0.4419244479524631
1645102067.406822 2.51998139180905 1.7946342550628118 0.9032208774946848 0.5063785200096765 0.5277599876243795 -0.5202955726488607 -0.44084285406841306
1645102067.413457 2.5129421340316886 1.793933005001264 0.901140446295012 -0.49989962380894726 -0.524301010626242 0.5286295504904736 0.44244612767341857
1645102067.4200199 2.513918142866573 1.795273939874201 0.9025710580392133 0.5054968102525383 0.5268120208221587 -0.5209116335652823 -0.44225878172958605
1645102067.426624 2.5110199547963403 1.7957384688248899 0.9022304417513465 0.505210512009749 0.5264277366686879 -0.5208605573750091 -0.4431027682221628
1645102067.4332259 2.5046236780333313 1.7955372959635898 0.9002949348156541 -0.4990400270946676 -0.5242187671836713 0.5286288274658427 0.44351364805110643
1645102067.439837 2.5013684592564775 1.7961764001841094 0.8997497422444106 -0.49938363289343113 -0.5220758423747632 0.5277141453917528 0.4467320805466701
1645102067.446455 2.5001668529222667 1.7969341840703499 0.8997786898895292 -0.5017529336007709 -0.522403857228447 0.5255683079599025 0.4462231578296043
1645102067.453026 2.4964097701066517 1.7964586209787465 0.8991258977236636 -0.4997001863577184 -0.5230661603884333 0.5288437629495643 0.44387473772754416
1645102067.459656 2.4910190759749753 1.7967262089001337 0.8975496596040937 -0.4958992060319712 -0.5205328499073897 0.533237725701206 0.44585426518839133
1645102067.466229 2.489531173914184 1.7981710753529567 0.8975799931172477 -0.4976386787841889 -0.5213243561433757 0.5297045572409601 0.44720095921326664
1645102067.4728231 2.4884263274265983 1.7983362590248957 0.8977498571430986 -0.5003092017339061 -0.5225112427800483 0.5274894594358477 0.44545101040511353
1645102067.4794319 2.4823071347639525 1.7989398760051067 0.8960518171807762 -0.49576288773741084 -0.519057589047867 0.5331015324467758 0.447884110763979
1645102067.486018 2.47933148298914 1.7996727748438257 0.8954218454802532 -0.4954187121123428 -0.5189495189770439 0.5333911479051507 0.44804527185922005
1645102067.4926279 2.4765708265529125 1.7998404364866871 0.8947549371326943 -0.4953032782733817 -0.5194817878278292 0.533420375499666 0.4475209907367505
1645102067.499218 2.4753123023957464 1.800026195179337 0.8950380295194906 -0.4982421893874443 -0.5209387035777856 0.5306252270268238 0.44588496591934346
1645102067.505829 2.4703481440293693 1.8010342051947708 0.893544947258883 -0.4941398944964612 -0.5188460937581975 0.5336128735430123 0.44931138119505315
1645102067.512455 2.465974851039608 1.8007946652970401 0.8922067198697621 -0.49337084303431405 -0.5172700004457623 0.5363670446979187 0.4486940591168222
1645102067.519027 2.464739312195041 1.8015043673235922 0.8923271787960974 -0.4960392778068546 -0.5188789222986503 0.5334328040460206 0.44739029001739034
1645102067.525621 2.4610975185037405 1.8009033870508624 0.8910657716848641 -0.4952481629473387 -0.5173140680123235 0.5357962391069392 0.4472547250867534
1645102067.5322251 2.455628404919966 1.8024451149303533 0.889574127599523 -0.4916018279908215 -0.5152015002721093 0.537721756387504 0.4513860579635034
1645102067.538823 2.4544054341769312 1.803297927005968 0.8894697757949054 -0.4936670542153766 -0.5167248066926641 0.5351928163786236 0.4503953356806106
1645102067.545417 2.451179424817166 1.8036216259880307 0.8885313765100318 -0.4938716459850226 -0.5163066178776199 0.5357285384070699 0.45001359552099596
1645102067.552026 2.44577004422429 1.8041011568459957 0.886836673243913 -0.4905484757871175 -0.5139041600635289 0.5391147267139857 0.45234844348201375
1645102067.558622 2.444586799741179 1.803279606276502 0.8861029474343742 -0.4941107961625294 -0.5140137623171486 0.5383021277952436 0.44930408046594944
1645102067.571871 2.439373376209034 1.8042864550330107 0.8844675638843108 -0.4951647489233447 -0.5147170916254449 0.5378986523477344 0.44781945329351147
1645102067.5784278 2.434519577481411 1.8044124130762018 0.8827233248328463 -0.4929722386456098 -0.5121234955009315 0.5408614507543804 0.4496396226231002
1645102067.585027 2.431959366673029 1.806624431365648 0.8822977804993235 -0.49194599088936597 -0.5144079025730912 0.539703013412441 0.44954795868905567
1645102067.5916219 2.4298357382380815 1.8055897195098018 0.8811071183724539 -0.4939914095181422 -0.5136496354649617 0.5406344782211437 0.4470457826575538
1645102067.5982568 2.425886197202839 1.8074192527020476 0.8799775770270755 -0.4914105246687023 -0.5138247343618204 0.5413465445249603 0.44882377691980613
1645102067.604834 2.4215679890809927 1.8079691183268636 0.8783892696567086 -0.488883297309829 -0.5126572983144989 0.5439080839488761 0.44982064017203127
1645102067.611459 2.420473073667692 1.8066872650874168 0.8775240263808567 -0.49231034273568935 -0.5127072305923098 0.5437627444052867 0.44618714343506305
1645102067.61805 2.4168321225624294 1.808584520260526 0.8764864926936576 -0.48984757326477946 -0.5132553618793331 0.5437877887287221 0.44823222130604534
1645102067.6246872 2.412697756294851 1.8071528209977252 0.8743832650896695 -0.4884729465843333 -0.5103963484245314 0.5483983561163789 0.4473790305315766
1645102067.631252 2.4099195770459407 1.807435418035494 0.8731566078762188 -0.48826714502342206 -0.5105997235296695 0.5490312351441995 0.44659467728869395
1645102067.637824 2.408680105458516 1.8080413968951283 0.8725881685774207 -0.48966095365265017 -0.5124292907941259 0.5472779134967583 0.44512278870847277
1645102067.644421 2.404556558623513 1.8098261878473432 0.8713080022630696 -0.4859977527663383 -0.5127529970035001 0.5483502563483663 0.4474389037813635
1645102067.651018 2.3993147280045366 1.810255033046163 0.869322812235758 -0.48133301639296155 -0.5111488508528335 0.552373649598604 0.4493638128868084
1645102067.657622 2.3971059411930344 1.8103614918179278 0.868144977382241 -0.4813654983148927 -0.5116798163929256 0.552578327337398 0.44847215391121165
1645102067.664244 2.394093713358268 1.810709143960188 0.8668907693258915 -0.4798864738823122 -0.5120083673870375 0.5534538905005755 0.4486025367062248
1645102067.670861 2.39231173843739 1.8097938256500068 0.86556102387301 -0.48102036332071024 -0.5123757804474348 0.5541523587559923 0.4460993960120369
1645102067.6774242 2.389691447002395 1.8100930900829002 0.8643002634290571 -0.4799748985025038 -0.5132065426731148 0.5546397409892292 0.4456646653137928
1645102067.684025 2.3876495549286316 1.8105269375400777 0.8633158586200187 -0.4797633009105665 -0.5146151999510927 0.5540482684322874 0.445003331536199
1645102067.690664 2.3838288001638186 1.8107627769751202 0.8615205119413684 -0.47691157149297636 -0.5141775394563222 0.5565432880084542 0.44546098794930933
1645102067.697223 2.3817041863331507 1.8111134682027665 0.860421103379094 -0.47660469535072825 -0.5152324546950937 0.5561841667375652 0.44501871846457763
1645102067.7038562 2.3781129179641174 1.8114632393748218 0.8587686644017103 -0.4738844518799156 -0.5155214120841092 0.5585086833922697 0.44467771888827634
1645102067.710464 2.3761729780063052 1.8119060329626138 0.8576695800240575 -0.4737132290340698 -0.5169124247959167 0.5581075509281537 0.44374815100302206
1645102067.717052 2.3732771287153014 1.8123318910448236 0.8561950040480275 -0.4719947987349285 -0.5177084674209846 0.5593955758000243 0.44302886615637765
1645102067.723659 2.3702920798662914 1.8126776847478698 0.8546657595077325 -0.4702464084379861 -0.5182052047594655 0.56080734425717 0.44252223035383914
1645102067.730231 2.36739760580513 1.8130976241396461 0.853198249952422 -0.46871754674564803 -0.5188259442452772 0.5619786031888248 0.441930632375135
1645102067.736862 2.3645598484939834 1.813452634851949 0.8516989729652709 -0.46742969026188375 -0.5193544540584111 0.5631487443381032 0.4411835858787556
1645102067.7500968 2.358561260393207 1.814131825783102 0.8486294140414318 -0.46457155860714117 -0.5199248672777368 0.5656684339936194 0.4403063576019497
1645102067.756654 2.3558413853609963 1.8145385493895831 0.8472239490570594 -0.4637168029760739 -0.5205520939194886 0.5663229088175193 0.4396246094707087
1645102067.763259 2.3528967587958545 1.814776867424346 0.8456189978742237 -0.4626540259875895 -0.5207120712811227 0.5675087260165567 0.4390252245259517
1645102067.776425 2.348904272574108 1.8151956846175876 0.8439422921277584 -0.4597445478841259 -0.520581520917656 0.5702013578385365 0.4387473998979895
1645102067.7831 2.3431838354723995 1.8160604108291014 0.8411699941675743 -0.4578534596783982 -0.5219763066048597 0.5714996391058802 0.4373765341609464
1645102067.7896278 2.340283565424144 1.8166331576962094 0.8399594783912397 -0.45638916611353597 -0.5233228879783107 0.5722821731260329 0.4362732826852422
1645102067.802825 2.3374590504839547 1.8172308922325189 0.8385499780883687 -0.4558082477309652 -0.5241147691235665 0.5726987798030961 0.4353824109076512
1645102067.8094158 2.33453328487168 1.8175623713804363 0.8372929902819185 -0.4554686930282166 -0.5242658879224802 0.5725850873487771 0.43570522489358987
1645102067.816025 2.331441663806558 1.8180674091717193 0.8360191633397748 -0.4546666439796759 -0.5246060440091022 0.5730706323042232 0.4354950787250881
1645102067.82262 2.328965657369853 1.818625004096761 0.834945715957846 -0.45483080465803094 -0.5259849598903529 0.5723701396634494 0.43458058114396325
1645102067.8292239 2.3257361818450026 1.8189638663349936 0.8337108244803981 -0.4541889033372339 -0.5256357770862982 0.5728961576237243 0.43498111243591225
1645102067.83582 2.3230485994988963 1.8194004899661704 0.8326455750088814 -0.45398316061629884 -0.5264781464230032 0.5728059565234674 0.4342953672937345
1645102067.842422 2.3201181774783457 1.8198793245713183 0.831626816947548 -0.4541063424774562 -0.5267792117281432 0.5726612873498373 0.43399229845109255
1645102067.849028 2.317094184552319 1.8203921620719932 0.8305630733844686 -0.4533730757403708 -0.5270612447132573 0.5729860771133474 0.4339877987946156
1645102067.855628 2.3144852902146775 1.8206861241241616 0.8297120037217489 -0.4544502545984681 -0.5270832268211185 0.5723314074846896 0.4336981504528215
1645102067.8622222 2.3122035885840226 1.8209689170500531 0.8288747064248014 -0.4554804024536868 -0.5278060104328715 0.5723045095226563 0.43176977321919585
1645102067.86886 2.308863320884936 1.8215384379161808 0.8278496930335764 -0.4543937135531415 -0.5272096659248819 0.5725522822796054 0.4333119850698373
1645102067.875457 2.3056157694603256 1.8217958008056219 0.8267949407768195 -0.45380944660540606 -0.5265807372991779 0.5738011385000958 0.43303706142226356
1645102067.8820322 2.30296789248579 1.8221448490187564 0.8259828805872582 -0.45394237333950815 -0.5265514820296108 0.5738888608406574 0.43281695195076514
1645102067.888625 2.3000452261757034 1.822501252115468 0.8250455359789831 -0.45407980895912703 -0.5260171816406779 0.5742217538401571 0.432880935546708
1645102067.8952599 2.2985057918266247 1.8228258221154845 0.8244230995549782 -0.4558036811641208 -0.5274870586358329 0.5735783802625286 0.43012492199759106
1645102067.901823 2.2947544855125392 1.822993172107093 0.8233534507732603 -0.4545659428756402 -0.5250769926158999 0.5746942600752504 0.4328852000873621
1645102067.908427 2.2920208515154425 1.8232035313422754 0.8223899447442273 -0.4544220753622213 -0.5250345205355156 0.5758648674936462 0.4315299059918048
1645102067.9150221 2.288686336321546 1.8234681717702519 0.8213511151776169 -0.452989611145134 -0.5237601643864497 0.576955580619331 0.4331247284938201
1645102067.921667 2.2865113882114914 1.82385814725544 0.8206053552155753 -0.4533746351768139 -0.5245513070788653 0.5770934931815812 0.43157803800213207
1645102067.928222 2.2832807301160756 1.824175712552719 0.8195733517356592 -0.45161897423189773 -0.5234742547871487 0.5780786962155221 0.4334040519428947
1645102067.934824 2.28147718472152 1.8244244618414047 0.8189359379377885 -0.45246666749285225 -0.5247224866489183 0.5775402934831686 0.4317251991851606
