# timestamp tx ty tz qx qy qz qw
1644768486.494025 2.4246850382953635 1.3533627791894953 0.9090115700200576 -0.5817390465327632 -0.43097037440794 0.42604192881275504 0.5425234342083788
1644768486.500619 2.4263223330236214 1.3513495283029244 0.9112614561794268 -0.5809273553113024 -0.4293781725071398 0.4271946386251847 0.5437479471796118
1644768486.507232 2.4286053699989885 1.3485826275505899 0.9140697201477281 -0.5826009554451478 -0.4265436391948477 0.42558814235760206 0.5454454649187853
1644768486.513834 2.430053190397423 1.3468784886506522 0.916193609919479 -0.5811708241269549 -0.42508208036026357 0.4262283195861185 0.5476078969479479
1644768486.5204322 2.433332031838191 1.3444115999368023 0.9191654744678395 -0.5825094171577948 -0.4246173879847671 0.4248354702379576 0.5476284303409165
1644768486.527033 2.436174619127623 1.3421535039860366 0.9218773410616794 -0.5828141118831229 -0.4243435267827252 0.4245101836573929 0.5477687162529797
1644768486.5336618 2.4383022503732006 1.3408809530512122 0.9239874730000546 -0.5795579130673545 -0.4251830538271063 0.4264522407849081 0.549062513785338
1644768486.540202 2.4393748610001187 1.338705035935074 0.9262326054118198 -0.5787962384818957 -0.4211509901621234 0.42610636807385993 0.5532261988038504
1644768486.546815 2.4434283132568795 1.3359198999649715 0.9294932812631546 -0.5812798330383738 -0.4216914899134181 0.4246126853429749 0.5513559497355899
1644768486.5534458 2.445049598954599 1.3344536983151956 0.931478722971395 -0.5786499268121044 -0.42137097695391795 0.4266789697675251 0.5527703488312027
1644768486.560058 2.4483097300755574 1.3314593521449478 0.9345968680445977 -0.5817443171592805 -0.4195296036089577 0.42430318129921285 0.5527517301080466
1644768486.5666409 2.449851370206167 1.3302257236058053 0.9366276652039536 -0.579039405606489 -0.41916197595893656 0.4261695316444942 0.5544325181802671
1644768486.5732338 2.4520909494579155 1.3274020951242231 0.9394725692835271 -0.5807890550137754 -0.4166019154109078 0.42544874444843706 0.5550850183706764
1644768486.5798368 2.453983475164321 1.325750774382529 0.9415772177150097 -0.578964442003074 -0.4150468752425733 0.42608990969982113 0.5576584233128332
1644768486.586425 2.4580889552222693 1.3231924216134219 0.944743005728085 -0.5812433145858215 -0.41687572365427694 0.42475210832652077 0.5549375469988618
1644768486.593025 2.4607905693574166 1.3202269733965 0.947408866075197 -0.5833548106980796 -0.4138100427824909 0.4236484148021156 0.5558593433544449
1644768486.5996318 2.4637319822647603 1.3193100311592645 0.949795166978783 -0.5825707114630736 -0.4133198350228235 0.4225193337846638 0.557901975623869
1644768486.6062238 2.4653587759605253 1.3163427122901958 0.9522310540392598 -0.5819444404437802 -0.41260985035865955 0.42444146384778075 0.5576220867411726
1644768486.61282 2.469296098318156 1.3140939965486393 0.9552983474831314 -0.5834528455406471 -0.4114158001515901 0.42003335123938723 0.560259879982958
1644768486.6194189 2.470864937609979 1.3118289444760722 0.9571365250818711 -0.5819403742095078 -0.4101246650493442 0.42303345675713433 0.5605221877118841
1644768486.626074 2.473140832440481 1.3095272787018335 0.9596956200781059 -0.5828133551983192 -0.40846815172912276 0.4232617174537343 0.5606524987987987
1644768486.632619 2.4762161384894625 1.3071632377805726 0.9619688002572662 -0.5825685919498353 -0.40945972886292786 0.4238139874282987 0.5597655207513517
1644768486.639215 2.478659168525947 1.3050535135086794 0.9643998164386995 -0.5817314266920279 -0.40885260823997277 0.4239648951192013 0.5609644057487465
1644768486.645822 2.481419204574605 1.3033415555209402 0.9666939832265947 -0.5812495012770372 -0.40874309309911916 0.42333864328396814 0.5620157446287647
1644768486.6524348 2.4841575210637687 1.3006267752780476 0.9692204488838132 -0.5817338566397071 -0.4079694671342882 0.4219928384510537 0.5630878318831894
1644768486.659026 2.486998069820926 1.2982353389168464 0.97161940905096 -0.5821588042154762 -0.40774678289813215 0.42129421192876465 0.5633329329081952
1644768486.665621 2.4892343244402264 1.2959234673398892 0.9738479075136892 -0.5818169120528311 -0.4067721778885423 0.4206450929910618 0.5648738560634178
1644768486.672221 2.4921953679913784 1.2935585363904143 0.9763407765783743 -0.5821666492060668 -0.4066021749034973 0.4195628121073485 0.5654403586296539
1644768486.678821 2.494574469113012 1.291206714161602 0.9785022671425445 -0.582047787571719 -0.4061646141660999 0.4193834532653021 0.5660101041739679
1644768486.685416 2.4964033395635448 1.2889763366831075 0.9804715947532178 -0.5812095232821128 -0.404578902511498 0.41918642854045307 0.5681490904772676
1644768486.6920278 2.499480729078388 1.2866112117359592 0.9829289038781568 -0.5812039661862841 -0.40507811556665124 0.41833332669896706 0.5684277307301672
1644768486.6986282 2.50257065554203 1.2842248114103894 0.98536790122612 -0.5816794486267552 -0.4057084846592944 0.41724411942515965 0.5682922626795969
1644768486.70522 2.5054281565803764 1.2818744155792037 0.9877175091993681 -0.5818716541311051 -0.40570950127016225 0.4160817187380008 0.5689466380500763
1644768486.711818 2.507918387961337 1.2794719082121575 0.9898877647002657 -0.581684206409144 -0.40532585564119755 0.4153000871630099 0.5699821178375015
1644768486.718432 2.510685288827628 1.2771337288851243 0.9921467705699603 -0.5818654651521338 -0.4056497793958105 0.4149692750403891 0.5698074370218612
1644768486.725025 2.5130849339596653 1.2749388704866593 0.9943184536400875 -0.5811541460766679 -0.40536396330052793 0.41398933076694755 0.571447308581328
1644768486.731661 2.5159364683690786 1.2725721138790695 0.9965967932624604 -0.5817012663616298 -0.4058997613347041 0.4131857881876522 0.5710918074649731
1644768486.738264 2.518514577213557 1.2702931783214293 0.9988052392293614 -0.5814161235797182 -0.40592758914728627 0.4125978653996822 0.5717869268975416
1644768486.751532 2.523884677651928 1.2656296794971633 1.0032481629267975 -0.5816861712680178 -0.40617156172400026 0.4106609801698345 0.5727326461737198
1644768486.764724 2.5293456932435143 1.2608925718566433 1.0076231754995928 -0.5822847793809156 -0.4066759225451543 0.4086212724862954 0.5732250960754299
1644768486.777815 2.5326152201221825 1.2585755755448909 1.0100769344184612 -0.5828969173079795 -0.40739115489040423 0.4066345230221754 0.5735079074314806
1644768486.784415 2.5348434195018426 1.256451697715868 1.011992027761264 -0.5822954454764011 -0.4073035321056072 0.40618054587907504 0.5745018558596076
1644768486.79102 2.5383160552544966 1.253898817858351 1.014345767563106 -0.5838298406375938 -0.4082356210748886 0.40429881068618906 0.5736097919726982
1644768486.79762 2.5406278932316235 1.2516717406082098 1.016257024314004 -0.5836228231553777 -0.4080556475437437 0.40405536625932037 0.5741196611497905
1644768486.8042219 2.5432030364941336 1.2496593314928706 1.018346530528745 -0.5835905073491998 -0.40816085978204625 0.40319124135322015 0.5746851733224283
1644768486.8108191 2.545906498663866 1.2472991678188872 1.020317039558044 -0.5843796707190723 -0.4081244439770019 0.4026624054968021 0.5742796691563651
1644768486.817419 2.548672926897106 1.2452637047647939 1.022445965475267 -0.5847895018945011 -0.40820096447062276 0.4019716119216556 0.5742920356766392
1644768486.824018 2.5518076699411663 1.2430350912541785 1.0245355279845403 -0.58613005147159 -0.40854094515350176 0.4008498717788679 0.5734671622542653
1644768486.830703 2.5545065849091824 1.2408220141455544 1.0265784793590456 -0.5871109491119154 -0.40825721197861875 0.4002737177648939 0.5730680792686262
1644768486.8372512 2.5572394471358586 1.2388117315052936 1.028574409907909 -0.5876883208177116 -0.40787960590377337 0.39957964354113235 0.5732294181993811
1644768486.843848 2.5602129641924827 1.2365809590187842 1.0306176331936738 -0.5891033983197997 -0.40766432878697545 0.39857404664331386 0.5726299137033709
1644768486.8504179 2.562868602955497 1.23455162426268 1.0325758721359535 -0.5897475379380706 -0.4068065318523392 0.3978787832747445 0.5730602260143478
1644768486.857033 2.5660097025245503 1.2322921136661804 1.0346054983447803 -0.5910006027232693 -0.4067675299203061 0.3970465747659365 0.5723738314146785
1644768486.8636422 2.568560709953934 1.2303468120092875 1.0364688885665223 -0.5911296367095044 -0.40611023985764905 0.39696287256480595 0.5727651345465458
1644768486.8769438 2.5745265871581697 1.226219865820741 1.0404668205520218 -0.5922103840989736 -0.405407023373146 0.3953787478742451 0.5732424165614355
1644768486.8834429 2.5777620386646913 1.224026811018471 1.0425062920647403 -0.5929773604116572 -0.40552919349568944 0.39449251316423056 0.5729736584985772
1644768486.890035 2.5806184123712237 1.2220496266254708 1.0444593854795625 -0.5931051646603983 -0.4051423280930348 0.3937866353369244 0.5736002890684451
1644768486.896649 2.582960722833826 1.2205706072178388 1.0461429466622427 -0.591448799386118 -0.404003708750984 0.39323046308249043 0.5764880289965546
1644768486.903232 2.586206991302164 1.2179104150692703 1.048121786959485 -0.5931321547964877 -0.4037750222454635 0.3928621246841803 0.5751682607759183
1644768486.9098392 2.5895358197282414 1.2160887772022542 1.0502448323660833 -0.5935110237443477 -0.4039921209296145 0.3917395086792748 0.5753907764123157
1644768486.9164422 2.5925620789715906 1.2141809156066172 1.052131287875072 -0.5935389397882083 -0.4038362136733028 0.39139260841412243 0.5757074020768388
1644768486.9230359 2.5954482848348395 1.2121921380578233 1.0540028890916222 -0.5936417874079862 -0.40308560705963353 0.3912742373921937 0.5762075951587695
1644768486.9296908 2.598582655767554 1.210176455978243 1.0558712828594359 -0.5940507733426705 -0.4027952593134133 0.3906431699336405 0.5764172240393507
1644768486.937171 2.6016395577454148 1.208209241220862 1.0577204748009543 -0.5945371594583133 -0.4022597245689858 0.3902703686618594 0.5765422061051031
1644768486.942842 2.604632554374884 1.2061872764263848 1.0595318539747056 -0.5949449357336588 -0.4017892183877385 0.39052054011508114 0.5762801759030566
1644768486.956165 2.6110099583276236 1.2023237285377313 1.063306938825611 -0.5960786710461948 -0.40109442527826883 0.38924824077924425 0.5764534491625946
1644768486.962776 2.614057637684281 1.2003497536756313 1.0651798797891143 -0.5967751754102795 -0.40060145436374167 0.38913893336141536 0.5761492743203886
1644768486.9692302 2.617126788444598 1.1985227120019957 1.0669528121601815 -0.5972351205963164 -0.4001514408568316 0.3888223566722324 0.5761991007778895
1644768486.975832 2.620192874619666 1.1965189635348854 1.0687926374422958 -0.5976600272446935 -0.3994445661125894 0.38865189724089916 0.5763640023533941
1644768486.982448 2.6234583830441105 1.1947671695060036 1.0706941677852264 -0.5980625887408396 -0.3994399256837077 0.38784312913674857 0.5764944803486934
1644768486.9890418 2.626800881496637 1.1927962154980611 1.0725353676763167 -0.5985600464736737 -0.3992026539756503 0.3874201493252453 0.5764270040200874
1644768486.995625 2.6298812276904227 1.1911293327838428 1.074322505824755 -0.5983509638459508 -0.39909784296610296 0.38738109230732337 0.5767426715607853
1644768487.0022259 2.6332004955361916 1.1893762973984632 1.0761469226090485 -0.5982756150113452 -0.39903053558883517 0.38688262732215867 0.5772018141069112
1644768487.008868 2.636429964119702 1.1876470831379418 1.0778926466385013 -0.5979678954834675 -0.39915355537568 0.38689621452975126 0.5774266353400496
1644768487.0154629 2.639589120672071 1.1859386153597982 1.0795845758768157 -0.5975600369899087 -0.3990747261270102 0.3868498678767956 0.5779342320610686
1644768487.022049 2.6430554166975955 1.1841099985724586 1.0814045430067802 -0.597533123274405 -0.3990969490068633 0.3863431425859079 0.57828556787496
1644768487.028648 2.6463125170819346 1.1825491245435429 1.0831677775555388 -0.5967381388326232 -0.39937645076999184 0.38583720678151046 0.5792504111860731
1644768487.0352561 2.6495013101195655 1.1807299944769605 1.0848132362197906 -0.5963325749165415 -0.39901658028342385 0.3856600759964736 0.5800334282996247
1644768487.041825 2.6529545977545474 1.179173847878895 1.086652035796756 -0.5958882909989507 -0.39963975346827124 0.3849290278457981 0.5805464828352808
1644768487.048432 2.6561648705296097 1.1777105623989725 1.088326587646158 -0.5948002640678072 -0.4000802860889002 0.3848295348501846 0.5814241445742334
1644768487.055029 2.659631490873881 1.1759673402238995 1.0901252870065803 -0.5946304341314707 -0.40028699447760246 0.38390056014644436 0.5820692637417136
1644768487.061603 2.6627102238146207 1.1743662181682646 1.091720071154409 -0.5936431622765855 -0.4003502643934036 0.3835781494548073 0.5832449136028662
1644768487.068223 2.6664777054069995 1.1727797646575093 1.0936226763209258 -0.5935574863166609 -0.4009856085864888 0.3817022344570768 0.5841256881579087
1644768487.074826 2.670026425739731 1.1711104078231314 1.095420640074429 -0.5932710735858933 -0.4014378717486633 0.38077699849096946 0.5847094776567509
1644768487.0814211 2.67356950141715 1.1694727869586634 1.097156752959048 -0.5931156020301481 -0.40176818345343557 0.3799540454906531 0.5851755150402437
1644768487.088028 2.677094011480781 1.167799868762033 1.0989568510411942 -0.5928343168463848 -0.4019986258746138 0.37863613255589273 0.5861557307739755
1644768487.094624 2.680634651654104 1.1662619612220946 1.1007291100060226 -0.5924199522054748 -0.4023420724777003 0.3776132802209091 0.586998337374122
1644768487.101225 2.6841648954148303 1.1644866051161584 1.1024673005475585 -0.5925295334604065 -0.40250481357388623 0.3772156151098357 0.5870317233085995
1644768487.1078222 2.687650677183144 1.1630646206328967 1.1041487763390125 -0.5919581881435648 -0.40294949201271346 0.37673332784956737 0.5876126750399333
1644768487.114431 2.691089757984682 1.1614722803261193 1.1058469270671778 -0.5917606393753851 -0.40309936437570454 0.37637482723309473 0.5879384803146376
1644768487.121061 2.694763891392333 1.1599128332428694 1.10765127749164 -0.5916812454412216 -0.4032995778397058 0.3756069687842346 0.5883719064694238
1644768487.127622 2.698315548018847 1.1583702397295441 1.1093175338485923 -0.5916266332313214 -0.4033117319011082 0.37523172291883405 0.5886579045482452
1644768487.134261 2.701798416484302 1.1567765945892035 1.110978433210945 -0.5916309441541662 -0.4032359785425512 0.37526366351565354 0.5886849290763659
1644768487.140835 2.7052176392842537 1.1552688392662012 1.1125011385863148 -0.5916693333951076 -0.4031188613219193 0.37541077031270287 0.5886329863206657
1644768487.147427 2.7087037066731376 1.1537698968500738 1.1141556389661795 -0.5915222249301627 -0.403021734199087 0.3756471601071282 0.588696438046812
1644768487.154023 2.7124100821744412 1.1521654988899381 1.1158021343369677 -0.5921046766633098 -0.40290676405801884 0.37528017991110546 0.5884235964570971
1644768487.160616 2.7159352517106203 1.1506338256550757 1.1174206504157649 -0.5922991234526048 -0.40253513469969765 0.3753777765584579 0.5884200268518798
1644768487.167242 2.7196302653603777 1.1493390847208558 1.1190117367267058 -0.5924615422744156 -0.40246222097058915 0.37492522158654523 0.588594887428627
1644768487.173829 2.723197858594502 1.1477281091616591 1.1205580791604934 -0.5930819052999486 -0.4019122781824532 0.3751156185728875 0.5882243149024146
1644768487.180425 2.726744700759756 1.1462521141494282 1.1220735060908302 -0.5933904158735024 -0.4015408328544075 0.3757804868532685 0.5877422835502141
1644768487.1870341 2.7302400091891488 1.1446618585366162 1.123596728127544 -0.5938534473965136 -0.4007681288720663 0.37610863596801736 0.5875921462169832
1644768487.19363 2.733782048549663 1.143091032882694 1.1251388915898162 -0.5941683440568356 -0.39974411459687464 0.37607734007037136 0.5879912060243562
1644768487.200233 2.7377082335328025 1.14158285419403 1.1267786316061508 -0.5950013770036692 -0.3993818483470918 0.37618175289881955 0.5873279624398607
1644768487.2068338 2.7411722316722122 1.1400767370812384 1.1281833115996367 -0.5950687606053399 -0.39837904480423725 0.37611708947689226 0.5879817822051211
1644768487.2134259 2.745129989013408 1.138695104817298 1.1298332888155656 -0.5958928392287102 -0.39814228839800925 0.37560809059615535 0.5876328020277175
1644768487.220033 2.7487757951219267 1.1373843649879838 1.1312584176378433 -0.5954579168242718 -0.39780603019065675 0.37580039217633704 0.5881781838063815
1644768487.2266262 2.752546487111578 1.1358915839945702 1.132703430950351 -0.5957862696977669 -0.3973323677584596 0.37598048814436363 0.5880509439912462
1644768487.23322 2.7564759933612963 1.1346535750270497 1.1341754522189635 -0.5959487233729953 -0.397191473682052 0.37567404416483 0.588177222177353
1644768487.239851 2.7601129722321756 1.1332365225522534 1.1355628477282087 -0.5962380737442238 -0.3965964788111119 0.37619572050492944 0.5879520162096015
1644768487.24643 2.7639969727224485 1.1319326850021625 1.1370104156430274 -0.5963428952176882 -0.3962844067535337 0.3762767992579641 0.5880040686984875
1644768487.253021 2.76772988798091 1.1305722557442834 1.1383996410861488 -0.5965588497295545 -0.3957824546441696 0.3767371818609572 0.5878284631562068
1644768487.2596202 2.7716574971400063 1.1292103662862378 1.1398101863565122 -0.597027685107663 -0.39546949801209613 0.37782146987407167 0.5868663827231287
1644768487.266214 2.7754519729376277 1.1280207317578228 1.1411862223075442 -0.5970065574104964 -0.3950051291010631 0.3774052630518191 0.5874680100127128
1644768487.272815 2.7792284687521223 1.1267395717345623 1.1425102300064855 -0.5976882911263712 -0.39374405010196223 0.3773238931219103 0.587673632188016
1644768487.2794151 2.7832883632791816 1.1253643756192921 1.143842059888531 -0.5978419008182859 -0.3939514692279451 0.37823603657512483 0.5867913160481671
1644768487.286012 2.7873378077527073 1.1241535186837033 1.1451786937072501 -0.5982058720437199 -0.393547699452234 0.3782353416818514 0.5866916361462758
1644768487.292608 2.7913171653776128 1.1229607782425848 1.1464564760987999 -0.5984973265661794 -0.3931895230999317 0.3786798842221101 0.586347816431156
1644768487.299215 2.795432425998566 1.1217813381533746 1.1477401814912005 -0.5988126647488089 -0.3930588316558431 0.3791751360557278 0.5857933110653364
1644768487.305826 2.7993888119215296 1.1207582008190888 1.1489174238388984 -0.5988654392939181 -0.3925608887111438 0.3793122418229776 0.5859844078074472
1644768487.312416 2.8034110166336115 1.1196306353354817 1.1501047946534746 -0.5991212242063771 -0.392204197896959 0.37977367256273104 0.5856627766626868
1644768487.319013 2.807469507937802 1.1185640279987594 1.1512821574376324 -0.5994678806977062 -0.3919218480016976 0.37999540092116535 0.5853530762594795
1644768487.325614 2.811584890478996 1.117498752055889 1.1524705987611337 -0.5998542052804523 -0.3917678309120092 0.380448097126513 0.584766236230505
1644768487.332221 2.815738883579461 1.1165897842508878 1.1536476605755257 -0.6000430715370643 -0.3918004391606893 0.3805047736443096 0.5845136705576978
1644768487.338797 2.819974530041132 1.1155813898639078 1.1547965313432391 -0.6005194627927715 -0.3919823758620659 0.3812536080620837 0.5834132565005817
1644768487.345428 2.82409985940897 1.1146359612885253 1.1559417559506882 -0.6009102195325547 -0.39190220560363215 0.3813638474294519 0.5829927018076324
1644768487.352024 2.8281879426402963 1.1136568957158692 1.1570794594543026 -0.6015746835061715 -0.39140776213884965 0.3817038829173182 0.5824168467228386
1644768487.358616 2.8315755333616472 1.1128276860246153 1.1580596380604942 -0.6024398874294135 -0.3893309094656224 0.3812428354629457 0.5832160722579146
1644768487.365215 2.836471669969978 1.1118512202351705 1.1591803841666932 -0.6020775328943083 -0.3917173432024789 0.38334932395029836 0.5806054844688561
1644768487.37181 2.8408787532583233 1.1109772055419334 1.1602284975616193 -0.6020207836217679 -0.3927734490955724 0.3845316874345274 0.5791672416644772
1644768487.3851478 2.849588626867489 1.1092620121609262 1.162275636211404 -0.6025204379710181 -0.3938057168206058 0.3855937975205632 0.577237379340421
1644768487.391621 2.8539139665361652 1.1084355349740183 1.1632720413568682 -0.6027842259695707 -0.39419295053099995 0.38595355418847804 0.5764566099061221
1644768487.398216 2.8582510809697164 1.1076338644409305 1.1642766366827302 -0.6028690934633782 -0.39474616382421723 0.3865188378643632 0.5756100269141959
1644768487.411505 2.8669023551631927 1.1059801495996466 1.1662350181533387 -0.6035248486536171 -0.3955719043184699 0.3872459764128409 0.5738645373041066
1644768487.424777 2.8755509205112597 1.1045237868395725 1.1680847264766792 -0.6036604152869702 -0.39708734068893725 0.38862179621805115 0.571741222239139
1644768487.437823 2.8798531196449626 1.1038296514572667 1.168994905125483 -0.6035749582093128 -0.3977435797741189 0.3891656520341509 0.5710050215810882
1644768487.444447 2.8843801670341787 1.1031053112865905 1.1699772398349644 -0.6036472038334203 -0.39869840488825314 0.38959328098523877 0.5699702576772997
1644768487.451051 2.8887353370045776 1.1025035328706272 1.1708688999169263 -0.6032214792026388 -0.399649570826726 0.39052088510357624 0.5691192040519012
1644768487.457607 2.892900981070346 1.101891345435713 1.1716708807462903 -0.6025988420787323 -0.4002614509908712 0.39124962733003427 0.5688483187224093
1644768487.464255 2.8975108751989604 1.1012475554553784 1.1726748715816258 -0.6027044709853407 -0.401388329734258 0.39160367345433406 0.5676975914808838
1644768487.470879 2.901913866488571 1.100781826509284 1.1736018130637718 -0.602167438333109 -0.4025817137950835 0.3921601155414685 0.5670379022921602
1644768487.477389 2.906261621506555 1.1002324488768236 1.1744917651491886 -0.6018800698441715 -0.40341952559538 0.3927566472567981 0.5663343839183547
1644768487.4840379 2.9106677541974713 1.0996408173426746 1.1754600024896034 -0.6017844854815241 -0.404319751987739 0.39290915458704917 0.5656878783053304
1644768487.490644 2.915126149366916 1.0990521619968037 1.1764551564513537 -0.6016032029227717 -0.4053170482545585 0.3933921990585286 0.5648306367004929
1644768487.4972212 2.9195862151920364 1.0986230480765282 1.1774846511691368 -0.6012240668029891 -0.406610421692018 0.39390901067199896 0.5639438120912379
1644768487.5038111 2.9238630008086126 1.098091263058658 1.1784529726602917 -0.6006199806766156 -0.40752609129620915 0.39435678202643976 0.5636134413649719
1644768487.510541 2.9322781694140923 1.0973728191789114 1.180234004251554 -0.5992320194317657 -0.4094504078758327 0.3968457479299115 0.5619465965568801
1644768487.5236218 2.9366277040887545 1.0970540686876364 1.1812439796757974 -0.5984800157492247 -0.41057875286809337 0.3978238622077162 0.5612326954363
1644768487.530165 2.9410676400398534 1.0966515512475448 1.1822745144185964 -0.5981456825933769 -0.4116434922395139 0.3983549059977417 0.560431954623812
1644768487.5368378 2.945469397128228 1.0962797846686905 1.1832497923156895 -0.597409514778015 -0.41265344231270706 0.3996407878292643 0.5595582538932006
1644768487.543421 2.9497891838460837 1.0960172693287369 1.184285217429025 -0.5966473462610284 -0.413515108219454 0.400623110958794 0.5590328173730865
1644768487.55007 2.954131699339476 1.095680189724659 1.1853208546118081 -0.5960602673080245 -0.414367435514175 0.4016321445025036 0.5583032288839562
1644768487.5566819 2.9585086847038897 1.0953858531966176 1.1864222050159374 -0.5953334173685806 -0.4149731048276015 0.4024018226428342 0.5580747918032665
1644768487.563242 2.9627194203038076 1.0951262517490798 1.1873837712314996 -0.5942827530852024 -0.415599254970347 0.40409771746268 0.557502966206496
1644768487.569833 2.967118653817854 1.0948209847221153 1.188474748467853 -0.5935225780997405 -0.41614932426660445 0.4050241688957116 0.5572299953668681
1644768487.576423 2.9714844732491845 1.0944164981725055 1.1896075396593089 -0.5930723835969977 -0.41638555739878186 0.40602901196376706 0.5568014312630387
1644768487.583025 2.975845122384671 1.0941900117253662 1.190734337670503 -0.5921333200066277 -0.4167468342845299 0.4069632484933336 0.5568485017732406
1644768487.589629 2.980102965177004 1.0938385355435238 1.1918168919251366 -0.5911473869110874 -0.4168425307612449 0.40825364597955477 0.556879847271009
1644768487.596253 2.984353680810184 1.0935856250792866 1.192947648850283 -0.5901309153692436 -0.41698071081521104 0.4092612453859258 0.5571148509929351
1644768487.6028318 2.988684542029957 1.0932958408792646 1.194085198946489 -0.588768573943271 -0.41748564731295945 0.41080845417771383 0.5570392518192441
1644768487.6094232 2.99285511752071 1.0930293533849045 1.1952105264517165 -0.5876266631179953 -0.41747592305661313 0.4119510608011174 0.557408419189954
1644768487.61602 2.9972109216740983 1.092695384724031 1.1964261808616925 -0.5866970565344748 -0.4179032761545208 0.41300168709652424 0.5572900977341434
1644768487.622616 3.0015135837203997 1.092359572739047 1.1975979821471765 -0.5855752765643982 -0.418377185093543 0.4142734981502699 0.557170448698448
1644768487.62922 3.0057517222039616 1.0921672731481171 1.198834074583108 -0.5845085179081319 -0.4188502070109843 0.4153625764277701 0.5571241925768705
1644768487.635848 3.0099181254826552 1.0919383307386807 1.2000799399217952 -0.5833589303700744 -0.4193928987955746 0.4162855946814441 0.5572319757327072
1644768487.6424441 3.0140541263128218 1.091677203542682 1.2012760184496805 -0.5827432222979024 -0.4198590834002421 0.4177844752934724 0.5564027465947259
1644768487.649031 3.018234793019688 1.09144421179439 1.2025586609482584 -0.582073837391528 -0.42042796166937213 0.41888042205577647 0.5558497387980033
1644768487.6556292 3.0223858188341417 1.0911926194314678 1.203923535784987 -0.5817433166649284 -0.4209218042210106 0.41944953680890246 0.5553925173811051
1644768487.6622221 3.0270681577226703 1.0907285907350952 1.2054897308284727 -0.5823852573697188 -0.4218523193918219 0.4195049109186299 0.5539699606693266
1644768487.668824 3.0306499137216556 1.0908451848667353 1.2066666801220338 -0.580999911561327 -0.42229816868854236 0.42068700915554513 0.5541885231818833
1644768487.675445 3.0347129742286545 1.0907168289603737 1.2080280662174028 -0.5807964059512535 -0.42287932202967715 0.42115136414517707 0.5536056973450892
1644768487.682029 3.038800193120282 1.0905300111102125 1.2095094287595531 -0.5806308078333043 -0.4234574471919268 0.42114932444781167 0.5533390181792893
1644768487.688612 3.043249915601132 1.0902802884495242 1.211122698743125 -0.5812161487037851 -0.4243155267238603 0.4205277410571072 0.552539297819486
1644768487.695232 3.0467452989087005 1.0903490158451288 1.2123857425525135 -0.5800391639817054 -0.4248061423473242 0.4210034053431209 0.5530366618558531
1644768487.701816 3.050813273654994 1.0901478705745773 1.2138465480107246 -0.58001191930593 -0.4258832091985486 0.42105565506881687 0.5521966677804223
1644768487.708441 3.054767815511923 1.0900769057286712 1.215361645240822 -0.5797004972195995 -0.42673189436357534 0.42067670022690445 0.5521572581147342
1644768487.715061 3.0587646313210675 1.090012135762012 1.2168386210835214 -0.5793431935115123 -0.4281061520034511 0.4203036325378738 0.5517523068824381
1644768487.721659 3.062853147365676 1.090017535675458 1.2184515330428736 -0.5789087587326328 -0.42970760140284103 0.41960990532133097 0.5514913472596311
1644768487.728215 3.0667338848463435 1.089984116742152 1.2199650319982291 -0.5782841406056646 -0.4310819230370472 0.41934317246732083 0.5512770014515425
1644768487.734855 3.0707001876329887 1.0898685159021828 1.2215480838119537 -0.5780781423131759 -0.43239380576201203 0.4184555047083943 0.5511400110933168
1644768487.7414138 3.074585042446768 1.0899314150546962 1.2230715946278519 -0.5772433553100678 -0.43381589439294604 0.4178867795989652 0.5513290642122812
1644768487.748018 3.078563868476298 1.0899775348465461 1.2246556311593597 -0.577115430366439 -0.4352584503813668 0.4168191736301438 0.5511342003829516
1644768487.754617 3.082446298450767 1.0899131830001922 1.2261875938436417 -0.5765518186335623 -0.43657239831016176 0.4163712775602432 0.5510233009205375
1644768487.761226 3.08621298077071 1.0901169545190061 1.227661057823568 -0.5760102959818922 -0.4379821799468648 0.4157540620858267 0.5509368520491716
1644768487.7678149 3.0903056930533563 1.090038338089096 1.2293216363408606 -0.5760953928663541 -0.43953042262485326 0.4145105514295011 0.550551876267958
1644768487.774411 3.094022119431826 1.0902574777957448 1.2308272648751468 -0.5756353087824558 -0.4408419098865313 0.4139765691613636 0.5503862150887388
1644768487.781013 3.0977799144847755 1.0902210016158596 1.2324384124295753 -0.57555265000539 -0.44194969346459084 0.4133159293423731 0.5500805640395982
1644768487.787607 3.1014235673149555 1.0903411944546244 1.233988666260373 -0.5751388217468559 -0.4433295687615676 0.41289302849269893 0.549720620620593
1644768487.794256 3.1052296579100354 1.090457357154779 1.235620643073876 -0.5750879416856663 -0.44485724462676524 0.41203947534721075 0.5491799888284882
1644768487.800815 3.1087071847950902 1.090428773315912 1.237197538648887 -0.5753432355173216 -0.44558632719536934 0.41100585093112024 0.5490959188912122
1644768487.807418 3.1123555958954108 1.0904271072465044 1.2387954052150427 -0.575626500863297 -0.44668142010637246 0.4105492865968087 0.5482501552865902
1644768487.8140118 3.115846081060253 1.0905640872970808 1.2404559258237104 -0.5753105809073735 -0.4479144453300123 0.40977430450024854 0.5481556966918867
1644768487.8206139 3.1192841767884394 1.090687823653497 1.2420317138958539 -0.5752469946558155 -0.4491029513153476 0.4094734905008385 0.5474741888847614
1644768487.827243 3.1228294655711686 1.0908132178604906 1.2436984542344578 -0.5749862167544402 -0.45049313409092384 0.4084857282780127 0.5473438066665228
1644768487.8338182 3.12622886048349 1.0909405185011076 1.2452629564295086 -0.5748137791318441 -0.45180690412608004 0.40794786655911386 0.5468431272370077
1644768487.840445 3.129825657007428 1.0910865649662733 1.2470299790327581 -0.5746996364112383 -0.4532235710210422 0.40662495526393927 0.546775958269885
1644768487.847018 3.1331597960332944 1.0912939227412795 1.2485870006867852 -0.574284126904717 -0.45461974284833767 0.4060437255010607 0.5464854333490174
1644768487.860312 3.139918383478867 1.0917484438433214 1.2518479765128303 -0.5730948236784321 -0.4575136598984155 0.4040785969492825 0.5467751788541028
1644768487.8668559 3.143353932126078 1.0918727561708084 1.2535006478262043 -0.5726261331633692 -0.45892316062069705 0.4025236683435289 0.5472318212324668
1644768487.873454 3.1467087506470723 1.0921558953607455 1.2551066058967748 -0.5720804536162323 -0.46045851027105056 0.40148656586497417 0.5472746571053837
1644768487.8800461 3.1500553452793554 1.0924249606493388 1.2567560227780434 -0.5713638614644612 -0.46191248865554724 0.4000425968679475 0.5478551974437775
1644768487.886647 3.1532821977050602 1.0928123462673212 1.2583388447634618 -0.5704539164992944 -0.4635104129345069 0.3990182694450482 0.5482007005338442
1644768487.8932118 3.1565500894261507 1.093090314560342 1.2599103223597177 -0.5702311730005238 -0.46462661014740436 0.3970722909675892 0.5489001061749661
1644768487.8998132 3.1597148478572366 1.0935478500820108 1.2614430329060176 -0.569424780222646 -0.4661250467651816 0.39644704144869464 0.5489187391848099
1644768487.906409 3.163096224474031 1.0938310148614647 1.2630774565703022 -0.5691266067713726 -0.4678696286586677 0.39559561504680624 0.5483576166967713
1644768487.91304 3.1663986636178034 1.0941782628860002 1.2647132411903157 -0.5688683399007428 -0.4691368270427757 0.39414090049070954 0.5485905365330902
1644768487.92628 3.172664728398372 1.0950429833963176 1.267772085349376 -0.5686912585849795 -0.4709997332376819 0.3916315846063874 0.5489748340084096
1644768487.9328089 3.1757805720937817 1.0955406850204392 1.2693185454813412 -0.5685556467063975 -0.4719437706977526 0.3905986559240614 0.549040468387682
1644768487.939411 3.178859967791095 1.0960862500243753 1.2708415640075856 -0.5686959832611771 -0.4724842776194578 0.38954682527348894 0.549177540398691
1644768487.946037 3.182156920514756 1.0965812168200542 1.2723746766113848 -0.5686461828479349 -0.47385170413739425 0.3891536623510715 0.5483289213398646
1644768487.952615 3.1853844478060975 1.097069581201114 1.2738841843403494 -0.5688798765743646 -0.4748033623930573 0.38860536824699005 0.5476516817528274
1644768487.95921 3.188416557716944 1.097652779328924 1.2753799293382433 -0.5689135184652552 -0.4752046967233211 0.387852767687876 0.5478023029957658
1644768487.965816 3.191483225551304 1.0982613826876007 1.276857047120345 -0.5690567612042409 -0.4758652664208808 0.3874312963553405 0.5473781301026015
1644768487.972432 3.194399829941375 1.0989612122428833 1.2782234002979924 -0.5687592373691688 -0.4763279278677512 0.3873247965358198 0.5473602119409376
1644768487.9790158 3.1973019424579787 1.0996859439177975 1.2796581019062103 -0.5688531921327596 -0.47644693066319616 0.38668076488390973 0.5476143270069574
1644768487.985615 3.200491019600086 1.100359713912165 1.28115306256069 -0.569055467464176 -0.47700401450469 0.38599576597562196 0.5474025144222363
1644768487.9922152 3.2035191871711275 1.1010875802154492 1.282525570694036 -0.5688048978540866 -0.477572366754274 0.3859119595570904 0.5472262777073327
1644768487.998809 3.2063545741248856 1.1020461807140134 1.2838213076314 -0.56834571118269 -0.4778619644459653 0.385203223087256 0.5479496176016331
1644768488.0054111 3.209374337925128 1.1028577429022348 1.285208024428347 -0.5680876316348576 -0.4780892408713381 0.3850953803130408 0.5480946671234013
1644768488.01201 3.2122678728214993 1.1037260155520807 1.2864996026780302 -0.5679693526882388 -0.4779263335054732 0.38463493990398356 0.5486823073399927
1644768488.0186481 3.2152183897416373 1.104726978534851 1.2877727592580581 -0.5673793421743898 -0.4783248248023341 0.3843540470555473 0.5491423217409409
1644768488.025207 3.2182615498292093 1.1055738512939228 1.289067085886285 -0.5673277201677476 -0.4783798778790935 0.384067508548848 0.5493479958678017
1644768488.031822 3.2211668906559434 1.1065516475822401 1.2903046261256559 -0.5669451122786935 -0.47847703038264705 0.3839620231803843 0.54973192175737
1644768488.038456 3.2240465908898233 1.1074869911591716 1.291474400261784 -0.567350088223195 -0.47794837039145976 0.383388880023864 0.5501738648846414
1644768488.045025 3.226859240191221 1.1085155741777508 1.2926388653635188 -0.5668262235475272 -0.47784706092405366 0.383832429499207 0.5504926689427776
1644768488.0516238 3.2301308529633075 1.1094225416380672 1.293942713211575 -0.5671019329613127 -0.47844371904427313 0.3837232251829975 0.5497660166322098
1644768488.069438 3.235894724475621 1.1115796749880207 1.2961981788376495 -0.567198071156698 -0.4780747244396073 0.38332698396473225 0.5502639754767401
1644768488.07143 3.2389191310846543 1.1125564417848648 1.2973477557278918 -0.5676624765778396 -0.47796777477080427 0.3829832431312249 0.5501172884042914
1644768488.084703 3.2446802942224977 1.114865283727047 1.2994500042802593 -0.56789257833715 -0.47774539902387037 0.38191739885949844 0.5508134571893611
1644768488.0978172 3.2473908222664614 1.1162169694248683 1.300419898094592 -0.5676783624461912 -0.4775526810642021 0.38097335900536194 0.5518542051902083
1644768488.10444 3.2502145482715283 1.1174706480552912 1.301442306858711 -0.5678183542266999 -0.4776076470095755 0.3802959880846392 0.5521298835285096
1644768488.111069 3.2529897546997613 1.1187542837624151 1.3024551357771412 -0.5684380489360205 -0.47737268231075547 0.3792424072921065 0.5524200831799368
1644768488.1176279 3.2558062667631718 1.1203151556305193 1.303327746119294 -0.5675916793167838 -0.47830017907163774 0.379484984259032 0.5523213277686427
1644768488.1242769 3.2587332694231983 1.1216911024872112 1.3042925358542699 -0.5675164174366149 -0.4788018733961753 0.3788706564007279 0.5523859285039894
1644768488.130852 3.261742709049272 1.1229896475364627 1.3052662228897476 -0.5680357037543607 -0.47903475809480683 0.37815241158479723 0.552142223345522
1644768488.1374762 3.2643582604588137 1.1246225659533937 1.3060574860477272 -0.5673351803578303 -0.47924965409260084 0.3781246002890276 0.5526947766615823
1644768488.14407 3.2672520619396526 1.126105186238716 1.3069307544913267 -0.5673784657817087 -0.4794478861391328 0.3775799914128972 0.5528509086310435
1644768488.150632 3.270012764510403 1.1276687595287938 1.3077173041943422 -0.5673267111117899 -0.4794513327490873 0.37725719174019845 0.5531211754623574
1644768488.157229 3.2720993746832043 1.1297155060540263 1.3081693008845732 -0.5653422451554491 -0.4788686106525989 0.37776347099157526 0.5553078688704398
1644768488.163857 3.2757104667984827 1.1307577493665926 1.3093399311609726 -0.5678752954680628 -0.4793341936356456 0.37644097924065795 0.5532157882235609
1644768488.170434 3.278438441902467 1.1324546240256919 1.3100385005787658 -0.5680724972096846 -0.4793265641797598 0.3765931533797462 0.5529163724911814
1644768488.1770282 3.2813466555590414 1.1340422412543683 1.310856454985838 -0.5684487778550588 -0.47909334133388803 0.37635657026694996 0.5528928495825893
1644768488.183628 3.2833354366713983 1.1362331298240194 1.3112453518657878 -0.5665324091086911 -0.47815173910859526 0.3773686545457518 0.5549811261492016
1644768488.190228 3.2870545703040617 1.1372222082990435 1.312379375223216 -0.5699360737286613 -0.47840651163246617 0.37668919423548897 0.5517285641802239
1644768488.1968682 3.2886863934187325 1.1397676986548202 1.3125146133036394 -0.567136173946912 -0.4771172819034433 0.3781807948082056 0.5547017614329391
1644768488.203416 3.2924962409194074 1.1408002075454935 1.3136413656613228 -0.5704464629380976 -0.4771860036760364 0.37764994809569763 0.551601315722609
1644768488.2100139 3.2951002732739103 1.1426129967289764 1.3142738107838483 -0.5711714945421567 -0.47647909336542443 0.37846718152332237 0.5509015900258094
1644768488.216647 3.2970154710278115 1.1450344736253804 1.3144921887287695 -0.5694027912724163 -0.4749192192472226 0.37942355736839295 0.5534159817702464
1644768488.223242 3.300316864202422 1.1464633388705867 1.315348101450414 -0.5715963795653466 -0.47513345990154754 0.37987689624978505 0.5506528472429986
1644768488.229818 3.3026649766834666 1.1483398543020957 1.3158870068900799 -0.572714654877129 -0.4732552604295597 0.38022114878807933 0.5508705913908847
1644768488.2364109 3.3050129996394664 1.1503810799322947 1.3164450407160027 -0.5734085029201477 -0.47172223470765273 0.3802659495175299 0.5514325457701039
1644768488.243018 3.30808244452267 1.1523104407818388 1.3171376741410104 -0.5736224073523738 -0.4727538163835545 0.38201074395102036 0.5491157890388196
1644768488.249599 3.3106979703987367 1.154308007004659 1.3177446593428939 -0.5741635730014264 -0.4721873157698079 0.38265129116794794 0.548591393752384
1644768488.256224 3.3131003102482257 1.1565389194127609 1.3182409614392194 -0.5741610999279647 -0.4718059971550806 0.38369663002408655 0.548191611984165
1644768488.262812 3.3156087460895085 1.1586230854859643 1.318817356185025 -0.5746603787729528 -0.4713418838284145 0.38455082540369445 0.5474687141118678
1644768488.269423 3.3183275147096887 1.1607386609262524 1.3194775846802818 -0.5753579631023911 -0.47112856132111786 0.3851899451727371 0.5464696023758601
1644768488.2760131 3.32070000228107 1.162993991631587 1.320009448497381 -0.5755690879499541 -0.4707262659182485 0.38627667778949376 0.5458265076659428
1644768488.282702 3.3230299563270913 1.1653194434700302 1.32048688058449 -0.5760399149518237 -0.46993619069969145 0.3865522091435987 0.5458155840525247
1644768488.289215 3.325568207774885 1.1674959140899501 1.321070065990914 -0.576736120660499 -0.46961415090949543 0.387615985822022 0.5446016463367507
1644768488.2958221 3.328071595186083 1.1697244509464877 1.3216512552366955 -0.5775818226508775 -0.4691897741210841 0.3880931382404774 0.5437306662668768
1644768488.3024268 3.3300606695240744 1.1720472704143177 1.321989339228612 -0.5782406594630572 -0.46766038112119945 0.38786349001366127 0.5445113012005577
1644768488.3090281 3.333014300340291 1.1743367750257723 1.3227836954646826 -0.5790411404373352 -0.4685682859986839 0.3881310202203358 0.5426863612956035
1644768488.315619 3.335195112688332 1.1766936686421559 1.323248614349466 -0.5794290404050086 -0.4681868762896662 0.38839815430511404 0.5424103800831991
1644768488.322231 3.3374779425632153 1.179281794820364 1.3237691611397522 -0.5794834454045074 -0.46842440567901045 0.38834144352017275 0.5421876437485554
1644768488.328814 3.339697047215418 1.1817614534530425 1.3243043489403679 -0.5803765371873087 -0.467927079137328 0.3875462043683388 0.5422310254627188
1644768488.335456 3.3422592246656264 1.1841226137404153 1.324942117603721 -0.5807039646299966 -0.46914206477333803 0.38787695378866055 0.5405916749702008
1644768488.342017 3.3445977472823176 1.1866232756352137 1.3255515428780407 -0.5809942604657441 -0.4698046884721116 0.3875144848420195 0.5399638664459095
1644768488.348629 3.3470261652833906 1.1892403829626164 1.3261500991934774 -0.5810128988609755 -0.4707330831997125 0.38729180849852046 0.5392944355025634
1644768488.355215 3.3490789591809875 1.1919664000894792 1.326709161174504 -0.5811936165331798 -0.4707929512568742 0.38625118986697476 0.539793599590038
1644768488.361813 3.351426892137954 1.1945056409188102 1.32731239014507 -0.5814598615514213 -0.47157287171905016 0.38562431212398507 0.5392740079124602
1644768488.3684149 3.3539875845108336 1.1969816303214376 1.3280358145754838 -0.5815840190308004 -0.47287175419740923 0.38551144345034444 0.5380822754074106
1644768488.3750122 3.3563230917321434 1.1998067416936906 1.3286780907869982 -0.58134030635774 -0.4738648543314125 0.38449764775128986 0.5381972229835749
1644768488.381621 3.3585048458978695 1.2027461835396345 1.3293160479815014 -0.5820337227461098 -0.4733587835224415 0.38269703309133773 0.5391755595328014
1644768488.3882182 3.3606950652335135 1.2051666041951312 1.329835346467306 -0.5819088564696933 -0.4742770795905652 0.3832040764969467 0.5381423123801107
1644768488.394818 3.3631425584568495 1.2080008932950634 1.3305526470524507 -0.5820923240457783 -0.47472260196734056 0.38196966708447283 0.5384284605217968
1644768488.401417 3.36576602889604 1.2105711071900163 1.3313141412613048 -0.5822355178557422 -0.4760044548643504 0.3819115840230221 0.5371817486769814
1644768488.4080698 3.3685440440429706 1.2135497276423586 1.3320745271062304 -0.5819095278950158 -0.47810840986484443 0.38157194894835866 0.5359062586794046
1644768488.41461 3.3699757439469415 1.2159998162850119 1.3324498481765001 -0.5822718088401196 -0.47647355424792615 0.38111112719300777 0.5372949306524588
1644768488.421268 3.3728684036151755 1.2188063580335862 1.3334029122577047 -0.5827701212376631 -0.4773838939862624 0.3795052543043446 0.5370832363341305
1644768488.427847 3.3749323817853254 1.2215075763206886 1.333879755971283 -0.5822468377174735 -0.4778696278540357 0.37995175120660507 0.5369030919871572
1644768488.434454 3.3779645573356487 1.2244248223042433 1.3346534825418093 -0.5820416629712205 -0.4804817731093628 0.37980318003603347 0.534895709361076
1644768488.441014 3.3795152673326045 1.2272031417026719 1.3350875513375882 -0.5817986125675498 -0.47910426779018433 0.37971286557838796 0.5364576646032133
1644768488.447617 3.381785612805606 1.229920492428941 1.3356391339253262 -0.5817242403431587 -0.4796220477603911 0.3799869962425252 0.5358811377286113
1644768488.454211 3.384425571315059 1.232662727146773 1.3363907504797825 -0.5819584749140915 -0.4804153905463913 0.37963481817847194 0.5351654060729525
1644768488.4608488 3.3866857215295747 1.2354296965283287 1.3370074097783529 -0.5821913034259643 -0.4805537786778977 0.37917615333468463 0.5351130042869029
1644768488.467443 3.389167540840281 1.2383502541897256 1.337797284472174 -0.5825928001180015 -0.48089624535735265 0.37786154628957297 0.5352982306194656
1644768488.4740229 3.3909288719319366 1.241169836058018 1.3381196722035926 -0.58247430172759 -0.4804808689693836 0.37837433519619684 0.5354380326677625
1644768488.480643 3.3936764999407054 1.2440216304687794 1.3389782834622623 -0.5831237525597422 -0.4812797574419358 0.37736060262569926 0.5347286189277778
1644768488.487215 3.3955135188373484 1.2464441774552233 1.3393198420180685 -0.5832208900317256 -0.4812343448345133 0.3777012658423901 0.5344228942757699
1644768488.4938161 3.3985136191388188 1.249627052524698 1.3404037274692733 -0.5834794898125939 -0.4825194774590729 0.37637706999499454 0.5339158309598108
1644768488.500415 3.400168278807703 1.252402678924001 1.3406274799374653 -0.583366583305873 -0.48219634950956386 0.376456820537631 0.5342746932432391
1644768488.5070112 3.4023485612320443 1.2553375233831188 1.3412125814763391 -0.5831044340656566 -0.48259513460446296 0.3762433452340621 0.5343512093459208
1644768488.5136151 3.4042829125601233 1.2580245921596545 1.3417180489122869 -0.5828355533373925 -0.48262349242832825 0.3759807013673671 0.53480371581747
1644768488.520247 3.406093879931447 1.261559278539127 1.3420967225787697 -0.580573655443098 -0.4830695654906095 0.37632685604887006 0.5366144911920325
1644768488.5268211 3.4089506735346826 1.2640120664010497 1.3429522708005244 -0.5822503932321035 -0.4841291394117789 0.374904935365268 0.5348353359836524
1644768488.5334442 3.4110331899937734 1.267121808547545 1.3435221604803862 -0.5810593137244845 -0.4849047323326433 0.375383708300151 0.535092213722827
1644768488.5400178 3.41326556353391 1.2702529807915452 1.344083852185337 -0.5804717902237759 -0.4854939459504661 0.37521035554809706 0.5353171549158127
1644768488.54664 3.4151436144888234 1.2731746342919312 1.344614976042801 -0.5800647968571809 -0.4848883413004569 0.376393582230544 0.5354765670136058
1644768488.553251 3.417072675344698 1.276047453428083 1.3450408463512424 -0.5794904770382338 -0.4849847232044766 0.37735591658919587 0.535333863637352
1644768488.559812 3.419022617159325 1.2792113203371587 1.3455167849473115 -0.5791771900932573 -0.48462586705329874 0.37720901418105285 0.5361008435536625
1644768488.566452 3.421247924885462 1.282521720371543 1.3462074964862019 -0.5790201606521621 -0.48456571739103543 0.37696994323111127 0.5364928442999664
1644768488.573022 3.423246643621177 1.2856951444696472 1.3467115789646615 -0.578886968280258 -0.48425117962417363 0.37715015461131807 0.5367937622303713
1644768488.5796218 3.425135611785036 1.2885865491932729 1.3472363486919228 -0.5785636076184754 -0.48415098866848644 0.3786742823044569 0.5361594057890704
1644768488.586209 3.4274520265833974 1.2920234642130557 1.347919219266683 -0.5788460087450412 -0.4838505785899017 0.3778625218660735 0.5366982906579971
1644768488.5928261 3.4291212165855214 1.295252436610517 1.3484283436546367 -0.5779047686004964 -0.4830769935147698 0.37934651918915274 0.5373622061745814
1644768488.5994592 3.4312377340388682 1.2983758247245052 1.3489809500140806 -0.5784415518969183 -0.4828863877563638 0.3792607882056219 0.5370163813788055
1644768488.606032 3.4332614664042764 1.3016283319298212 1.3495571797468737 -0.5781912428573486 -0.48278538296649304 0.38012302857349667 0.5367669363551489
1644768488.61266 3.435154959955375 1.3049842548355137 1.3500802208029288 -0.5780454674381161 -0.4822743875850507 0.38036581543965886 0.5372110554525455
1644768488.619232 3.437144323985087 1.3082036746164378 1.3506199066267228 -0.5780721009848414 -0.4820552752846096 0.380788472715969 0.5370795730880679
1644768488.625849 3.43898707269751 1.3114869799697757 1.35110155503218 -0.5780680222101103 -0.4815377324160767 0.3815816672041694 0.5369853112564423
1644768488.6324239 3.441195990172758 1.3150073392814456 1.3517763875747895 -0.5778763016923391 -0.4818892996652792 0.38141838909289344 0.5369924745806025
1644768488.6390452 3.443099868829795 1.3183499750688428 1.352303840276511 -0.5776048264217519 -0.48195534345138874 0.38201398711029383 0.5368017749336759
1644768488.652313 3.446764064165152 1.3250416677167531 1.3532545416561956 -0.5768334428868409 -0.48210561433653654 0.38379149356067593 0.5362280557692274
1644768488.6588511 3.4488687388789283 1.3286084169261843 1.3538520316472429 -0.5769457935095459 -0.4824573830816163 0.38296535648604635 0.5363815654974348
1644768488.665409 3.4506824105092124 1.3321268855560573 1.3542968596745348 -0.5763654540166933 -0.4822026717649503 0.3838341887853927 0.5366132679610549
1644768488.678684 3.454499742692375 1.3391609074507624 1.3552500717532079 -0.5757620138768741 -0.4825678764469486 0.38414406246922667 0.5367111709018302
1644768488.685215 3.4565145429879167 1.3426928236169162 1.3556978059202753 -0.5756405360611878 -0.48251090929730045 0.38427713178804135 0.5367974221610685
1644768488.6918452 3.4584545167436023 1.3461452909453495 1.3561897956822442 -0.5757637954933834 -0.48277076776187205 0.38390111487974693 0.5367005877952477
1644768488.6984162 3.459864504100916 1.3497079347307261 1.3563696753570826 -0.5747514766989008 -0.48236911418055695 0.3847082238152964 0.5375680264291909
1644768488.71168 3.4641256085353107 1.356784661500731 1.3573217223051453 -0.5756265703806143 -0.4831939821841722 0.382662726693694 0.5373509834120597
1644768488.7182121 3.4659261527149523 1.3603395559074494 1.3576817784700366 -0.5750390405936391 -0.48371028922482767 0.3828133926665664 0.5374080986634442
1644768488.7248168 3.4679024709437836 1.363946441114652 1.3580737496869992 -0.5751593893953277 -0.48421584717202126 0.3819424256127035 0.53744375966759
1644768488.7380202 3.4697330076322026 1.367566141922689 1.3583667389846812 -0.5747023784366749 -0.4847573833117722 0.3816217657408479 0.5376722680983645
1644768488.744614 3.471516804244341 1.3711267414414907 1.3586365115543995 -0.5741077313455863 -0.4854265912555877 0.3815098753255228 0.5377832905278781
1644768488.751214 3.473132934681107 1.3745793934168518 1.3587866101713784 -0.5736491717920443 -0.4858687723099752 0.3818797989770973 0.5376107141494634
1644768488.757809 3.474920942899971 1.3782362622172504 1.359025836554449 -0.5731141481970317 -0.4865566229952821 0.38174937835730616 0.5376517016463861
1644768488.764415 3.4766943329135502 1.3820882999972766 1.3592670328626228 -0.5722192441851128 -0.4874871566284518 0.3809983242108569 0.5382943015742762
1644768488.771044 3.4783944537043405 1.385839849575173 1.3594295103563891 -0.571611397749761 -0.4878338188390752 0.3812656196475184 0.5384368025968296
1644768488.777597 3.4799582274858984 1.3895772280343375 1.359509843714645 -0.5704043794174566 -0.48855610478455147 0.3820090189782914 0.5385349354957367
1644768488.784214 3.4817480588099716 1.3933074930722178 1.3596339385391163 -0.5702463615788199 -0.4891888918381534 0.38181388412249834 0.5382661871017747
1644768488.790816 3.4833705655039435 1.3970846292113686 1.3597343038167695 -0.5695352502008725 -0.48973646234545615 0.3820112078001905 0.5383811614273559
1644768488.797415 3.484417779680868 1.401093112844664 1.3595228085640103 -0.5672699720288588 -0.4895547613760725 0.3839271103603161 0.5395739794896315
1644768488.804045 3.4863496640613207 1.404622224137215 1.3596608821901799 -0.5678976510387612 -0.4906443871111007 0.3831157905193981 0.538499618698805
1644768488.810622 3.4881413743257843 1.408361575683409 1.3597591431518288 -0.5677321807873605 -0.49132325714751784 0.38314301242951276 0.538035376735266
1644768488.817218 3.489684888962059 1.412215209752107 1.3597483619674655 -0.5672236983437441 -0.4916638394247642 0.383489433713084 0.5380137758631781
1644768488.823856 3.491090686625884 1.4158304751857902 1.3596114162134385 -0.5667822614587088 -0.49201719741150196 0.38462080068624627 0.5373479841956963
1644768488.8304262 3.492034211708618 1.4200178566080242 1.3593373528185115 -0.565071494786499 -0.4909289942283264 0.38659743080976944 0.5387249265040349
1644768488.837048 3.494177904560731 1.4237213217613747 1.3595722372208632 -0.5662143366966796 -0.4921070395548816 0.3850926845196403 0.5375263468485557
1644768488.8436182 3.4951360300312437 1.4278340172071433 1.3592444103108343 -0.5646990810835988 -0.491592916697658 0.3867216452831216 0.5384207180681428
1644768488.850215 3.4969994055129794 1.4315905932434905 1.3593337423095244 -0.5654750295786953 -0.4916620869448619 0.387065138085576 0.5372950620191914
1644768488.856865 3.498122064874667 1.4355534558862633 1.3590686752118137 -0.5643553019983804 -0.49171877851842866 0.38823078240941394 0.5375795762391298
1644768488.86342 3.4992168320901644 1.4393764290768376 1.3587494898905446 -0.5637047555693242 -0.4911232920480924 0.39012382531082124 0.5374359041386427
1644768488.870019 3.5013415168660664 1.4435054031240313 1.359017108231605 -0.5643653216871442 -0.49216112890585323 0.38948675202533606 0.5362541014319879
1644768488.876621 3.5024852884999875 1.4472045157668227 1.358667943976841 -0.5634585288743561 -0.4924914985657145 0.39074437033870624 0.5359892630156389
1644768488.8832798 3.503707107996711 1.4511713102483688 1.358466131009705 -0.5626886925161252 -0.4924393094327077 0.3920765914085998 0.5358731009712089
1644768488.889846 3.5045127967998666 1.4554146835747965 1.3581115662764798 -0.5613148805297767 -0.49140040282050546 0.3945475737462868 0.536453724354817
1644768488.896422 3.5060503241160808 1.4592077943025799 1.35798678125708 -0.560561236682686 -0.49215187044389735 0.39558714566888875 0.5357867235683161
1644768488.903025 3.507595541901992 1.4630723504456322 1.3578502462014137 -0.5602299023458878 -0.4932759000398275 0.3958435352688192 0.5349097725782694
1644768488.9096441 3.5090052136908776 1.4674828091592935 1.357770804861599 -0.5593714958697721 -0.4932524107152393 0.397395138258261 0.5346792231476285
1644768488.916217 3.510368978524187 1.471053688203731 1.3574740516447539 -0.5587328492797001 -0.4943641937646522 0.39806557700646883 0.5338206961385986
1644768488.922844 3.5118733303477034 1.4751960057697393 1.3573492321327298 -0.5578051611318973 -0.49542479104647846 0.3991578494174577 0.5329912094584477
1644768488.92943 3.512449362224846 1.4792477411716045 1.3569394412973872 -0.5563031106625416 -0.49399162925718176 0.4018296331662241 0.5338828965803981
1644768488.9360378 3.5133756422595765 1.4832423264206844 1.3564369232713749 -0.5542114085379185 -0.49466402024127104 0.4036863578696793 0.5340350627160773
1644768488.94266 3.5148631849619703 1.4871367149075811 1.3562622723346138 -0.5538427575308608 -0.4953927403464037 0.40478141920992605 0.5329122319031554
1644768488.949232 3.5161163908874524 1.491313228443359 1.3560535421884163 -0.5528939119421054 -0.49559882819044354 0.40633269625180507 0.5325249777768966
1644768488.95585 3.5172027887926824 1.49540670252095 1.355742004202365 -0.5513215847579338 -0.49625686006007114 0.408287984970334 0.5320468096662803
1644768488.962419 3.5185243538975097 1.4994136312397561 1.3554286789986052 -0.5502128839040109 -0.4974744536120707 0.40953730335299005 0.5310962908503392
1644768488.9690182 3.5195092620641173 1.5036132049432225 1.3551222857070278 -0.548954771779291 -0.49733454432468754 0.4117846451279556 0.5307913448002328
1644768488.975619 3.5207503360254346 1.50763386778503 1.3547827316611185 -0.5475425746939612 -0.4984949262651184 0.4140128822321885 0.5294262591623123
1644768488.982214 3.521594284654901 1.5119282848175377 1.354337972677753 -0.5459511957188762 -0.4985592568562496 0.41612401268271615 0.5293541547893059
1644768488.988826 3.523356502786297 1.5157821371820195 1.3542679773491095 -0.5450637825300605 -0.5007935640832374 0.41844924922646065 0.526317993340692
1644768488.9954188 3.524018192701838 1.52012472045922 1.3538168371918968 -0.5444880092664969 -0.49983911919118457 0.41912077489369515 0.5272860708652213
1644768489.0020149 3.5249826022353425 1.524466881451674 1.3535889912001389 -0.5433748978669096 -0.5000762240559614 0.42049307355428556 0.5271168687158837
1644768489.0086231 3.52632513653492 1.5286239719590364 1.353196979859657 -0.5421577293601821 -0.5016858607824801 0.4234381206256608 0.5244764115185294
1644768489.015219 3.52730261528942 1.5326056710082219 1.352868402922411 -0.5419389525812202 -0.501531041362218 0.4243358326308578 0.5241247868268006
1644768489.021822 3.528541679130146 1.5371550908064815 1.352805714158558 -0.5402015614175356 -0.5033243548105841 0.4256213832858968 0.5231560201681156
1644768489.028426 3.529705463273641 1.541097491813071 1.3524859332302164 -0.5398920725564226 -0.5028924976337191 0.4279556107415599 0.5219853847775429
1644768489.035027 3.5306281289044437 1.545602030238641 1.3522086918211964 -0.538586031898344 -0.5037003146236043 0.42927956617612556 0.5214681225766306
1644768489.041635 3.5316264733279024 1.5496507701152895 1.351782281188676 -0.5378251256028946 -0.5042384420618686 0.43165640356409607 0.5197687735998785
1644768489.0482519 3.532549623054804 1.5539644008782378 1.3515155206473157 -0.5370399646679047 -0.5044252267657577 0.4331094921666989 0.5191902885755558
1644768489.054827 3.534022330987434 1.5583222738915852 1.3513180806165324 -0.5364112686289875 -0.5057967207311649 0.43439489736167647 0.5174288793902097
1644768489.0614212 3.534937633485011 1.5627850380096282 1.3511202289168531 -0.535076134666963 -0.5065654029460057 0.4363488592094874 0.5164143773402614
1644768489.068015 3.5360816527048655 1.5674706586478788 1.3509709844802447 -0.5339473807673997 -0.5076532897332294 0.4372914490978082 0.5157163544676121
1644768489.0746272 3.536895594659733 1.5716248622103988 1.350644886579958 -0.5326436010328891 -0.5079625890925598 0.4404562583118563 0.5140642327816408
1644768489.081218 3.5383183954200503 1.5760220256763644 1.3504272495822658 -0.5324669041236366 -0.5099505058905764 0.4406913177552896 0.5120738968843546
1644768489.087819 3.539452471317793 1.580687435711841 1.350304118657012 -0.5316577050625096 -0.5108182482592237 0.4422414138885688 0.5107116724382568
1644768489.094412 3.5404815417570705 1.58530655088925 1.3501485393699078 -0.5306938302330776 -0.5119785756197276 0.4437723547897409 0.5092219456322943
1644768489.101013 3.5415497635988333 1.5898103805863668 1.3500227261200228 -0.5299218590630436 -0.5130041929540675 0.4453015161382614 0.5076562824464088
1644768489.107643 3.5435083407238235 1.5942806352603438 1.3501743199188894 -0.5304381465214603 -0.5158864235337771 0.44513689692019104 0.5043299260833307
1644768489.114233 3.543812796437476 1.5989802027595346 1.349826201802971 -0.5286858522769778 -0.5152645047517039 0.4480127807997523 0.504258965643311
1644768489.12082 3.5450163198288465 1.6035690451838494 1.3498568724949536 -0.5283056180923132 -0.5164391330943339 0.4492189718079313 0.5023792952557112
1644768489.127441 3.5461069309917623 1.608255024292957 1.349811555403778 -0.5275329999462647 -0.5176442088078297 0.4506096117921628 0.5007027401518198
1644768489.1340318 3.5471830523277594 1.612974464660006 1.3498058450895283 0.5269298934949943 0.5186066285267144 -0.4518216643405341 -0.49924829394452364
1644768489.140634 3.5483879979775717 1.6176777580707615 1.3498920966617138 0.526545286812433 0.5197077969686673 -0.4528662697348647 -0.497559720480235
1644768489.147229 3.549640327229055 1.6221119595248679 1.3499360857319298 0.5265425282975275 0.5204922339009594 -0.45389504853322354 -0.49580201297713344
1644768489.153825 3.551597969654929 1.62705348154308 1.3503321146741627 0.5267002701299426 0.5238610066302477 -0.4533980591621429 -0.4925305845706233
1644768489.160432 3.5526947972858833 1.6317927433677681 1.3505671965168062 0.5261768113818296 0.5245918750644639 -0.45529745078173217 -0.49055595005917463
1644768489.1670349 3.5533181075230993 1.6363010469165968 1.3505417692054482 0.5256726746445107 0.5242637000269111 -0.45717136610033043 -0.4897037578740704
1644768489.1736221 3.5544784457531637 1.641411486728686 1.3507408935002625 0.5245882496872971 0.5256164738251887 -0.45853495752766704 -0.4881391677133851
1644768489.180226 3.5554939684455404 1.6462968334541648 1.35103205899 0.5240302602725788 0.52709673707294 -0.45957635261259167 -0.486158912034656
1644768489.1868181 3.5575501435555927 1.6511684237274937 1.3517776576927152 0.5244278125646342 0.5306439999736656 -0.45890056743116137 -0.48249593612084113
1644768489.19344 3.558732864492717 1.6559982029629212 1.352185322459603 0.5239525143006666 0.5322821418031709 -0.45977553858561654 -0.4803701404962346
1644768489.200027 3.5598731488539372 1.6605849789586502 1.3527071650371025 0.5236367938824462 0.533510943215233 -0.460480513251727 -0.47867309200549124
1644768489.206624 3.561071798334513 1.6655071885405486 1.353056559577085 0.5230302586075598 0.5353504286399224 -0.4619108727408532 -0.4758962456404948
1644768489.213225 3.5614566754232038 1.6705973360622002 1.353353305907532 0.5210641523858373 0.5354282955070745 -0.46412996168270043 -0.4758064364202216
1644768489.219868 3.5630043178350537 1.6751225409676143 1.353949578209737 0.5211316889602499 0.5374065104873372 -0.4636982363779653 -0.4739192750397295
1644768489.2264209 3.5647514168324843 1.6799503378052092 1.354743451137105 0.5208321919986298 0.5400374971466799 -0.46417876538927905 -0.4707771032839961
1644768489.233037 3.566187988971168 1.6849828406142318 1.3555249332365218 0.5202970458822717 0.5417807901905908 -0.46419296631835444 -0.46934955301188575
1644768489.2396438 3.5658926552151753 1.690190464824101 1.3556073613172939 0.5170635075118328 0.5411937045020512 -0.4674247604852363 -0.4703917256999832
1644768489.2462468 3.56761816236102 1.6942424782112067 1.3564488458583646 0.5178666386812213 0.5421645869584658 -0.46718188079267503 -0.4686283267133087
1644768489.2528481 3.568333067332795 1.699855353997127 1.3568381768469 0.5153899306856972 0.5438656627604106 -0.46867719871657315 -0.4678939261040177
1644768489.2594292 3.570022705638219 1.704599561049633 1.3578524537362608 0.5151975175855823 0.5456811417721968 -0.468346541625374 -0.4663205503460326
1644768489.266049 3.5710113471215754 1.7091932990800076 1.3584192986423442 0.5141566416926033 0.5467781686640368 -0.4690790791805517 -0.4654471389356164
1644768489.272637 3.572279254447796 1.7143050129806467 1.3591981154912427 0.5129654206970394 0.5484483043609317 -0.469573909976639 -0.46429618265576855
1644768489.279223 3.5735248643113158 1.7187976315897497 1.3598549440342436 0.5111956112901641 0.5514372054799316 -0.47136619202620517 -0.46087920952311245
1644768489.2858272 3.575482579156834 1.7235156106999303 1.3609978271855163 0.5117863741276489 0.5530672982100451 -0.47037908643282467 -0.459275973828972
1644768489.2924318 3.575684778645443 1.7286396033680367 1.3613613338254273 0.5101835847799171 0.552259684771199 -0.4716703600367114 -0.4607046128396566
1644768489.299034 3.5765986401305128 1.73284531107026 1.3620860911278962 0.5082711094855281 0.5535180115881754 -0.47354620693431326 -0.45938208518518
1644768489.305613 3.5777276399175046 1.7374512834322198 1.3628336762635138 0.5078075806095785 0.5545667257248036 -0.47349086755922626 -0.4586864915989485
1644768489.312233 3.5794703759917446 1.7428873267023473 1.36381666538688 0.5078778739444297 0.5558714640574858 -0.47220081597713814 -0.4583589449751344
1644768489.318826 3.58059309394223 1.7474658339763758 1.3645262363044648 0.5069764024783829 0.5571120387022439 -0.47264747308717237 -0.45738941541338324
1644768489.325431 3.5815062753939366 1.7518622337427692 1.3651319664909147 0.5065103728833382 0.5575597110814704 -0.4729200935163816 -0.4570784358144214
1644768489.332048 3.5826977852299096 1.756521985968247 1.36593805900735 0.5059232304817812 0.5587555671689943 -0.47285745070520924 -0.45633257420974577
1644768489.3386319 3.5840215565730618 1.7613251759970316 1.3666657287548678 0.5050711588648589 0.5602788913906939 -0.4729333839033803 -0.4553287389403078
1644768489.3452291 3.585608545575561 1.766164275446534 1.3675942933889371 0.5048400708346623 0.5619607992428048 -0.4719790387573682 -0.45450185784111274
1644768489.358531 3.586939473336766 1.7748628371845203 1.3686809916347298 0.5022191397151727 0.564015194359772 -0.4734683116953528 -0.45331023843580215
1644768489.365061 3.5882376146429946 1.7795217283901799 1.3695261289724925 0.5018074994862229 0.5654977139456735 -0.4727925690455041 -0.45262380902892246
1644768489.371624 3.5897936522538934 1.784109857252997 1.3704904421483401 0.5011596894703892 0.5686435277606906 -0.4715325195917816 -0.4507107363668372
1644768489.378222 3.5949856646551517 1.7890042014864116 1.3734424709797275 0.5054196336271094 0.5740343657802167 -0.46424910148637405 -0.4466630279189773
1644768489.384825 3.5923702964521373 1.7928718894892999 1.3720236699381694 0.5004978111160627 0.5721129933310549 -0.4703152226442178 -0.44832117694511087
1644768489.398144 3.5980209337496154 1.8014622579602337 1.3753643476353672 0.5038613225792837 0.5780017982786017 -0.463651830862138 -0.44391918337333564
1644768489.411222 3.593568686178137 1.8063838751188028 1.3735086496924063 0.49443747742773597 0.5761893783086873 -0.4724939968213588 -0.44753363277266
1644768489.417825 3.5950100388065245 1.8096536388641684 1.3742169320729394 0.495478296154689 0.5781726330091657 -0.4718825257003293 -0.44445948328539475
1644768489.42442 3.5993223638771954 1.814905135742774 1.3768709948521827 0.4989504425592251 0.5805487525948685 -0.46410075730410294 -0.4456700046281685
1644768489.4310231 3.597180456376427 1.8185146299442418 1.3758603562615876 0.4942432965895691 0.5811275898036415 -0.46935397398612727 -0.44465797873557594
1644768489.437618 3.5978743592234967 1.8235364763930617 1.376477331359738 0.49249669255819534 0.5832924373254015 -0.46932155582743146 -0.4437947521729798
1644768489.4442298 3.5975220827045136 1.8278495574485172 1.3768353456950113 0.48991748596050577 0.5837920373064442 -0.4701712610749348 -0.445091388246674
1644768489.450826 3.597940852114548 1.831904419973435 1.3771251289592488 0.48941807198731757 0.5833837769382879 -0.47050187484531675 -0.44582618581788813
1644768489.4574249 3.5983401774116737 1.8361960422381884 1.3775156231834893 0.48744871589621525 0.5850611033218561 -0.4707145712534298 -0.4455610768352443
1644768489.464021 3.6048718485582123 1.8399769563957478 1.3810192151925496 0.4953979015611092 0.5922697293925643 -0.4601598728445799 -0.4382351672587447
1644768489.470626 3.60687900252703 1.8442131540509192 1.3823048964265925 0.49718174747091365 0.5942495428547284 -0.4564707755002169 -0.4373920381459911
1644768489.4772139 3.600978576462151 1.8487304076171267 1.3797803360857381 0.4877927210917014 0.5889726443987945 -0.46699383533396066 -0.44394356538555163
1644768489.48382 3.6030850792441504 1.8527793907839647 1.3809413655680225 0.489413060110477 0.5933728086576218 -0.4638579718411675 -0.4395667812120484
1644768489.490416 3.603696821870634 1.8562929551035998 1.3813181061652167 0.48923062393673095 0.5947305065344877 -0.46415169452016486 -0.4376206974943937
1644768489.497015 3.6029966980276984 1.8617073496631111 1.3813831926753894 0.4848986726886956 0.5951237196023146 -0.465069015325768 -0.44092122165663494
1644768489.5036118 3.603829668464929 1.8659034459582373 1.3820225974506504 0.4848233639706792 0.596668505754513 -0.4639694963940119 -0.4400737535365786
1644768489.510217 3.6046186206419026 1.8702890777750139 1.3826637916158557 0.4840649977451463 0.5987895207088888 -0.4627664151721411 -0.43929380246289484
1644768489.516809 3.605486485117009 1.8740129317178316 1.3831956853542682 0.4846862684690062 0.5996882751950727 -0.46128720240742677 -0.43893838412545716
1644768489.5234182 3.606007871389943 1.8771350792190675 1.383475260468744 0.48575131576614794 0.5999170229569373 -0.46127334084822214 -0.43746055293451375
1644768489.5300422 3.6069806202546473 1.8821603954658015 1.384284097935508 0.48483476650978113 0.6023284060975701 -0.45901342960292735 -0.4375408610393674
1644768489.536659 3.607775183151107 1.8865800864291038 1.3848729600302951 0.48420099878660056 0.6042806143343984 -0.4577739057864449 -0.4368490159174953
1644768489.543241 3.6081709207582437 1.890765855909111 1.3853158554907339 0.48298645479185304 0.6058418294497253 -0.45738893110895107 -0.4364341522112154
1644768489.549877 3.6083665317658395 1.8950451060254594 1.3856997140599303 0.48154821447731605 0.6070158587924056 -0.456988686455172 -0.4368112172755693
1644768489.556428 3.6093046770114308 1.8985908502489572 1.386299678568788 0.48350595513987804 0.6068885949566171 -0.4554075318312528 -0.43647655767022053
1644768489.5631309 3.6094005358660315 1.9033267403039902 1.3865854377484759 0.4814689584993181 0.6085818306451397 -0.4555155997171297 -0.4362578917393435
1644768489.5696158 3.6105810361635546 1.907864303553135 1.387082339155227 0.481175858219298 0.6101261788087528 -0.45431950315088315 -0.43567104201021595
1644768489.5762198 3.6108915673024464 1.912511345899831 1.3874869457584724 0.4791897969172979 0.6125986916187611 -0.45406881887383616 -0.4346505766724577
1644768489.582846 3.6124800868869498 1.9168415410140602 1.3884241374137383 0.4800520035190677 0.6158426965987345 -0.4512718946661464 -0.43201980038524573
1644768489.5894232 3.612714181324221 1.9210659327905497 1.3887274619002945 0.4790049079215678 0.6170690570078818 -0.4511292551269938 -0.43158090090180673
1644768489.596011 3.6112649490837625 1.9246200835034646 1.3881460393290967 0.47704915199974224 0.6139127889018562 -0.45407119443795385 -0.43514842951463034
1644768489.602635 3.6137256681532084 1.9291623403507063 1.3895676936198986 0.4791167068357374 0.6187228234482369 -0.4496154572538611 -0.43066782670610537
1644768489.609247 3.6128228630797117 1.9332431040915592 1.3891745877416406 0.4771020212418724 0.6170979230072127 -0.4522995956232469 -0.43242167249997643
1644768489.6158562 3.6119800988222215 1.9374033196682217 1.3887730332983361 0.4745150493352118 0.6171180696515581 -0.45414207006096663 -0.4333073952455812
1644768489.6224508 3.615339696807651 1.9413329368265633 1.390863213246358 0.47818954480419273 0.6213984364840407 -0.44812317546612856 -0.4293995382150885
1644768489.629021 3.6130909886026337 1.9454548810046388 1.3895386096304991 0.4748365294537031 0.6196418862221237 -0.45270428877390284 -0.4308511191160995
1644768489.635616 3.6136071151751774 1.948789673845154 1.3899200504604874 0.47581889246495956 0.6199640184909971 -0.45139471408061643 -0.4306779069007323
1644768489.6422179 3.613311000591079 1.9542903923537178 1.3898598835134404 0.4727023355572272 0.6220277630680716 -0.4527978061704653 -0.42966007032148923
1644768489.648819 3.613636517822905 1.9584638589462422 1.390163614279978 0.472657933892587 0.6230311986072583 -0.4522053199327525 -0.4288783839941327
1644768489.6554198 3.613203674450545 1.9620510946917047 1.3899299963200733 0.47153593291843365 0.623348316139869 -0.4535784515684684 -0.42820200811107756
1644768489.662026 3.6140287928407937 1.9672300406904173 1.3911864687415447 0.4707811952354527 0.6273174019569838 -0.4505877511246402 -0.4263897284280598
1644768489.66866 3.6132098945570013 1.971049595174182 1.390266227751536 0.4691879981494816 0.6258192391828561 -0.4534083668785671 -0.42735624876147676
1644768489.67522 3.6130574960922397 1.9743087565330533 1.390019915903971 0.4692982490434089 0.6255402157617298 -0.4533351616099841 -0.4277212051758454
1644768489.681818 3.613535865899323 1.9803740577485165 1.390550769283489 0.46624182748209647 0.6297849875915983 -0.4527878853679895 -0.42540822116886684
1644768489.688461 3.6138338431406294 1.9848484890829965 1.3909330378233014 0.46604687290865937 0.6309208182730499 -0.45153968218550056 -0.42526547675919657
1644768489.695053 3.613631019082428 1.9885703967379018 1.3907624315559504 0.4671017300576691 0.6303060973164408 -0.452261681077443 -0.42425134518785435
1644768489.7016041 3.6140548502357928 1.9937744851821526 1.3912172235064955 0.4644374948315101 0.6334892707435824 -0.45047102160618846 -0.4243402477331238
1644768489.708214 3.6154194685867296 1.9984026001873012 1.3921688472277949 0.4662469813868676 0.6368609480859649 -0.44706140293777574 -0.42090096797212484
1644768489.714824 3.6160222396210595 2.003239318610122 1.392503242924316 0.46646921986043827 0.6386478626446201 -0.445521959394906 -0.41957744907958905
1644768489.7214139 3.61522908061806 2.007613351780745 1.3922790779873548 0.4645175365317169 0.6391289890381107 -0.44702440851679387 -0.41941196376371626
1644768489.7280252 3.6156405899966266 2.0114551819013053 1.3927465494708757 0.4662454788270482 0.6379352750905045 -0.4462380650244974 -0.4201487546669879
1644768489.734615 3.6133493731777038 2.016437722843229 1.3919904835807149 0.4632459296967842 0.6369249926813124 -0.44883540486383533 -0.4222276653472063
1644768489.7412229 3.6129251586525646 2.020785661230046 1.3914769862275238 0.4618285156403605 0.6367415151810798 -0.4502010753380202 -0.4226029185168465
1644768489.747819 3.613427325380203 2.0255041417139337 1.3917733988717647 0.4622900889608341 0.6385497263967487 -0.44848872494996916 -0.42118842028751335
1644768489.754417 3.6133615151873215 2.0311092406816758 1.392089090872495 0.46076106823541607 0.6402684559416228 -0.44832388066154605 -0.42042941201185946
1644768489.761023 3.612689718535604 2.0361343242747374 1.3922467829296246 0.45875002889571964 0.6409971184662524 -0.44852443095689376 -0.4213034078960378
1644768489.767663 3.6123697608809624 2.0409386683342916 1.3922082454232891 0.45832387734128877 0.6415754426619825 -0.44918647699480097 -0.42018014852506536
1644768489.774223 3.6116271418794477 2.045838417944896 1.3928405036445182 0.45730644156387174 0.643148567281268 -0.4487936489198298 -0.41930250305080724
1644768489.780846 3.614530659530511 2.0498339612025718 1.3941665976934066 0.4626321030331953 0.644129526726772 -0.4439230312802263 -0.4171338787546651
1644768489.787412 3.611746036310066 2.0555055808281035 1.3929282697250835 0.45744703961930727 0.6434704651644901 -0.4488384385013622 -0.41860670908650377
1644768489.7940412 3.6112367760668023 2.0605504072551186 1.3932623685917673 0.45635384681692037 0.6443443935664412 -0.4486741552271124 -0.41863180136227174
1644768489.800674 3.6103950832550815 2.066255190995488 1.3940174039172966 0.4541764729194741 0.6469565636249058 -0.44900300254054404 -0.4166136583319416
1644768489.8072152 3.6101955964164176 2.0708893069588883 1.3942088097268952 0.4545882035769802 0.6464326923701132 -0.4490612550372995 -0.41691486294521996
1644768489.813806 3.6104750988724548 2.0758198646982455 1.3943728415138468 0.45511799762638083 0.6459058611232759 -0.44905101278180903 -0.4171643531085562
1644768489.8204522 3.609280124569129 2.080474102214648 1.394169254581703 0.4541449593459223 0.645482921028937 -0.45096104986194213 -0.4168187990824424
1644768489.827042 3.6086988565257063 2.0852572223455166 1.3944521643599996 0.45366398664862695 0.645569713159478 -0.4520484620813475 -0.41602945524724105
1644768489.833597 3.609461739487767 2.0907983502969816 1.3955660681258701 0.4544973638877051 0.646893802705434 -0.4505820970981404 -0.41465161150054425
1644768489.840248 3.6087724221093938 2.0959427188879896 1.395831856627949 0.4536860416200303 0.6472239174058172 -0.4519611940835187 -0.413522493957147
1644768489.846827 3.608770387899268 2.10161969717373 1.396866421973376 0.45358563581677647 0.6479583636433908 -0.4508246181550527 -0.413723097573959
1644768489.853424 3.60845309358411 2.106915028385032 1.3975037497188394 0.45318469020891144 0.64826286794571 -0.4508912839703004 -0.41361279336446616
1644768489.860024 3.60796250007967 2.112167651761218 1.398181488636081 0.45254731198643927 0.649006153580241 -0.4514932317129513 -0.4124868934108772
1644768489.8666549 3.60618657069697 2.1167611108185334 1.3979178446640788 0.45003148415076366 0.6474725276035748 -0.4552590470942366 -0.41350911368602966
1644768489.8732631 3.605915393909167 2.1223483725507575 1.398780114053902 0.44898587784097255 0.6485545750575842 -0.4554569137765645 -0.41273151123884244
1644768489.8798552 3.606977738139725 2.1274153523468953 1.4003358955646594 0.4527460576347718 0.6493911511045638 -0.4540506269560655 -0.40883960396167485
1644768489.886421 3.60600815020524 2.1328153478778553 1.400823508333001 0.4508040057827966 0.6498961243824207 -0.4556425285292452 -0.40841192407079546
1644768489.893018 3.605154200133555 2.1377189045228384 1.4013878005604137 0.449807753101978 0.6502128568574636 -0.4574534010408706 -0.40697945933453966
1644768489.8996549 3.6053403632676764 2.1442949964862614 1.4028599746852628 0.45018646853348154 0.6518249839156848 -0.45625499824875576 -0.40532374816596745
1644768489.906213 3.6046787101181894 2.148392940210864 1.4033082731164401 0.44979675805326125 0.6519429162158584 -0.45901380975168854 -0.4024417006685523
1644768489.912816 3.6040283539877787 2.1535688478833332 1.4041694069593527 0.4492858414539945 0.6519128839825878 -0.45934303662005066 -0.40268525324958476
1644768489.919412 3.6039006248941186 2.1589278934683422 1.4052844812112522 0.45003239899507363 0.6520239039476512 -0.45884902217273427 -0.40223479402711443
1644768489.926018 3.6028765581796702 2.1635893304957525 1.405707284854692 0.44914795211265823 0.6519183620736263 -0.4614823896509322 -0.4003775908603534
1644768489.932606 3.6023444710612784 2.1693219704062012 1.406932581996219 0.44794192076975897 0.6523425372337378 -0.4608226237638864 -0.40179512101327747
1644768489.945908 3.60187198673859 2.180113204903002 1.4091803415929038 0.4471744953220631 0.6543409716814418 -0.46158719767812945 -0.39850931650936544
1644768489.952443 3.6017049154999654 2.1859453462884018 1.4103763554677013 0.44670493733873107 0.6551114146696224 -0.4613817318247102 -0.39800788395772835
1644768489.959015 3.600640515117903 2.1908462311175994 1.4110170802731719 0.44524472418149624 0.6552763748267647 -0.46333865509738914 -0.39709814587956027
1644768489.9656131 3.6010824719205594 2.1963526797908464 1.4126287338753607 0.44613293304816504 0.6563319389271517 -0.4613748219841774 -0.39664434645240443
1644768489.972237 3.600545986298942 2.201498955646749 1.4133579822688067 0.44589055793576365 0.6558713211135274 -0.46269452721756155 -0.3961411924949136
1644768489.978818 3.599571355045295 2.2064471029573185 1.413952763782712 0.4449118120503507 0.6553112109361288 -0.4640501890056012 -0.39658261506195813
1644768489.985417 3.599365786005594 2.2116074746594014 1.4148993238567698 0.4448040707073303 0.655442634090311 -0.46429795463818563 -0.39619611621096573
1644768489.9920158 3.598827370059397 2.2168446397462103 1.4157501871709843 0.44420027462740685 0.6557585591717106 -0.4651775918378227 -0.39531793421249695
1644768489.998657 3.5972941294496334 2.2231538506310087 1.416814848882499 0.4399845539410352 0.6574362192936819 -0.4669489226959346 -0.39515764604745424
1644768490.0052202 3.598372389799468 2.2274737329691074 1.4177268421543008 0.4434075509325266 0.6569480737843842 -0.46586884767242875 -0.39341428520619165
1644768490.0118132 3.5982808264447472 2.2324018533318575 1.4187495136011719 0.4435440856510842 0.6573659870036298 -0.46586186455195966 -0.39256957020086086
1644768490.0184162 3.597789966539346 2.2375270735681596 1.419515947952797 0.442983180091837 0.6576872642006365 -0.46669685318637716 -0.39167203095468
1644768490.025009 3.5971146212524574 2.242980073338015 1.4202504428400242 0.4418386796127395 0.6581394204082571 -0.46730343762599036 -0.3914821139576296
1644768490.031618 3.5971118583635655 2.247433633551054 1.4212387066944887 0.44194019713404326 0.6583684608690393 -0.46724305823088574 -0.39105419143458997
1644768490.038209 3.5960246678419527 2.252477140643098 1.4216586027079843 0.44041702823393025 0.6585943849738528 -0.4690398366718731 -0.39024029106402763
1644768490.051525 3.5950095568814198 2.262133687573594 1.4228255481948933 0.439741802239856 0.6588640173905606 -0.47019607846328315 -0.3891537805067981
1644768490.0580218 3.5952802558759114 2.2675296988874187 1.4240406157439498 0.4396912685140381 0.6603534456208822 -0.46953547079202224 -0.38748030967040864
1644768490.0712588 3.595710056997696 2.2729436323289183 1.4249241291823258 0.4405047425135402 0.6611654183188743 -0.46828474103418194 -0.38668442885952764
1644768490.077822 3.594371108767072 2.2779046600086925 1.425372361078108 0.43786632741017384 0.6616018296149055 -0.4701408361230611 -0.3866824893133308
1644768490.084427 3.5934114942246116 2.2823638334372762 1.4255951134547566 0.43746605267686156 0.660645498918242 -0.47109702637758516 -0.3876057892855761
1644768490.0910652 3.594542850172408 2.287986485625997 1.4269567606997855 0.43902179981554273 0.6621446151972511 -0.4684480822186443 -0.38649757415568897
1644768490.097631 3.5935409220588035 2.2938748348710782 1.4275540484402456 0.43679670247898317 0.6627980141062652 -0.46887117802955164 -0.38738464481253937
1644768490.1042209 3.5932902283546273 2.298631406520505 1.428098578675286 0.4366306520830361 0.6628550592342984 -0.4689907000418948 -0.3873296147654394
1644768490.1108391 3.593249480274336 2.3035009723901303 1.4288393976821947 0.43695264110731824 0.6628935499603046 -0.4683565813122646 -0.38766772056809323
1644768490.117424 3.5929060170733855 2.308814411016233 1.4293877391561594 0.43588993673799536 0.6630842826115587 -0.4682970693275395 -0.3886085764568845
1644768490.124033 3.591076111573303 2.313029513830962 1.4291025101428156 0.43389179297634034 0.6618589703992734 -0.4709761623672344 -0.3896944327134426
1644768490.13062 3.5926650013791126 2.3183209843035977 1.4308282541525403 0.4355518146749524 0.6633552412813498 -0.4672692423385593 -0.38976084704653513
1644768490.137262 3.591674670802312 2.3237907498014003 1.430964081312229 0.43476758269099297 0.6631879382214173 -0.4683046250809725 -0.3896784569088271
1644768490.1438699 3.591307038466976 2.329207505168187 1.4314904892522098 0.43407386091356853 0.6636343216758092 -0.4682683940770577 -0.3897353820139485
1644768490.1504269 3.590428866080395 2.3351347734599592 1.4319782074877054 0.4325657064393301 0.6640209466340816 -0.4683885121409876 -0.3906083423983507
1644768490.157019 3.589044187873157 2.3390724249025108 1.4316896245971844 0.4317345802635504 0.6627549203209419 -0.4704310928243451 -0.3912228626947257
1644768490.163629 3.5888484413014043 2.344103655562681 1.4322637164284915 0.43237466302579886 0.6629020035953471 -0.4701388236270552 -0.3906176349192161
1644768490.170221 3.58809593621087 2.3491352902228364 1.4324121785631632 0.4313633997739849 0.6631835788800043 -0.4710560861075293 -0.39015251780766375
1644768490.176825 3.587475892105203 2.354385494741802 1.4327346592210293 0.4311061481348909 0.6634241680689743 -0.4714777774185721 -0.3895179114865938
1644768490.183419 3.586615472651581 2.359971256874392 1.4331586586697995 0.4301009110863282 0.66409907182597 -0.47183228377418046 -0.3890496247676823
1644768490.190052 3.5876373045667265 2.3662837854835064 1.4344592359520765 0.43096427632348683 0.6665867415896414 -0.4691253392313621 -0.38710839390960106
1644768490.1966321 3.5867605798700843 2.370593439826974 1.434626987152291 0.4306648813245535 0.6664355710266998 -0.4701505109844224 -0.3864575814687555
1644768490.203475 3.585942490034004 2.3759186502542176 1.4348902927523879 0.4299644496073235 0.6671043952370028 -0.4707381657141586 -0.38536664926940484
1644768490.2098508 3.585266697326329 2.381049177555309 1.435213197580831 0.43007794584645065 0.6673181571521265 -0.47076315301545296 -0.38483901107432483
1644768490.216417 3.5839782165660834 2.3857301248611087 1.4348518516625068 0.4300779732159487 0.6662338789645327 -0.4717738245136278 -0.38547953171355687
1644768490.22301 3.5830037909449786 2.39115224248473 1.4350821173116164 0.4293902905445537 0.6664922678366983 -0.47179984697288285 -0.3857675313539312
1644768490.229612 3.582895421476868 2.3962065448363083 1.4355447454531955 0.4291069493198799 0.6671940102524306 -0.4707697453692061 -0.38612806498989266
1644768490.236209 3.58208856091452 2.401612115531795 1.4354953722586827 0.4296388977402957 0.6674016796163273 -0.4704981435440559 -0.38550821370759764
1644768490.242816 3.5822256482468235 2.407797719783766 1.436279153008085 0.42949013975489986 0.6694012348435183 -0.4684568402934233 -0.38469204935321377
1644768490.2494102 3.5814858279338417 2.4127957089814096 1.436524851426201 0.42981143157614404 0.6696210824125677 -0.4676579412427778 -0.3849225478180406
1644768490.256052 3.5804230543203746 2.4183530722557927 1.4367966797614566 0.4283876965027877 0.6705391129089212 -0.46705718519059447 -0.38564030852651726
1644768490.262615 3.5786338716966912 2.422952085101479 1.4363646588819647 0.42604019621844125 0.6711798656773068 -0.468934773341116 -0.3848467884393168
1644768490.269213 3.578146226219721 2.427564991824402 1.4364833584679664 0.42660246070738134 0.6715958929257634 -0.46757918495358003 -0.38514747281938705
1644768490.2758532 3.575812241714115 2.433068847707091 1.4359949456511596 0.4235504485728182 0.6723763881645478 -0.46984446688343 -0.3843966313506727
1644768490.2824252 3.575647450584214 2.4387938387924994 1.4365629313011021 0.42336389706381383 0.6747362401646851 -0.4685774801501228 -0.38200619059650803
1644768490.289016 3.574475313308702 2.4441717470534714 1.4365717351633145 0.42242457257411475 0.6759304556457727 -0.46845163836448883 -0.3810881659820267
1644768490.295617 3.573268721992473 2.449314889341334 1.4366965065678095 0.42111321517335937 0.6773701930860162 -0.46831417392939734 -0.3801509473917934
1644768490.302216 3.5722013727540385 2.4545028374858426 1.4366012040712028 0.42030534643263456 0.6785104673972113 -0.4682072473864734 -0.37914186958549995
1644768490.3088481 3.571099693883685 2.459541062703585 1.4365047449854336 0.4190977777421407 0.6795361613763546 -0.4681209620473224 -0.37874794295285286
1644768490.315476 3.5686786486050983 2.464123783852104 1.435769106717396 0.4167407921461774 0.6798412028973324 -0.47008523213681797 -0.37836824696601135
1644768490.3220448 3.569428660917628 2.4697320332351027 1.4371282205744025 0.4180439249074826 0.6828495013285767 -0.4654337402676771 -0.3772624195180567
1644768490.328626 3.565853734915643 2.474412291975384 1.4356911453391252 0.41632966333000526 0.681015656766166 -0.46948250028561783 -0.3774560963967385
1644768490.335219 3.5651425408632895 2.47924725754713 1.4351952772272198 0.41420648624894757 0.6827949334092324 -0.47012009711044567 -0.3757801540650636
1644768490.3418188 3.5646512219293864 2.4849134389963785 1.4354655337148687 0.41408510413843513 0.6845205178760354 -0.4691170050987072 -0.37402407750682093
1644768490.348428 3.5629933874786603 2.489666353547773 1.4351870845437285 0.41266125923207286 0.6851372641702337 -0.46941883585733635 -0.3740897744602622
1644768490.3550222 3.561125162675487 2.494738825264452 1.434731684732472 0.4109617048470538 0.685933406096496 -0.47029170036332263 -0.37340487520545007
1644768490.361629 3.5603655330941004 2.499811548091748 1.4348791615744034 0.4114613598658773 0.6870577867187996 -0.469108417673096 -0.37227419479256507
1644768490.3682518 3.5597621516578775 2.5055038221103394 1.434988152784268 0.41066989981603713 0.6893305512259844 -0.4684923074548856 -0.36971361969853384
1644768490.3748171 3.558018285293787 2.510844372972608 1.4348207202443397 0.40828733806988116 0.6907559315166886 -0.4688701933117846 -0.36921274862384135
1644768490.381418 3.557179069165629 2.5158908073777093 1.4347250410633383 0.4081226203413983 0.6918603875357197 -0.46827933122368154 -0.36807495009940017
1644768490.38802 3.5551350078935022 2.5208862515836667 1.434100163494591 0.40625681112396156 0.6924802443725058 -0.46992938152080765 -0.36686860778288205
1644768490.394641 3.5514715012847935 2.525948236717608 1.432828457891561 0.4009961739049252 0.6924365717749812 -0.47332287914518545 -0.36837304061718107
1644768490.401217 3.551925236030189 2.530599769461065 1.4331770675361764 0.4043573723924241 0.693393312828561 -0.47138889957013463 -0.36536683784520485
1644768490.40785 3.551851034541792 2.5359574471646655 1.433955281309772 0.4051666238490969 0.6959591296473198 -0.46892762666743854 -0.36274974567911034
1644768490.4144158 3.548443016342207 2.5409586107652626 1.4322839120080653 0.40052494150337337 0.6955783498804939 -0.47393820873042064 -0.3621224927404661
1644768490.421032 3.5469561901242 2.546008267261041 1.4319707498366443 0.3994448169522228 0.6965234397782322 -0.47451837491001747 -0.3607365394033873
1644768490.427625 3.545702990315544 2.5513776287979004 1.431798906523125 0.39834283322031494 0.697875077398806 -0.4748256930016073 -0.35893382529161016
1644768490.434221 3.544526295758515 2.556318585188727 1.4314772458370788 0.39838256097009067 0.6985967932670852 -0.4753365792950597 -0.3568033391507518
1644768490.4408162 3.5428861188986405 2.561674546121428 1.43127433470114 0.3970914325990716 0.6996814508005329 -0.47576084175555755 -0.3555495259233708
1644768490.4474182 3.5414113448832336 2.5666758378804775 1.4308483102166585 0.39596202554990956 0.7006862050245742 -0.47668676276580285 -0.353584950716301
1644768490.454049 3.5397276509018574 2.5720785711695773 1.4305977835837949 0.39449874823730746 0.7017884939498611 -0.47712466374175777 -0.35244200594858227
1644768490.460621 3.5383845901928725 2.57679967004313 1.4302602963830113 0.39418451066580473 0.7026220650594237 -0.4775786697951056 -0.3505125485196082
1644768490.467215 3.535002369056979 2.5818504733554843 1.4289103679082362 0.3893015709473612 0.702408197726831 -0.48166751989261575 -0.3508034600315698
1644768490.473832 3.5350618723276237 2.586962758344733 1.4295780756073475 0.3917801852034634 0.7044988509421828 -0.47936879102524543 -0.3469796647270028
1644768490.480431 3.5352555297407178 2.5919399126976725 1.4301929617730076 0.3936260479100419 0.7061634531483391 -0.47666569350564586 -0.3452262097927261
1644768490.4870222 3.533771411848696 2.5971985295123785 1.43002866751187 0.39243969405124995 0.7075110524045587 -0.4772144575784738 -0.3430526678038502
1644768490.493613 3.529497592757564 2.6026269757758778 1.4284099588872612 0.3863189123246583 0.7078249146720607 -0.48325137988540884 -0.3408947816336331
1644768490.5002198 3.52786486611278 2.608065811945361 1.4284969692646543 0.3852652060395512 0.7092393328154324 -0.48330257567979507 -0.3390700705550637
1644768490.5068119 3.5263770665496597 2.6131003811000975 1.4283065929772625 0.3844976157133674 0.7102476727909104 -0.48373856844408 -0.3372039140548026
1644768490.513427 3.5267732510337697 2.618267278421338 1.4295033326404856 0.38605811809377033 0.7127128320037289 -0.47981096626544684 -0.33582818907667994
1644768490.520025 3.523155619488007 2.6234792572744983 1.4283368458998447 0.38099938900706726 0.7127531258064191 -0.48388202328774954 -0.3356787301813186
1644768490.526617 3.5224809275428655 2.628940181587658 1.428857809593831 0.38127067436488177 0.715175175896965 -0.483126828444126 -0.3312782054222641
1644768490.5332139 3.520435765031098 2.634132899117732 1.4287914239632666 0.3790088966634484 0.7162143640668038 -0.4837570680075504 -0.33070822694220015
1644768490.539834 3.518960709280793 2.639751538466993 1.429138721734486 0.37699414509936635 0.7183873027823712 -0.4839844603475748 -0.32795387342606097
1644768490.546422 3.5173886603684537 2.6449931920863246 1.4293060726066245 0.37556498873902844 0.7197625919123739 -0.48426601322853846 -0.32615761760702944
1644768490.5530188 3.5149634519414232 2.6498371671647463 1.428949254236501 0.3734945291654886 0.71988908090319 -0.48648408181403796 -0.32495288230336467
1644768490.559649 3.5141204133653248 2.6555235262002124 1.4296390261530922 0.3705359202432178 0.722903150085319 -0.48534725526096345 -0.3233447163114064
1644768490.5662148 3.513443552522542 2.6607576243318865 1.4303110195209296 0.3725166600062582 0.7238662447203558 -0.48417774158268595 -0.3206563552922857
1644768490.57281 3.51173099618343 2.666226085819036 1.4309516691969861 0.3714207395629644 0.7251505931584195 -0.48396490359171157 -0.3193443854333367
1644768490.579419 3.5099083324165568 2.671581243438848 1.4312540813479162 0.36836096780267674 0.726927627042675 -0.4846612274035219 -0.31778842698474163
1644768490.586049 3.5089664335098134 2.677210442198605 1.4320289944459097 0.36781929313375206 0.7287853836165121 -0.4832820544914294 -0.31625763556500863
1644768490.5926468 3.5075310456077022 2.6824322605706183 1.4327381954617033 0.3665431761030596 0.730041875748462 -0.48332181602628527 -0.3147770102366584
1644768490.6058922 3.503737559510762 2.6933275441697244 1.4339310192475605 0.3616457192923195 0.7326633201404034 -0.4839248760112396 -0.31342167466486537
1644768490.6124191 3.5029288582513334 2.698574474117642 1.434713858469399 0.36109033658298967 0.7341425881758565 -0.4842287869516022 -0.3101137293632245
1644768490.6190279 3.501945770510866 2.7040046738700987 1.4356595265681444 0.3601435460586578 0.7356583840509754 -0.4838298016461531 -0.30823966191178065
1644768490.62562 3.499220446972767 2.7091308181774347 1.435741772121463 0.3562161480413163 0.7364058687221663 -0.4868183497688162 -0.3063069989368621
1644768490.632215 3.498659677360127 2.7146917849479446 1.4373967655347173 0.35552412800727085 0.7387332231178502 -0.48510285731408903 -0.3042213198952133
1644768490.6388469 3.497087393473783 2.719997498671971 1.4381804983706612 0.35367452609783173 0.739960459099127 -0.48596427635077866 -0.30201186655203965
1644768490.645417 3.4954914192133586 2.7253437294520197 1.4391577791153418 0.3517799497848965 0.7412934050313897 -0.4867167370908316 -0.29973547795378885
1644768490.652045 3.493788850006203 2.730557984962613 1.4399687837398407 0.3499759749938058 0.7422400478658624 -0.4878563469031822 -0.2976446488695038
1644768490.658632 3.492265991162088 2.7355565765724066 1.4409584292735094 0.34923418790884464 0.7428311042475118 -0.48863316379657035 -0.2957611387154987
1644768490.665216 3.490614321312531 2.740742272550383 1.441889619590009 0.3476845191604181 0.7437808082589835 -0.4894843097743135 -0.29378614207974024
1644768490.67194 3.4891107287744387 2.746020979735076 1.4429575470269178 0.34634084719086505 0.7448699834494322 -0.48994787419419705 -0.29183462667481647
1644768490.678472 3.487521994706146 2.7510504053958633 1.4439514728347569 0.34515416690393336 0.7456733985681181 -0.49080818016521544 -0.2897355793653208
1644768490.6850529 3.4857954150470802 2.7566506817022494 1.444981137813985 0.3425657141699172 0.7473835013951873 -0.4912377605524006 -0.2876659736748647
1644768490.6916218 3.483460540052418 2.761993303457282 1.4456734435726342 0.33977288084771895 0.7484957714349909 -0.49275545976488994 -0.2854822386125263
1644768490.6982589 3.4827923077576055 2.767513274794432 1.4476189886750417 0.33962428979441506 0.750499292384032 -0.4908091044212249 -0.2837467035642074
1644768490.704849 3.481335010390822 2.7730189621526202 1.4489790661936777 0.3382679931038641 0.7518604160435703 -0.49061137142738714 -0.28210063379437744
1644768490.7180989 3.4778039237176475 2.78270234661934 1.4508156854984706 0.33489608204980853 0.7530723017836881 -0.49236993731479234 -0.2798181363007922
1644768490.731211 3.4764375666660854 2.78792565298056 1.4522795433748124 0.3343287726574307 0.7545133973066837 -0.49187924345928385 -0.27746755490973757
1644768490.737835 3.4735595498046457 2.7931439915204344 1.4527805998357082 0.32956833060027724 0.7554051448699219 -0.49296870052382025 -0.27879967799981875
1644768490.744459 3.472376211555566 2.797481323903501 1.4542453329304694 0.3294924633483779 0.7561783840100074 -0.4933253992359685 -0.2761496663417534
1644768490.75104 3.469944617760678 2.8023234104519372 1.4543874547789253 0.326798521401486 0.7564518258733663 -0.4956913493780586 -0.2743594063212539
1644768490.757613 3.4687689961738886 2.807910466281046 1.4556502876677606 0.32582234819173983 0.7585526080167448 -0.49456880366636946 -0.2717333556678972
1644768490.764216 3.4685839529437974 2.812560744336446 1.4578075722470742 0.3279708505958159 0.7597788204665884 -0.4919699653302748 -0.2704374092465551
1644768490.77085 3.4669445480177297 2.8176215338601063 1.4590552945207582 0.3264981190299129 0.7610209380803541 -0.49155456804668224 -0.26948065270185206
1644768490.777419 3.464570010809651 2.822803238322216 1.4601352223053239 0.32253049833919634 0.7625387513681798 -0.49165032123255187 -0.26979306845426815
1644768490.784013 3.462762782023299 2.8278054488367643 1.4613110288407813 0.32076978644260595 0.76365923142682 -0.49125679143631146 -0.2694395944375639
1644768490.790619 3.4614864401390113 2.8322317037681066 1.4623052717603813 0.32157007771149 0.7638123045434697 -0.49109794766839604 -0.26833906180219064
1644768490.797248 3.4590515113788207 2.836694787418688 1.4627617533336332 0.3187662958746783 0.7639905509346151 -0.49279649145634297 -0.2680629198785907
1644768490.8038201 3.457943152332899 2.842010376650628 1.4648422214097168 0.3179493767101164 0.7657985152785243 -0.4903482776108089 -0.2683635519032882
1644768490.810455 3.4565344284225556 2.8468474363325744 1.466044131528935 0.3169327488927924 0.7667709091290409 -0.4896508586115084 -0.26806279608654665
1644768490.8170218 3.454725847614316 2.8516200179184983 1.4671818933928629 0.31510785249264317 0.7675788552921738 -0.48929487243303327 -0.26855144103436007
1644768490.823673 3.4523972572999453 2.8565853570079285 1.4682068481775565 0.3114080016712801 0.7687889781875603 -0.4895178200270914 -0.26899903382286994
1644768490.8302221 3.450510158779627 2.8609503870654365 1.4691577556321673 0.30997762692568015 0.7688594746492152 -0.49019527833239773 -0.2692158823364768
1644768490.8368409 3.4476536208724955 2.8651633510459265 1.4693295104361557 0.30669333385732767 0.7684368773667561 -0.4928988207090437 -0.26924770927686587
1644768490.8434198 3.4472730683633337 2.870549936038947 1.471542987143137 0.3070753372745135 0.7705639442029872 -0.4893341497047155 -0.269235248075896
1644768490.850016 3.445488034670522 2.8751873449289427 1.472545560010258 0.3050761823260204 0.7712845862901228 -0.4896091693963994 -0.26894436859866955
1644768490.856622 3.4435314184285524 2.87963325673457 1.4734754468969753 0.30376364364011565 0.7713547697062705 -0.49000911479099374 -0.26949976362495626
1644768490.863242 3.4415427490928847 2.8842344990718893 1.4743399135054298 0.30211901588008455 0.771695354311703 -0.4905683775994525 -0.269355962823891
1644768490.869822 3.4395917713720263 2.888768449530881 1.4752071942019132 0.30087322388848664 0.7718354082049668 -0.4910440314362209 -0.26948238828299437
1644768490.8764648 3.437976395907523 2.893511949144412 1.476313834514342 0.3001537070885312 0.7723224343200604 -0.49087322909597475 -0.2692005179059883
1644768490.883032 3.4349203199947005 2.897409477243332 1.4761268025130918 0.29761435764574706 0.7710630414376896 -0.4943735275543154 -0.26922462995162644
1644768490.889631 3.4341908934379566 2.9025770364541423 1.478011846823851 0.2981038306364575 0.7726378364980526 -0.4918439526590134 -0.26880108519049317
1644768490.896221 3.4322072781883857 2.907074261013568 1.4787388529532948 0.2971991878408102 0.7725712829996254 -0.4925754093168202 -0.268654683050321
1644768490.902821 3.430161358822605 2.911524995671773 1.479458859630229 0.2961152162202591 0.7725740844965787 -0.4936079967385853 -0.26794736938356983
1644768490.909431 3.4281158931382887 2.9160401193384846 1.480129438538625 0.2949619432427399 0.7725731858692787 -0.494620116565677 -0.2673549819596788
1644768490.91607 3.425971939680637 2.9205919106034335 1.4807861376461282 0.2939262522973622 0.7726020575605013 -0.4954627778820055 -0.26685136911231877
1644768490.922625 3.423815123011606 2.925129629583195 1.4813781100502892 0.29285317256122434 0.7726165286550731 -0.4965987831351105 -0.2658758274389808
1644768490.92923 3.421794654018205 2.929574567751676 1.4819362751248009 0.2920965788220457 0.772629201873432 -0.4976576002436237 -0.26468888374080524
1644768490.935821 3.4197104561035885 2.9339510347301787 1.4825711566339699 0.292015227716731 0.7725942877783738 -0.4980046957558259 -0.2642274030181465
1644768490.94242 3.417419735159727 2.9383696028040234 1.4829386918564018 0.2910377682423697 0.7724888293166186 -0.4992768927828599 -0.2632113398680738
1644768490.9490108 3.4149282776479986 2.9431912326371985 1.4831087114343167 0.288982463766938 0.7724877485509527 -0.5006739756593426 -0.2628250482405707
1644768490.955627 3.4125616533153664 2.9476611733805034 1.483449738522827 0.28802817826666577 0.772379750531713 -0.5017735105849073 -0.26209203992846164
1644768490.962228 3.410357279773016 2.9519869294497414 1.4837731606107178 0.28796974994894725 0.7717679295287312 -0.5031390282190997 -0.2613396175995052
1644768490.968823 3.408129083676059 2.95668394890664 1.4843769005401424 0.2871163407108374 0.7724716827402872 -0.5029100579608246 -0.26063913461276367
1644768490.975425 3.406024600630827 2.961487909507563 1.4850182419518043 0.28644506124525826 0.7733247695924227 -0.5023589036912308 -0.25990992962543585
1644768490.982026 3.403411217430068 2.965787001110934 1.4848982026393356 0.28525448275513154 0.7725376381022577 -0.5039908062134378 -0.2604003200333361
1644768490.98861 3.401059971022265 2.9704177703408043 1.4852275494148957 0.28430264218599177 0.7729604411514369 -0.5039073013019993 -0.26034816033902475
1644768490.995223 3.3978714649367165 2.9747005416126515 1.4851245109217617 0.281938586560753 0.773416037104314 -0.5047179301626489 -0.2599955601554088
1644768491.0018501 3.396080490858198 2.9795863355956334 1.4857139874588257 0.281917062598761 0.7738138662750771 -0.5037730212693657 -0.2606669001782136
1644768491.008457 3.393591491589476 2.984509102969045 1.4859879116438224 0.2801737487891444 0.7747563464090231 -0.5031253735745291 -0.2609975538081207
1644768491.015019 3.3910475827579285 2.988856160995248 1.486090301795339 0.27953248766858657 0.7748296954240554 -0.5030822849810905 -0.26154989706946624
1644768491.0216188 3.388497259763309 2.9936980971941947 1.4864816515183203 0.278249396162897 0.7757890069842557 -0.5023421759693585 -0.26149684434829934
1644768491.0282161 3.3861077598287417 2.9983599298479513 1.4866413958163296 0.27742186782953737 0.7762974324382474 -0.5017028779360462 -0.2620939845238584
1644768491.034814 3.3834848132553126 3.002936492658729 1.4866652964700884 0.27623590898333517 0.7767124467907043 -0.5012998122667885 -0.2628870297432403
1644768491.041416 3.3807218902209737 3.0074008048567453 1.486586832307297 0.275057882060106 0.7769487242497527 -0.5009884441620334 -0.2640152540212788
1644768491.048044 3.3779245031207967 3.012089739748679 1.4862626834749124 0.2732956980401181 0.7769462432498045 -0.5015312624587351 -0.26482064861432053
1644768491.054635 3.3754870637667613 3.0166506789231025 1.4865810762737177 0.27291874144564143 0.7779389454193734 -0.5000776917741007 -0.26504386041046935
1644768491.061218 3.3728595236978776 3.021482009559097 1.4865948710712382 0.2714825357522215 0.7788164160159293 -0.49963118021676417 -0.2647839303632389
1644768491.067829 3.369706566357129 3.0257938221507708 1.4859733177679284 0.27009068404218683 0.7781758516233701 -0.5009371269026692 -0.265621793402498
1644768491.074421 3.366052526982426 3.0299219891454245 1.4851951730072692 0.26796326223755035 0.777819819617886 -0.5027609626375396 -0.2653733667512813
1644768491.081017 3.364345265062762 3.0351375852535663 1.486011276835825 0.26875030960158625 0.7795057711633958 -0.49970819825365326 -0.2653965547505467
1644768491.087616 3.361510517690866 3.0395459915104 1.4858793442904696 0.2684123753676586 0.7797644910495606 -0.49953163690716124 -0.26531089803194763
1644768491.094212 3.358546019199672 3.0439525144247597 1.4854425348407594 0.2677280079967866 0.7794787566259124 -0.5004929022420612 -0.26503020090587087
1644768491.1008158 3.356126214976912 3.048761615945948 1.4853635079955865 0.2674525730355538 0.7798652584902649 -0.5002023383996251 -0.2647196648675729
1644768491.107413 3.35268157119006 3.0531164997063893 1.4848435502582553 0.26610326931694195 0.7796238205605952 -0.5016436755423427 -0.2640624196243644
1644768491.114018 3.3501637062470966 3.0577832118653774 1.4848716811139355 0.26628532408865485 0.7802047418655171 -0.5009549715605541 -0.26346993150047926
1644768491.1206138 3.346976760476231 3.06222196528026 1.4843857058638352 0.26561163646149055 0.779763706744262 -0.5020264542615818 -0.2634161412239018
1644768491.12724 3.3435562314481815 3.0667302532957423 1.4840170566889586 0.2652287277578193 0.7794235051606028 -0.5017340184883707 -0.26535886051710383
1644768491.1338189 3.3410478601849207 3.071527337305479 1.4841266326249418 0.2648169430999628 0.7803906885289255 -0.502010869058177 -0.2623872132592397
1644768491.1404228 3.337274198960079 3.0759999480554856 1.4834959121181377 0.26368128779468364 0.7799173367811041 -0.5025822460067575 -0.26384050125855196
1644768491.147017 3.3341123432417517 3.080352919456843 1.4830471769040923 0.2628793633303271 0.7798605092858847 -0.50409651720456 -0.2619128532151912
1644768491.153623 3.3311459443336315 3.0848297670976166 1.482858647787059 0.2626967316026444 0.7802003284684335 -0.5042732411215491 -0.2607411680570269
1644768491.160218 3.327708600002135 3.0892847899116833 1.4827286798941994 0.2625397303632495 0.7806020907024224 -0.5033901048316344 -0.2614025587286798
1644768491.166821 3.324564377318658 3.093790161100492 1.4823872927914483 0.26141461393064913 0.781007001494471 -0.5043659938445758 -0.2594320746708054
1644768491.173418 3.3211328193263028 3.0982143211165205 1.4819613862087695 0.2604662096107517 0.7810593203859901 -0.5051367496516942 -0.25872801024856645
1644768491.180022 3.31738332466559 3.102898568469061 1.4816524343804673 0.2592496361873522 0.7813247891428119 -0.5044732781982628 -0.2604371951669897
1644768491.18662 3.3144657917643006 3.107236340277389 1.4816174125701689 0.258903506598031 0.7821270028783601 -0.5046948442959373 -0.2579322412920116
1644768491.193246 3.31076618981006 3.111748642565535 1.4814067408255491 0.2580998893344292 0.7824814760926583 -0.5038599600020178 -0.25929117700263615
1644768491.1998231 3.307528686668413 3.1162862503633186 1.4813059468361058 0.2571107731415202 0.7832189419059318 -0.5040171784370212 -0.25773715023774063
1644768491.206424 3.3036336686042405 3.1206938674882205 1.4809863650505841 0.25569861598010624 0.7835380994637594 -0.5036103562850095 -0.2589642290097795
1644768491.213013 3.3002611802479453 3.125370640065358 1.481102499838182 0.2547973298879588 0.784614788282362 -0.5025605028107055 -0.25863200313034906
1644768491.219628 3.2966175377255236 3.1299845525240664 1.4810804908879858 0.2535345784062588 0.785561388515336 -0.501457918788586 -0.259139075455349
1644768491.226233 3.2935165889521145 3.1343744853670317 1.4813925110228643 0.2525598860788467 0.7871658835935734 -0.5006992706606199 -0.25667725116361334
1644768491.239501 3.285689385051176 3.14338504709932 1.4812849074607273 0.2485841641675189 0.7889524967110354 -0.4992783179704759 -0.2578384306552091
1644768491.246022 3.282104094398525 3.147580716094576 1.4811663701136315 0.24693261366959507 0.789606332893323 -0.49965328315823576 -0.2566949839515754
1644768491.2526221 3.278370588789463 3.151880548697025 1.4812493870769068 0.24518227166809908 0.7906662751946818 -0.49915196237811366 -0.2560847375295631
1644768491.2592351 3.274636385261993 3.1562708069616203 1.4813608492412502 0.2432437585022825 0.7916866413479915 -0.49899105055116444 -0.2550926356713791
1644768491.265842 3.270949451424248 3.160634100800141 1.4814916219217598 0.24160890648399747 0.7925909033561834 -0.49879304822447024 -0.2542240962835314
1644768491.272445 3.267283164473307 3.1650169394547567 1.4818794447856032 0.24020791646721806 0.7939623330217487 -0.4980108439689361 -0.25280180383947376
1644768491.27902 3.263446335277239 3.1692598731882105 1.4818268252113935 0.23853252954623091 0.7942996416440672 -0.4986659027733315 -0.25203616485210817
1644768491.28562 3.259614168574533 3.1735566431909934 1.482064762391285 0.23697927391506612 0.7949968299243089 -0.49873750783451903 -0.2511600677032894
1644768491.292214 3.255834125955473 3.177897940118461 1.4825030925664684 0.23559288171461976 0.7960752652298783 -0.4983180876725571 -0.2498776545683602
1644768491.305503 3.2487382832934357 3.1864294167773934 1.4830299254101915 0.23395796052282714 0.7968264715388259 -0.49839447621909405 -0.24886500378738133
1644768491.3120372 3.2443775301877134 3.190642385202227 1.48341090231308 0.23125587837217984 0.7976245557023458 -0.4990705029130682 -0.24747532076905096
1644768491.318642 3.2409234632639072 3.194845696727831 1.4835386586950379 0.23067227352970482 0.7975171456299502 -0.49967510096619266 -0.24714590439229386
1644768491.325217 3.2364100917089864 3.1988865299938474 1.4837594757899506 0.22794710174515756 0.7978062995819469 -0.500889348612629 -0.24628171508199667
1644768491.3318558 3.2325045301516613 3.2029456704718653 1.4839847602554546 0.2264630846979962 0.7979354111891566 -0.5016283923486049 -0.24572768361805322
1644768491.3384562 3.228505123450862 3.206954655500255 1.4842293742026984 0.22483320091423165 0.7981668777250578 -0.5023768643510679 -0.24494237010865305
1644768491.3517141 3.220939736498071 3.215070974994241 1.4849298457094584 0.2226828372006459 0.7988583781112473 -0.502759341267358 -0.24386529636777238
1644768491.358243 3.2169491976831255 3.2188248865197977 1.485016049222948 0.22143281458365943 0.7987470294615953 -0.5037638407524607 -0.24329468530111512
1644768491.3714151 3.213119881147893 3.2227003354145993 1.4852652263761896 0.22025058019328275 0.7990643308586486 -0.5042822543773446 -0.24224965973498244
1644768491.378239 3.2054616826765194 3.230168866935338 1.4857307279484187 0.21801829283703933 0.7998143950724335 -0.5052542259989737 -0.23975553834489274
1644768491.391225 3.202249531815582 3.234062504066979 1.486162122294788 0.21799591719786737 0.8005620851129907 -0.5047629211122159 -0.23831099712576104
1644768491.397822 3.1980029984228464 3.2375922855322465 1.4864023093062524 0.21574784097100302 0.8011657890000338 -0.5058860897721664 -0.23593451831387782
1644768491.4044192 3.194407116413602 3.241344758556614 1.486973364645364 0.21482593884112652 0.8023859225150488 -0.5053233704166278 -0.23382583865764495
1644768491.4110148 3.1911385938590566 3.2450147317789617 1.487171897262503 0.21474535233284098 0.8026425104139293 -0.5054306631550576 -0.23278499540219894
1644768491.417598 3.1868206521708515 3.2485543085612365 1.487620986825334 0.21332265925538627 0.8036050407686708 -0.5050347715798075 -0.2316286917347161
1644768491.4242098 3.1834454521791407 3.2527246804813603 1.4883140705875084 0.2101607824720646 0.805367457199624 -0.506032069697166 -0.22615666624353714
1644768491.4308438 3.1791075421388375 3.2559427249380226 1.4883697123515816 0.20996498552369092 0.8047006278791567 -0.5054685995840117 -0.22994062309016738
1644768491.437452 3.175128466268195 3.259405505118658 1.4885439449233286 0.2084522133972432 0.8045931470238106 -0.5064835677040125 -0.22945920688296476
1644768491.444028 3.171964353193263 3.2633426689329377 1.489517969434305 0.20707183448892547 0.8064320945352305 -0.5063153290834492 -0.22457275813424715
1644768491.450628 3.1678347994397487 3.266390217391587 1.4894519194743814 0.206580796186659 0.8052314150786043 -0.5072485389130108 -0.2272119681191934
1644768491.45723 3.1639186017194216 3.2700959973755452 1.4899763775834534 0.20510004563431222 0.8054852712509938 -0.5075209099976444 -0.2270453022233927
1644768491.463823 3.1604600023620044 3.273764735471513 1.4907082197277182 0.2044588005378377 0.8061278972191991 -0.507113014073492 -0.2262530006219284
1644768491.470421 3.1566596482635854 3.277254819655847 1.4910102830746512 0.20343261863211604 0.8057565992933129 -0.5079026970230234 -0.22672872964584387
1644768491.477056 3.15306323581206 3.2808873868377977 1.4918227157212778 0.2038170296816116 0.8063883604518117 -0.5064613268924896 -0.22736087190826
1644768491.483627 3.1490076395505797 3.284847538114625 1.4921970308174066 0.2003627541126299 0.8067275603503551 -0.5078224030812292 -0.22618890963875465
1644768491.4902442 3.1452718700827673 3.2885074670085195 1.4928594774256643 0.2001867636146098 0.8072062279394648 -0.5070103053381426 -0.2264586159885995
1644768491.4968178 3.1414407114000595 3.2912094795524975 1.4929617729041054 0.20117975091640902 0.8055410084139338 -0.5081494999740581 -0.2289412234574595
1644768491.503416 3.1373827984155875 3.295575233611925 1.493565956654914 0.1967813171556328 0.8071294489270092 -0.5086857715387106 -0.22595916908448538
1644768491.510017 3.133675277222493 3.299093070669562 1.4941447639028114 0.19699406324944638 0.8075233669865457 -0.507693258307345 -0.22659764432007876
1644768491.516617 3.129648227071578 3.30252324411934 1.494312117847876 0.19575225565569232 0.8073347248266084 -0.5087090326415108 -0.22606728324820524
1644768491.52322 3.1259863052728925 3.3053899886113567 1.4947782872077184 0.19792215879811786 0.8067996957099335 -0.5082431246879471 -0.2271333979634614
1644768491.5298188 3.1221784379991364 3.308941916396134 1.4950380074760539 0.19626172159600705 0.8071000413180593 -0.5093009977123625 -0.22512871928616718
1644768491.536423 3.1183006721626336 3.3131943820223895 1.4957664330183829 0.1940129253422122 0.8089509048175868 -0.5083721643560195 -0.22251914683896643
1644768491.543017 3.1145104606927436 3.316766401155334 1.4962864562424645 0.19426787876763368 0.8096218951635118 -0.5075838747926423 -0.22165415085130946
1644768491.549619 3.110724540823646 3.3194551751781822 1.4963313147575985 0.1946941179634369 0.80845447383683 -0.5091139847505871 -0.22203177107005256
1644768491.556227 3.1068846472623464 3.3227176706290367 1.4966362062487166 0.19539438613629817 0.8083277555052366 -0.5088507991393111 -0.22248085685290048
1644768491.562838 3.102882731060645 3.3261979616204385 1.4969014707774306 0.19358026803626102 0.8085397287529725 -0.5097297082390766 -0.22128127795580388
1644768491.569449 3.0978678786594296 3.3306077905705376 1.4974515832396134 0.19123464313280522 0.8095894803728754 -0.5076617640795275 -0.22421711621148485
1644768491.57602 3.0948372127971 3.333448166154889 1.4977873274543474 0.19200913889193177 0.8094857767977847 -0.5090500301470633 -0.220755351628414
1644768491.582643 3.090386083712314 3.3373378277770924 1.4980497929731318 0.18871886153204115 0.8099607509610786 -0.5095628902803103 -0.22066721311557697
1644768491.58922 3.0868175251014267 3.34125011814485 1.498667226548793 0.18701219410278053 0.8113806885257603 -0.5094193513908578 -0.21720806181052174
1644768491.59586 3.0829315692989887 3.343755725663798 1.4984793380807215 0.18819164011101663 0.8097490523837173 -0.5105681611491172 -0.21956802500065511
1644768491.602417 3.0790271553267647 3.3483271885224455 1.4994946950379655 0.18604088272721125 0.8123077489459083 -0.5084404289376949 -0.21687058476025053
1644768491.609022 3.074171389474861 3.3514536014981076 1.4992358110585573 0.18552864061868643 0.8109140415328091 -0.5087117039419918 -0.2218322164849992
1644768491.6156511 3.070618617021109 3.35532557698994 1.4998262863830325 0.18235398669272285 0.8126387445162364 -0.5100098738471001 -0.2150693156243383
1644768491.62222 3.0663418029393905 3.3585186254196953 1.4999630771566292 0.18236452496885597 0.8121787308396831 -0.5096905981062475 -0.21754077118674037
1644768491.628854 3.061754033382472 3.361715873203468 1.4996141961730824 0.18064293277136048 0.811273478547749 -0.5116852513655792 -0.21767238785118684
1644768491.6354198 3.0579840821369353 3.365308579224138 1.4999314486768613 0.1795032344164426 0.8121936193291905 -0.5119312905624919 -0.21458348488760634
1644768491.642036 3.053923950978205 3.3690608467194396 1.500234518244271 0.17791723739066176 0.8129441713925383 -0.5123085726562445 -0.21214792431275575
1644768491.648622 3.049977264414243 3.372671681605138 1.5004558680380713 0.17766634814826654 0.813443306627359 -0.5119912984858335 -0.2112088157039869
1644768491.655225 3.045635977752302 3.376230024210464 1.5006516645985764 0.17698184671593492 0.8139682443650404 -0.511941768593935 -0.20987697956122117
1644768491.661818 3.040788593634672 3.3791897417836942 1.5000923601704073 0.1771979611757 0.8122506411798467 -0.5127674883416546 -0.21428688101998702
1644768491.668423 3.037236858118822 3.38292997460564 1.5003008174694192 0.17611391193910253 0.8135468637817108 -0.5136712970022851 -0.20800666377366298
1644768491.6750212 3.0332518097656385 3.386267663805064 1.5001210629809887 0.17599042157254322 0.8133884933950243 -0.5146257785101961 -0.20636481736360482
1644768491.6816142 3.028913938396877 3.389658284503382 1.4998698430795374 0.1743576656122839 0.8130832045297528 -0.516409213654575 -0.20449014746428054
1644768491.688255 3.0250108900679695 3.393326301817412 1.5001002642267887 0.17510834517177645 0.8138698587362799 -0.5153565918683067 -0.20337180649059303
1644768491.694817 3.019818884190062 3.396205391430477 1.4993145059598998 0.1746762059298621 0.81197242432982 -0.5166437277610246 -0.20800929797133022
1644768491.701455 3.0155937121243404 3.399684556925098 1.4991973048321101 0.1738854019906498 0.8119069846427742 -0.5173760418087203 -0.2071051192642382
1644768491.70805 3.0121995813025273 3.403527439069287 1.499486628310249 0.17270680440721695 0.8132551552583654 -0.5179420389512348 -0.20130585386450575
1644768491.714659 3.0079468887059355 3.40702231059491 1.499285847861191 0.1708801489628266 0.8132151153794782 -0.5191901352898252 -0.19980581056360278
1644768491.721247 3.003562686361863 3.4104759702708702 1.4990193483733618 0.16936936057681426 0.8128416445718875 -0.5205229388146998 -0.1991430310044254
1644768491.727852 2.9985116023628215 3.413614173150028 1.4983432296579653 0.16989962537095796 0.8115411393164952 -0.5201937620901811 -0.2047758292164663
1644768491.734414 2.994196813105995 3.4169740177932715 1.497949429252038 0.16799437658493474 0.8116063163460795 -0.5213646556824599 -0.20310485082105798
1644768491.7410219 2.990971827698847 3.4210809251813155 1.4983451218326753 0.16722822323407874 0.813400630601391 -0.5207594114356567 -0.19804890732759348
1644768491.747643 2.986441102308794 3.424628269586498 1.4981442599372345 0.16599626093019088 0.8138770240986459 -0.5208030078886805 -0.1970108441369622
1644768491.7542589 2.981076328280821 3.4276745732953326 1.4972426715110778 0.16502709473619517 0.8124163985384908 -0.5215975347884231 -0.20169593511990364
1644768491.7608252 2.97663105306144 3.4312688827664877 1.4970161695902193 0.16340777498960593 0.8130159469371997 -0.5215247183726728 -0.20078482423053137
1644768491.767434 2.9732637442101155 3.435271410260774 1.4971756383306871 0.16162439859091682 0.8148142967519999 -0.5217218913394297 -0.1943221263672983
1644768491.774027 2.968243859448528 3.4385362795839094 1.4963331482849833 0.1616118049477933 0.8138182595720814 -0.5217407359617287 -0.19841284057491262
1644768491.7806342 2.9640292516056497 3.4422871758098874 1.4960942759687665 0.16171598293532582 0.814441025356803 -0.5208753829013445 -0.1980459399212471
1644768491.787217 2.959283278239773 3.4456556332621413 1.4954708916382757 0.15973512617403024 0.8144664446982348 -0.5220607754299905 -0.1964210690937893
1644768491.793825 2.9553234470242637 3.44955336328147 1.495323790386966 0.16042776161772643 0.8153084600539525 -0.5207731367476364 -0.1957804561980279
1644768491.800436 2.95105637343797 3.4533434242636556 1.4949861543623728 0.16041767269295473 0.8160383782069669 -0.5201375265243683 -0.1944327068938825
1644768491.807065 2.9467026868948287 3.4573097547256997 1.494908363107028 0.1580246709372327 0.8174968035741049 -0.5206360776903869 -0.1888514052821697
1644768491.813608 2.9423495217353173 3.4609339021948924 1.4943841422181212 0.15718796900496948 0.8173989057000248 -0.5215131727617878 -0.1875488857154493
1644768491.820226 2.93788925170323 3.4647552194355824 1.494005777340691 0.15787797770968148 0.8179872786716179 -0.5204464882843213 -0.18736704500526583
1644768491.826816 2.933007312179015 3.468407594762244 1.49354120790064 0.15663921063222705 0.8181267962764929 -0.5209611574848192 -0.18636465391302717
1644768491.833427 2.927789553113164 3.4719306079764394 1.4929081349011541 0.1547756859141276 0.8181512834313309 -0.5220177844714664 -0.18485131856868142
1644768491.840022 2.9219667247490135 3.4752361883446743 1.492461542015694 0.1522477899803902 0.8180987222611965 -0.5229014532335531 -0.18468554126543948
1644768491.846622 2.9185435796691594 3.479592487708772 1.492215134341491 0.1536364558924995 0.8187957307336942 -0.5218562444234796 -0.18339859989826662
1644768491.85322 2.913783043298715 3.483333319485827 1.4919383752699205 0.1524097287609856 0.8188465787084058 -0.5223628963178976 -0.1827516365149616
1644768491.8598459 2.907389514870913 3.4864323618698534 1.4914437009681547 0.1477206689698288 0.8182722769874787 -0.5246637208025454 -0.18258331210731138
1644768491.866453 2.904026480858823 3.4911557236851234 1.4916958111562255 0.15126289780554764 0.8195021289118053 -0.5212139277020189 -0.18404194702368623
1644768491.8730571 2.8993281467603724 3.4947089057006697 1.4912194010207485 0.1490401146861861 0.8193827456153595 -0.5229271220826232 -0.18150971777804448
1644768491.8796108 2.894389601554934 3.49851950701382 1.4909852696604815 0.14760000928308645 0.8195532541506728 -0.5233070471631964 -0.1808204094237354
1644768491.886218 2.889419226093573 3.502549567508942 1.4910848539878372 0.14740710239388918 0.8203513510862529 -0.52180831105866 -0.18168792337213832
1644768491.892815 2.885233830363448 3.5064956240886276 1.4911890683180178 0.14560031073925356 0.8206701328663357 -0.5225107302370955 -0.17967529859214645
1644768491.8994932 2.880242978751428 3.510221201694706 1.4909879317479178 0.1445590501452091 0.8206899888729283 -0.5230757401093428 -0.17877916814667108
1644768491.906023 2.8756955831656854 3.514155207186501 1.4910116270260492 0.14414918455964904 0.8211956944053967 -0.5227926539479218 -0.1776121830058503
1644768491.919901 2.865889622560221 3.521800636319012 1.4911851987112994 0.14174940529166194 0.8220300390534866 -0.5229145061142457 -0.1753103615960601
1644768491.925826 2.860935830198996 3.525605688379657 1.491311027714432 0.140620221160097 0.8223282400865581 -0.5229787211472385 -0.1746283872802484
1644768491.932418 2.8556201079307755 3.529277512716619 1.4913232132963725 0.138868198965167 0.8222442141946631 -0.5238164845405278 -0.17391364670233608
1644768491.939038 2.84854903167292 3.5320458548114964 1.491043277343932 0.1331168333607951 0.8215168215326435 -0.5268495260922256 -0.17268237650864837
1644768491.945629 2.845228950566294 3.536574837427233 1.4914736510303974 0.13569889077140268 0.8226388127471996 -0.5246842521556772 -0.17192212774990093
1644768491.952233 2.8412698347456855 3.540748317221228 1.4922030935027812 0.13549904326558018 0.8235434905729998 -0.523330872306513 -0.17187359777244807
1644768491.95882 2.8354676280494027 3.544145706906912 1.492161487262024 0.13275723394138236 0.8237637034422033 -0.5241859012274784 -0.17034558177365888
1644768491.965466 2.831297580290033 3.5480064613623545 1.492835294093249 0.13196193934365935 0.8241870572425125 -0.5237784112264464 -0.17016911796834253
1644768491.9720268 2.8263365848944706 3.551730002095024 1.4933214073470358 0.13014161754312284 0.8250181605948018 -0.5231398450189337 -0.16950657391100965
1644768491.978656 2.821305831677458 3.555229353370597 1.4936509546665269 0.12782709369980377 0.8253142237128448 -0.5237230846592089 -0.16801899590087102
1644768491.985219 2.8163779549653967 3.5589338339690206 1.4942330788940181 0.1253396540245164 0.826132486043934 -0.5234711255925961 -0.1666513160697042
1644768491.99185 2.8115479569734405 3.562516623627765 1.4948398781384005 0.12321733408467224 0.8271182894311354 -0.522846529341165 -0.16529948526163976
1644768492.005096 2.80176549819556 3.5698784011069886 1.496225151609121 0.11862700908184874 0.8291171353191179 -0.5217817172421315 -0.16197486299922448
1644768492.011622 2.796652027600477 3.5731220510519237 1.4965493501531641 0.11683798100855608 0.8292972316271202 -0.5225115795557095 -0.15998821315029582
1644768492.024883 2.7854079486778454 3.5796337905134403 1.4973773728316946 0.10968184418871922 0.8297920510651897 -0.5248366423082182 -0.154793903796927
1644768492.0381372 2.775900824949779 3.586628474921507 1.4989749880071477 0.10723669818182888 0.8314620019442941 -0.5236673386675259 -0.15147057639737221
1644768492.05122 2.771612491658062 3.590219450629253 1.4999835297575956 0.10700329675575657 0.8324402297403288 -0.5225019510720448 -0.15028266646123456
1644768492.057815 2.765974885304257 3.593170855186024 1.5001499811151113 0.10404362990776538 0.8324694645383476 -0.5240462301742377 -0.14678098058100708
1644768492.0644228 2.7607516244372508 3.596643762809636 1.5012201303200352 0.1026653811249271 0.8331783082028259 -0.5233382551445908 -0.14625457017888677
1644768492.07105 2.755671827864 3.5998247567445465 1.501847057803133 0.10083653580421689 0.8333942374341012 -0.5237958327825842 -0.14464978847350923
1644768492.077638 2.7517698779861326 3.6033023083691575 1.5027743057939638 0.10017761663063605 0.8343436861551299 -0.52298341070098 -0.14255873170119546
1644768492.0842361 2.7460494656211676 3.6063384533079836 1.503442110665908 0.0981883252237652 0.8344628660904837 -0.5233671110857372 -0.14183522502104814
1644768492.0908248 2.7419262538350555 3.6096964682117547 1.5045496787327317 0.0972875951352755 0.8353990684988981 -0.5224087757890964 -0.14047129255921248
1644768492.097984 2.736626242572236 3.61262437664865 1.5048636382576195 0.094716969839838 0.8354868300998525 -0.5232831218736945 -0.13843707762693033
1644768492.104019 2.730883668823042 3.615415964846966 1.5053681860928052 0.09217006369265845 0.8358671009035841 -0.5235857841009132 -0.1367055040041781
1644768492.11066 2.725875459251977 3.6184804032077134 1.5062923595097233 0.09014867551712669 0.8362780297630232 -0.5232624900868972 -0.13677805045506042
1644768492.117221 2.7205585298228816 3.6215272575377506 1.506873966086303 0.08707009637109304 0.8369158110440889 -0.5231294831733372 -0.135373071796295
1644768492.1238499 2.715833658985677 3.6243777258623333 1.5074153333508125 0.08560098018646359 0.8376702296028783 -0.5226168105359612 -0.13361256578552505
1644768492.130451 2.710686173876004 3.6275254979208933 1.508408063231228 0.08388149441991256 0.8383902490955164 -0.5211799967501343 -0.1357817745624303
1644768492.1370292 2.7055893913296583 3.6302633432207267 1.5088370040220482 0.08006566044953228 0.8388660860599599 -0.5218526286472353 -0.13252400259537794
1644768492.143616 2.701694027424641 3.633385602370918 1.5097629917730147 0.07952527164533532 0.8402791698204356 -0.5199539039055127 -0.131355123562978
1644768492.1502342 2.695324509499237 3.6357223948619932 1.509919362332556 0.07552671196021579 0.8397272897004959 -0.5211799239786975 -0.13238158794237193
1644768492.1568582 2.6905308472387652 3.6388200595206377 1.510739872281542 0.07366101852344525 0.8409729244417619 -0.5199005699656842 -0.13054338357550063
1644768492.163431 2.6856219877626404 3.641625007344288 1.511313033591338 0.07162829412179969 0.8416117903193125 -0.5193717574993367 -0.129659349785156
1644768492.17002 2.6816574224785703 3.6445335988050704 1.51184953666015 0.07039943445835815 0.8424552858496506 -0.518624130549143 -0.12783429753701583
1644768492.176624 2.6758468317605697 3.646789567741215 1.5122431435804502 0.06788336447900535 0.8423158305478894 -0.5192220813165187 -0.1276868180582077
1644768492.183219 2.6713586447377327 3.649515448220002 1.5125205128215455 0.06744838054974454 0.842604022466171 -0.5184420170331666 -0.12917681965829572
1644768492.1898189 2.666719105738036 3.6525601920441093 1.513146479037831 0.06531146756790114 0.8436507937878077 -0.5177762615649175 -0.1260756787657838
1644768492.19646 2.6608433712190647 3.6549055310578393 1.5134200756899294 0.06247701550208668 0.8435321889413765 -0.5184637976675197 -0.12547888920617103
1644768492.203024 2.6566933693103874 3.6577490127209247 1.5140223937482402 0.0626353409034526 0.8443887797506604 -0.5172003077210321 -0.12485124915338755
1644768492.209616 2.6508993269176724 3.6599059179951183 1.5141274338641602 0.05944141521168064 0.8440842373647665 -0.5182679585971299 -0.12404206365414798
1644768492.2162418 2.6468324221170882 3.6624167487580976 1.5146558390384939 0.060050155166256176 0.8445720776023192 -0.5176530344195528 -0.12299154444462683
1644768492.222819 2.6415535906932024 3.665070930752066 1.5150433526165088 0.058248462445460544 0.8453027539313013 -0.5170165063186549 -0.12150676935583214
1644768492.22945 2.636584700148545 3.666911693389897 1.5148596691237337 0.057215119964073274 0.8443201603567778 -0.5184683116706712 -0.12263809364832708
1644768492.236023 2.6317768809286854 3.669565075144593 1.5151752921075012 0.056135520021131965 0.8452592749926331 -0.5172955074451687 -0.12161620107379885
1644768492.242668 2.6251012069727135 3.671624301363003 1.5153084033342583 0.05198685659367608 0.8448016385405471 -0.5185671612035889 -0.12122396046224368
1644768492.249223 2.622095234422366 3.674049241179286 1.5152967503181394 0.05353110216057156 0.8458900987651939 -0.517355991888087 -0.11809633552757236
1644768492.2558541 2.6169860633025777 3.6761961855552725 1.5153183914226784 0.050471556046042164 0.846137461401592 -0.517964259354806 -0.11496361701958654
1644768492.2624588 2.611893726063651 3.678268694094873 1.5154161973895883 0.04912117834789953 0.8464060359238033 -0.5175804180826854 -0.11529977462980695
1644768492.269022 2.6068677564491516 3.680250820389637 1.5154459947687315 0.04742471642988295 0.8464908101462878 -0.5182223624748487 -0.11246948793107729
1644768492.275666 2.6008137500818824 3.682198089165241 1.5155170447798054 0.04367325728590366 0.8463970747800554 -0.5187981964933166 -0.11203864781255085
1644768492.2822242 2.5965002150727834 3.684188523307363 1.5152170560077785 0.04296216644680249 0.8468734571316873 -0.5186495710716602 -0.10937004824100788
1644768492.288822 2.591334237885219 3.68615500467472 1.5151185645139593 0.04124619977171969 0.8469331315536038 -0.5188847202857202 -0.1084492845885473
1644768492.295415 2.586240054988978 3.688242466365488 1.5151592618153322 0.03958265662766542 0.8474572120992657 -0.518290867037943 -0.10781309388210271
1644768492.3020248 2.5809045323641593 3.690479343606564 1.5150771224346646 0.038100257435639495 0.8476410510672941 -0.5180872512496949 -0.10788051795250551
1644768492.308655 2.575975741518202 3.692132603575148 1.5146725266760743 0.03656063732459364 0.8476280352820931 -0.5184892965814468 -0.1065762222164466
1644768492.315234 2.5703926858611488 3.694132799145086 1.5146691663048981 0.034740670155848204 0.8476100403843656 -0.5185277635511324 -0.1071393941524427
1644768492.321826 2.565909385616733 3.6960515414636688 1.514223085733594 0.03377125240087602 0.8482523102020657 -0.517991303585813 -0.10493867266420862
1644768492.328423 2.560897023432167 3.698027558600287 1.5140158175134637 0.03263851417012669 0.8486606012405524 -0.5175913226600865 -0.10396499716792121
1644768492.335053 2.5555250257680298 3.699789161843499 1.513575544269027 0.031184781566731722 0.8485726739910212 -0.5175442791908158 -0.1053539227207843
1644768492.341635 2.550410379448601 3.701724933610089 1.513268538491684 0.028957177063750013 0.8490226211231228 -0.5174387331133175 -0.10285339153706564
1644768492.348219 2.5445520870494196 3.703122225420061 1.51263216859708 0.025729426919300354 0.8482453562100505 -0.5189041123878178 -0.10274203421992917
1644768492.354815 2.5397687850504713 3.704884006567254 1.5121281223905954 0.024148715530000944 0.8486591848056749 -0.5186428781262246 -0.10101285750187208
1644768492.361405 2.5347422953512146 3.7069005648846547 1.5117240883901808 0.022982157487179453 0.8492714998158277 -0.5178791137412885 -0.10005280298922294
1644768492.368018 2.529400687522545 3.7085767293344767 1.5111779532378482 0.02060051165618738 0.8493195120768816 -0.5180666122628999 -0.09918958406262071
1644768492.3746219 2.5243785450868335 3.7104440015714286 1.5106740817238005 0.019265581198153116 0.8496322205315991 -0.5177670174308022 -0.0983404405031253
1644768492.381223 2.5188516148372817 3.7118115158004237 1.5098382094997178 0.01640407017432786 0.849045532220991 -0.5189547785054173 -0.09766333866057825
1644768492.387821 2.513740230945831 3.7138555580296178 1.5094233869073461 0.015286502757425073 0.8496365197713281 -0.5181800107312691 -0.09681512016718014
1644768492.394473 2.5083707008066707 3.7153546014581766 1.5085532020159882 0.01348874438446237 0.8492640018265014 -0.5189443522400169 -0.09625514277626947
1644768492.401035 2.5024750219114757 3.7168878762222355 1.5081079387918312 0.010687497442365317 0.8490973578318448 -0.519213834988446 -0.09662312730219434
1644768492.407667 2.4971611182567823 3.7185456494843763 1.5072828610337572 0.009264052826899792 0.8488101110342177 -0.5198019278772368 -0.09613078686675368
1644768492.4142551 2.492295453106819 3.7202465036908405 1.5065246955135088 0.008543944319641353 0.8491666994783579 -0.5193953380428615 -0.09524177538031166
1644768492.420861 2.4869783080883985 3.7219585437979394 1.5057236243688514 0.007312531086639876 0.849166923807662 -0.5195447990580732 -0.09452438744484411
1644768492.427459 2.4814901703581027 3.7234189726433238 1.5049403581081582 0.005530061598300313 0.8488328147915768 -0.5201540277715488 -0.09429555771782833
1644768492.434029 2.4753261860377056 3.72524414133283 1.5044757179324553 0.003959900728900978 0.8488120258486064 -0.5199696257357178 -0.09557010224835022
1644768492.440619 2.4700157988329137 3.7267564682173266 1.5036514077615073 0.0028017024240817273 0.8489249434128727 -0.5199295270273118 -0.09482342569527162
1644768492.4472241 2.464276532444681 3.7281790993590374 1.502792111878346 0.000505757962080978 0.8485476209873595 -0.5206274426242626 -0.09441039742089137
1644768492.453812 2.4587493557328832 3.7295809610227875 1.5019101938222226 -0.0008747482942467122 0.8483857842732473 -0.5209830337227783 -0.09389919105359609
1644768492.460415 2.4533313999936923 3.7310306519755647 1.5011154774338407 -0.002245052227701877 0.8484006717740302 -0.5210561182540254 -0.09333472929496481
1644768492.4670458 2.448055320293537 3.732558494029022 1.5002753399882673 -0.003169799038080683 0.8487413555421183 -0.5208867174214963 -0.09112998633477418
1644768492.4736362 2.44252714728322 3.73398066028261 1.499485322916679 -0.0046100727891102596 0.8487462608907653 -0.5210363103084933 -0.09016258552648065
1644768492.480226 2.436816447010029 3.7354536745758553 1.498719910591589 -0.0059737818848388516 0.8486576392814513 -0.521198407228425 -0.0899796375148275
1644768492.486822 2.4314609790055486 3.7365824130301615 1.4976869285444863 -0.0074399003875363235 0.8484936660629603 -0.5217996651882246 -0.08790817327396745
1644768492.493417 2.425872759911431 3.737855575235894 1.4968795144289038 -0.008993028354809937 0.8484367900673201 -0.522093902222567 -0.08655451058516614
1644768492.5000188 2.4202992624608717 3.7392197700098486 1.4962099712362567 -0.010392956433179591 0.8485609711564849 -0.5219697670284316 -0.08592680035766359
1644768492.506618 2.414661009463235 3.740499136278858 1.495457519172689 -0.01191207064305861 0.8485159201551018 -0.5222117936991201 -0.08469516659628244
1644768492.513267 2.409038723763688 3.7416817061091376 1.494710333002864 -0.013826979107789857 0.848447098156706 -0.5225324893916943 -0.08310072938950507
1644768492.5198169 2.403289023876104 3.7427912869358644 1.493969249165787 -0.015490097590084566 0.8482374159852183 -0.5229172792567115 -0.08252550951512547
1644768492.5264142 2.3972665735857763 3.7442859002215347 1.49362183578999 -0.017372445358720668 0.848309740646595 -0.5226330215022863 -0.08320517783642097
1644768492.533029 2.3916157104242015 3.7455028781876663 1.4930458766769885 -0.019030496879958333 0.8483277116959161 -0.5226716222521496 -0.082412966995414
1644768492.539642 2.385771667197555 3.7466784206568473 1.492444580159676 -0.020924661758152118 0.8482383549492589 -0.5228439437424682 -0.08177811404925646
1644768492.5462348 2.379987162349741 3.747766971491324 1.4918161803346979 -0.02265977654854358 0.8481382496231652 -0.5230004308775987 -0.08135218451945599
1644768492.5528991 2.374315808426284 3.7489529024036266 1.491256321134026 -0.024027925671845966 0.8482445156731228 -0.5229289462814481 -0.08030444053467045
1644768492.559456 2.36843578638152 3.749944044957106 1.4907664936020595 -0.026057047897153664 0.8483072994366349 -0.5228396221868697 -0.07958686865192909
1644768492.566035 2.3625965518647525 3.7511084155190493 1.4902658702256926 -0.027588183970221725 0.8483788998981588 -0.5227807806010453 -0.07868916260778311
1644768492.572633 2.356619290356634 3.752138463167137 1.4898909018657798 -0.0295579094215886 0.8485411287568431 -0.5224871129533022 -0.0781735022823035
1644768492.579231 2.3506775403669424 3.7530088847112753 1.4893629671319406 -0.031351589566002556 0.848504899393829 -0.5226075666316811 -0.07705474292711748
1644768492.585872 2.344777423770205 3.7541354777132208 1.4891263202159257 -0.03282460759184733 0.848959401111766 -0.5218767443096194 -0.07638544639022034
1644768492.59243 2.3391298763318558 3.754656339154669 1.4882617524138337 -0.03430150323780661 0.8489091648608713 -0.5222489642370415 -0.07370376095914935
1644768492.599019 2.3329836179198855 3.755897433593835 1.4883782573183975 -0.03541693937592253 0.8491298183814203 -0.5216133582059129 -0.07512180959500558
1644768492.605645 2.327092330484859 3.756663063804367 1.4880526300426924 -0.03735069217309427 0.8492169463853361 -0.5214884210826206 -0.07406029595378304
1644768492.612214 2.321297187099143 3.7576910380980113 1.4878099340757949 -0.03862978843438766 0.8495472853155837 -0.520958659336526 -0.07334036412997604
1644768492.6188211 2.315311307130527 3.7584610262266263 1.4876155401559399 -0.04082660127523591 0.8495142130436959 -0.5209331755326341 -0.07271183909640239
1644768492.625406 2.3094848180456267 3.7591923071545517 1.487388702692534 -0.04269852389651152 0.8495676529431916 -0.5207510991426468 -0.07231546835273682
1644768492.6320949 2.303873237317347 3.7601980996236026 1.4873040364419703 -0.0443173614120882 0.8500947443887521 -0.5199405214085656 -0.07096722632821904
1644768492.638648 2.2981493334858043 3.760923887819256 1.4871545632286558 -0.04646617119141625 0.8502638633794786 -0.5196345812515387 -0.06979798176488321
1644768492.645279 2.292461937678199 3.761668330316597 1.4870536945961124 -0.048740176409986215 0.8503413685655413 -0.519508503608071 -0.06822362193947093
1644768492.651864 2.286764956702983 3.762418720733301 1.486955424938797 -0.05098648394376155 0.850491919040121 -0.5191853087781666 -0.06715706272610812
1644768492.658423 2.280773375578104 3.762962010237614 1.4868545569439875 -0.05351981058490689 0.8503226916600369 -0.51915360243961 -0.06757283147305522
1644768492.671687 2.269798781300908 3.764700805555473 1.487064227207285 -0.05846625405441279 0.8511027301474389 -0.5179461738610396 -0.06274703548023321
1644768492.678237 2.26438828843253 3.765280335673074 1.4870241066178007 -0.06088232682474479 0.8510409720277736 -0.518025725490084 -0.060593262087030975
1644768492.691414 2.2587334600972357 3.765907675821879 1.4871460361978515 -0.06357739348035962 0.8509594813250719 -0.5180133127423301 -0.059056576197241015
1644768492.698016 2.2533269203102524 3.7662988579896663 1.486948079945545 -0.0662700871951369 0.85074204218593 -0.5183362496279655 -0.056332777275258455
1644768492.7046242 2.2475666371434135 3.767241227245366 1.4873391988430036 -0.0684936672919948 0.8508411460429349 -0.5178527280952212 -0.056622568593536975
1644768492.711214 2.242231950244552 3.767686690847502 1.4871924729894888 -0.07065185335259015 0.85056083824294 -0.5182926078971286 -0.054101257586207985
1644768492.717855 2.23666267050239 3.768330272333859 1.4874675868920282 -0.07309020152895597 0.8503455355369972 -0.5183603477619578 -0.05359517085492905
1644768492.724471 2.2308311344809817 3.7686719867336853 1.4873761570494226 -0.07576939809234443 0.8497272903546371 -0.5189549979358935 -0.0539242580211898
1644768492.731045 2.225825106341005 3.769450870862388 1.4875957763918537 -0.07756058259639052 0.8499561016311654 -0.5186695756526245 -0.05040279510610365
1644768492.737636 2.220260599721902 3.77016393719389 1.4879505730535063 -0.0801051768939051 0.8498223239298514 -0.5185792124221454 -0.04960209607288539
1644768492.744278 2.214761267437251 3.770174024043227 1.4878514014026623 -0.08305954131665585 0.8486202832548182 -0.5202661825703936 -0.047617457515835744
1644768492.7508512 2.2092980510324254 3.7707830936051066 1.488124851793294 -0.0850728455499813 0.8484089506458217 -0.5203407724615983 -0.047009966918945045
1644768492.757437 2.2038541920091266 3.7712262711811535 1.4882256519169752 -0.08740414749236897 0.8477976834204033 -0.5210635205992249 -0.04573836933519464
1644768492.7640378 2.1983279418536226 3.7717017280015224 1.4882552537445766 -0.08995467594654909 0.8470971119666882 -0.5218792697480056 -0.04445512443825278
1644768492.770624 2.1926677361852085 3.7722077391889144 1.4885850480096412 -0.09163571457126767 0.8466704941590925 -0.5221907387304221 -0.045479514960754544
1644768492.777225 2.1875887602518476 3.7728693324685043 1.4887424784962044 -0.09371254379770547 0.8463768227072315 -0.5225480762527109 -0.04251265234454574
1644768492.78392 2.1823223240562237 3.773697993664284 1.4887721065112534 -0.0947449548782682 0.8462274693677686 -0.5227289735933399 -0.040944836461457114
1644768492.790424 2.1768520112870173 3.774113981540533 1.4890190635257468 -0.09745396939834511 0.8456185364320382 -0.5232735154706113 -0.04020476157126189
1644768492.797067 2.171688241327492 3.7743946375173394 1.4890100028711668 -0.09869722933553085 0.8449944612136306 -0.5242022295460318 -0.03814216351293431
1644768492.803633 2.166020114204678 3.7751843981418185 1.4892043131644184 -0.09997407145776606 0.8448252606035364 -0.5242544000244871 -0.037846869467532976
1644768492.810225 2.1608702591178934 3.775419363511061 1.4891255412573865 -0.10232290736535207 0.8442754653442738 -0.5248444783580888 -0.03559238028007613
1644768492.816865 2.1553096594163272 3.775975556273938 1.4893318950148435 -0.10296253072910583 0.8440084399939229 -0.5251928377164478 -0.03493616201662172
1644768492.823422 2.1498607239957583 3.7759492926278972 1.4890188651567984 -0.1052327357879485 0.8431983587680971 -0.5262057111014871 -0.03239968488745172
1644768492.830018 2.1442051425245636 3.776519114683022 1.4891780942405508 -0.10677941586061786 0.8429985076159 -0.5262523949369394 -0.03177536246602628
1644768492.8366132 2.138948050765592 3.7767615889389106 1.48887903317803 -0.1087233340042537 0.8425328687336775 -0.5267263871837975 -0.02960593528288228
1644768492.8432488 2.133778201373366 3.7773744208531186 1.4889551077018797 -0.10939272332138338 0.8426167897384708 -0.5265188828486908 -0.02841881954801127
1644768492.849828 2.1281696376186647 3.777688473482141 1.4888296717924827 -0.11180602862547608 0.8422767763537533 -0.5266362188962352 -0.026891028982939175
1644768492.856413 2.1221565006575824 3.777827242278816 1.4885880708859254 -0.11394387920444428 0.8416941618504505 -0.5270545148094995 -0.027943988278563314
1644768492.8630111 2.1163890489816586 3.7781242799904247 1.4885716104294795 -0.11596911423857398 0.8413118457859347 -0.5272453437274521 -0.027522436814059494
1644768492.8696058 2.1114923495364057 3.7784448609909584 1.4882333212436614 -0.11706396739044601 0.8411511142616479 -0.5273884989305534 -0.0249355414143657
1644768492.876222 2.1062305942867336 3.7788069705841885 1.4880750005713015 -0.11919664440003322 0.8412158336088124 -0.5269202653863799 -0.022421063073525132
1644768492.88286 2.0996247680267537 3.779085627591692 1.4880364356485065 -0.12251262416810876 0.8407313903707828 -0.5268428587016384 -0.024445507817470048
1644768492.88942 2.0951879456670124 3.779892177311884 1.4879349475005768 -0.12346330288332301 0.8412280262637611 -0.5260358178336838 -0.019445521101680487
1644768492.896023 2.0885178075972934 3.7799514457839694 1.4877075011387628 -0.125610863667269 0.8405510289433761 -0.5264419923564894 -0.023543349660898463
1644768492.9026299 2.082664208464788 3.7798963527619556 1.4872682720775159 -0.1289282391144724 0.8397521339440425 -0.5269766568173485 -0.02211446262021782
1644768492.909218 2.0769684483668582 3.7802350436700234 1.486909015681794 -0.13091214634629986 0.8395283386080019 -0.5268691127755788 -0.021510745905846656
1644768492.915833 2.0710049528786882 3.78055300104635 1.4866606290760287 -0.13231023446500095 0.8393117462030505 -0.5268707819336735 -0.021367511243937317
1644768492.9224179 2.065472171443174 3.7811503675995835 1.486392055666093 -0.13329342902831365 0.8393912028395405 -0.5264949332326654 -0.021399673795867633
1644768492.9290502 2.0596677045769227 3.7811327504753827 1.4858079373451416 -0.1352207608180668 0.8387760993740038 -0.5270456079127265 -0.019812247472376567
1644768492.9356108 2.0538307125036015 3.7818472951664184 1.4855226962391797 -0.13594895271771842 0.8390327867105588 -0.526447042492683 -0.019873475162293278
1644768492.942249 2.0480311630343344 3.781863370726747 1.4849283825946267 -0.13762417825899614 0.838485080128983 -0.526945517271986 -0.018175738172882188
1644768492.9488451 2.0418490727912575 3.782932269050209 1.4850494298666361 -0.13774531359040573 0.8391016432749158 -0.5258862593887321 -0.01943952182940413
1644768492.95542 2.036480105921047 3.7825146703233172 1.4837455149655239 -0.13979605773994996 0.8382025296361324 -0.5269255470815208 -0.014921175937149473
1644768492.9620109 2.03050715618844 3.782772883385779 1.4831752068187534 -0.14044202010888135 0.8378788187482815 -0.5273046323816063 -0.013584613697673364
1644768492.968619 2.024204854954236 3.7837082696686837 1.4831047731447788 -0.1404307777178412 0.8383962049237357 -0.5264738863667102 -0.01399386839037742
1644768492.975254 2.018858656363913 3.783502354027736 1.4819399077469704 -0.1411439941445654 0.8377416255206591 -0.5274248012917195 -0.009486703020618693
1644768492.981822 2.012647824183389 3.784092457152205 1.4813949043574888 -0.14186794614097234 0.8378230702194238 -0.5271134192433766 -0.0087758231371339
1644768492.9884531 2.007422110359842 3.784508200483613 1.4806925206906074 -0.1418133555598128 0.8375016711630879 -0.5277023481737382 -0.003120868899054489
1644768493.0016909 1.9952000501035838 3.7848303451703993 1.4791786409288274 -0.14375537108093778 0.8361346362988485 -0.529351181095689 0.00042235062654152807
1644768493.008257 1.9891262138038284 3.785029397903302 1.4784072517566567 -0.14450637502287153 0.8352974237109826 -0.5304639306274831 0.001931218721398562
1644768493.014827 1.9826788487208333 3.786090161553356 1.478279946463295 -0.14463496625683245 0.835513993835789 -0.5300902303342723 0.0010094618850504135
1644768493.021423 1.9769354843315194 3.7854100607358143 1.4767702219011882 -0.14637740183894724 0.8336291382789435 -0.5325514516417879 0.004966077208630215
1644768493.028018 1.9704146159160638 3.7863980199426512 1.4765661549560223 -0.14662695497772055 0.8338579902241995 -0.532135606838973 0.003558946617096777
1644768493.0346339 1.964452777920213 3.785957723389527 1.475334028156524 -0.14877265199731413 0.8322512216564169 -0.5340169187846487 0.007079883894841145
1644768493.041225 1.9583816267876386 3.786060655734373 1.4742883758501923 -0.1499689341062509 0.8313243545139326 -0.5350993321290651 0.008799922703422678
1644768493.0478232 1.9520690190725918 3.786221830671539 1.4734037166702079 -0.15151969940954899 0.8305575393378135 -0.5358338416496295 0.009881177731499146
1644768493.054419 1.9458352013857136 3.786492687864732 1.4725009147837498 -0.15276819353667045 0.8300080280076163 -0.5363117541244324 0.010855565217575478
1644768493.061014 1.9397616256860353 3.7868092938490747 1.4715375475012347 -0.15388917315347403 0.8295614094321189 -0.5366578226116554 0.011998005621520187
1644768493.067617 1.9332857594971007 3.787071477929809 1.47064149193681 -0.15544868947420176 0.829128628541339 -0.536863917009151 0.01257565790581363
1644768493.074239 1.9268277006048873 3.787091259366471 1.4696135927019072 -0.15698647940938115 0.8285370707178069 -0.537287367169751 0.014262993190841415
1644768493.080842 1.9205442432353927 3.7876177527596817 1.4687898286238608 -0.15792840706998684 0.828593656285139 -0.5369067405431183 0.014896845426123018
1644768493.0874481 1.9142090529581686 3.787680348033441 1.467621766807631 -0.15914027409924478 0.8279564223693675 -0.5375095132364023 0.015673128919101966
1644768493.094016 1.9077841959147561 3.7879583167141453 1.4666522431772475 -0.16055514622418968 0.8278798512687373 -0.5371788194431812 0.016598110570180884
1644768493.1006432 1.9015329013399582 3.7881569574485128 1.4655348240929857 -0.16136286089548543 0.8275270608451194 -0.5374656749326613 0.017065307465441968
1644768493.107212 1.895285224569003 3.788532375375694 1.4646019576547995 -0.16224554508186487 0.8276683793173812 -0.5369518949310177 0.01799104696280878
1644768493.113832 1.888862436276177 3.788849094906125 1.4637132597896148 -0.16364570615618806 0.8277380681616119 -0.536396077108681 0.018671074921610402
1644768493.120426 1.8811181329429854 3.788631889351263 1.4627304031666222 -0.16682366160172124 0.8270614568118313 -0.536553136927232 0.01579654293793729
1644768493.127025 1.8746041870948904 3.788726556763842 1.461795077399379 -0.16878665290730427 0.8269944918643599 -0.5360132285582359 0.016750658184994258
1644768493.133622 1.8684422731722001 3.7888803195009353 1.4607923096862083 -0.1700873662193588 0.8268925766848888 -0.5357139162894271 0.018142265179476695
1644768493.1402318 1.8618842831576907 3.7887918905728006 1.45981932987099 -0.17266070217924803 0.8265433945439964 -0.5353783330542481 0.019594374761431343
1644768493.146859 1.855594111203108 3.7890076545580005 1.4589031839358415 -0.17450590734730054 0.8266088148845326 -0.5346165594621363 0.021219831737772987
1644768493.153439 1.849309916460393 3.7895033048177917 1.45830050158148 -0.1764401311700747 0.8271402583652344 -0.5329976191555009 0.02491988947029574
1644768493.1600268 1.8432571631973131 3.789016449601207 1.4568544286580873 -0.17784645941572522 0.8262501971841637 -0.5339010561545333 0.025109892569028656
1644768493.166664 1.8367726098783272 3.7893997504612162 1.456276406208163 -0.17971266547290363 0.8267139207618518 -0.5325072723182143 0.02613517751739697
1644768493.173245 1.8298156772787866 3.789112985350497 1.4554609637359337 -0.18309551232735607 0.8261922302925166 -0.532109841357764 0.027223653361216228
1644768493.179816 1.8245134810966328 3.78920966677623 1.4542759068136637 -0.18308398680747312 0.826026959105751 -0.5321718477515052 0.030861360557443512
1644768493.186408 1.8180807658394642 3.789273371586684 1.4535120745116088 -0.1849226155963957 0.8259035069021836 -0.5316413654000951 0.03231208355957035
1644768493.193047 1.811450838791757 3.789536867054329 1.4532375380899512 -0.18680214291609554 0.8263555378442853 -0.5302715481776817 0.03245235736380651
1644768493.1996229 1.8049231685745417 3.78909561277823 1.4521424523564601 -0.18909929027750347 0.8254053290907419 -0.5308356174770783 0.034068171626294046
1644768493.206225 1.797484133466207 3.7887813083169952 1.4516196669631527 -0.19255140111427943 0.8248350731757154 -0.5305399590793871 0.033136027909490495
1644768493.212856 1.79136758020186 3.789354474728671 1.4514747513485444 -0.1934826260906396 0.8255239578727392 -0.5290442334588759 0.03444493241612291
1644768493.219446 1.7851705260947401 3.788606318900396 1.4505072962451417 -0.19563662812978067 0.8241262474782856 -0.5303140345088968 0.0361780517778489
1644768493.2260108 1.777253350856372 3.788891828533167 1.4506572705489398 -0.1986049383088372 0.824016343294319 -0.5296153343707066 0.03256280679742011
1644768493.232644 1.7715181104859739 3.788906404707875 1.4500364339059604 -0.1996465810795882 0.823599202150445 -0.529695414246995 0.03532643913744684
1644768493.239221 1.7645403620155398 3.787870499150708 1.449137045998835 -0.2040395082516095 0.8218317322134989 -0.5307344239060513 0.0357915916622036
1644768493.2458282 1.7579502402430167 3.787619294947652 1.4487086776047247 -0.20672688028420072 0.8209960925247138 -0.530937538422731 0.03652854702659511
1644768493.252413 1.75150601936792 3.7874210218406823 1.4481811333845143 -0.2089603617035044 0.8201797296984574 -0.5312688853386713 0.037332736786002796
1644768493.259016 1.7445922729923578 3.7874294657563383 1.4482070728619307 -0.2113734550094368 0.8197677330657689 -0.5310115907921635 0.036447162007063924
1644768493.26561 1.7383276065681446 3.7867821587024366 1.447462580850324 -0.21481964173390122 0.8184750157576957 -0.5314327757710785 0.0391146113276971
1644768493.272227 1.73143610371102 3.7873874953438325 1.4478012419863717 -0.21638324257198735 0.818770703864035 -0.5304404649601082 0.03775343873052484
1644768493.2788212 1.725707934515675 3.7859276022279102 1.446520542386053 -0.22007337500559676 0.8165762751052497 -0.531934716581297 0.042613759850258545
1644768493.2854168 1.7192630790560823 3.7855904435503813 1.44619654224112 -0.22271062989246665 0.8157187997103645 -0.5320425710602199 0.04396720781639672
1644768493.292023 1.7135765852537752 3.7854723705188897 1.4457083655511966 -0.22428309608029365 0.8149844428125363 -0.5321475593292464 0.048124899288089044
1644768493.29862 1.7074784989335887 3.785228311447437 1.4451594111272053 -0.2261925024087127 0.8141185854718586 -0.5324415853328142 0.050531376492428164
1644768493.305253 1.7002977526906757 3.784265908146513 1.4448419806403834 -0.23019262429691376 0.8123761452180916 -0.5333510697706899 0.05091742881281681
1644768493.311827 1.6938778070846583 3.783904640819775 1.4446376281243822 -0.2327021798613451 0.811479658163009 -0.5334400134700358 0.052837509613739175
1644768493.318422 1.688639720020186 3.7836761085525534 1.4438273287271544 -0.2329534087152423 0.8103195024712426 -0.5346278477180666 0.05733830112018533
1644768493.325021 1.681329354021898 3.782896432446473 1.443472602766138 -0.23649491598581046 0.8087894863734577 -0.5353335804647535 0.0578554574384137
1644768493.338322 1.6691394001751763 3.78165594327266 1.4424762942341465 -0.23966634729184919 0.8062822782953418 -0.5372530389693231 0.061868374159923564
1644768493.3514218 1.6644087682859918 3.7815498965310708 1.4418565917777302 -0.23898580722724458 0.805989065098102 -0.5374723596711722 0.0662604436908517
1644768493.358072 1.6509487931689402 3.7800902007610215 1.441068823836701 -0.24424343718153832 0.8041668763934219 -0.5376168099582289 0.06803328421213639
1644768493.3712761 1.6389401540755613 3.778548011597211 1.4397992676165379 -0.24816255373013904 0.8028155632481909 -0.537199432503761 0.07293057414873327
1644768493.384439 1.6330223606549474 3.777845629572604 1.4394207939565453 -0.25025991262739217 0.8023529933957042 -0.5367054068814867 0.07447501882990828
1644768493.391016 1.6270843007313123 3.7771863209856873 1.4388672676773369 -0.25216550267150606 0.8021247310611075 -0.5358124425635519 0.07689649990782153
1644768493.39761 1.6209077972774313 3.776910063984874 1.4385906852076702 -0.2536495621892084 0.8022027898619742 -0.5348769964617821 0.07770954088641216
1644768493.4042518 1.6151052540004893 3.77590006465724 1.4379668273409092 -0.2562332866748276 0.801778643269647 -0.5340466885214628 0.07930469588852455
1644768493.41082 1.6106517871316075 3.7756642484482397 1.43713280384457 -0.2558202548692112 0.8022126752921026 -0.5329561363443216 0.08347551549207008
1644768493.417418 1.6045893531725774 3.7748482239491445 1.4366633802749054 -0.2578722634258252 0.8019875589564619 -0.5323306342026553 0.08331580646159116
1644768493.4240158 1.5978273975650503 3.774029700926866 1.4363966804389339 -0.26063060433354557 0.8019157329947282 -0.5314213124877885 0.08120239098658975
1644768493.430618 1.5917881138713648 3.77289769525864 1.4358494265370587 -0.2630166572100403 0.8013070034923967 -0.5311227798393515 0.0814708049001715
1644768493.437214 1.5863533864636052 3.771782352977902 1.4349947376861116 -0.26442684303270714 0.80079114060349 -0.5311058728046095 0.08208617032888287
1644768493.443826 1.5806850565807686 3.7713711007915403 1.4347140422035798 -0.26534436572867526 0.8012225848070662 -0.5301574802886763 0.0810392208822219
1644768493.450418 1.5755932824944514 3.7704051176256614 1.433851856940843 -0.26605423172310794 0.8009447949229795 -0.5300471433819444 0.08217177105042507
1644768493.4570198 1.5694929694076831 3.7695226071995376 1.4334054693423455 -0.26842785268672625 0.8008312125889566 -0.5291032047317762 0.0816408405673158
1644768493.463617 1.5638890738507523 3.7682601116437944 1.432886154992512 -0.27029626528092293 0.8002135359512876 -0.5290957132696043 0.08158149833189725
1644768493.47022 1.558516192806993 3.7668932157700947 1.431949934794704 -0.2721844327431613 0.7993029774062568 -0.5293398947326493 0.08263920348921304
1644768493.476816 1.5530155813416173 3.76586855833347 1.431133837717217 -0.27344296662969286 0.7987661465576735 -0.5294149259941274 0.08319257178100142
1644768493.483413 1.5475890271703203 3.764782671284077 1.4306962908738343 -0.2752872324725095 0.7984209708478597 -0.528911350596144 0.08362578271728718
1644768493.4900181 1.5423955174237285 3.7635020600796896 1.4298139833187395 -0.27666904068678405 0.79784254922914 -0.5288769667006873 0.08479528348915837
1644768493.4966478 1.5370069708152534 3.76240110317741 1.429093992998277 -0.2781938901464556 0.7974569257002307 -0.5284803440105215 0.0858994914995098
1644768493.503221 1.531732306515802 3.7611855836575043 1.4285065821931204 -0.27948109059809073 0.7971617039914705 -0.5281222751462694 0.08666016735842721
1644768493.509814 1.5263463450752939 3.759850477707267 1.4278759550551805 -0.2810105953958378 0.7966203932310773 -0.5279595983706203 0.08767696181378916
1644768493.516429 1.5224420045346674 3.7590839342960205 1.4268088182347898 -0.2798698298306967 0.796667133498919 -0.5278538633985781 0.09145632200430985
1644768493.5230222 1.5160984320990585 3.756802266723463 1.4259960155609932 -0.2832104945180249 0.7950155096883026 -0.5287219720105891 0.09052519620765473
1644768493.5296462 1.5110374382326086 3.7556021674564843 1.4254078525201246 -0.28391868813396587 0.7950535010892702 -0.5281609929369366 0.09124499481369976
1644768493.5362802 1.5071013334934729 3.754626334909272 1.4244795945918258 -0.28240466053954577 0.7951998647629703 -0.5283707903716393 0.09342737750489644
1644768493.542857 1.5019530492799138 3.7528460651908135 1.423363939472304 -0.2836372743561914 0.7940337511522111 -0.5291534349909353 0.09516576322536355
1644768493.549449 1.4953652268286908 3.75121275313568 1.4230907636395822 -0.2868803044090459 0.7936790594168452 -0.5282159468233291 0.09359881347788
1644768493.556054 1.490627413206923 3.7494035032103263 1.4221068252548532 -0.28744397017878737 0.7929424631020536 -0.5288449658017479 0.0945558136680286
1644768493.562648 1.485538800284446 3.7480731620734704 1.4213181499012193 -0.2881943134687134 0.7927490554459522 -0.5285749912614088 0.0953992828864903
1644768493.569236 1.4816464736527883 3.74681156057274 1.4202756240263668 -0.2869728379756451 0.792591211062626 -0.5290515827107042 0.09772291351720354
1644768493.575826 1.4759870402683921 3.7446143641784158 1.4194620294534164 -0.28936003342420014 0.7914862538693207 -0.529469287417371 0.09737630988958648
1644768493.582452 1.470437229477375 3.7428229479085764 1.4186345459929797 -0.29121146183306645 0.7909357776528146 -0.5292496370043934 0.09752380778134458
1644768493.58904 1.4658329181874434 3.741395554123235 1.4177592335240663 -0.29141661801481045 0.7908692039896247 -0.5290000423634402 0.09879675174232543
1644768493.595623 1.4605574221018918 3.7395038226133765 1.416869635363398 -0.2930182309793928 0.7903436899641402 -0.5288368498194771 0.09913800202105498
1644768493.602222 1.4560549888901755 3.7375423168576165 1.4157122535868105 -0.29370377104854484 0.789554738193917 -0.5292787286985374 0.10101998774753466
1644768493.6088588 1.4512633133028001 3.735713850813953 1.4147717239990831 -0.2946633255363188 0.7890792123128005 -0.5292166343252852 0.1022588347851671
1644768493.6154509 1.446313619514087 3.733984206338472 1.4140198311600405 -0.2957228001645174 0.7890502555969804 -0.5284803776932508 0.1032269914915591
1644768493.622061 1.4422705564313467 3.732500338480379 1.412836767318093 -0.2953082250161795 0.7887968100492024 -0.5285816775615113 0.10579997954160439
1644768493.6286972 1.436607755544161 3.7299703455132147 1.4118289683480045 -0.2980119528731441 0.787559812517521 -0.5288838477634075 0.10592401048505896
1644768493.6352808 1.4317069831745663 3.7278421290504933 1.4107467568496779 -0.2989042329329085 0.7868700303980684 -0.5292493559923124 0.10670763865554861
1644768493.641868 1.426434703524453 3.7255248245812744 1.4097168416837929 -0.3007334645917127 0.7860258149205498 -0.5293815249127848 0.1071334957382544
1644768493.648488 1.4220169213058111 3.723597551613327 1.4085533851989824 -0.3006944676530535 0.7856957660680733 -0.5297001807095773 0.10808471292977402
1644768493.655072 1.4168597174249615 3.721131221092466 1.4074280220972273 -0.30227954247552924 0.7847009758500538 -0.530282927038552 0.1080327033993477
1644768493.661643 1.4124997478307786 3.7191012084784094 1.4061946419850724 -0.3019020983680483 0.7844539606850334 -0.5307122731797621 0.10877114412983004
1644768493.668225 1.4076419796383277 3.7168518832638835 1.4049870277923937 -0.30278618277205643 0.7837888203031967 -0.5311214696510975 0.10911081883507387
1644768493.674825 1.402366258949923 3.7144709881487827 1.4039337212713532 -0.3044812753880296 0.7832077866948804 -0.5310908828225348 0.10871416599166348
1644768493.681419 1.3979760662956278 3.712285383320552 1.4026538672052236 -0.3044981393883727 0.7828110522195544 -0.5315144993725691 0.10945159806496942
1644768493.688014 1.3932464163879341 3.7099110444469137 1.4012976337924232 -0.3051496420734522 0.7820966716878333 -0.5321226419664999 0.10978881275673129
1644768493.6946099 1.3885771848135384 3.7075696716748694 1.3999831547057437 -0.30575464278047515 0.781585384021462 -0.5324435313788404 0.11019014853200532
1644768493.701213 1.3836536330930305 3.7051230632071537 1.398660184634327 -0.30684614136002836 0.7808767878148658 -0.5328118521252477 0.11039935232846282
1644768493.707809 1.378971139017366 3.7026633609024038 1.3973150158263374 -0.30768192894712715 0.7803013128342071 -0.5330632081232909 0.11092736020493535
1644768493.714431 1.3743033055925151 3.7000970950507353 1.3958233878102115 -0.3084956966335558 0.7794211166858057 -0.5337508111698409 0.1115472120571716
1644768493.721013 1.3695627442096765 3.6973777568524326 1.3944138587949924 -0.30979228688630367 0.7786522116415295 -0.5339837149672418 0.11220723133618808
1644768493.727626 1.3647724001685133 3.694852648220615 1.39295959497859 -0.3109722201125742 0.7779659873789171 -0.5341521923172117 0.11289924013283784
1644768493.734217 1.3600299216210245 3.692164769469688 1.3915121190121242 -0.3121014690351824 0.7772995915889358 -0.5343314657694415 0.11352313759401196
1644768493.74082 1.3552169353514147 3.6895979101372665 1.3900444905784948 -0.3133314852690885 0.7766758274591349 -0.5343437658308043 0.11434320845647275
1644768493.747423 1.3505405314394197 3.6869664721928053 1.3885798840609662 -0.3141901339017581 0.7763775104413287 -0.5340982737169718 0.11515706187677349
1644768493.754051 1.3457190962854755 3.6842906501595536 1.38706601787178 -0.31538890551846865 0.7757421687704231 -0.5341216617937644 0.11604987802562423
1644768493.760648 1.341019674195447 3.681437447064202 1.3855443050997434 -0.31641328332449653 0.7751042499536686 -0.5342961310943927 0.11671870086801156
1644768493.767262 1.336223875349767 3.678421409395238 1.3839953369678597 -0.31759834533994985 0.7741405674728974 -0.5348169186425823 0.11750795547178015
1644768493.773818 1.3315213509964408 3.6756495870971277 1.3824934483295217 -0.3184857114296172 0.7736971592695847 -0.5347693500209971 0.11824076474940771
1644768493.780394 1.3267572376229797 3.6726153678122424 1.3809060450291186 -0.31951418105659696 0.7728917592139096 -0.5351404363366463 0.11905167046473679
1644768493.787016 1.3219984994596474 3.6696670777354927 1.3793486984377796 -0.32038638153342985 0.7722518290253481 -0.5353289478337807 0.12000913248789177
1644768493.793623 1.3172103397014732 3.666661499962715 1.3778561970382048 -0.3212640447548763 0.7715945970004808 -0.5356262547794981 0.12056240827881272
1644768493.800222 1.3124552338931936 3.663662603825152 1.3762865488456868 -0.32203800995490445 0.7708789222254164 -0.5360174100782087 0.12133484943344447
1644768493.806821 1.3076837374527817 3.6605096836652558 1.3747782136076598 -0.32298523892237907 0.7701279532590541 -0.5363636942006138 0.12205342820797443
1644768493.8134122 1.3029093970352494 3.657326414955856 1.3731307359014298 -0.3241564093985417 0.769190703725215 -0.5366862969835278 0.12343284604794207
1644768493.819974 1.2980859146631085 3.6542219594894907 1.3716517691883747 -0.32499744491202853 0.7685270002187605 -0.5370169269127758 0.12391659213108719
1644768493.826612 1.2932968936127065 3.6510433402126345 1.3701188714022845 -0.3260923606509325 0.7677890373394148 -0.5371134590170811 0.12518985310664965
1644768493.8332229 1.2885619816215068 3.647850014442964 1.368498313594986 -0.32688531391599823 0.7670556628200287 -0.537420280947255 0.12629574806303737
1644768493.8397708 1.283715951944257 3.644612090820497 1.366977456042518 -0.32789276190649835 0.7664214835603518 -0.5374924393325714 0.1272237699129128
1644768493.846425 1.279023285169494 3.641247665452246 1.3653389707800758 -0.3286646454523361 0.7655576832991527 -0.5379819507572938 0.12835876124451076
1644768493.859751 1.2692742591662713 3.6349243409667906 1.3624944434118014 -0.33078969543210135 0.7646753823294906 -0.5374076712168886 0.13054624958687186
1644768493.866218 1.2645022596801687 3.631492202514786 1.3608952396793907 -0.3318116273409118 0.7638665283777261 -0.537654552081665 0.13166682522048725
1644768493.872823 1.2599141138158632 3.6281586971367097 1.3592451721890308 -0.3323507299411509 0.7631375144993544 -0.5381094395194542 0.13267226722134906
1644768493.879422 1.254787392033664 3.6248670139115386 1.3580716433520847 -0.33396407898485386 0.7625672427925685 -0.5376655001319554 0.1336958843867828
1644768493.8860319 1.2500870908983086 3.621327786810124 1.3564323525703614 -0.335065259287868 0.7615482431323461 -0.5380733158134182 0.13510080391471646
1644768493.892616 1.2451721859882987 3.617891095268703 1.355105470419134 -0.33603945983877714 0.7609405574095106 -0.5381663824055941 0.13573316338027328
1644768493.8992472 1.2403273947148268 3.6143865182499475 1.3536737312885645 -0.3371014714230383 0.7601322286198042 -0.5383513192040149 0.1368905095049846
1644768493.905822 1.2355216956593187 3.6109240666621103 1.3522278856080938 -0.3381668372484384 0.759454492767737 -0.5382452481936983 0.13843297907295365
1644768493.91242 1.230550150577208 3.607411093363511 1.3509577477799894 -0.33940555479341433 0.7586867249393635 -0.5382500537671239 0.13958792037284298
1644768493.919012 1.2256014659645693 3.6038224284676237 1.3496081138555278 -0.3404637602001458 0.7578660962589617 -0.5384536207694544 0.14067940078098118
1644768493.925615 1.2204509924495022 3.60053651138253 1.3486431285495337 -0.34142214308787955 0.7577611122521232 -0.5378297654731796 0.14130723560834776
1644768493.9322171 1.2157835381811408 3.5965494141525647 1.3469338098515935 -0.3423248753981019 0.7562078827572281 -0.5389082554308828 0.14332060769571467
1644768493.9388218 1.2108560043002945 3.592930542774721 1.3456409686620519 -0.34308995140588416 0.7553913576629558 -0.5392022983899176 0.14468460909620498
1644768493.945411 1.2059038400897635 3.589244196221985 1.3443897572729393 -0.3437254482746601 0.7545835370968004 -0.5397329764185314 0.14541112868375505
1644768493.952021 1.200954686283558 3.5855831059918946 1.3431232637071835 -0.3443966676485079 0.7536947123068445 -0.5401835712511638 0.14675319380273427
1644768493.958611 1.1960217541684794 3.5818841724889783 1.3418703221010946 -0.3448391766907752 0.752849311871877 -0.5408458235017508 0.14761186209951896
1644768493.9652202 1.1911075887233553 3.5780848352905563 1.340574942048661 -0.3453877563525993 0.7518021147830776 -0.5415554050780127 0.14905777267276352
1644768493.971812 1.1862834562966476 3.5741994520654203 1.339182388400902 -0.3456572434185914 0.7507896340439426 -0.5424240674593389 0.15037193685685454
1644768493.985093 1.176538707116736 3.5667130851086943 1.3367798962646578 -0.3462512134746061 0.7492901739852698 -0.5433384173485245 0.15315774382196037
1644768493.991622 1.1714355896424198 3.563228979477849 1.3360141598095703 -0.34675600497812975 0.7491311064762128 -0.5429829193012232 0.15405200035775385
1644768494.004819 1.166555237123473 3.559449414719685 1.3348589292703958 -0.3470948842641277 0.7482930176942262 -0.5433519398325641 0.15604792063328887
1644768494.011508 1.156840962451813 3.551842282267713 1.3327628390356354 -0.3475791372811386 0.7464938459941666 -0.5446583288979392 0.1590049926817827
1644768494.024619 1.1521837196338451 3.5476889197300725 1.3313640319161268 -0.3475830003932893 0.7447108186979222 -0.5464239928479915 0.16128316349948627
1644768494.031222 1.1474404489441279 3.5439959633691758 1.3303058809517871 -0.3469115284503367 0.7440426406541236 -0.5475770486632757 0.16190093575367745
1644768494.037816 1.1427425146277888 3.5403155462085243 1.3292593212110166 -0.3466157626198158 0.7428847509830429 -0.5487318430464305 0.16392894782216397
1644768494.044427 1.1377911273151855 3.5369265539501 1.3284793324016184 -0.34609983317775983 0.7425605287368313 -0.5493376088980938 0.1644583515376665
1644768494.051018 1.1329240096132223 3.533428227386272 1.327731099006486 -0.3456704789086064 0.7418386464116616 -0.5504830355589347 0.1647887824042776
1644768494.057622 1.128393943183282 3.529479209339743 1.3264465243812973 -0.3449701688394779 0.7403378811513509 -0.5528074594817821 0.1652238151022735
1644768494.064251 1.1230528236480328 3.5267897665205976 1.3264804717771943 -0.3450642272670015 0.7410905407033457 -0.5517867876536983 0.16506491537071794
1644768494.070823 1.118911970940274 3.522516859994772 1.3247766024085939 -0.34516745134600296 0.7385118283252402 -0.5542389179008159 0.16816219772839577
1644768494.077416 1.1139892152062787 3.5192951244442994 1.3243473817891185 -0.3451134074097002 0.7384187010927581 -0.554669788699087 0.16725902715059546
1644768494.0840929 1.109493898311005 3.5153905365473164 1.3231782388402495 -0.34557399385551324 0.7365810483683576 -0.5561971569002158 0.16932596705663608
1644768494.090616 1.1041263533804397 3.5126589339209597 1.3231403178240067 -0.34608617082278986 0.7367975329701661 -0.5555726373668455 0.16938831393780202
1644768494.097259 1.100270479790838 3.508591034260648 1.3217146535114541 -0.34592722551408434 0.7352182038664646 -0.5574304546858336 0.17046824141558323
1644768494.103818 1.0951184316998481 3.5060831471887353 1.3218521820227604 -0.34660222586254896 0.7362403707448866 -0.5554830269329535 0.17104154284912101
1644768494.110419 1.0905015510876321 3.5027051467676174 1.32110131625106 -0.34678283879271304 0.7353869369109424 -0.5561484933882012 0.17218065314374478
1644768494.117022 1.0860169025042041 3.4991557839918728 1.320268506042754 -0.346788319523297 0.7344022311865238 -0.5573121944254945 0.1726092112115567
1644768494.1236212 1.0814296249041848 3.4958472173900197 1.319618771278208 -0.34660015461102966 0.7338184230841834 -0.558063075879058 0.17304346761035486
1644768494.130214 1.077654436727629 3.4916404115123143 1.3180648076543435 -0.3464905577568709 0.7311845197570198 -0.5605988312955315 0.17618747561725506
1644768494.136816 1.072355137893609 3.4889158230982154 1.3181534711499443 -0.3463543458961057 0.7315846397311476 -0.5606584865241296 0.1745972881068468
1644768494.14342 1.0681319865545187 3.485569628315717 1.3174517886286925 -0.3453662471185431 0.7315374534995083 -0.561479679292341 0.17411275223048442
1644768494.150006 1.0634202514692745 3.482069183875281 1.3168378385131472 -0.3452396518757801 0.7306926541692116 -0.5630166843755966 0.17294395456053369
1644768494.156658 1.0590471747190138 3.4789968528295994 1.3162271563012962 -0.34466554801782345 0.730347022871096 -0.563638652219329 0.1735221617162676
1644768494.163218 1.0553745680341893 3.4745886705177385 1.314647634260753 -0.3444516525312427 0.7275979767835259 -0.5665905889777791 0.17586621845076036
1644768494.1698198 1.0501034151491224 3.471986395824875 1.3146077338141178 -0.34489998981857434 0.7275224828540536 -0.5664142750037805 0.17586781195099502
1644768494.176418 1.0466001165886816 3.4676127573555258 1.3130743882376381 -0.3449235621137087 0.7255055119718045 -0.5686117938018389 0.17705845046398205
1644768494.183052 1.0417512463073302 3.46470613447951 1.3128425349731148 -0.34526522504181506 0.7257495904175977 -0.5683304396420714 0.17629389912305568
1644768494.189597 1.0370770005085226 3.4616528779084303 1.3123845393894784 -0.34563178207039347 0.7256349900209672 -0.5681547634243486 0.17661336128899444
1644768494.196257 1.0332330130505827 3.4572210030347508 1.3108408500898532 -0.3460348168430632 0.7230554865553181 -0.5705524642801207 0.17866204393573631
1644768494.2028549 1.0283019188239555 3.454638346733719 1.3107053797943296 -0.34675168175490645 0.7239522829435688 -0.5687788003728937 0.17929483488138012
1644768494.209419 1.0242943658771122 3.450365536033767 1.3093194286812881 -0.3468206905926507 0.7220186538098385 -0.5709116355743745 0.18017754683218742
1644768494.216047 1.0195927147880677 3.4475164566278083 1.308810427576905 -0.34713416182858303 0.7224858872247814 -0.5697233475696988 0.18145768928197029
1644768494.22262 1.015592215202008 3.4431805608490738 1.3073170726104038 -0.34728185580303395 0.720490287096961 -0.5716902654610145 0.18291767798884564
1644768494.229247 1.0111855523548279 3.4395875193324357 1.3063571583778446 -0.34735632029463787 0.7198759562704713 -0.5721285409998459 0.18382248314715566
1644768494.235816 1.0064561865553339 3.436423441894057 1.3056215113732845 -0.3474794044510133 0.7200163213892896 -0.571711127147927 0.1843381467163455
1644768494.242441 1.0024626216865196 3.432251362718136 1.3041616739578803 -0.34745083971954477 0.7182861837648186 -0.5733299880185823 0.18610528518705877
1644768494.249014 0.9984011272901447 3.42826850247803 1.30273697484289 -0.3471162575358136 0.7169006628573387 -0.5747879087499168 0.1875691013178091
1644768494.255637 0.9939324398197328 3.4247382155310406 1.3017453275248212 -0.3472706171852919 0.7164911979783588 -0.5749408514366547 0.1883775236425438
1644768494.262218 0.9897374855487744 3.420840534731414 1.300362477406729 -0.3472577870586579 0.7154132404936075 -0.5758305312114551 0.18977540150725267
1644768494.26881 0.9855294856668527 3.4169754397612833 1.299058404361589 -0.34737013068900874 0.7144578026170095 -0.5764991783233236 0.19113435151327857
1644768494.275415 0.9809223015190259 3.413496479462158 1.298093172189395 -0.3477939514684672 0.7144023373815683 -0.5761008940856778 0.1917707391217155
1644768494.282018 0.9767296568960313 3.409547067870884 1.2967602402129772 -0.34816141714777943 0.7133905722936296 -0.5766205463939394 0.19330248978491266
1644768494.2886138 0.9723427484825434 3.4056194243128197 1.295457221632925 -0.3487927392502176 0.712431798515195 -0.5770135658794308 0.19452373586348903
1644768494.2952142 0.9681568585697952 3.4017418087787195 1.2940209468164707 -0.3492031534252564 0.7114664273836776 -0.577311661244019 0.19642686872397058
1644768494.301814 0.9641274073859655 3.397596770165693 1.2923931182078685 -0.3494616796420589 0.7100410503767207 -0.5782273993205859 0.1984210100215631
1644768494.3084102 0.9598180646062988 3.393565723714367 1.2909529060657485 -0.34995965641132104 0.7088539529680786 -0.5788387020662166 0.19999918324813526
1644768494.3150668 0.9554582846559737 3.38978783665285 1.2896666578356804 -0.35033563749895896 0.7083555979090473 -0.5787638251531331 0.20131897950470287
1644768494.321624 0.9512449497373628 3.3857892937236027 1.2881431604262237 -0.35035483029046294 0.7072992123085029 -0.5795219870509883 0.20281314035819845
1644768494.32822 0.9471018804360927 3.3815072311173906 1.2865019541411535 -0.35068259670519897 0.7057346581988911 -0.5805661699915259 0.20470173915247963
1644768494.334815 0.9427004833135725 3.3777829748577295 1.2851610113624619 -0.35059656799999045 0.7055779316417423 -0.5804247803549676 0.20578750289222145
1644768494.3414102 0.9383888367616927 3.373459185948408 1.2835124068226982 -0.35080628717372353 0.7042656700661265 -0.5815198621374196 0.2068309720295125
1644768494.348011 0.934087631708364 3.3692378554664653 1.281934146362525 -0.35104271357820577 0.7031865750079662 -0.5823755377470768 0.20769204691986848
1644768494.354655 0.9299942543594989 3.3652208666940746 1.2802977885691675 -0.35080996188860947 0.7025882717805922 -0.5829145280128767 0.20859614681760003
1644768494.361212 0.9258387357902443 3.361019749940157 1.2785828158810544 -0.35146657376629914 0.7014460735424783 -0.5833265714172995 0.21017692099315244
1644768494.36782 0.9215258701263178 3.3568119359638606 1.2769711507681474 -0.35217306357185785 0.7005233802658802 -0.5837103399348215 0.2110046359124368
1644768494.374414 0.9174346106011082 3.3523816173121723 1.275209710677037 -0.3530205969497733 0.6992722485535185 -0.584199029391705 0.21238139836833855
1644768494.3810198 0.9130872961485158 3.3482555987792324 1.2735273660559865 -0.3535466096075728 0.6987548011196276 -0.5843098723163809 0.21290397090689236
1644768494.3876522 0.9089767157075975 3.343850985850281 1.2717386752469295 -0.35466933099309245 0.6975640980030713 -0.5844666633983124 0.214504796116908
1644768494.3942468 0.9049866905361182 3.3399350271030905 1.2700036873187703 -0.3552393739353245 0.6969733943796258 -0.5842703884319638 0.21601103097969093
1644768494.400853 0.9007708529292521 3.3355952931031916 1.2682325557097598 -0.35629922434527944 0.6960295121411 -0.5843315221963009 0.21714057166697634
1644768494.40742 0.8963253269058911 3.330886386213981 1.2664103181062505 -0.35809347522135726 0.6946688133485038 -0.5843131484012211 0.21859100495021988
1644768494.41402 0.8924985996270925 3.326891523521167 1.2645536448667465 -0.3582388195266029 0.6940853479341249 -0.5844353555845136 0.21987581231709183
1644768494.420616 0.8880473091399117 3.322160889855804 1.2627633911966012 -0.3600522971581409 0.6926461351783413 -0.5845768090499154 0.22107283931745023
1644768494.427213 0.883959580231052 3.317575761305555 1.2608646328952071 -0.3609650494463396 0.6912942161323592 -0.5852558451098807 0.22201742777901703
1644768494.433849 0.8798843035095568 3.3130783530573398 1.2589194332479987 -0.3618876146082382 0.6900646104122318 -0.5856715516344007 0.22324110976437542
1644768494.4404428 0.8757579547868102 3.30856448797953 1.2570386673799334 -0.3628954657125087 0.6888275241708004 -0.5860679505286037 0.22438245998927966
1644768494.447055 0.8715598687993868 3.3040707809579777 1.2551447188741416 -0.36408930998386985 0.6878180229773402 -0.5861868425608449 0.2252330072698589
1644768494.453653 0.8680132101915764 3.2992499010986065 1.2528471572635953 -0.3645944087709303 0.6857598350164323 -0.5875531998138617 0.22712371890218042
1644768494.4602509 0.8633473411736123 3.2948656287923823 1.2512730991353909 -0.3662194010569994 0.6854600563140469 -0.5867997478502088 0.22736203654503037
1644768494.466867 0.8593284055845074 3.290299033391274 1.2492477667822537 -0.36714959680296944 0.6844503310590563 -0.586752897392998 0.22901867752613628
1644768494.47345 0.8552982072472932 3.2854974242848907 1.2471706713124215 -0.36837707837040784 0.6830373328341092 -0.5868946268309205 0.23089530581675197
1644768494.480032 0.8511945789562606 3.2809315100513357 1.245272554392298 -0.36960191990713187 0.6822440114952466 -0.5864475737512762 0.23241416796181774
1644768494.486628 0.8471906404580121 3.2761693371444562 1.243316293021383 -0.3707064413208165 0.6811109395465387 -0.5863774380424326 0.23414896198328466
1644768494.493217 0.8432470577674247 3.271347044843152 1.2412516323700575 -0.37175619486507616 0.6798292241338098 -0.5862459240823003 0.23652673800357746
1644768494.499827 0.839314404782238 3.266619541690013 1.2392962775312144 -0.3726618604046741 0.6790419670765986 -0.5858419389140809 0.23835683180942385
1644768494.5064168 0.835409235716438 3.2618382867912143 1.2373062089158133 -0.3734282951174747 0.6781686479892022 -0.5854903994098941 0.2404977374929524
1644768494.5130181 0.8314758915546182 3.257037568562872 1.2352901793195727 -0.37414221785007507 0.6772647413966261 -0.5852536541189336 0.242503219999795
1644768494.519649 0.8276948866253363 3.2522361931078607 1.2332716951680387 -0.3747141160080994 0.6764649297643007 -0.5849780535516717 0.24450930952577948
1644768494.5262551 0.8239098658425773 3.24737841126144 1.2313036747433208 -0.37543738254098025 0.675502924981516 -0.5846973990839093 0.2467207259908009
1644768494.532844 0.820267355540355 3.2424583000667226 1.2293605310193858 -0.3760203906968772 0.674433241469116 -0.5847994568061825 0.24851082650937623
1644768494.539438 0.8165533542673861 3.237709709656476 1.2274770013777088 -0.37684954196777487 0.6736187731545744 -0.5843309505573181 0.2505575995445917
1644768494.5460439 0.8128350965087106 3.232933580670611 1.2256613127979799 -0.37802350937448653 0.6726938688330449 -0.5837148271577847 0.25270093702351265
1644768494.552656 0.80922427122561 3.2279626222389317 1.223749494534166 -0.379094051605922 0.6714344383976121 -0.5834429878876684 0.25506345194688196
1644768494.559252 0.8055828319920425 3.2233921705311497 1.2220727255035062 -0.3803070819775096 0.670923507612034 -0.5824131539742718 0.25694877105823133
1644768494.5658529 0.8020048369605381 3.218574820304554 1.220344776333467 -0.3816977851551656 0.6698360529654325 -0.5818516708993557 0.25898782111551527
1644768494.572433 0.7984590239229933 3.213680545926135 1.2187029133205423 -0.38329370293748405 0.6686448102841238 -0.5813043795433402 0.26093081014199965
1644768494.579286 0.7949696209418298 3.2087993405447635 1.2170481098146968 -0.38478016743546734 0.6675160681943157 -0.5806600754390921 0.26305887893688895
1644768494.5856278 0.7915087927998483 3.204035896406172 1.2155423332935795 -0.38631464215278544 0.6666006531596121 -0.5798743558162933 0.26485830371105207
1644768494.5922282 0.7883079789849898 3.1989365093591693 1.2138383510685935 -0.387740408353033 0.6649468932591236 -0.5798410532308151 0.26699617555111077
1644768494.598819 0.784639070075385 3.194282924724593 1.2125814253608507 -0.389376034517719 0.6644808635905962 -0.5787920371665797 0.2680500712641738
1644768494.60542 0.7812584276554191 3.1894136029034885 1.211185056434313 -0.39087098652917757 0.6633606169207467 -0.578342138191846 0.2696155080027054
1644768494.6187038 0.7747908320595559 3.179564038904536 1.2084083562091221 -0.39364742353303356 0.6608626730901209 -0.5777626646915632 0.2729324658619588
1644768494.6252108 0.7714893668794371 3.1748146857484523 1.2072559075728166 -0.39505558317610545 0.6599753229619555 -0.5771106962922166 0.27442027280031833
1644768494.631819 0.7683691191927613 3.1699826144023264 1.205993200291876 -0.3962282274713943 0.6588741751646737 -0.5765880569963476 0.2764666361891994
1644768494.638446 0.7650432863795807 3.1651028936836902 1.204914016625702 -0.3976803753494759 0.6578104129945306 -0.5759965026979014 0.2781428184383994
1644768494.64502 0.7619581249613255 3.1603405467318098 1.2038001616795038 -0.3985698341563947 0.6569458278603848 -0.5754411524782795 0.2800559127635531
1644768494.651648 0.7591301632628119 3.1556012652515597 1.2026552606186003 -0.3989735214070356 0.6559787653311157 -0.5751727312751002 0.2822905348499375
1644768494.6582222 0.7560649294429111 3.1508003223847982 1.201641011134715 -0.39967711228028335 0.65519248828905 -0.5745647163488297 0.28435188517637905
1644768494.664851 0.7530947588415648 3.145964836454753 1.2006459719004359 -0.40022405666695565 0.654336437540282 -0.5740696270727365 0.2865452979502137
1644768494.671425 0.7502994416778991 3.141200454142179 1.1996289459876028 -0.400607270125919 0.6533983265166716 -0.5737371413135299 0.28880752603951027
1644768494.684708 0.744913529109911 3.131627696898883 1.1976635441644221 -0.4019135131163687 0.6511138760849021 -0.5728251325844882 0.29391707880670015
1644768494.6912158 0.7419542111640929 3.1269683725957 1.1969544851933063 -0.4028441512916618 0.6502161145497348 -0.5723021080084676 0.29564414398060823
1644768494.704418 0.7393415652515766 3.122105388852092 1.1960921640557534 -0.403815511944533 0.6487148872360752 -0.5721260272382848 0.29794872209334744
1644768494.711021 0.7366590757271165 3.1172573948860878 1.1952586510325929 -0.4050729417557914 0.6472348594180973 -0.5719161791680997 0.29985738638718135
1644768494.7176151 0.7338769634913448 3.1123515510226953 1.19451889775103 -0.40654604028337576 0.6456724986698062 -0.571618955440294 0.3017925215922403
1644768494.724225 0.7318087379950268 3.1074983661313618 1.1934712048182612 -0.4073942614880316 0.6437111599806009 -0.5718397941266284 0.30440879633508433
1644768494.730846 0.7295060931052542 3.102541559989788 1.1925776052605577 -0.4083380766435047 0.6417835691624563 -0.572319755920314 0.3063063405378208
1644768494.737453 0.7265785285595561 3.097957722186716 1.1921699305942706 -0.4096915639053279 0.6410327715296174 -0.571903761620886 0.30684765535448205
1644768494.7440488 0.7242767037199054 3.093157511965306 1.1913942840816323 -0.41065099745033873 0.6395403111774052 -0.5719702098206014 0.3085508423254803
1644768494.750616 0.7219069155433789 3.0883633599470373 1.190675992442511 -0.41149194958027535 0.6381578115085698 -0.5722891288547453 0.309699419455949
1644768494.7572448 0.7200241435404445 3.0833608220348707 1.1896625986875131 -0.4119434344812811 0.6363125128133716 -0.5729258743081871 0.3117123157965726
1644768494.763853 0.7173116699278701 3.078959920210666 1.1892607534386277 -0.41292555989298857 0.6361254536503265 -0.5720237948597108 0.3124504695066545
1644768494.770419 0.7150164678062004 3.074264925621236 1.1885916959392322 -0.41353995528330184 0.6353311462503255 -0.5717896333247493 0.31368014269915173
1644768494.777013 0.7128089589778215 3.0695247557620773 1.1878958032393236 -0.4140713690836266 0.6345386138595422 -0.5716024590631394 0.3149220843814907
1644768494.783655 0.710758058922282 3.064801499873975 1.1871234062457812 -0.4148314425074907 0.6333944617895554 -0.571368005314258 0.31664583865740525
1644768494.7902222 0.708758224754156 3.060003925160547 1.186338834697389 -0.4153325182074648 0.6322919685245616 -0.5711624692381367 0.318557376694956
1644768494.7968519 0.7067418248811598 3.05525391067822 1.1855824104190111 -0.4156830419509519 0.6314344275258033 -0.5708705322522534 0.32031957449236453
1644768494.803454 0.7047774395019372 3.050542876095275 1.184823581263565 -0.4160860487305173 0.6305555263710916 -0.5704856628790573 0.32220772756455685
1644768494.8100228 0.7028295626757222 3.0457740174498618 1.1839866965032446 -0.4165696740870759 0.6295009117536468 -0.5701962437836776 0.32415142221648147
1644768494.816621 0.7013718906730636 3.0409053649411044 1.1829141927698876 -0.41676371096862613 0.6277623504881036 -0.5703424438283567 0.3270039606263617
1644768494.823252 0.6991913763911825 3.0363158183288195 1.182348492361234 -0.4172653954922506 0.6274513943445349 -0.5695365906071452 0.3283626617359412
1644768494.829814 0.6970633710258216 3.0318145520035666 1.181738351238683 -0.4179238615963364 0.6270568537122033 -0.5688067869321415 0.32954185600857033
1644768494.8364182 0.6953012613871922 3.02697361190978 1.1809056902379884 -0.41855768247256825 0.6257455040702531 -0.5687597473455462 0.3313065254491572
1644768494.8430479 0.693349827727313 3.022024598032977 1.1800901319510888 -0.41983644924558006 0.6241289261229728 -0.5687411337405267 0.3327665462799851
1644768494.849598 0.6920673780762319 3.016808689692976 1.1790314150675483 -0.4201557525287768 0.6216821873887894 -0.5700321727847643 0.33472874875422054
1644768494.85622 0.6904626944848427 3.0117812976256517 1.1780349409089181 -0.4212029567636409 0.6197652072954696 -0.5706397774159787 0.33593000487606955
1644768494.86285 0.689184769778628 3.0066551913235746 1.176878832328748 -0.4222941137628236 0.6171796431706946 -0.5712217818798796 0.33832264954989005
1644768494.869418 0.6876486316106365 3.0015850218988196 1.17589113027363 -0.4236319188871305 0.6148977607974601 -0.5716003839451561 0.3401607781997741
1644768494.8760478 0.6846831076173597 2.9973219269289078 1.1757408199144692 -0.42571023298807525 0.6155170449283303 -0.5699821882951767 0.33916001179114486
1644768494.882646 0.6827621908732379 2.992582099653688 1.1748617377760922 -0.4269399559784437 0.6145125741662254 -0.5697726241804695 0.3397872124018994
1644768494.88925 0.6812470496944045 2.9876764701228056 1.173811712332256 -0.42776892801657235 0.6131333698985156 -0.5699300673415095 0.3409699811374514
1644768494.8958368 0.6798412501911751 2.9822877911768746 1.172649126805482 -0.4293969170997696 0.6107618235785085 -0.5697975649619207 0.3433928355957147
1644768494.902451 0.6782745499272668 2.9772301700352393 1.1715537082458678 -0.4305199662603698 0.6091909489068936 -0.5696948012810653 0.34494408314760405
1644768494.9090428 0.6765716053479794 2.972211623569636 1.1705480993579538 -0.4317467759094455 0.6079795013233917 -0.5693689405694898 0.34608419702051435
1644768494.915615 0.6750360011326386 2.9672507957820184 1.1694269663405392 -0.43277616514799216 0.6067057936937637 -0.5691479811732348 0.34739472644051644
1644768494.9222121 0.6740537604482002 2.961995682263197 1.1679611359332334 -0.4334864119565194 0.6041668319134101 -0.5698670895980308 0.34974718977930647
1644768494.928823 0.6719270862972305 2.9573534786416475 1.1671135700327462 -0.4349914173187985 0.6038129310451341 -0.5688860661599925 0.3500867167846117
1644768494.935414 0.6721167494431012 2.9511717676834928 1.1650135901137397 -0.43523625374380553 0.5988322758850108 -0.57155642474799 0.35396634662916465
1644768494.942045 0.6695920447819815 2.9467348237452153 1.1643472748944645 -0.4368915981588889 0.5989248575724713 -0.5704435398574066 0.35356542277336545
1644768494.9486442 0.6679405714004576 2.94175256984624 1.1631552512567993 -0.43819886964504995 0.5973159770082581 -0.570546034179412 0.3545028086889858
1644768494.955216 0.6666178033071096 2.9365062578074204 1.1617985769353179 -0.43977699549048377 0.5949254351473537 -0.5707030927170569 0.3563109881047528
1644768494.961808 0.6648064588397461 2.9315708616255733 1.1606482961126985 -0.4413274351019584 0.5932678635317268 -0.5707306365351538 0.3571127346312708
1644768494.9684422 0.6632320988796213 2.926489434694153 1.1593876322437733 -0.44265645236458434 0.5914724139220342 -0.5709135753237797 0.3581520786820645
1644768494.975014 0.6617584525746438 2.9213453718001743 1.1580082133300733 -0.4442081705268135 0.5894818487526984 -0.5707901406959611 0.3597061038981608
1644768494.981617 0.6601250427716648 2.9161324481172097 1.1567831322224595 -0.4454842778294795 0.587754535586256 -0.5710536367235135 0.36053531458560184
1644768494.988211 0.6583406268035539 2.911200166555771 1.1555440799884666 -0.44699153373317346 0.5861349125947241 -0.57101398814717 0.3613682708779608
1644768494.994816 0.6567445241433841 2.9060893238024055 1.1542318519803054 -0.44846678875719476 0.5843057801636293 -0.5710857646747469 0.3623879443659392
1644768495.001413 0.6550740110299691 2.9009903572321334 1.1529470874285455 -0.4498684197458574 0.5825330243516845 -0.5712124215933911 0.3633037101086017
1644768495.008075 0.653456997257126 2.895640810963276 1.1515890952630827 -0.45149831323802814 0.5804873829290894 -0.5712750575659807 0.36445585772409406
1644768495.014684 0.650734359393814 2.8910218489362647 1.1507572284021954 -0.453467121614638 0.5804296342481391 -0.5704075522472867 0.3634608556946973
1644768495.021246 0.6490508275910889 2.885752884216461 1.1494095009945164 -0.45482508678389183 0.5786614080919669 -0.5707051426659592 0.36411584862484936
1644768495.027864 0.6482927015457826 2.879765678320602 1.147534454455026 -0.45615461993672235 0.5746836766452693 -0.5719193955786157 0.36683703807496404
1644768495.034425 0.6464682184025992 2.874466622189022 1.146181408504622 -0.45775314909013604 0.5730442828789325 -0.5716970782561523 0.3677558836969327
1644768495.041018 0.6445640445408432 2.8691639167121497 1.1448497805831142 -0.45932141345206234 0.5716343268509895 -0.5713701715587032 0.3685021050383334
1644768495.047622 0.6428483870838207 2.863772944920991 1.1434151600221936 0.46076741699892043 -0.5698234840637074 0.5712459943260555 -0.3696913988723589
1644768495.05422 0.6411313906203121 2.858541164615389 1.14197413942401 0.46193057042017455 -0.568610154250961 0.5705980790304735 -0.3711059368275818
1644768495.060813 0.6391844814449176 2.852981959383375 1.14063113144735 0.4632951309722699 -0.5671675653327195 0.5706328207816398 -0.371558875509015
1644768495.06741 0.6372230878595855 2.8475370499992922 1.1393051323327885 0.46497589522567245 -0.5658450263781646 0.5700374073203855 -0.3723886679765408
1644768495.074024 0.6352026555708155 2.8420727510990584 1.1380945343442008 0.4661503040618115 -0.564906387132433 0.5699945880909082 -0.3724110394140007
1644768495.0806231 0.633382297630967 2.836416718453613 1.1366725851123562 0.46746501093267945 -0.5631726803319002 0.570130602629526 -0.3731799708523665
1644768495.087219 0.6311673836150008 2.8309839635146044 1.1354388200762546 0.4686206415267104 -0.5619881298404241 0.5704012422057407 -0.3731028019568923
1644768495.0938208 0.6293540910053292 2.8251860186825524 1.1340451298262786 0.47037787002375636 -0.560040028511839 0.5702258470160402 -0.3740874557624886
1644768495.100419 0.6274068598958014 2.8193499205915327 1.1327658699942904 0.472038616981643 -0.5581410100890005 0.5703264270493242 -0.37467997215542526
1644768495.1070259 0.6252521486657943 2.813836028926312 1.1315172614999554 0.4732815133489209 -0.5568713267932138 0.5704560258898123 -0.37480409077206156
1644768495.113618 0.6232617976884559 2.8080831130005897 1.130268122691264 0.4747403854105402 -0.5552005558213476 0.5705546753788414 -0.37528708403673355
1644768495.120211 0.6214536412794425 2.8021251517089873 1.1290105570292919 0.47636135929104445 -0.5532110913870647 0.5702914933061559 -0.3765688919708042
1644768495.126821 0.619007501619804 2.7967494285920327 1.1279574610471013 0.4775367433023428 -0.5527202372628762 0.5699534016787018 -0.3763126572514058
1644768495.1334138 0.6168120826205157 2.79104232008439 1.1268870353895806 0.47888119071584556 -0.55177655719508 0.5694097155839011 -0.37681183110327654
1644768495.14006 0.6150980597872956 2.784940930217956 1.1256831331471269 0.48038921570917464 -0.5498978429888868 0.5687886784806088 -0.3785725108733852
1644768495.146613 0.6127536709431959 2.7792900193090553 1.1247455700014533 0.48154554266814475 -0.5493353504390224 0.5681882520972693 -0.37882169520331455
1644768495.1532228 0.6105402154735436 2.773500179679007 1.1237898371031103 0.4828878522442992 -0.5484820480495987 0.5673689208478376 -0.3795767396961283
1644768495.159818 0.6082947714661275 2.7677758659887695 1.1229042612586873 0.4840722836244122 -0.5478401761479336 0.5664640002866422 -0.38034575265627646
1644768495.166419 0.6061870891129515 2.761961252216182 1.1220178667388652 0.48525827760393103 -0.5469470116942501 0.5656836998307684 -0.3812801081191433
1644768495.173012 0.6040497562633989 2.7562613610827116 1.1211758470762652 0.48640803391988513 -0.5461070229890095 0.5646582565971091 -0.3825369469676805
1644768495.179637 0.6018246746038989 2.750528413390196 1.1204427647807575 0.48751883891280207 -0.5454255184869485 0.5638845395574027 -0.3832360167423777
1644768495.186211 0.5996840537919504 2.7447084111373856 1.1197054424816164 0.48871125398511117 -0.5445165016312423 0.5631035043249034 -0.3841569940236328
1644768495.1928189 0.5971327958957198 2.7392525450233856 1.1191808015997728 0.48963734647918716 -0.5442385508061278 0.5627346669653513 -0.38391220372633167
1644768495.199413 0.5949699444280293 2.7332421814479346 1.1186357168903913 0.49064499566093095 -0.5430872378641811 0.562933787127552 -0.3839640412519854
1644768495.206055 0.5927704304676992 2.7274149540570325 1.1181211539266989 0.49169128110893623 -0.5418624963345043 0.5626068930955312 -0.38483414674607563
1644768495.212619 0.5905567902574655 2.721599666952264 1.11765815016608 0.49260084932279596 -0.5405994689938013 0.5626757327140968 -0.3853463012833875
1644768495.219272 0.5882630796160297 2.715814965597005 1.1172552043646347 0.493482616895008 -0.5395416360204452 0.5626003012488485 -0.3858105554204283
1644768495.232533 0.5834892778176202 2.704258686335461 1.1166894490189105 0.49546393517854076 -0.5377394073164987 0.5621877325821079 -0.38638825720728404
1644768495.239011 0.5812441242624324 2.69846787888763 1.1165641046050254 0.495980474325814 -0.5364175863634355 0.5627998801034614 -0.3866716985205016
1644768495.2456121 0.579152096044158 2.6927854811401706 1.1163619016610955 0.4964043923552972 -0.535362303524358 0.5627838249192074 -0.38761234524644367
1644768495.252212 0.5769178184836825 2.6871354217834638 1.1163042554377018 0.4970960541427238 -0.5344679068911358 0.5624666313061969 -0.38841976246876814
1644768495.258925 0.5748507752013607 2.681452970303295 1.1162365184848473 0.49763617199173826 -0.533293004376381 0.5624816000756815 -0.38932044484725614
1644768495.2654452 0.5726251556471521 2.675802366229188 1.116333445862566 0.498287902456911 -0.5323420484053001 0.5625177063734088 -0.3897359492337238
1644768495.272053 0.5705476204901062 2.6700564446681683 1.116382815720746 0.49895085865060507 -0.5308599092810123 0.562859748611892 -0.3904149398605306
1644768495.278612 0.5683796745172242 2.664456011133634 1.1165734327320045 0.4996945247376423 -0.5294350192813969 0.5631015731791903 -0.3910494838106731
1644768495.2852118 0.5663067154239019 2.6585731590235104 1.1167640871343865 0.5006069910490127 -0.5275610013329659 0.563762825229524 -0.39146203904783544
1644768495.298545 0.5618904402618133 2.6471417334073863 1.1174015811315052 0.5026398690582512 -0.5244541497396553 0.5644723854152027 -0.3920089374937892
1644768495.305019 0.5597191031213384 2.6413566945019094 1.1178076682875222 0.5036629876709507 -0.5229408798075594 0.5648558612032162 -0.39216501873339443
1644768495.3116171 0.5571216752651795 2.636119409665653 1.1184798434408822 0.5043346142107191 -0.5226875417750166 0.5648563573252391 -0.3916385643425528
1644768495.318208 0.55553206050934 2.630037701914925 1.1188324522383002 0.5051045880504513 -0.5206226086859301 0.5656146678613954 -0.3923017809050593
1644768495.324828 0.5534285216978311 2.624453520962321 1.119421151473515 0.505656340538564 -0.5197573340822136 0.5658590718802532 -0.392385815545058
1644768495.3380969 0.549310441340082 2.613245617429154 1.120672086947351 0.5071222220795155 -0.5178213715188135 0.566169568216316 -0.39260561953716877
1644768495.3446422 0.5468741419935212 2.6080336616028155 1.1215335953635737 0.5075561786567725 -0.5175535913194406 0.5667508619686683 -0.391557968351798
1644768495.357823 0.5447025655360352 2.6024736810623277 1.1224010346246887 0.5081835598489586 -0.5164675672655039 0.5676164262611452 -0.39092390621471396
1644768495.364427 0.5418200924997657 2.5964067724529643 1.1237740647386514 0.5105146549207551 -0.5158320740972797 0.5667090110241625 -0.39004110278949256
1644768495.371021 0.5408063217460886 2.591270887069698 1.1239459319346232 0.5094254117164149 -0.5139256574609542 0.5685295278446044 -0.3913303560907607
1644768495.377613 0.5385722528870471 2.585803019228836 1.1249953896154816 0.5098431935097661 -0.5126829418425427 0.5698811672993234 -0.3904494270900526
1644768495.384224 0.535534986348509 2.580034747695719 1.1265340848736045 0.5120583384556316 -0.5119956610906887 0.5695390446757896 -0.3889486603524616
1644768495.39086 0.5346825092828575 2.5749033070379848 1.1267611228295422 0.5109038755187983 -0.5097852566215085 0.571480938372013 -0.3905186194579802
1644768495.397463 0.531083688257914 2.5696625777573066 1.128665695735661 0.5130345786751376 -0.5100162462897464 0.5713083883784698 -0.387665916921333
1644768495.404055 0.5302298684808499 2.5641736782585753 1.1289839528966226 0.5121334449757565 -0.5074078182654773 0.5735551013911003 -0.3889604958056475
1644768495.410622 0.5281807640743976 2.558723926875537 1.1301263784305475 0.5127457104673594 -0.5060882755920278 0.5743702566683381 -0.3886700181106662
1644768495.4172218 0.5252324436627587 2.5530320880388504 1.1318419294471211 0.5150667571012096 -0.5054280044093802 0.5735821028928617 -0.3876228095526542
1644768495.423863 0.5240699770845462 2.5478332338026437 1.1325787055353023 0.514559410483589 -0.5035677643796697 0.5749108234980288 -0.38874770954307186
1644768495.430422 0.5214714817637232 2.5424164687807074 1.1340551588573937 0.5164533410754317 -0.5032249571859336 0.5733530819674952 -0.38898073937166383
1644768495.437023 0.5192309914074738 2.5370621917309264 1.135499801261495 0.5172682439831203 -0.5025641695898917 0.5735665922851055 -0.38843698068321175
1644768495.443628 0.5182297186468339 2.5318131926621095 1.1362558503889038 0.516821856707146 -0.5007422462031529 0.5745620754957153 -0.38991022220202015
1644768495.4502301 0.5164937880004179 2.5266586239475752 1.1373306618755326 0.5170866469641741 -0.5000054999660964 0.5743937204971324 -0.3907516862535029
1644768495.4568279 0.5136038529676337 2.520983081897385 1.139139566111274 0.5196613144621951 -0.49985589682284026 0.5728111912107582 -0.3898496159456488
1644768495.463428 0.5116664041979484 2.5156397184348807 1.1403844686572238 0.5206873675127163 -0.4990775580874556 0.5724549220847096 -0.39000085290985126
1644768495.470011 0.5105869015745004 2.5105869820978346 1.1410838754990462 0.5205213874681631 -0.4979344830047739 0.5727530082424153 -0.3912439602388184
1644768495.476643 0.5085842007848581 2.5051113269458094 1.1423721006870657 0.5218031045174047 -0.4969477693640645 0.5728608489177899 -0.3906329241199293
1644768495.483213 0.5065961060637019 2.499677767324809 1.1436551800002044 0.5231112262381233 -0.495992567913488 0.5726764495028893 -0.39036742055066936
1644768495.489815 0.5045553693706636 2.4942143017852367 1.144891796357549 0.5247786256961373 -0.4946333894403358 0.5728373165458377 -0.38961737172331373
1644768495.4964428 0.5027712376677445 2.4887331193790114 1.1459918999353496 0.5261011677924959 -0.49298714914078645 0.573125254399987 -0.3894967043307524
1644768495.503017 0.500926859474651 2.4833489710085868 1.147201814745722 0.52740102398275 -0.4910921268324537 0.5737987736531076 -0.3891409218864239
1644768495.509609 0.4989933316389655 2.4779071413850917 1.148404740841463 0.5287841901259083 -0.4893158149637447 0.5745571022469352 -0.3883819451564695
1644768495.5162518 0.49589819420287595 2.4721632398974362 1.1501936842127736 0.531698863415998 -0.4884395329597301 0.5742432281574378 -0.38596243020910104
1644768495.522811 0.49399788714730164 2.4666366058288225 1.151261802844828 0.5330399340819265 -0.4866472864442166 0.5751259558917707 -0.38506109061997834
1644768495.5294132 0.49193221286805877 2.461060025596909 1.1525545628236844 0.5347330571940349 -0.484227447833394 0.5764124568965141 -0.3838385715576347
1644768495.536043 0.4899872563221344 2.455562099783535 1.1535567871287546 0.5358011194310055 -0.4822601597901378 0.5774785866436106 -0.3832230696864561
1644768495.5426161 0.4878582761981656 2.4500707195875826 1.154698680835806 0.5369675203532501 -0.48074984112938013 0.5781285473266858 -0.3825075451328381
1644768495.549248 0.4858534775329765 2.444638873565624 1.1557067505821956 0.5378343830414913 -0.47949515748524296 0.5789033101394828 -0.38169180628921157
1644768495.555815 0.48460324590674503 2.439404924409673 1.156189033145721 0.5376132776630492 -0.47756899441542205 0.5804144164324206 -0.3821230462771815
1644768495.562413 0.4815365524253818 2.4336798743545276 1.1576936242111224 0.5399681807605169 -0.4770424219163883 0.5794378028688296 -0.3809407079576371
1644768495.569043 0.48046896819455365 2.428478002420659 1.1580978094807408 0.5390496346955416 -0.47535427639867034 0.580825273213487 -0.38223674312245437
1644768495.575617 0.4774255794731938 2.4226790315054605 1.1594983307262663 0.541104206256009 -0.4751031034483984 0.5798257043007798 -0.3811620318581108
1644768495.582238 0.4753779333936426 2.417151567677007 1.1602592466484325 0.5414645300605131 -0.4743101638429863 0.5799934230073208 -0.38138260654188255
1644768495.588825 0.4731283099732163 2.4116454651373496 1.1611176320691767 0.5419856298620344 -0.474109628134523 0.5796674400125571 -0.38138748191472505
1644768495.595445 0.4710457936570366 2.4061184207677244 1.1618014331215736 0.5422496687164913 -0.47344095691874327 0.5795846218834262 -0.38196817433039143
1644768495.602035 0.4687645946470137 2.4005301932939216 1.1626042585669658 0.5427293613358493 -0.47282666743002333 0.579432435020449 -0.3822785316142066
1644768495.6086469 0.4668237077752376 2.3948637315909145 1.1631452987625528 0.5426264417967376 -0.47179502587308353 0.5798993405105556 -0.38299054723301745
1644768495.615242 0.46574934924759376 2.389534403472696 1.163193063485367 0.5410603807963663 -0.47000061772679635 0.5813617154629211 -0.38518930501320625
1644768495.621844 0.46243484894276343 2.3835088017932744 1.1644476867002629 0.5428651118339859 -0.4698984155070369 0.5803234263534213 -0.3843393979906852
1644768495.628448 0.4602786554314294 2.3775773243542577 1.1651082456512172 0.542618950292786 -0.46896441388582727 0.5814543101974486 -0.38411863596301066
1644768495.635015 0.4581163095274137 2.3720540798364556 1.165595511099881 0.5426590841965033 -0.46767129612488184 0.5815719666785983 -0.3854580429447991
1644768495.6416159 0.4557323732004449 2.3663812868010576 1.1661251134639365 0.5428399247658452 -0.4669135272355123 0.5822422055968439 -0.38511003896347645
1644768495.6482618 0.4533338009245256 2.3605451640792543 1.1667309773535879 0.5431440522757962 -0.4653455207421735 0.5830421228068585 -0.3853686492724366
1644768495.654817 0.45203493885267976 2.3551059649953303 1.1667352471088084 0.5418378636025823 -0.46314194967613653 0.5850951900033563 -0.3867479379893385
1644768495.66145 0.449697037756953 2.3492469635037865 1.1672844168320518 0.5421412980886008 -0.46145349143987346 0.5860065664520617 -0.38696107893572756
1644768495.668051 0.4474617513435327 2.343329830023017 1.1677662662311543 0.5423845910130524 -0.45943724756163795 0.5872299642435638 -0.3871646515256826
1644768495.674614 0.4440516753099344 2.3370428037901916 1.1689529712380304 0.5443045996568454 -0.4584315848427309 0.5870607040469661 -0.3859168560299318
1644768495.6812491 0.44185297360158227 2.3311582278012954 1.1694042391945412 0.5446821493215137 -0.4563999362919061 0.5878675370584142 -0.3865633976968023
1644768495.6878169 0.44052039679432153 2.325558414596539 1.1692092834563814 0.5436496266813945 -0.45386145153774654 0.5898550200896447 -0.387975599466648
1644768495.694413 0.43836998668318844 2.319474581615458 1.169744196570561 0.5442731641635771 -0.45181147027663604 0.5905262260324264 -0.38847267626535714
1644768495.701014 0.4358151136675009 2.3135161749063813 1.170211805077905 0.5451874770184142 -0.45078728976240623 0.5903892396823972 -0.3885885975753862
1644768495.707642 0.43350135461983863 2.307518756303922 1.1706228842727442 0.5459526529168433 -0.4496264449644729 0.5902118370201106 -0.38912829045832176
1644768495.7142131 0.4300113046652346 2.3011018235038327 1.17175050415615 0.5483044512228513 -0.44958307966858213 0.5887405235211591 -0.3880992036571317
1644768495.720856 0.4287796157616985 2.2954362094912155 1.1715645928117238 0.5472244339745473 -0.4480251724449331 0.5896246902079221 -0.39007790584139435
1644768495.727448 0.42647598188062785 2.2893270839062696 1.1721067135790548 0.5479144871488115 -0.4472536524281373 0.5893051655776604 -0.39047712427562037
1644768495.7340102 0.4240606106462648 2.283169173604777 1.172566709160811 0.5488418912821781 -0.44656487629053976 0.5887485490267684 -0.3908025903822406
1644768495.740612 0.42179126968823744 2.276955551960413 1.1730725676595126 0.5495878520190044 -0.445514328441565 0.5886243965727778 -0.39114013225673483
1644768495.747211 0.41943339532822654 2.2709128829958383 1.1735730443665486 0.5501827329383514 -0.44463918708237943 0.5885995941059554 -0.39133690916308
1644768495.7538161 0.4171099101833879 2.264704530670173 1.1741726053579933 0.5511546498460268 -0.4430808607773706 0.5887089027213372 -0.3915722641693488
1644768495.7604458 0.41475958154471226 2.2584851508324038 1.1748498555358742 0.5521250269337111 -0.4414612533289218 0.5891193511891097 -0.39141723572696097
1644768495.767055 0.4126716431451032 2.2521650136287104 1.1754862473435508 0.5530654426280902 -0.4391410023406354 0.5895446073323956 -0.3920587634985862
1644768495.773618 0.4102184282805844 2.246024237590842 1.1761557173412958 0.5542229706458749 -0.43748084506126417 0.5898136712294978 -0.3918753637880241
1644768495.780216 0.4076797935407849 2.2398425303942955 1.1769705821571272 0.5552621629572602 -0.4358016185869918 0.5903392257270412 -0.3914837978489423
1644768495.786806 0.4051809666016738 2.233516717841538 1.1779349610640368 0.5563229333789911 -0.4336439104325349 0.5912271367616073 -0.3910336481925991
1644768495.800119 0.4011623985108861 2.2210002966858666 1.1794411532928306 0.558542042945129 -0.428852439294654 0.5916626521784161 -0.392492998452276
1644768495.8066182 0.39898028106701355 2.214804820423264 1.1804059924696366 0.5594342340833721 -0.4269709934951543 0.592087449105714 -0.3926330239256543
1644768495.813251 0.396651808912649 2.2085022729344552 1.1813519597537316 0.5606899743952223 -0.42523271344161945 0.5920971483289419 -0.39271369263695727
1644768495.819815 0.39450736166256634 2.20226714217444 1.182401844775361 0.5618473492268105 -0.4233914646789604 0.591947930240571 -0.3932734052340693
1644768495.826407 0.3922215996232383 2.1959374217505214 1.1835790696477304 0.562796502297437 -0.4217053373877518 0.5923163229718482 -0.39317317231008847
1644768495.8330162 0.3901052947775715 2.189812966805554 1.184555937547151 0.5640355802815821 -0.4200617232856977 0.5917578225060462 -0.39399714529222063
1644768495.839652 0.38794998678501985 2.183543921255459 1.185713387469897 0.5652133737038496 -0.41818130981269275 0.591677447142326 -0.39443013361558116
1644768495.846255 0.3857536711798174 2.177250701247693 1.1869833869305266 0.5665352398194785 -0.41617440918831405 0.5915534173316285 -0.394842145595859
1644768495.852818 0.3841331794345107 2.171033286922217 1.1878968144631283 0.5673824083951658 -0.4135611179773215 0.591369922066277 -0.3966422083399369
1644768495.8594282 0.3822354103187297 2.1647206273132102 1.189237726993832 0.5677559129409497 -0.4108865056635843 0.592362675461688 -0.39740535975090796
1644768495.866026 0.3799112468314188 2.1585656723088307 1.1905222678117455 0.5693205502434112 -0.40894534063342336 0.591974494221201 -0.3977476270444605
1644768495.872621 0.37779150803709777 2.1525035268216284 1.1917536471599055 0.5703590345460465 -0.40674219040134263 0.5918852295791626 -0.39865073383202204
1644768495.879219 0.37538323596308193 2.1462713490288237 1.1932466066151561 0.5714145970923897 -0.40473500159581055 0.5923524369879424 -0.39848784405097365
1644768495.885818 0.3737281301294356 2.1402908440028425 1.1945148345784118 0.5723694018770382 -0.40184857943411073 0.5919687759230453 -0.400603380368467
1644768495.892419 0.3717054408986251 2.1341985430287416 1.1958256979998882 0.5729525812697271 -0.39963498083617516 0.59215152723236 -0.4017124271129884
1644768495.899049 0.3693689481787406 2.1281301199745273 1.1973036134066242 0.5735156180943964 -0.39810035987479303 0.5921650838867683 -0.40241213368301737
1644768495.912272 0.3620568362506593 2.1173173264295095 1.200603347152887 0.5745962703376396 -0.4013325733730932 0.5905557226825696 -0.400017926180721
1644768495.918848 0.360036539974995 2.1112626748243972 1.202039056158108 0.5749540371490334 -0.4001347198732202 0.5899071903204739 -0.40165731620900313
1644768495.9254138 0.35828601865569853 2.1051265493790057 1.203412705093908 0.5753547710629902 -0.3988200069649179 0.589063623730547 -0.4036244146153018
1644768495.932042 0.3560383526683444 2.0994004377456186 1.2048897012582456 0.5756827970635476 -0.3991929562191948 0.5876569108098205 -0.4048367006576935
1644768495.938625 0.3539111543434263 2.093596861088866 1.206392591383566 0.5760658379801271 -0.3995274949495454 0.5862014721810411 -0.406070083045819
1644768495.9451892 0.3518238128365133 2.087750432517432 1.2077986327654124 0.576439054626119 -0.39994000995120144 0.5847358812707413 -0.4072456079863864
1644768495.951823 0.35010786715919695 2.0817849088652705 1.2093970637931346 0.576838162643015 -0.3995341333625084 0.5833401041575406 -0.40907640573896403
1644768495.958422 0.34817163669542134 2.0758765713513543 1.2109209794125126 0.5772330457237687 -0.3996965652728677 0.5821066530774794 -0.4101164967214524
1644768495.97169 0.34454934460563247 2.064395249742821 1.2140281050161104 0.578052560766017 -0.3997167279655536 0.5793451255943464 -0.41284380037016916
1644768495.9782348 0.34269227642973404 2.0585796971863286 1.2156582356681638 0.5787203793611205 -0.39944567100030665 0.5781089573057653 -0.41390278517464996
1644768495.991523 0.3388750743585908 2.0472444324377013 1.2190059248231115 0.5805891565404189 -0.3990006498781626 0.5755317164385436 -0.41530409683181285
1644768496.004718 0.33566023877951 2.0356422267136103 1.2225771320115646 0.5829584903396393 -0.3968694445723773 0.5734716922686891 -0.4168740433148519
1644768496.011224 0.3335361094081133 2.030407909192837 1.2240590379485181 0.5838671322447813 -0.3972073060293936 0.5723866736142309 -0.4167715861873899
1644768496.024435 0.3320741232318801 2.024732026650364 1.2258419606665452 0.585387231735581 -0.39577989741296465 0.5714356578998879 -0.4173020310686482
1644768496.031019 0.3306227289628785 2.0187510653830754 1.2278564983238929 0.5874902042476435 -0.39431415483683124 0.5700713501000303 -0.4176001486506144
1644768496.037621 0.32909171899274486 2.0131301868609324 1.229624618186405 0.5888756345044457 -0.3936087299595008 0.5691582015273592 -0.4175597938652933
1644768496.04422 0.32758968629090435 2.0076822277565682 1.231308260144648 0.5903785944017397 -0.393292373340068 0.5674313466593592 -0.41808559772744597
1644768496.050823 0.32619910655889806 2.0022196747882433 1.2330662470380647 0.5915794183085579 -0.3930458943327065 0.5661293269072744 -0.4183849495426057
1644768496.057428 0.3249398710594684 1.9966444203269207 1.2348609386545557 0.5926763403543733 -0.39247280014459096 0.565228320978411 -0.41858865072934986
1644768496.0640519 0.3232783752926436 1.9911178439313975 1.236676096264818 0.594015576641609 -0.39285022690067184 0.5638262738217408 -0.41822685431957624
1644768496.070624 0.3213012149885324 1.9859436019931669 1.2383907576101305 0.5956483578198145 -0.3943732990413785 0.5612784339189294 -0.41789822579976255
1644768496.077227 0.3219250845709508 1.9802979193788324 1.2401473851163773 0.5963745193955373 -0.3911213281879241 0.5610231781385921 -0.4202549045769829
1644768496.083822 0.32081697248337065 1.9747941709156727 1.241833624596222 0.5971099380923488 -0.3905940231905566 0.5601867772436436 -0.42081643670605284
1644768496.0904572 0.31818785522784404 1.9693847830070386 1.2435218298629183 0.5980171711925324 -0.3921683367856227 0.5589402389830612 -0.4197200852354734
1644768496.097054 0.3161794701117817 1.9641040672733105 1.245458810906432 0.6000746658314022 -0.39343292837908955 0.5566635492511065 -0.41862418096782555
1644768496.10365 0.31561169473180983 1.9586986770792418 1.2468938312216922 0.6003873132125016 -0.392037866727061 0.5561735577039209 -0.4201332275137034
1644768496.11021 0.31654856343653764 1.9529147669574338 1.2485296937277752 0.6012511395000616 -0.3883398408602672 0.5558991919256692 -0.42268789833855025
1644768496.116849 0.3158484675688184 1.947885962199429 1.2497581013761054 0.6017347001569643 -0.3880605936223425 0.5543115160990839 -0.4243380671741959
1644768496.123444 0.31437022563124467 1.9423870468248552 1.251673209496131 0.602991836026774 -0.3880916975617064 0.5534704271808059 -0.42362219147598795
1644768496.1300118 0.31298436749289016 1.9370828838004082 1.2534020090204825 0.604528336302777 -0.3884491217507931 0.551622660705297 -0.42351484993318045
1644768496.136645 0.31227975116943696 1.9315059680293072 1.2550676359853412 0.6056164056542829 -0.38754738416152335 0.5504377828053046 -0.4243273688098066
1644768496.143254 0.3112389622833389 1.9262017122154589 1.256666362878346 0.6066105015934373 -0.3875011200793992 0.5485907562589407 -0.4253404249848893
1644768496.1498098 0.3103306282102803 1.9208949258370354 1.258051378707341 0.6070525414552401 -0.38751059167633967 0.547983349601128 -0.4254840162232977
1644768496.156414 0.30884082731189244 1.9156139092973028 1.2597092732108837 0.6087038126624592 -0.38841805409642666 0.5458082728882787 -0.42509305350296106
1644768496.1630452 0.3084369297953549 1.9100747584595377 1.2613076639605791 0.6093459245198168 -0.38687477506551726 0.544917412196976 -0.4267200928701966
1644768496.169614 0.30783773382192325 1.9045433240907257 1.262752936397151 0.6098538285217026 -0.38596460939730104 0.5450617242936899 -0.42663451500775795
1644768496.17621 0.306680024204608 1.899158582911621 1.2642891038320319 0.6109401427109733 -0.38596299893020386 0.5442073557671488 -0.4261721329862188
1644768496.1828191 0.3070207529927915 1.8934096231707067 1.2653182178426066 0.6109089823124413 -0.38293314696708775 0.5444201622551685 -0.42867085371014674
1644768496.189415 0.30760113583730553 1.8876977500302001 1.2663538305634832 0.611172448710669 -0.37959936200318795 0.544613329245697 -0.4310088164612513
1644768496.196016 0.3037907485539857 1.882756756735048 1.2686619720272994 0.6134344974819647 -0.38364530573641964 0.5432285753891369 -0.4259304953327297
1644768496.202645 0.3022458445191807 1.8777491970462543 1.2702179262588695 0.6142330257061814 -0.3843690067829513 0.5429998503032287 -0.4244161356848104
1644768496.209217 0.30167214285147453 1.8722749190287498 1.2716800669497998 0.6152252858761569 -0.3831347613747435 0.5427972017614889 -0.42435425200447774
1644768496.2158048 0.30186845754065184 1.8666053129441231 1.2728936429732696 0.6161505627914828 -0.3806539815482019 0.5424665756679694 -0.4256649309408182
1644768496.222412 0.3003601327672506 1.8616186938505097 1.2743391698958553 0.616780809228011 -0.3817348610263732 0.5423179280241768 -0.4239704039242102
1644768496.229044 0.29932953616441255 1.8566539049701587 1.2755087204890205 0.617007711763534 -0.382271863180976 0.5419451086524986 -0.4236328996674639
1644768496.2356212 0.3000695523278059 1.8504170074057906 1.2770036459214382 0.6184313863720424 -0.3782983667517387 0.5417722123859507 -0.4253415817450638
1644768496.2422059 0.2997499818836792 1.8451808949928556 1.2781491775052325 0.6185902411498753 -0.3774652363619668 0.5415867567815057 -0.42608618396600223
1644768496.248855 0.29850569379358505 1.8400130551474683 1.2794429860620817 0.619653869262213 -0.3783005401541662 0.5396775620975283 -0.4262224585880361
1644768496.255411 0.29859056843149767 1.834334741252039 1.2806871407782692 0.6199948750616537 -0.3764464855185546 0.5403101689609154 -0.42656641832013426
1644768496.262023 0.2983206137919291 1.8289325582028095 1.2818358709620048 0.6202965725587031 -0.3756761624781755 0.5398473625971549 -0.42739227565332416
1644768496.268623 0.2978610861922882 1.8236051348806213 1.2829061270886262 0.6204375021233931 -0.37537986507838633 0.5395336579783668 -0.42784370037278013
1644768496.275223 0.29765935433383117 1.8182107791877633 1.2840787206920832 0.6210075851509724 -0.3746418177488657 0.5385919759596947 -0.42884897024644025
1644768496.2818189 0.29721112326743715 1.8129715059007885 1.2851271540025997 0.6209315167548954 -0.37454323779886556 0.5383761691589437 -0.42931596152480545
1644768496.288463 0.2955929821881523 1.8079675979009666 1.2866915306338182 0.6218123364113165 -0.37648149795221303 0.5374515779119945 -0.4275003549549408
1644768496.2950249 0.2965896331965131 1.8023381949403916 1.2872366902943875 0.6218700056398643 -0.3738462748682696 0.5366011847014848 -0.430784846530308
1644768496.301585 0.29613072293557113 1.7973756896520536 1.2883143610236132 0.6221591621274358 -0.3736351933009945 0.5351837672510893 -0.4323108208669283
1644768496.3082519 0.2949762128017682 1.792183641869669 1.2896974488439923 0.622709307931363 -0.37449598786839977 0.5349668493125006 -0.4310406150849666
1644768496.314817 0.2960320885058712 1.7861853125867206 1.2906156818484718 0.6231399600707247 -0.37105027270682367 0.5356322404978461 -0.4325690248933839
1644768496.321478 0.2935554052212557 1.7811572737296615 1.2925103544383791 0.6248669582265796 -0.3740326754819711 0.5341631929489472 -0.42931352190728705
1644768496.328017 0.29302034626564466 1.7757406249175944 1.2937803598954916 0.6262865936522621 -0.3735762783898061 0.5324958604307748 -0.42971341808611896
1644768496.33464 0.29396805425094097 1.7715561634682957 1.2937807344835772 0.6244194343650756 -0.3727299821624737 0.5331240358295892 -0.4323784730326272
1644768496.3412192 0.29375339794738903 1.7662523339668612 1.2950491787710021 0.6257226561599466 -0.3721766406526878 0.531625705107339 -0.4328156840875004
1644768496.347816 0.29713927335211104 1.7590825203258929 1.2957659972162519 0.6266652747819151 -0.3642059593716661 0.5323072954426964 -0.4373708845628252
1644768496.354462 0.2966253286379993 1.7538250835716294 1.2969419060428822 0.6276632598812452 -0.3642572671947261 0.53150267902077 -0.4368753525673755
1644768496.3610618 0.2975256599899258 1.7480691237529333 1.2979859599314056 0.6286049708740051 -0.3615843815943932 0.531102538245393 -0.43822626497923195
1644768496.367666 0.29854179884381166 1.7421699638159545 1.2990013166463514 0.629183908284329 -0.3587071576730878 0.5313205788746028 -0.4394938430493304
1644768496.374223 0.29702130750719646 1.7370843070265432 1.3006356104267551 0.6306362419701314 -0.3604414550566521 0.5307567138891942 -0.4366654904954465
1644768496.380862 0.2987064229770877 1.731265717214122 1.3014460935355847 0.6309339043526033 -0.3564583285295687 0.5309661528243333 -0.4392430591681799
1644768496.387469 0.29850078545488257 1.726038167964594 1.3026707133888387 0.6323440000421031 -0.35609168192743557 0.5291406918914391 -0.43971534947046687
1644768496.3940248 0.2986960319389386 1.720099704674182 1.3040828370171722 0.6331863107829167 -0.35468388339193035 0.5305356432820755 -0.4379565991008555
1644768496.400701 0.2988080495160926 1.714865381729303 1.3053500131024935 0.6343168114542383 -0.35376751047163785 0.5286219901309719 -0.43937359123060876
1644768496.4072251 0.2972458689920153 1.7094683250630767 1.3073727593601847 0.6362315498598372 -0.35555724950089496 0.5281262345810247 -0.4357416270480561
1644768496.413814 0.299094136249727 1.7038124541733322 1.3080727089457345 0.6360351875878234 -0.3521710339328269 0.5280426610879437 -0.4388683422095374
1644768496.42045 0.29926499352447145 1.6982090731540702 1.3095381319187647 0.6373647827157213 -0.3514466162207871 0.5272576013530452 -0.43846375700180673
1644768496.427016 0.2996263582157944 1.6926862481397402 1.310962135045758 0.638216579153318 -0.3505631244031562 0.5264556633163551 -0.4388953740612756
1644768496.433627 0.2996878835887155 1.6871441674474295 1.312551889120222 0.6393188745227713 -0.35026262045612894 0.525725707970727 -0.4384056607444095
1644768496.440207 0.3002416421176108 1.6814307938412585 1.3140300689095077 0.640284475848414 -0.34905014604397944 0.5257099607138382 -0.4379822029711608
1644768496.446816 0.30050116215424955 1.675659264409778 1.3157686421067007 0.6416825034077902 -0.34813022563332674 0.5253979832976301 -0.4370418877511763
1644768496.453408 0.2986823617491685 1.6705088276893962 1.3182249205259977 0.6441078251962521 -0.3509186258209003 0.5232073199758099 -0.4338604296936408
1644768496.460018 0.3007837474421853 1.6648298310686498 1.3191303697986496 0.6445353067679594 -0.34724068776722855 0.5224782627947289 -0.4370518985769682
1644768496.466614 0.3018282120520345 1.6590284456411668 1.3206690366627318 0.6458020858789889 -0.34505522105769154 0.5214846282309477 -0.43809806118958033
1644768496.4732149 0.30024566190445695 1.653725470413969 1.3230380607132923 0.6472601891292639 -0.347217064645442 0.5213675718732753 -0.43436160654561146
1644768496.479816 0.30261056474921594 1.6477277614085037 1.3242967564772143 0.6474644452517555 -0.34302232315770137 0.5210979161478189 -0.4377008828182389
1644768496.486421 0.30277827765623266 1.6419262077817967 1.3262396111216144 0.6486257639429707 -0.3425950724691203 0.5204863192061238 -0.43704315044016157
1644768496.4930491 0.30337924373371566 1.6363374891574252 1.3279754139631281 0.6491964880675368 -0.3419507610934511 0.5194725912640681 -0.43790565325210623
1644768496.4996212 0.3039776486010927 1.630452821039821 1.329785673440788 0.6496333552394459 -0.3412607263587077 0.5192351012507934 -0.4380777007132013
1644768496.506227 0.3049841352596996 1.6248653645594198 1.3315526596816314 0.6498333942239015 -0.3403032789519479 0.5179313912157599 -0.440064771043894
1644768496.51282 0.3053250818502478 1.6191512577783753 1.3335170506357559 0.6502649047398072 -0.3406926561177505 0.5168292545675177 -0.44042159995295255
1644768496.5194418 0.3060795601724292 1.6133089601212136 1.3353135311010915 0.6501189331603345 -0.3407061123630665 0.5164943677312861 -0.44101928253966155
1644768496.5260549 0.30662630419973574 1.6077852042578655 1.3371951063006184 0.6497010874450662 -0.3412737653163491 0.5154791697464179 -0.44238162559882116
1644768496.5326421 0.3071832545750478 1.6020840385255761 1.3390336114255763 0.6495301144689951 -0.34183700861850236 0.5144297624707381 -0.4434182951746669
1644768496.5392342 0.30776348495320804 1.5963773514411874 1.3408569865081117 0.6494226418809624 -0.3423447424963059 0.5132360529295151 -0.4445656619525253
1644768496.54582 0.30853367074749366 1.5906551684752017 1.342666185763401 0.6491208775479769 -0.3427311420258371 0.5122455069893311 -0.44584931067488154
1644768496.5524359 0.3089918575394065 1.5849653011537044 1.3445696770013136 0.6490259710775684 -0.3435954477006153 0.5109479530353069 -0.44681007576513765
1644768496.5590641 0.30676278270771884 1.579384766369369 1.3472558823413436 0.6499616694146577 -0.34892491023854594 0.510227708509492 -0.4421183548984
1644768496.565755 0.3102485062832163 1.5734068023228016 1.3483026218111895 0.6489665607305146 -0.34470964976921215 0.5084009833896395 -0.4489385662207779
1644768496.5722592 0.3104922341790486 1.567653562971569 1.350103116580808 0.6490834950490755 -0.34648734305794393 0.5071725682006988 -0.4487902811021324
1644768496.578849 0.3113364214347529 1.5620283473816545 1.3519435951834036 0.6485268958435295 -0.34654828243665414 0.5062602594998602 -0.45057443759140003
1644768496.5854259 0.3118700758043428 1.5563433671324036 1.3537541258034265 0.6484330214813652 -0.34760211907396515 0.5049136729591289 -0.4514080864169397
1644768496.592064 0.3127022490934086 1.5504712368090874 1.3556843124240625 0.6482207000064177 -0.3476504108688097 0.5047844574280076 -0.4518201390639297
1644768496.598627 0.3132040457478063 1.544753092990439 1.3576717805416303 0.6482807145210026 -0.3482430184872294 0.5037086309951331 -0.4524777183811715
1644768496.605271 0.3138797332236191 1.5390708134277902 1.359462289556882 0.6484671351775875 -0.3488031055254739 0.5026693798656924 -0.4529348277253857
1644768496.611826 0.3147310027231376 1.5332726027243258 1.3613271490320402 0.6485427562698398 -0.34895349503193773 0.5022414161127817 -0.45318530432582843
1644768496.618426 0.31541914444333846 1.5275357659663977 1.3633124844473379 0.6488736586233126 -0.34895623497672684 0.5013134699119409 -0.4537367602252552
1644768496.6250129 0.3159350489584649 1.5217909634980278 1.3652154155906864 0.6496802024205065 -0.3494083744882388 0.5000183769817153 -0.4536634963982657
1644768496.631637 0.3167223675591458 1.5157627463966987 1.3671129368222603 0.6502988964010854 -0.3494022284121046 0.5001483606502605 -0.45263742076672686
1644768496.6382148 0.31727808200128393 1.509875852557332 1.3691443097970732 0.6509925151961186 -0.34977189473340703 0.49977745238983395 -0.4517638304115963
1644768496.64482 0.3177932758246917 1.504427189242487 1.371012062091156 0.6516524935639141 -0.35087028211325744 0.4974892163435219 -0.45248566617166536
1644768496.6580548 0.31838397101240695 1.4986569052391223 1.372964825352617 0.652259555201609 -0.3517524999577854 0.49641817454936643 -0.4521020537125388
1644768496.664614 0.3187508282741297 1.4929738614719346 1.3749965218715436 0.652826220852166 -0.3531405287206664 0.4953209689765695 -0.45140493883605254
1644768496.671216 0.3193432282147942 1.4872548934575816 1.3769532209656679 0.6532902931649429 -0.3542775901865338 0.494075026819332 -0.4512078988407501
1644768496.677814 0.31676038102609966 1.4818393698362398 1.3799325124028903 0.6546939970138322 -0.3607248260069046 0.49261564160461585 -0.44562646279385143
1644768496.6844091 0.3176653491344172 1.476168393003254 1.3818043916393663 0.6544954597158438 -0.36154454860833674 0.4920407037177381 -0.44588873976672316
1644768496.691073 0.3184431794639799 1.470398054878316 1.3837059503124685 0.6545520161592165 -0.3620119957133169 0.4911964636327279 -0.44635714236782026
1644768496.6976142 0.31915094088645507 1.4647612185365917 1.385613554953453 0.6545661131163664 -0.3626108629637346 0.4903843765367918 -0.44674323768725066
1644768496.704233 0.3218949752473173 1.4589025147950465 1.3870177684151712 0.6540957660606701 -0.35956417228565885 0.489786887959133 -0.4505339920573706
1644768496.710867 0.32263218584198916 1.453229914366562 1.3889902314695748 0.6542835008851873 -0.3594362905530267 0.4890514923921097 -0.45116181952629486
1644768496.7174568 0.3213325189347204 1.447814152434329 1.3915114952162075 0.655167283402718 -0.3624330093400556 0.48791540369462305 -0.4487053317211276
1644768496.7240589 0.3220425771539329 1.4420398774844103 1.3936661390699476 0.6558533233731626 -0.3620458340636252 0.48685248652623075 -0.4491698396038202
1644768496.730628 0.32260972753780787 1.436463105181083 1.3955962495511685 0.6561391613459358 -0.36212338850985265 0.48607817513321294 -0.4495284438868342
1644768496.73725 0.323329292508741 1.4309676386677495 1.3975488504088602 0.6564373176189526 -0.3620500489584812 0.4851119375584142 -0.4501951509126895
1644768496.743851 0.32415644872010685 1.4253592763145515 1.3995361413652967 0.6564822118266401 -0.36190454747853357 0.48452280442020856 -0.45088081769405813
1644768496.750418 0.32692487339943566 1.419542212978949 1.4007666628694189 0.6559580511994401 -0.35890635900929185 0.48372133890865804 -0.45488309990567916
1644768496.757055 0.32632375946308056 1.4142182265425562 1.4032705606387026 0.6568349389694492 -0.3617430112188452 0.48236938389978523 -0.4528017298530985
1644768496.763607 0.3270991348736628 1.4085471589963434 1.4052015052784097 0.6570168634080794 -0.3623106825545397 0.4812375945013287 -0.45328787969365475
1644768496.7702148 0.32781253020185847 1.4030153987150737 1.40711445527511 0.6571907547864344 -0.36337485202457553 0.47975817003340215 -0.4537518671098135
1644768496.776813 0.32888656099151115 1.3970598958398073 1.4089920276030425 0.6570486404719453 -0.36374334088448085 0.4797899261755996 -0.4536289037149106
1644768496.783416 0.32950793782604726 1.3915846983929803 1.4109174939467726 0.657380964096987 -0.36503684948791987 0.4775343137233121 -0.4544877829937754
1644768496.790038 0.3294120395860445 1.3857535553079492 1.4131167980663666 0.6580344107463546 -0.36727245331171504 0.4761892290714737 -0.4531503354609804
1644768496.796615 0.3312511740071731 1.3801505000994627 1.4145624512873936 0.6573580132022697 -0.366934042246466 0.4750470512878478 -0.4555982380180903
1644768496.8032482 0.3321782976622172 1.374278048853031 1.416401194875787 0.6570608982735869 -0.36790100929983166 0.4749069891365525 -0.4553929070088725
1644768496.809815 0.3324568523732177 1.3684189170804406 1.4184987601784962 0.6572964913729047 -0.3694310303582024 0.47384584796377777 -0.45491948479141314
1644768496.816412 0.33395898404307 1.362940693372876 1.419896173330391 0.6569544842188743 -0.3693792641360334 0.47196718041550584 -0.45740172759264836
1644768496.823019 0.33501823432777855 1.356939885435405 1.4215994747106178 0.6566072653390344 -0.36985463975190375 0.47210183374864373 -0.45737725570814813
1644768496.829612 0.3352111040598411 1.3511384321939137 1.4236038296258098 0.6569204820763652 -0.3715690094443334 0.4708656629733865 -0.45681196861783663
1644768496.836312 0.33686012127120757 1.3456797093473167 1.424938815682722 0.6563722532142043 -0.3711827134046282 0.4689679430828482 -0.4598558736236544
1644768496.8428102 0.3371348105335884 1.339926394845008 1.4268304166586705 0.6565710757918898 -0.37292377341714605 0.4677639867316436 -0.45938948712499506
1644768496.8494499 0.3388156657762246 1.3339009597211016 1.4282532498167728 0.6561319754209561 -0.3723871240368235 0.4679702212892384 -0.46024146488201256
1644768496.856013 0.3403192838335122 1.328096465438605 1.4296741161765132 0.6559656428642394 -0.37215784371926464 0.466876847046259 -0.4617718411753374
1644768496.862638 0.34054114581961475 1.3227972271291306 1.4313208688899683 0.6560943896675174 -0.37423558797578826 0.4646414779332861 -0.4621642448748246
1644768496.8692071 0.34243672812220166 1.316871933436607 1.4325704346238908 0.6560036847680369 -0.37325184273146494 0.4635632672117376 -0.4641670122327429
1644768496.875815 0.34329524244856047 1.3108992029575206 1.4341189633438225 0.6560806317304294 -0.3741664924135789 0.46346154555487573 -0.4634229020703577
1644768496.882411 0.3446852806379278 1.3051679037671746 1.4354532857133777 0.655842325866392 -0.37458395035714065 0.4628174921643258 -0.4640661267173432
1644768496.889059 0.34590544547680935 1.2991733558884035 1.436914792823081 0.6564305945768129 -0.3746352899173565 0.4610593979724653 -0.46494211794168017
1644768496.89569 0.34688696140238434 1.2934516540073362 1.4383671240502216 0.6564963194460646 -0.3758398281930736 0.45961506473964464 -0.4653069913444165
1644768496.902251 0.34825923031980466 1.2874934677825516 1.4396626251436253 0.6564670183771166 -0.3761950004728308 0.45897486904463436 -0.4656931325786398
1644768496.90882 0.3490256530363855 1.2816850020017627 1.4411229897654785 0.6565102649756466 -0.3778031365148615 0.45810810903963123 -0.46518339304155243
1644768496.9154282 0.3502603024685144 1.2759641946224944 1.442375148321441 0.6561825179441271 -0.37892589042221253 0.4574991305044238 -0.4653318739312382
1644768496.9220228 0.35133973433446664 1.269872800233026 1.4437591696686378 0.656988376572173 -0.37945238919825935 0.4556652751447767 -0.4655651659395916
1644768496.928631 0.352407313308309 1.2640705011160664 1.444995476824289 0.6570114929055826 -0.3804665858265833 0.454574170754549 -0.46577152223962065
1644768496.9352288 0.35366615502610504 1.2582281517207117 1.4462391663061571 0.6569384675334705 -0.38093983569799705 0.4536183228703172 -0.4664189696144896
1644768496.941826 0.35457420480816804 1.2523674481967753 1.4475032085138164 0.6572027989151722 -0.38175007407341377 0.4528116165117576 -0.4661680745674903
1644768496.94841 0.3558453760691066 1.246545451465359 1.4487003832242031 0.6576155716260383 -0.3814634005682033 0.4512085189534873 -0.4673732994357292
1644768496.95505 0.3570697079255476 1.2403771111887902 1.4498996464836753 0.6578099549072169 -0.38153355704307906 0.4514298421564297 -0.4668285481472587
1644768496.961607 0.35853676031474 1.2343641464115516 1.4510218435334075 0.6579843996808337 -0.38073868348863404 0.45074311645333215 -0.46789401301339684
1644768496.9682171 0.35921815752736375 1.2285606828564843 1.4522731817743149 0.658566884524704 -0.3815408241553738 0.4488469322650214 -0.4682439302331632
1644768496.974846 0.36089687553149646 1.222397267282729 1.453297931223054 0.6586588076772447 -0.38074080072545446 0.44857742496181197 -0.4690234012292475
1644768496.981452 0.36198563249342586 1.2163841719987927 1.45447573882246 0.6592558031709296 -0.38044828583526286 0.4471433649285181 -0.4697906354649667
1644768496.9880419 0.36322772108846274 1.210077769798506 1.455560867075227 0.6595216940001402 -0.3802757167040988 0.44725775247075805 -0.4694482897429529
1644768496.994667 0.36215817575255604 1.204572617726986 1.4572383161292026 0.6601044861739058 -0.38425807660259165 0.4455350069634262 -0.4670183774103542
1644768497.001227 0.36582429735035144 1.1979125525267589 1.4575629882736225 0.6594095031765919 -0.3798969479069109 0.4463334997270859 -0.4707902247824237
1644768497.0078511 0.3669748628467244 1.1919945634672169 1.45849160817584 0.6593633477369811 -0.380236931642396 0.4453666860668864 -0.47149558982544176
1644768497.014416 0.3683704154326907 1.1856804601199524 1.459510983614886 0.659149548495134 -0.37964880583615673 0.4459529359448295 -0.47171404046462456
1644768497.02102 0.36971217316005023 1.1799067515126966 1.4603516561770076 0.6596153563293221 -0.37928324483372544 0.443569181315015 -0.47360083209604004
1644768497.027615 0.37101934065978626 1.1736834754464467 1.4613039233748188 0.6594722072185826 -0.3790018266920663 0.44343181747284005 -0.47415387035187223
1644768497.034256 0.37183654370513425 1.1674329713653717 1.4621665832411403 0.6598079159689126 -0.3797534724973056 0.44226601170202645 -0.4741742961084792
1644768497.040821 0.37323729767248226 1.1610984237925532 1.4630602607108902 0.6599795045828537 -0.37938811278509804 0.4416847568756943 -0.47476931658555627
1644768497.047421 0.3749416511253659 1.1550355959025078 1.4635887750318775 0.660166734458646 -0.3788227388983395 0.44027732645904794 -0.47626533704177687
1644768497.054019 0.37580503103738805 1.148321919711674 1.4647092242630237 0.6605052762340645 -0.3793625889023052 0.44044153852212936 -0.4752133424159819
1644768497.060693 0.3766636367945826 1.1423241606977732 1.465540605623634 0.6611477737576018 -0.379630807979272 0.4379471132127306 -0.4764094607060987
1644768497.067214 0.3782521758552686 1.136045557347407 1.4661676270621797 0.6615934456587836 -0.37865388852755855 0.43622945421686105 -0.47814105447211963
1644768497.0738199 0.37969249531060234 1.129699968164412 1.4668478459994079 0.6613658639987222 -0.3784558712189212 0.43680148704988686 -0.4780904268975579
1644768497.080414 0.381138089147806 1.1234419588193134 1.4676043547258308 0.6610291845925867 -0.3783787682046911 0.4365398050545762 -0.478855602704507
1644768497.08703 0.382330859531956 1.1170680244755762 1.468278900383326 0.6612549374195553 -0.3777691902494053 0.4356348568766925 -0.479848057591387
1644768497.093617 0.38381441659934346 1.1105728474522583 1.4690224667498781 0.6613624902926012 -0.3767501374339734 0.43500434819592426 -0.4810716455698182
1644768497.100252 0.38567576971508477 1.1044399451508384 1.4693773159245782 0.6619014091123802 -0.3748247316590557 0.43313195252294107 -0.4835175774417153
1644768497.106828 0.3871033835748443 1.0976105186298246 1.470315929260941 0.6625335719355661 -0.373272872946794 0.43264543062937905 -0.48428724860385175
1644768497.113489 0.38612220403902486 1.0914566355711417 1.4714095869839554 0.6628168433959851 -0.3768504557910251 0.4319304345774544 -0.48176055593505324
1644768497.1200252 0.3906813400856444 1.0848081479863165 1.4715011114926644 0.6631100677791906 -0.37006717635256614 0.4312866534122582 -0.4871619616904359
1644768497.1266549 0.3921108604198562 1.0784205061248022 1.4721763254412272 0.6635085466357658 -0.36909368738076825 0.43025936739081955 -0.48826516535700504
1644768497.133232 0.39126193404272014 1.0720728136282125 1.4732336485513393 0.6641788335170076 -0.3720297195221187 0.42937039989571263 -0.4859023544564339
1644768497.1398468 0.394723378847095 1.0652297082597775 1.4734733494299612 0.6647907034598011 -0.3678947364247525 0.4279798397432176 -0.48942798166866985
1644768497.146421 0.3965855581868012 1.0587875040309884 1.4740386218746917 0.6659618050690529 -0.3664109980925758 0.4262511686624189 -0.49045626229299993
1644768497.153103 0.3988669651011376 1.052476723518157 1.4744718003708706 0.6669806477426262 -0.36361911755007487 0.42379811263326905 -0.493267506189254
1644768497.159654 0.40040326613354926 1.045724474500398 1.475479055539712 0.667811048825588 -0.36282502830754293 0.42385946940207825 -0.49267539772258795
1644768497.166246 0.4020514194445065 1.0394421295667458 1.4760016670975924 0.6686426202515596 -0.3621425989505359 0.42160749074608345 -0.49398026502397446
1644768497.179521 0.40571799720069024 1.0266638120986002 1.477229709463159 0.6705456900532852 -0.3603763182109675 0.4177355935342066 -0.495977950021897
1644768497.186013 0.40739289145559016 1.020161991693256 1.4779643826799258 0.6716348223808175 -0.3596239938877 0.4160023004753464 -0.49650684372978654
1644768497.192641 0.4092137832244382 1.0135990079912138 1.4787569826679334 0.6730650179981342 -0.3584234396451797 0.41368806850558415 -0.49737103949063505
1644768497.1992152 0.4109686779310453 1.006562071128397 1.4799316000515355 0.6745214403110797 -0.3570160826804226 0.4131026004851466 -0.49689671234422084
1644768497.205824 0.41200218471999134 1.000449264486907 1.480476442770957 0.6756242150192141 -0.35782604312007255 0.4106879003115853 -0.4968173782271471
1644768497.212429 0.41390633116737635 0.994047239383141 1.4812380106425527 0.6770605995614518 -0.3562673914476209 0.4088402375387087 -0.49750554725822527
1644768497.219021 0.4158264352361059 0.987627211073307 1.4820335696076046 0.6786635013558232 -0.35448625563946967 0.4069396802636029 -0.4981517193122927
1644768497.225613 0.41778973305829487 0.9812609893809664 1.4828170856897707 0.6801903683431667 -0.35254864830055455 0.4051438719968342 -0.4989075002171016
1644768497.2322361 0.41975715420479975 0.9747609524503233 1.4836117389518917 0.6820594241029646 -0.35017488187894147 0.40311874803828646 -0.49966721020671917
1644768497.238857 0.4224806418219212 0.9684822591061559 1.4842562467101275 -0.6839024943900273 0.3463372104704435 -0.4009038566642688 0.5016005613074415
1644768497.2454212 0.42450558108971903 0.9622161395642926 1.4850185487250618 -0.6853852878860076 0.3442282243804228 -0.39885031085019546 0.5026643670527234
1644768497.2520409 0.42649710788619416 0.9559135058547248 1.4857794039578056 -0.6869238936355091 0.3422872728281907 -0.39681873800011425 0.5034969305756442
1644768497.2586298 0.4281881231529441 0.9493389760730528 1.4866637134130127 -0.6883572067118475 0.3409063139569046 -0.3954374474724605 0.5035629633873399
1644768497.265221 0.4302091564304702 0.9433920558520643 1.4871889491672894 -0.6892381496159937 0.33976352004750454 -0.39325704124957495 0.5048363705862218
1644768497.271824 0.4323604377105602 0.9370202514518889 1.487897724312024 -0.6907534553416963 0.3378214050353494 -0.3906360846910899 0.5061017876816712
1644768497.2784169 0.4346673988081041 0.9308631091913084 1.4885661555805751 -0.6918593324018103 0.336492411322332 -0.3879835152238897 0.5075150602721018
1644768497.285023 0.43682362295419813 0.9251897341962003 1.4891543706933907 -0.6924000259297542 0.33603741633884954 -0.38563044861215606 0.5088708031592859
1644768497.2916749 0.43914471398164323 0.9185797218054328 1.4900019749385742 -0.6942131701939109 0.33441652361441815 -0.3826643872191044 0.5097066201929464
1644768497.3048892 0.4438201409600665 0.9069841476655168 1.491151450889321 -0.6949336595783497 0.3338379862017913 -0.3775701733400613 0.5128932512442707
1644768497.318014 0.4463089835393316 0.9014346006668569 1.491628064453411 -0.6952940625336316 0.33348280996483465 -0.37468008474041514 0.5147518281172521
1644768497.324687 0.45115034087677397 0.8893883067424505 1.4929462092527446 -0.6975040757240752 0.33218292007015104 -0.36835629876679993 0.5171608805235861
1644768497.337822 0.45371357596487466 0.8832881336207109 1.4934805670985363 -0.6985555526665082 0.33115132595460905 -0.36524632287055325 0.5186071950376581
1644768497.344414 0.4565044648500773 0.8772941378393041 1.494132274796338 -0.6999172442262772 0.32999667857714116 -0.3620552013904641 0.5197434432203203
1644768497.351031 0.4598713887160895 0.871004815736173 1.4945965972221347 -0.7008480957048117 0.32783452857103834 -0.3599538244431922 0.5213147748847334
1644768497.3576162 0.461720172297981 0.8655079313580308 1.495235353973806 -0.7021856037650351 0.32837109128693365 -0.3564085948842139 0.5216129691479149
1644768497.364214 0.464276056461999 0.8596901434711027 1.4958685117022952 -0.7037226295938118 0.3276958831467295 -0.35320475487911707 0.5221450720986464
1644768497.370868 0.46700154729533305 0.8543457487089292 1.496339192036185 -0.7046277359618236 0.3270040116286456 -0.35073512912908855 0.5230223345515734
1644768497.3774211 0.46934413940545683 0.8485950549613868 1.4969424944535923 -0.7059451069902836 0.3266236110595277 -0.34866339220439485 0.522868595497499
1644768497.3840158 0.47230327922611204 0.8428954148741243 1.4975835972335636 -0.7074910963200219 0.3249720176358447 -0.34650572295636156 0.523242314916209
1644768497.390612 0.47463222135339633 0.8371581481760989 1.4982225703752823 -0.7090546272210602 0.32446610962483585 -0.3442499250517631 0.5229287142859306
1644768497.397218 0.4771548171578833 0.8315458117369181 1.4988748568163273 -0.7106823716986269 0.3232989825656121 -0.34225019166316284 0.5227547897268031
1644768497.403808 0.4801249139429935 0.8259584519735248 1.4994345288917743 -0.7123270522481426 0.3214353831553593 -0.3403213708047478 0.5229245253336385
1644768497.410478 0.4824533093189368 0.8203207368658578 1.5001488839822752 -0.7141639230934574 0.32056253801184853 -0.33862121953395113 0.5220580011962551
1644768497.417073 0.48523324055438233 0.8147485606528945 1.5007492468198957 -0.7158411684290304 0.31876645988734237 -0.33682404069095967 0.5220232766505193
1644768497.4236631 0.4879939765369941 0.8092086019870289 1.5013049509302674 -0.7174764531335746 0.31686658782504534 -0.3348052145875824 0.5222334725452759
1644768497.430238 0.49133251545654916 0.803689133200447 1.501748679398421 -0.719071161706433 0.31443372582598317 -0.33284740154336623 0.5227620306161113
1644768497.4368289 0.49332688123728957 0.7982847943263285 1.5026492260872546 -0.7210017524342077 0.3145223126689407 -0.3313455205903498 0.5210005144470797
1644768497.44342 0.4962436017506046 0.7929260831508101 1.503214010731078 -0.7223558304217992 0.31275585189956984 -0.32960729569854685 0.5212908861467282
1644768497.4500391 0.49921117370527796 0.7875229581679772 1.503846674205864 -0.723695501408 0.311239604967854 -0.3285029839420479 0.5210373582858143
1644768497.456646 0.5025015368286461 0.7821309341353415 1.5042204185233823 -0.7247650887057376 0.3090064094410205 -0.32680080021528435 0.5219494278719065
1644768497.463247 0.5057444086383452 0.7768336008553487 1.5045363994549976 -0.7254628358535095 0.3062707911569839 -0.3249421067071269 0.5237499147654955
1644768497.469843 0.5083217575848482 0.7715079693207401 1.5052727486756192 -0.7268117089101019 0.3062251577647772 -0.3239811782872103 0.5225001433692463
1644768497.476448 0.5110704579694861 0.7662514580052233 1.5058543041738608 -0.7279969472401452 0.30528916084483565 -0.32227469482401655 0.522453251402182
1644768497.4830668 0.5143768075786065 0.7610913899460992 1.50623612958531 -0.7288512409609906 0.3035399703788471 -0.3206195380501508 0.5232988980046744
1644768497.4896262 0.5169007411595429 0.7559591154453706 1.506866213240186 -0.7298019180919181 0.30323229785171596 -0.3193288419316582 0.5229415971939492
1644768497.496256 0.5197893758549819 0.7508374741920172 1.5072843331649133 -0.7306663425864803 0.3022987224424888 -0.3179078222212481 0.5231406354011658
1644768497.50286 0.5226920721489776 0.7455990483775787 1.507851783086082 -0.7320876468179963 0.30107206064006214 -0.31602422069096936 0.5230022177289416
1644768497.50946 0.5257833291471842 0.7406296139225923 1.5081074346440377 -0.7326386636226008 0.3000889682257827 -0.31450010926643546 0.5237140463443265
1644768497.516026 0.5286185557915963 0.7355109286344947 1.508598849782381 -0.7339886472764503 0.2989447581742943 -0.3119837317332707 0.5239830837485309
1644768497.5226219 0.5318310188212592 0.7304598157695662 1.5088020376605815 -0.7348146239504849 0.2963840524080171 -0.3092783045001804 0.5258803690103163
1644768497.52923 0.5347353730631368 0.7256169939882551 1.5092188789885475 -0.7361124567556715 0.2964214246443854 -0.3070997805833906 0.5253206758358153
1644768497.53583 0.5378143226854847 0.7207683553309141 1.509439448754542 -0.7371488703219514 0.29509097719539945 -0.30440506694013614 0.5261843287503719
1644768497.542455 0.5408441519018388 0.7157515125822829 1.5097585297637992 -0.7384750966954645 0.29377589289525013 -0.3015678689222783 0.5266938343479862
1644768497.549057 0.5440595114526018 0.7109744434344567 1.509906465416378 -0.7393420227052865 0.29253680758539174 -0.29900575493550463 0.5276273277125199
1644768497.555656 0.5470260661920057 0.7060900236359905 1.51015357212508 -0.7406251858069332 0.29146605738089026 -0.295905220764516 0.5281678851229754
1644768497.562241 0.550087919764726 0.7013165299481721 1.5102495511807394 -0.7414805152138119 0.2905980322658294 -0.29331052471772473 0.5288929490107046
1644768497.568848 0.5528376468411834 0.6963803292804589 1.5106718235674021 -0.7429488191417171 0.29025383926882214 -0.29056304616190926 0.5285379626580519
1644768497.575434 0.5560396891937205 0.6915162309779805 1.5107217345657205 -0.7438444078085598 0.28922470609870266 -0.288011594604358 0.5292384291228757
1644768497.582023 0.5591786046350313 0.6866761044379894 1.5107723438110243 -0.7447298082255321 0.2884323793736453 -0.28558993524165077 0.5297376660925559
1644768497.588615 0.5623813497145018 0.6819133423798399 1.5107713842100816 -0.7455619821536409 0.2876304642735144 -0.28324171490978256 0.5302637093755028
1644768497.5952141 0.5655078558899046 0.6772092844617279 1.5106991666690335 -0.7462325113090146 0.2870388235387138 -0.2812495061163833 0.5307014669579363
1644768497.6018581 0.5687064161328721 0.6724066558230355 1.510677190514187 -0.7470603385892934 0.2864520620465268 -0.27946003620242477 0.530798938807269
1644768497.608476 0.5721476783528631 0.6678045132229744 1.5103687427146018 -0.7475645139235455 0.2851046902780274 -0.2773971468218064 0.5318956034241179
1644768497.615027 0.5750852125998782 0.6628996259687701 1.5104491512600484 -0.7487303803826709 0.2846083760250823 -0.2757315305542927 0.5313872017252295
1644768497.62162 0.5782446149861411 0.658228808521004 1.5103233083191854 -0.7496450358622195 0.283769618997657 -0.27413576596927763 0.5313717955932308
1644768497.628232 0.5814452897448316 0.6534901066369652 1.5101015706146819 -0.7505226119827065 0.2826024940263911 -0.2726126913080645 0.5315387884719681
1644768497.634838 0.5849326910146934 0.6489428680241882 1.509636106400683 -0.7510212645928345 0.28104479338050664 -0.2711960117475861 0.5323843710739503
1644768497.6414561 0.5882603639258672 0.6439334962035498 1.509541143742338 -0.7525115549324238 0.27927862841178375 -0.2696955411105561 0.5319712956591721
1644768497.648024 0.5913673413728072 0.6390068600474611 1.5094093468009828 -0.7539216705868891 0.27782854675158813 -0.2676701399321122 0.5317571764797681
1644768497.654616 0.5949041505368736 0.6342928427663189 1.5089444746186573 -0.7546848650716419 0.27590813101757694 -0.2660142238258534 0.5325046921590976
1644768497.66123 0.598430546678508 0.6295943287316361 1.5084140162845063 -0.7554733200169669 0.2740797819340701 -0.2645237435349865 0.5330730727772722
1644768497.667823 0.6017517812582763 0.6244557654440335 1.5081699253489573 -0.7570908420854955 0.27219718791441 -0.2622250382828271 0.5328787323256456
1644768497.674434 0.6051241040178121 0.6194618287568685 1.507858621510141 -0.7583254863025399 0.2708563302512494 -0.2605400440467331 0.5326328578388188
1644768497.681026 0.6085876899260525 0.6149226495398703 1.507300787508369 -0.758834846139966 0.27061634468448365 -0.2588944044263226 0.5328317325257684
1644768497.68765 0.6122819439188256 0.6097974251564867 1.5067120558356242 -0.7601166477522106 0.26829837649472904 -0.2569461854800963 0.5331199919105056
1644768497.694261 0.6156888389704843 0.6046754977577896 1.5064731016889596 -0.7613064009230384 0.2682690250792022 -0.25548008185811766 0.5321405635039103
1644768497.700864 0.6192780612796746 0.5997668542596819 1.5057390864030877 -0.7623631133896368 0.2665239972400293 -0.25314358433884204 0.5326212033448691
1644768497.707424 0.6228119808252631 0.5949917417507198 1.5050958463091568 -0.7630918734626425 0.26555235143394795 -0.2516098270199478 0.5327896750154885
1644768497.7140312 0.6263622091164489 0.5895589023327296 1.5049512703360972 -0.7646299131742182 0.26501402047749 -0.25007418742754994 0.5315741653589978
1644768497.720615 0.6299502046624675 0.5847907769855959 1.5040497312496885 -0.7649975267009853 0.26386990587051923 -0.2487622038567408 0.5322296607667103
1644768497.727232 0.6335675434409342 0.5793911181276594 1.5039014154813841 -0.7663172806622846 0.2634423956996697 -0.24751491453548888 0.5311230583021128
1644768497.7338119 0.6371235113843057 0.5742114783810426 1.5033691634161914 -0.767190063967726 0.26258365787230653 -0.2464518692944701 0.5307825953058624
1644768497.740431 0.6408786350866598 0.5697762558025323 1.5023262017813868 -0.7669308537882353 0.26153754748295444 -0.24557023532470812 0.5320806676455635
1644768497.747017 0.6448330013898572 0.5643379203449777 1.5018997145526247 -0.7681097919574552 0.260197073081118 -0.24416136521651563 0.5316856660677853
1644768497.753613 0.6485682833276237 0.5590436424620276 1.501434375897805 -0.7690593819577316 0.25901858486101903 -0.2430826385675896 0.5313825433353839
1644768497.760222 0.6522480841789804 0.5538253351144826 1.5009436159111864 -0.7699013943157154 0.2582632224333817 -0.2418637791349911 0.5310868507117978
1644768497.766847 0.6561963457673392 0.5487002153996464 1.500282054731034 -0.7706467282197158 0.2569380706795441 -0.2405574778746272 0.5312419995903064
1644768497.773416 0.6600727691829706 0.5435973945056058 1.4997326884541784 -0.7713885504766075 0.25578424826606183 -0.239510835461366 0.5311949081363065
1644768497.78002 0.6638692444383155 0.5383320546306263 1.4992361214040988 -0.772368746369628 0.2553456902754353 -0.23840866284655537 0.5304770276750218
1644768497.793291 0.6717248073235943 0.5280192725108732 1.4981656049619394 -0.7740957986701741 0.2538374061990073 -0.2356468048783578 0.5299172559601294
1644768497.799826 0.6751665034091712 0.5225021235840006 1.497982934890704 -0.7756107548540372 0.2540433108214052 -0.23437913104499059 0.528162802758677
1644768497.806429 0.6792851565375242 0.5174788548179992 1.4973853620162467 -0.776387311316976 0.2534057570099026 -0.23281733615205347 0.5280187880059446
1644768497.813032 0.6832787297256028 0.5123249094849482 1.496889677671226 -0.7774031744003995 0.2527953431220909 -0.23123479449138626 0.5275118881756715
1644768497.8196201 0.6870352657752901 0.5069721156042211 1.4966287675244274 -0.7790414644409361 0.25248696008615695 -0.2295934549787411 0.5259573851172649
1644768497.826219 0.6908703230837594 0.5017247666926982 1.4961933359875101 -0.7800975373753525 0.25220789873342997 -0.22799315563609643 0.5252216080182833
1644768497.8328671 0.6947896983649721 0.49642921626902425 1.4959370661625735 -0.7817695635139973 0.2515432074896187 -0.22570937821112552 0.5240392576528168
1644768497.8394508 0.6987520638133494 0.49102715862502133 1.4956557629730831 -0.783172966585992 0.2509385919087475 -0.22348843399430438 0.5231846843414267
1644768497.846027 0.702690982387843 0.48588340554690596 1.4953610910198716 -0.7844798087484672 0.2502953700387329 -0.2216888227628183 0.5222999987593064
1644768497.852633 0.7070543952259749 0.48088368552951866 1.4949072833637234 -0.7856654654353711 0.2487938600033639 -0.2192117017442283 0.5222807075530114
1644768497.859252 0.7108775179754542 0.47561134254286946 1.4947466476510523 -0.7869992135928653 0.2485036998192932 -0.21692189501404788 0.5213660532956167
1644768497.8658519 0.7148865246449447 0.47028471564581364 1.494658504510534 -0.7884196454187825 0.24780552139807907 -0.21445523982408407 0.5205721472006433
1644768497.87327 0.7200056489941616 0.46500394602302386 1.4940794308777936 -0.7891420548109993 0.24530487285551777 -0.21175058868727534 0.5217676882926744
1644768497.879047 0.7240614836270348 0.4598721925940016 1.4940983737746705 -0.7901800491779929 0.24504745574714085 -0.210023502591018 0.5210153044202791
1644768497.885638 0.727837476957725 0.4547643144362126 1.4942845650830523 -0.7913824694824874 0.24538105160560542 -0.20826906885774746 0.519735924603326
1644768497.892222 0.7316563084276472 0.4494289255069631 1.4945347607604167 -0.7927091887024565 0.2453515410137323 -0.2059447509936013 0.5186531990863806
1644768497.898824 0.7357090204198174 0.4444006259980058 1.494627609016667 -0.7935075269507601 0.2454051631530145 -0.20466327597064587 0.5179136536515118
1644768497.9054139 0.7398099850046553 0.4391561502186408 1.4948942331088895 -0.7943619415801856 0.24532169546703952 -0.20340922012261953 0.5171368990285407
1644768497.9120572 0.7446064815175398 0.4343806978679208 1.4948362499235917 -0.7946804343113498 0.24359858249017666 -0.20255089390969386 0.5177985912305431
1644768497.9186099 0.7480878003437343 0.4290198618488872 1.4954168119125717 -0.795664624087709 0.24466262169601935 -0.20196451845594496 0.5160115779139648
1644768497.932011 0.7567101659281364 0.4191158802985407 1.4959211011311024 -0.7965444573691097 0.24260737776616656 -0.20136524027903263 0.515858695348808
1644768497.945181 0.7649196349134242 0.4092515581479125 1.4966984222496125 -0.797829874617615 0.24032767842013936 -0.1995745963859433 0.5156351351761407
1644768497.951661 0.7691279199453016 0.4044023470533633 1.497082372006766 -0.7985250770473523 0.2387589257702936 -0.19850801177864638 0.5156994285444487
1644768497.958219 0.7737575265284032 0.39965161219478584 1.4971899993883093 -0.7986851759575009 0.2367066677106101 -0.19749950349465323 0.5167837294208072
1644768497.9714181 0.778281417460434 0.39456965364230395 1.4975611873837016 -0.7993907610976285 0.23404199055653352 -0.195497499283441 0.5176667455682205
1644768497.978095 0.7862940097837114 0.3847546020205327 1.498470575203462 -0.8004855548401186 0.23181947897908975 -0.1928137599740633 0.5179818121028427
1644768497.9912388 0.7901767649198486 0.38001634447794397 1.498844335427582 -0.8007550079065665 0.2308056843921642 -0.19064125012845246 0.5188213424538799
1644768497.997819 0.794302829491759 0.37524455672023443 1.4992142085818119 -0.8009515444714017 0.22955754529795588 -0.18872361508660584 0.5197719257775133
1644768498.004458 0.7986695045955942 0.37076860148981433 1.4990814310763063 -0.8006864566092134 0.22780089080731306 -0.18556349170600467 0.5220857952852188
1644768498.0110238 0.8022198354651454 0.36565300581124227 1.499829553710215 -0.8011360026779789 0.22739170016221338 -0.18420643634690345 0.5220552308208554
1644768498.017615 0.8057468452641109 0.3608034122388723 1.5005696525914518 -0.8012105945360205 0.22770239011090346 -0.18432282002596867 0.5217641988415651
1644768498.024226 0.8101098679693058 0.3559863346637133 1.501026540692972 -0.8013042383779572 0.226132982347556 -0.1831038825309977 0.5227311077653138
1644768498.030817 0.8137239431101677 0.3512728959075382 1.5014837587016765 -0.8012381879499753 0.22546209766733466 -0.18203730403817298 0.5234941335983933
1644768498.037444 0.8177146197590888 0.3464281867492151 1.502074083356286 -0.8012547463613545 0.22438405442697384 -0.1814166181336644 0.5241471547027681
1644768498.044051 0.8219943530799932 0.34216621344608755 1.501990198832979 -0.8005594124552933 0.2225001704965401 -0.1797607393858002 0.5265775443359809
1644768498.0506601 0.8255269546147104 0.3371675876278253 1.5029672018026905 -0.8011229643485348 0.22223722085854047 -0.1797454475056072 0.5258361228755766
1644768498.0572212 0.8298788989839344 0.3325581729883861 1.503217248126124 -0.8009460691459582 0.22042932004890647 -0.17886976468707702 0.5271634540955833
1644768498.0638158 0.8339152520012509 0.32775535720448323 1.5039206323894934 -0.8014198463610411 0.21860086393191097 -0.17767493300667933 0.5276087932398339
1644768498.070438 0.8384542158867127 0.32309722252494166 1.504136431307311 -0.8014850468555295 0.21597224794823247 -0.17642842282612023 0.5290087917608748
1644768498.077015 0.8417215324242047 0.31822412989758575 1.505127012761671 -0.8024902146473643 0.21561110688348228 -0.1755436487906154 0.5279252939094923
1644768498.083616 0.8462688472692773 0.3135323281963737 1.5053545280458582 -0.8024955136461054 0.21311374530532656 -0.17450749670680232 0.5292732940997222
1644768498.0902421 0.850029735160489 0.30893171228396615 1.5058527813945901 -0.8029116483785685 0.21190659658455682 -0.17279148816941345 0.5296897934785684
1644768498.096863 0.854076398391117 0.30425089946521544 1.5063943828254374 -0.8033513732089832 0.21009611699473071 -0.17196583269852508 0.5300128192786122
1644768498.1034172 0.8576894043058761 0.2994556930413964 1.5070485816035666 -0.8040385450432529 0.2091796373810224 -0.17007471988086642 0.5299434466358133
1644768498.110037 0.8616443525512394 0.2949043584731283 1.5073815152240346 -0.8041692009724494 0.2077370711167223 -0.16911738836109003 0.5306185361753522
1644768498.116619 0.865050596440306 0.29021287567022325 1.507986338619689 -0.8047038601016719 0.20706895290190655 -0.1678624800097119 0.5304676117862034
1644768498.123208 0.8693032202738807 0.2857171811402237 1.5081365582151323 -0.8048384233080503 0.20457082851247085 -0.1657380413039887 0.5318987376231048
1644768498.1298401 0.8737695771901621 0.28134228502379166 1.5081104972428416 -0.8044006207984457 0.20274066649689146 -0.16548239965902561 0.5333394872335139
1644768498.136426 0.8777220552568286 0.2764578968196556 1.5087434820656629 -0.8050763223827698 0.20110341148869107 -0.16441249686177992 0.5332707214439624
1644768498.143081 0.881893394449742 0.27206628352873413 1.5087488576476593 -0.8044740797286493 0.19962535801300155 -0.1640161140861405 0.5348546284335002
1644768498.149635 0.885920785158683 0.26708016768136456 1.5093978293113686 -0.8050099295269814 0.19806087569128036 -0.1631449740087116 0.5348964303143773
1644768498.156231 0.8900419718511843 0.26258026169985904 1.5095737729954846 -0.8044718202581984 0.19675052505957086 -0.16285485989008885 0.5362762857832134
1644768498.1628401 0.8941963365912865 0.2580702513615649 1.509672823383091 -0.8042104124836232 0.1955097194084541 -0.1621352917186257 0.5373390692684648
1644768498.169436 0.8984909542800258 0.25346085209964897 1.5099565751283548 -0.8042810560400759 0.19388953895946692 -0.1617619428009234 0.5379325591260233
1644768498.176043 0.902461446419386 0.24924066240539333 1.5099968765000498 -0.8040459566059889 0.19317270421145352 -0.16114198125673024 0.538727423723371
1644768498.182666 0.9065546412112173 0.2444524518046714 1.510330881887494 -0.8044118302892641 0.19155354844884268 -0.15987780906055965 0.539135975117357
1644768498.189219 0.9110421409657703 0.23973128121988527 1.5103511477799714 -0.8039888635166017 0.18907759550300102 -0.15861528904724953 0.5410104929530328
1644768498.195816 0.9152972074566814 0.23507222450040716 1.5103569679540545 -0.8038608349836924 0.1878473387244921 -0.15810476604613088 0.5417782637984271
1644768498.2024162 0.9198481997369162 0.23046979970984088 1.5101853344446095 -0.8032944728704284 0.1858162240558171 -0.15692302789378904 0.5436589107976368
1644768498.209058 0.9240810152032323 0.22614966832346856 1.510008860728827 -0.8028166061696045 0.1849352365270259 -0.1564173611197594 0.5448096594864428
1644768498.215635 0.9284401248658278 0.22166424853898334 1.5097220379252472 -0.8025243611708056 0.18328785902049877 -0.15449735031627546 0.5463427692378623
1644768498.222229 0.9325750097861364 0.21673635286921014 1.509859509266925 -0.8031492197861447 0.18231533228657612 -0.1534970851928262 0.5460316402082052
1644768498.228817 0.9370380182347012 0.21217962528337136 1.509487852618883 -0.8023943195110911 0.18154496449808175 -0.1531505464339272 0.5474936534966508
1644768498.235463 0.9413888902720451 0.20749493919209794 1.5092691113116257 -0.8023200779269675 0.18054644490282395 -0.1521722749714216 0.5482050186361099
1644768498.242048 0.9457476638975757 0.20317995516318166 1.5087997452844515 -0.8019454990271885 0.17966820479548606 -0.1506850831355778 0.5494509343568144
1644768498.248683 0.9499297674445977 0.1987629894231931 1.508357892493621 -0.8012887477976004 0.17998233745226846 -0.15112932851055785 0.550183654844672
1644768498.255219 0.9544339500540949 0.19369654783220905 1.5082797337953402 -0.8021486252234383 0.17835536780861994 -0.1486283117504308 0.550142056416232
1644768498.261846 0.9587722741364149 0.1891050563695857 1.5078660095467336 -0.801878638467031 0.178161926334361 -0.14787568476058802 0.550800546441817
1644768498.2684119 0.9631849978556202 0.18435361820216256 1.5076529307422002 -0.8023340365823005 0.1783283664699559 -0.1480257699387495 0.5500426813685402
1644768498.275054 0.9675705089743253 0.18025256916814564 1.5065521016754566 -0.8012700259419041 0.17657663312857927 -0.14554491788989754 0.5528139503407525
1644768498.281617 0.9718487105997808 0.17505242946254523 1.5064884873260322 -0.8017969048339613 0.17471468730728554 -0.14372091621465574 0.5531187835445832
1644768498.288219 0.9764647710570836 0.17043525096390766 1.5059775341145274 -0.8019368805019073 0.175042659882422 -0.14351901437428397 0.5528645451878128
1644768498.294847 0.9805168068400116 0.16608392000900424 1.5052283838794998 -0.801784377301704 0.17388774503497212 -0.141719352489481 0.5539132808106672
1644768498.301431 0.9850908285139577 0.16107626541200348 1.505100383903187 -0.8023398955167859 0.17278346743187412 -0.14194886862934436 0.5533957129394516
1644768498.3080168 0.9895014643975668 0.1564612249394482 1.5044433284791179 -0.802017671534862 0.17003832596590543 -0.14007491223213794 0.5551875988574022
1644768498.314634 0.9940025331458148 0.15209538330135808 1.503734822864982 -0.8019703342100526 0.16972488173296074 -0.13997157454841352 0.5553779800011411
1644768498.321206 0.9985796183110569 0.14721979529809834 1.5031927789498087 -0.8022023681849376 0.16814758858738932 -0.1394774728095368 0.5556467429505744
1644768498.327818 1.0029508120300932 0.14265187816528163 1.5024628113489933 -0.8018489908212177 0.16680758472567833 -0.13879150134703092 0.556731574023681
1644768498.3344052 1.0080176892859156 0.1384018155596603 1.5014891496069334 -0.8011025954152163 0.1648106975558945 -0.13877933304421994 0.5584011794926302
1644768498.341014 1.0118218490163584 0.13317354969403947 1.5012589466507054 -0.8022256886286937 0.16418139974745377 -0.1369762667558668 0.5574186604277657
1644768498.3476439 1.0163096357513075 0.1288286681767382 1.5003601670275453 -0.8019149992973258 0.16306315458470425 -0.13550988827137658 0.5585510545399376
1644768498.3542469 1.0211697870050132 0.12398063988835416 1.4997650612024567 -0.8015656115174291 0.16178502663023803 -0.13658702229918157 0.5591615291736616
1644768498.3608088 1.0259335861557772 0.11924757215339926 1.4990358767589704 -0.8017603299200476 0.16027154871308158 -0.1350090234186032 0.55970141512409
1644768498.367455 1.030000439923392 0.11494837344616524 1.4980294832001 -0.8009129095326641 0.1597893934063504 -0.13505978924968845 0.5610387042286437
1644768498.374018 1.0332150160207003 0.11043844271710467 1.4976058861832642 -0.8012316614886903 0.16208732191374386 -0.13561430429266058 0.5597890252770195
1644768498.380685 1.0375409824806037 0.10590067793068161 1.4968162312572704 -0.8013094958260472 0.16126108427806196 -0.13414631100709823 0.560269776221877
1644768498.3872168 1.0419919178165025 0.10151612096012526 1.4959336323886403 -0.8012951904664055 0.15997117387042958 -0.1322028227542221 0.5611214444744661
1644768498.393833 1.0474311421996434 0.09679141887643289 1.4951372371952354 -0.8011989816730967 0.1564693146565487 -0.1305290124351734 0.5626360841229365
1644768498.400418 1.0528959843192316 0.09193125880549566 1.4945281150035228 -0.8019516450525406 0.15350755043256523 -0.1278837080401342 0.562986850237701
1644768498.4070258 1.0571483192125497 0.0871536994527169 1.4941518616917682 -0.8024575333466475 0.15252581120071615 -0.1274830361083172 0.5626237029133986
1644768498.413631 1.0584987267573915 0.08319008529983347 1.4934905318933458 -0.8021512186996176 0.1551912341650213 -0.12552768795015246 0.562771254136929
1644768498.4202292 1.0645997387963493 0.07851110552435811 1.4926742804379072 -0.8023825324808727 0.15159472405547256 -0.1251648350673653 0.5635020292290632
1644768498.426861 1.06968570310546 0.0740588899535313 1.4919414926870713 -0.8024627411827061 0.14974572960089585 -0.12488613625707502 0.5639439599971997
1644768498.433446 1.0750936912017846 0.0686744478729862 1.4919979747171246 -0.8041387827120717 0.1458897921229854 -0.12223081398177706 0.5631483720395265
1644768498.4400158 1.0802191449672571 0.06407666570828414 1.491490013145385 -0.8044904307556766 0.1437421660431839 -0.12067343529838383 0.5635342717907658
1644768498.446642 1.0849364405310862 0.05981509670938137 1.4907160003337951 -0.8042472803048305 0.14174714067014121 -0.11903926436950668 0.5647330611181433
1644768498.453289 1.0889991586927512 0.05489344458383978 1.4906408388023724 -0.8052639788845558 0.14135849595350944 -0.118063581431037 0.5635851896940175
1644768498.459845 1.094029614691645 0.05021041453055905 1.4901575133148066 -0.8056135174524375 0.13895474249223635 -0.11589116826482679 0.5641340545575443
1644768498.466485 1.0957034323399897 0.04653641527562773 1.4895744594935927 -0.8050523657000471 0.1426422510825497 -0.11548902689319042 0.5640972486497894
1644768498.4730382 1.1020655354287392 0.04174970911844486 1.4892790344373033 -0.8058501447012515 0.14015955178064335 -0.1159244232072874 0.563490760507832
1644768498.479646 1.1068266061784282 0.03755277151182998 1.4887047616486335 -0.8056538540310426 0.1387905646860589 -0.11495431130466274 0.5643085683580579
1644768498.4862888 1.1110821519101495 0.03329017404497733 1.4886530365139072 -0.8065524736494141 0.14009687287132916 -0.11515650597679877 0.56265855054662
1644768498.492838 1.1156542158439675 0.02880556847138606 1.4886024189731406 -0.8073188172678509 0.13925980135288302 -0.11470743245282887 0.5618585133631613
1644768498.499455 1.1203106505131109 0.0243628127788012 1.4884832360100495 -0.8079688493279827 0.1377035088165819 -0.11372946692352104 0.5615062675787588
1644768498.506022 1.1239091980744553 0.020072956504066763 1.4884470459897767 -0.8085409937993191 0.13790585097063754 -0.11331640145169511 0.5607159995319705
1644768498.512628 1.1298126388017289 0.01577593902043417 1.4882288995296058 -0.8091164805294053 0.1340109676854589 -0.11210325458101597 0.5610740856673317
1644768498.5192268 1.13640223727446 0.01055728462158212 1.4885685239399589 -0.8111191512806759 0.12738721379518045 -0.10786875016457541 0.5605552794414425
1644768498.525826 1.1410925462274408 0.006192674300574366 1.488701836037962 -0.8120848594307563 0.12515423778804852 -0.10714281668068418 0.5597986934317738
1644768498.532416 1.1439245825510498 0.002815127626697389 1.4882745748512152 -0.8116454874366825 0.12678888489674195 -0.10887020810382927 0.5597347445786511
1644768498.53902 1.1486397913316608 -0.001235375656387011 1.4882114452568502 -0.8119888136893013 0.124220709439704 -0.10787027661909124 0.5600062073927512
1644768498.545583 1.1535312798833268 -0.005681213860825124 1.4881539283459382 -0.8126768275661913 0.12004296367286049 -0.1053954748933762 0.5603905264506454
1644768498.552299 1.157950292542735 -0.0096619665598046 1.4882944312909947 -0.8132254236980032 0.11876562722839043 -0.10514228888812813 0.5599141676146171
1644768498.558848 1.162680806367814 -0.013738619076558503 1.488349204422707 -0.8136054262698411 0.11633722088539322 -0.10383520566680657 0.5601157778563763
1644768498.565417 1.1674161411623485 -0.01783189039654641 1.4883092981782748 -0.8137274923341237 0.11341381688495246 -0.10191989519633028 0.5608894196332459
1644768498.5720162 1.1717484292311404 -0.021903393134109356 1.488539190333792 -0.8141328123909797 0.11222677915309355 -0.10055179830957944 0.5607868226645276
1644768498.578614 1.1762802251122075 -0.025919211419419608 1.4885500830253917 -0.8140390697488955 0.11033780079647686 -0.09869865591019258 0.5616262660773422
1644768498.585221 1.1809673652794972 -0.029899238285980206 1.4885462145152262 -0.8136639144189057 0.10873054947344506 -0.09711639492103732 0.5627582199619259
1644768498.591844 1.185608290630384 -0.03398251530755232 1.4885837203136933 -0.813387714585137 0.1074929986394827 -0.0960567286454864 0.5635763705138004
1644768498.598426 1.1904211111731697 -0.0378617082179272 1.4884058228020531 -0.8123460304785128 0.10453070209779 -0.09341993693582139 0.566073968257512
1644768498.6117141 1.1983514991380524 -0.045554998291047075 1.4885253960699516 -0.8113371976636812 0.10652210346801808 -0.09273674672660179 0.5672605353252257
1644768498.618216 1.2043124049121927 -0.049759943591577815 1.4886041401765833 -0.8108388779203058 0.10275771321920019 -0.09188662176729469 0.5688037272371254
1644768498.62482 1.207459445369775 -0.052980969307648534 1.488202362474178 -0.8095025454992588 0.10305837761763016 -0.0894520824900686 0.5710364167067999
1644768498.638013 1.2121630234082308 -0.05674132012955341 1.4881009547925064 -0.8089989717709798 0.10179771872383885 -0.08849892631960608 0.5721236491672147
1644768498.644614 1.2184028197983503 -0.06113172638296453 1.488085619017562 -0.8090742486590341 0.09751565079687305 -0.08580748457812017 0.5731721330679633
1644768498.6512241 1.221486563643169 -0.06423989814775066 1.487985916788648 -0.8084590002824499 0.09984219310361585 -0.08665889303164435 0.5735114407743596
1644768498.6578188 1.2262454948730512 -0.06778977621981372 1.487715494639886 -0.8079578380733067 0.09690692108887339 -0.08450146421633768 0.575041210410247
1644768498.664421 1.232610784873658 -0.07216860748058157 1.4878243662863018 -0.8083210710567037 0.09332602055048708 -0.08490589751406198 0.5750634595837306
1644768498.671016 1.2374551900232258 -0.07544502620854693 1.4875733708771697 -0.8080370030711802 0.0919914846963764 -0.0833935091341501 0.5758983660347959
1644768498.677621 1.242155312699977 -0.07918170946778841 1.4873455571238465 -0.8079750614924699 0.09022219866047973 -0.08147953443456266 0.5765387898465542
1644768498.6842198 1.2470193061065606 -0.08279456129585627 1.4872623690935458 -0.8081615080555087 0.08962040659021427 -0.08041649240845315 0.5765205960448496
1644768498.690824 1.25173808908046 -0.086063028601193 1.4867688594262298 -0.8076317206672067 0.08853613730883417 -0.07852531806159926 0.5776900512151729
1644768498.697453 1.2563962687018826 -0.08950341590711428 1.4868475723684724 -0.8080282252548615 0.08971510587761329 -0.07866579730375915 0.5769340080819259
1644768498.7040498 1.2612970257169245 -0.09284421591870314 1.4864441869213383 -0.8081200758182436 0.08963309678171907 -0.07710292384416392 0.5770291028350417
1644768498.7106738 1.2663996499226344 -0.09622262853715531 1.4860563925411472 -0.8077294395212815 0.08719821114833998 -0.07472777477088309 0.5782602516551126
1644768498.717241 1.2712094229686972 -0.09952003597107531 1.4858223816658112 -0.8077460673939627 0.08708952336952323 -0.07385564446814041 0.5783654225744722
1644768498.72384 1.2762477988215606 -0.10297889262800258 1.4858298221679136 -0.8087233908676553 0.08877040811862348 -0.07364653725693653 0.5767685942106664
1644768498.730446 1.2811505080409176 -0.10590465929099965 1.4854193608190265 -0.8083894253809422 0.08743871442623902 -0.07222479535358808 0.5776193812226437
1644768498.737039 1.2863095900314 -0.10917241215640464 1.485048182687121 -0.8084845810772039 0.08557116162564195 -0.07073257776686806 0.577950589520049
1644768498.7436328 1.291214592243881 -0.11191946861632573 1.484432436256929 -0.8082444780451482 0.08504277031203587 -0.06991925950567358 0.5784631358806978
1644768498.7502131 1.2964827509703682 -0.11520133807094449 1.4844025212615346 -0.8092417084239346 0.08421998353551723 -0.06932126427026192 0.5772599867037758
1644768498.756854 1.3016345252785717 -0.11839113626361253 1.4840043513147507 -0.8096190494520535 0.08196150238657673 -0.06765446410178919 0.5772537313440331
1644768498.763437 1.3066533949839876 -0.12109481712481127 1.4834925763880746 -0.8095752047930929 0.08042884005126147 -0.06618447564514018 0.5777009812992261
1644768498.7700758 1.3120134083698352 -0.12412117170687732 1.4830971707908298 -0.8100986543588167 0.07836757937035795 -0.06560605514522692 0.5773163146735372
1644768498.7766342 1.317222507175518 -0.12691775887699142 1.4826640141232008 -0.8106013610792037 0.07700834614126628 -0.06471241536653834 0.5768943563861221
1644768498.7832232 1.32244879361746 -0.1297902903681501 1.482015465099492 -0.8106441805910973 0.07447118263741631 -0.0636088580702559 0.5772898296472715
1644768498.789814 1.3275217532246608 -0.13269971538687175 1.481604745353595 -0.8111293298184334 0.072935497093622 -0.06297189747781971 0.5768742096157011
1644768498.796417 1.3327698451268752 -0.13555854405814238 1.481006292923522 -0.8116099728903868 0.07141211701390927 -0.06198953135348783 0.57649505421236
1644768498.803015 1.3379270203011937 -0.13832399973408105 1.4804177663787743 -0.8120662760528796 0.07007214896428648 -0.0615562964694014 0.5760630867467206
1644768498.8096151 1.343075612215551 -0.1410845047769339 1.4797777959172147 -0.8124644894584925 0.0691545430294908 -0.060979298520273874 0.5756737245155734
1644768498.816211 1.348338629035358 -0.1437870344858149 1.4790721837253487 -0.8128392226529556 0.0681668227913854 -0.059994778232968886 0.5753659698115968
1644768498.822813 1.353491593175495 -0.1465992090993881 1.4784360196721311 -0.8136364220733067 0.0674295282986721 -0.05911317112510274 0.5744165385211832
1644768498.829439 1.3584887748113776 -0.1490757930858735 1.4776128942914726 -0.8141201787628105 0.06665141479644245 -0.05812355148257547 0.5739225913921837
1644768498.83602 1.3640325478750654 -0.15139598369099747 1.47660100933186 -0.8139602048361397 0.06549149623399629 -0.05782028319650285 0.5743135482916941
1644768498.842638 1.3691289266786328 -0.15429484115225295 1.47593096131281 -0.8151757084181699 0.06534542331639875 -0.056056719009306324 0.5727790182987477
1644768498.849293 1.3742691940183067 -0.15738627749610995 1.475448974321127 -0.8166354997887444 0.06521943772809319 -0.055308174790923995 0.5707831687120769
1644768498.8558872 1.3795328478175402 -0.1598581738266326 1.4745461298781648 -0.817176737041748 0.06446720180723352 -0.054135852066802735 0.570206123737087
1644768498.86247 1.3847233575839142 -0.1615595752828014 1.4728840129889724 -0.8163614685135999 0.0638409652030468 -0.05290332978104253 0.5715584750265662
1644768498.869076 1.390307627946338 -0.16502450790341067 1.4726587912324434 -0.8184642066438883 0.0632532426873875 -0.05196764433236138 0.5686952454898149
1644768498.8756962 1.3956968426464713 -0.16755702848293658 1.4716353354371723 -0.8189692247278128 0.06247585224362594 -0.05090504851470874 0.5681501238331936
1644768498.8822541 1.401142675320749 -0.16994608214702553 1.4705369405166349 -0.8191829319615845 0.061554108283767915 -0.05005040410754408 0.568018448233638
1644768498.888832 1.4066380050703469 -0.17241399003256658 1.4694360287078867 -0.8194934488889625 0.060482172424154566 -0.04920930719758529 0.5677590716071144
1644768498.895424 1.4122167846407347 -0.1746859293101909 1.4682392917907432 -0.8194686314191801 0.059048208804197165 -0.048461590298410885 0.5680101604224204
1644768498.9020748 1.4174101700914634 -0.17719405974423041 1.4674060820138763 -0.8205244693351483 0.06038162955018193 -0.04891317054734886 0.56630454737862
1644768498.90866 1.4228215545180098 -0.1795156006268284 1.4662405238569154 -0.8206046878720457 0.059353399643298936 -0.04858625326083223 0.5663252252617061
1644768498.915241 1.4283366200787146 -0.18219610876748948 1.4649987203093895 -0.8208049382588284 0.05675832000512535 -0.047051718651531176 0.5664305113906146
1644768498.921839 1.4343170616701573 -0.1841652068835534 1.4634950243181555 -0.8203545091666221 0.054926801757408605 -0.047445835258903765 0.567230187148367
1644768498.928475 1.4395151820760135 -0.18690470929625744 1.4625672546447632 -0.8214531136660754 0.05458882404944141 -0.046222674767952866 0.5657721099341322
1644768498.935068 1.4451047453868024 -0.18913377424973818 1.4613416671774142 -0.8215893267917763 0.053456354926466484 -0.045804892656555275 0.5657162593091418
1644768498.941633 1.4507437059214485 -0.19150660485543117 1.460141956090067 -0.8219255381265359 0.052466051998863325 -0.045446931921406586 0.5653494969175556
1644768498.948218 1.4562245852150926 -0.1940008412425857 1.4590051531571937 -0.822623898219032 0.05178679504053838 -0.04441438140255151 0.5644777091783064
1644768498.9548318 1.461846327914442 -0.19620132521663441 1.4577284864887763 -0.8226176501050921 0.05093013786848032 -0.04407040548067838 0.5645917800569041
1644768498.961422 1.4674007311547568 -0.198504062232383 1.4566647914573 -0.8234622499425454 0.05190595824011907 -0.04434882368563835 0.5632483033894351
1644768498.9680178 1.473200328176232 -0.2007782406001346 1.4553767253567098 -0.8236330260037417 0.050844484807898584 -0.04432267108409486 0.5630972986803793
1644768498.974609 1.4790971539496696 -0.20248439024828754 1.4535554410048224 -0.8224560709297926 0.047482541910138946 -0.04126312526431078 0.5653391434305842
1644768498.981241 1.4845413730071435 -0.20490966794529802 1.4524818113335873 -0.8229738483934034 0.04675643578696787 -0.04022433816611925 0.5647207937663026
1644768498.987851 1.4904497261433123 -0.2068697475112634 1.451093794373928 -0.822683520548957 0.045195828411145604 -0.039304965147412045 0.5653352902679928
1644768498.9944189 1.495980471068376 -0.20914504681620574 1.4500134770021922 -0.823361434117134 0.04514760286502875 -0.0385692516569339 0.5644020078084685
1644768499.001015 1.5020124157420924 -0.21108978722112073 1.4484843682280242 -0.8229148199169124 0.04260638231099027 -0.03690136288878612 0.5653615473110655
1644768499.0076602 1.5078090928218693 -0.21313497836865855 1.447242009817023 -0.8230081892461723 0.04135917406278721 -0.03601198330166524 0.5653757209059418
1644768499.01421 1.5138031523038338 -0.21515871170759307 1.4459363106179193 -0.8230932291459294 0.0398806002117891 -0.035667264904320456 0.5653800531178468
1644768499.0208251 1.5194862642002354 -0.21718108177788084 1.4447744071525406 -0.8233337536416453 0.038668632995211956 -0.03388305599167441 0.5652237868869984
1644768499.027456 1.5252230154197923 -0.21939861867301477 1.4437687294239776 -0.8239060235363761 0.0376148536455224 -0.03312627595351977 0.5645053742097014
1644768499.034025 1.5312657465598867 -0.22117156059022497 1.4424279362068637 -0.8238115278422438 0.036098660811825584 -0.03233815853631983 0.5647878636278829
1644768499.040616 1.5371102310472875 -0.22357158449206932 1.4416627532466395 -0.8248206746624076 0.03530167556678396 -0.03194189747592882 0.5633861619353029
1644768499.047265 1.5432522963829727 -0.22507488186189656 1.440133386693183 -0.8243105827036156 0.03387842892489575 -0.031088686821305337 0.5642671745589545
1644768499.053835 1.5509122844805059 -0.2261630307137165 1.4384176504686927 -0.823425451516273 0.029787370568425783 -0.028471006998742686 0.5659261077714065
1644768499.0604422 1.5552637683327017 -0.22905048619040222 1.4380538493174029 -0.8252477631223333 0.03296875114113213 -0.03136417635929921 0.5629344272580883
1644768499.0670578 1.5614743004292577 -0.23088493890670242 1.436912080668189 -0.8253275296833233 0.031627183579102346 -0.03005651930512964 0.562965717671223
1644768499.073617 1.5674208348687808 -0.2324612971927735 1.4355560070060336 -0.825145737663022 0.031217795933598063 -0.02874024345333081 0.5633236514818006
1644768499.0802188 1.5738966084350354 -0.23461422280557837 1.434786671605027 -0.8260307608241291 0.0303861510694259 -0.029078633201997252 0.5620533239487425
1644768499.086832 1.5800650314120321 -0.23639526826389076 1.4337390215519 -0.8263258322850384 0.029640555558279127 -0.02796862561834787 0.5617155927505121
1644768499.093417 1.5875012397557264 -0.237543119085458 1.4322803651738336 -0.8257738922161785 0.02623957233851407 -0.02381284921968706 0.5628867668792726
1644768499.100023 1.5921880778444453 -0.24035450592545238 1.432101303095786 -0.827610721031679 0.02847667372571067 -0.024979593079928437 0.5600224245254677
1644768499.106646 1.5987382593351238 -0.2420907515438126 1.4311285426316358 -0.828018656739345 0.027299597615838125 -0.02447649475388556 0.559500123107481
1644768499.113216 1.6050100078720217 -0.24403883796377296 1.4304029972867467 -0.8287319694817264 0.026308064837563008 -0.023321604694288386 0.5585399671608217
1644768499.119871 1.612827195719009 -0.2452987967528487 1.4292881606103702 -0.828621901487339 0.022140899726375448 -0.02002488203636042 0.5590119227229365
1644768499.1264188 1.6180586881333408 -0.2478691495129012 1.4292739961464076 -0.8304070686535223 0.022616155087924722 -0.01583146999311832 0.5564726111916403
1644768499.1330152 1.6242659885824435 -0.24981872642526706 1.428476588505795 -0.8310098886054399 0.022539716561480707 -0.02037201912364047 0.5554271305770146
1644768499.139621 1.6304869876445967 -0.2517219959470127 1.4279426238465 -0.8315226014162966 0.02167578767574138 -0.018697405635892974 0.5547525910075821
1644768499.1462212 1.6384100939560566 -0.25295829440900575 1.4270234640586439 -0.831136524750881 0.017411332068574804 -0.016245377486526588 0.5555580565711039
1644768499.152811 1.6446448530066458 -0.2550288345121785 1.4267066976734941 -0.8318157258903259 0.017081412088661454 -0.016339662860147142 0.5545480946564094
1644768499.15942 1.6494863495463816 -0.25771193889153643 1.4268307296992797 -0.8332052396086326 0.019510698365035085 -0.0187245869643879 0.552302050456391
1644768499.16606 1.6559346863573678 -0.25940542205844286 1.4263056654664978 -0.8330851428514101 0.018758078564451684 -0.019064426281844703 0.5524974365376811
1644768499.172621 1.6624177516796679 -0.2615337357254131 1.4261526093413681 -0.8335029725616095 0.017852239653597876 -0.01957038108865885 0.5518793808509426
1644768499.179382 1.66884226217542 -0.26338477600426935 1.4257684518158937 -0.8333837500877264 0.017093818322222218 -0.020075303435216157 0.5520653443929104
1644768499.185811 1.6749377240379428 -0.26536082361819835 1.4256229617885772 -0.833516173680506 0.017265473905763766 -0.021228642532621574 0.5518167545885069
1644768499.192417 1.6812938615162338 -0.2670301634446103 1.4251773214076555 -0.8331904697081968 0.0170636852522385 -0.0216837396976047 0.5522968829343199
1644768499.199015 1.6892801854337425 -0.2680448105000064 1.4243225192037146 -0.831976165829819 0.013520604266698795 -0.02109522502258343 0.554244951104058
1644768499.205643 1.6959171530207076 -0.26996957423141993 1.4241782496515751 -0.8321199184922144 0.012325324099357859 -0.021086776091449773 0.5540574760108545
1644768499.212214 1.7016392452602704 -0.27184237537817724 1.4240414476379408 -0.8322530628768842 0.013033740763577358 -0.02103842715377856 0.5538429654409771
1644768499.2255008 1.7141210923383623 -0.2750545042905735 1.4235813480212285 -0.8319897232510972 0.012127984011070585 -0.01910866910392809 0.5543289644952031
1644768499.232012 1.7204839215295902 -0.27709352524450115 1.4237758464826924 -0.8326024290513656 0.010917580586492929 -0.01639054401736536 0.5535205220119526
1644768499.238646 1.7264494697752055 -0.27843803939719647 1.4233480772616554 -0.8321744518315396 0.01071491438580056 -0.015023728129240944 0.5542064032654944
1644768499.245246 1.7323524617464188 -0.28027874790617346 1.42342823973543 -0.8325266014793266 0.01068482496777111 -0.013945380771249148 0.5537061813294588
1644768499.258545 1.7452505788779353 -0.2830483734437317 1.4229813732132415 -0.831803977122388 0.008256022854482655 -0.010725664635225259 0.554904112971908
1644768499.2650208 1.7513924894438528 -0.2845181920722346 1.4228825955663158 -0.831511018522848 0.0071914200839594735 -0.009685829552913623 0.5553769205062107
1644768499.2782772 1.7637632469755642 -0.2873898205695645 1.4228120349488256 -0.8311406207167685 0.005432017074834765 -0.007850442253421942 0.5559798875619003
1644768499.291502 1.776209062964166 -0.2902516284744702 1.4228483541152372 -0.8308085704968753 0.0028362439847067875 -0.008021464458992728 0.5564928995084135
1644768499.304675 1.7881114886001386 -0.29326637717843146 1.4230181120761822 -0.8306118045455129 0.00028301195286495817 -0.007599985563299538 0.5567997435645827
1644768499.3178308 1.794228611505151 -0.2945550147564515 1.4229835821899965 -0.8302615020444342 -0.0015174757169324489 -0.006800523155172471 0.5573302363256741
1644768499.324405 1.8001288562185604 -0.29613183263755727 1.4231333410935891 -0.8304262348902098 -0.0027488928268639534 -0.006209025144401307 0.5570868759114598
1644768499.331014 1.8064324007665675 -0.2975672632452265 1.4233143948179527 -0.8303518940366759 -0.0047853074250933 -0.005452595691208899 0.5571917785935337
1644768499.337614 1.8121273386532555 -0.298834498374727 1.4231854086599214 -0.8301337571860965 -0.005691727012528485 -0.004322583088035214 0.5575181773046021
1644768499.344217 1.8179273614587095 -0.3007307783292703 1.4235849712746207 -0.8310139469102441 -0.006516645860759577 -0.0033977793571669025 0.5562027522530381
1644768499.3508532 1.824129587907485 -0.30198072089403916 1.4235197990947084 -0.8308238390560797 -0.008446363841050077 -0.001417713578964268 0.5564693926375476
1644768499.357447 1.8301445450705172 -0.30331739305618294 1.4235390979645146 -0.830903441827644 -0.009796363526185306 0.0005973072318794259 0.5563297290229093
1644768499.364015 1.8357595229387995 -0.30507426936524573 1.4238989614373112 -0.831713515694444 -0.010305333453090431 0.0024693378604504945 0.5551036165192862
1644768499.370618 1.8418875522369564 -0.3061414675698184 1.423758096923728 -0.8315245579785568 -0.011679559272179977 0.005198081340849733 0.555340546267067
1644768499.377218 1.8472436184945036 -0.30811789794584427 1.4242883644163187 -0.8327664053173278 -0.011648797369665434 0.00822026128517687 0.5534406803578286
1644768499.3838458 1.8537701143999583 -0.3090834034948169 1.424112936110611 -0.8323151901468545 -0.013780768594469637 0.010759086472994091 0.5540265813419267
1644768499.390434 1.8598989387244558 -0.31084523351382787 1.4244917276429487 -0.8330847466583843 -0.014619283472130994 0.011068472960879544 0.5528410504414636
1644768499.397048 1.8658530462997298 -0.31196597710607343 1.4245755922634744 -0.8329937778166044 -0.015142702250670022 0.012443218060117474 0.5529348842168239
1644768499.403641 1.8722104161161701 -0.31314373885477903 1.4247403713364495 -0.8331100200215564 -0.016640159363601043 0.01427688580771835 0.5526722492411974
1644768499.410231 1.877986478473953 -0.3147171539151228 1.4251068714883761 -0.8336325925977229 -0.016807933873276087 0.014858501979803347 0.5518632391471934
1644768499.4168162 1.8844599651998737 -0.3155392014449522 1.4250073233897904 -0.8329350263090906 -0.01875063786586456 0.01537844004500187 0.5528389088816883
1644768499.42343 1.890768194887813 -0.3172636387481874 1.425579258252743 -0.8335471537896018 -0.02008589395995864 0.015094671412563045 0.5518763986099993
1644768499.430034 1.8972736138517927 -0.31845320033719676 1.4258479357630107 -0.8334587410224022 -0.021973749016726395 0.01525064463109977 0.5519336638570834
1644768499.436641 1.9037979183952762 -0.31972238615839665 1.426095750626482 -0.8333569553302597 -0.024559283553678445 0.017008006527964588 0.5519270566547507
1644768499.443237 1.9096468460691307 -0.32088094054230787 1.4262429118558844 -0.8331670605242392 -0.024671952664285294 0.0149463995025754 0.5522682817214289
1644768499.449836 1.9157658743444894 -0.32213555682127515 1.4263624831042596 -0.8330591601808548 -0.02607692506795855 0.014797618731950544 0.5523705011025438
1644768499.456471 1.9225429423692737 -0.3233276731992778 1.4263642244848995 -0.8325132462536643 -0.029201943935095922 0.01411283937708653 0.5530547271357402
1644768499.463076 1.9289545687452783 -0.32458159419576815 1.4264583132320832 -0.8324260806548369 -0.03138147737898645 0.015001164714974091 0.5530431472198288
1644768499.46961 1.93420051683715 -0.32612688205038753 1.4266202248756152 -0.8329284493098144 -0.03090606218301321 0.014527146159541893 0.5523257863467362
1644768499.476226 1.9406445451417946 -0.3276673588057849 1.4268201379580185 -0.8332643588544673 -0.0322054651707845 0.015156430599168448 0.5517275568831814
1644768499.4828212 1.9470038698848262 -0.3290765943738332 1.4269618517919294 -0.8338097868216405 -0.03335478687632663 0.016895161640688428 0.5507838327850314
1644768499.489414 1.9535106720442603 -0.3304465362807729 1.4270184975109237 -0.8337846451962071 -0.034402922415834945 0.017221250801114196 0.5507474830413892
1644768499.4960058 1.9601288721053776 -0.33147211259666665 1.426860959154949 -0.8338705000884649 -0.035867691588077975 0.019135427495442177 0.5504606689852206
1644768499.502611 1.966435295446635 -0.33252884494351276 1.426635707621822 -0.8335113332351403 -0.036967146245282134 0.02019573874638898 0.5508939754595658
1644768499.5092978 1.9727272250975563 -0.3342603323552416 1.4269625497967398 -0.8344698517578151 -0.03695506654088643 0.021102081421479128 0.5494077104787393
1644768499.515863 1.979553743969923 -0.33482688798278326 1.4264438331007607 -0.8334280770804754 -0.03896123416657047 0.022429474996433517 0.5507960287078397
1644768499.5224938 1.9867585302122988 -0.3359240554428999 1.426518341588633 -0.8335528553561987 -0.04031970109496835 0.024633908806719007 0.5504151689488695
1644768499.5290911 1.991991211634184 -0.3369747466144259 1.4260773853030457 -0.8330956069241697 -0.04009762823425155 0.02492675748416381 0.5511099797443305
1644768499.535656 1.997836057674204 -0.3383309345441568 1.426227382937602 -0.8334638202285066 -0.03906032415203253 0.027063560383366114 0.5505267296026949
1644768499.542281 2.0054945132636868 -0.3394121154826869 1.425896555944153 -0.832855900665621 -0.04259733462346244 0.025820639561999318 0.5512434935141521
1644768499.5489101 2.0119801801721833 -0.3407181807288824 1.4259129021820574 -0.8330466307594119 -0.04329356027044924 0.02656090475225163 0.5508657396259201
1644768499.5554821 2.0186734855723647 -0.341257820117866 1.4253354843081893 -0.8317090199222311 -0.04519595005905632 0.02660755126464638 0.5527287498412757
1644768499.562057 2.0255814600593456 -0.34210236007767475 1.4250098296061104 -0.8310940498559782 -0.04717121994238374 0.027235420894666868 0.5534576831573078
1644768499.5702012 2.032274986325733 -0.34342218502550825 1.424913534278977 -0.8309528857801406 -0.04872547161151882 0.027049111899994472 0.553544265446483
1644768499.575286 2.038932528665407 -0.3442687989060223 1.424625184685178 -0.8303628048018268 -0.05026618651804875 0.027233428278960522 0.5542824276826384
1644768499.58186 2.045604861584636 -0.3447869938756438 1.4238728520031414 -0.8294293495981956 -0.051995361875444505 0.0288466565951086 0.5554376952502869
1644768499.588427 2.0522358519825694 -0.3460062155459336 1.423559014165022 -0.8293530263456815 -0.052892417395890366 0.028740642155432115 0.5554724416581567
1644768499.595021 2.059509035090259 -0.34691176961809 1.4231414585691615 -0.8290199275484399 -0.05493578721945388 0.029646206132499495 0.555723719989468
1644768499.601616 2.06604149520813 -0.34791965042473383 1.4226166908106284 -0.8287357126683982 -0.055671439002434916 0.03021857111247583 0.5560434316433817
1644768499.608215 2.073979863807623 -0.3483329470850191 1.4219205883119421 -0.8278397560840042 -0.059140708489230934 0.03236912890656446 0.5568982595426512
1644768499.614805 2.079811314373367 -0.3496116381407902 1.4214737143964375 -0.8282686937260489 -0.058591334949978154 0.0329952136995243 0.5562814620337957
1644768499.621464 2.0865698496426175 -0.3505431129401225 1.420932683038745 -0.8278012904764311 -0.059202718390434 0.03318002270599226 0.556901148173003
1644768499.628039 2.0935241914012193 -0.3514412096530395 1.4203278424731767 -0.8276912888482907 -0.0603377771826698 0.034430141958786756 0.5568667642633993
1644768499.63462 2.1006174635839594 -0.3521437131779964 1.419612034353953 -0.8270954941782486 -0.061793439180837136 0.03548119212139256 0.5575261517092042
1644768499.641206 2.1074897321810746 -0.3527420027230664 1.4188089056039528 -0.8266196788350808 -0.06310829007887028 0.03684260422143978 0.5579958942130825
1644768499.6478982 2.1144714137576743 -0.35317119787553586 1.4178558165719877 -0.8259131513000785 -0.06479790890047923 0.03870228016663861 0.5587220951767635
1644768499.654455 2.1215943117277893 -0.35428299621725534 1.4173928492892043 -0.8261127438189535 -0.06639578547371003 0.04039344405304599 0.558119487683969
1644768499.6610339 2.128749134608135 -0.3541106198048934 1.416111119893503 -0.8244265075129861 -0.06880726403180788 0.04131073088411766 0.5602495915840284
1644768499.667665 2.1358190270116633 -0.35491602135226297 1.4154947946047232 -0.8241784430053496 -0.07033748640934581 0.04158477078656658 0.5604043131516407
1644768499.674227 2.1430942984532715 -0.355546727414795 1.4147786662642399 -0.8239464452751769 -0.07282469888474533 0.042895605709758616 0.5603288029759045
1644768499.680825 2.1503028369038906 -0.3554741752104452 1.4136243343851902 -0.8225548105838573 -0.07539530333214607 0.04414100337582607 0.5619345151483072
1644768499.687422 2.1573956073732012 -0.35599588252619974 1.4130177015746457 -0.8223352925157197 -0.07720288672247533 0.04467243048781123 0.5619684012430358
1644768499.6940138 2.164674923632444 -0.3564711464297421 1.4123214464942817 -0.822077557127431 -0.07984892842913302 0.04573510290902765 0.5618902499606536
1644768499.70065 2.1721396604092793 -0.35600004172425215 1.4109912188550906 -0.8204937516789809 -0.0828965666712369 0.04732615742500289 0.5636294500017384
1644768499.707214 2.179350731054149 -0.35622560084698773 1.4101073065887184 -0.8203088193443304 -0.08511190942877836 0.04880656658640318 0.5634419783364121
1644768499.7138162 2.186647162043885 -0.35688187290448115 1.4095405125149019 -0.82071597726687 -0.08743024945280228 0.05096982874715781 0.5623014835086207
1644768499.7204428 2.194190022870348 -0.3568424896532649 1.4085910718866492 -0.8202448471187225 -0.09053964203183333 0.053203892939787965 0.5622900419661175
1644768499.727051 2.2012177978321725 -0.35678184711407535 1.4076276378699224 -0.8198387647898707 -0.09227783147321711 0.05344272409505671 0.5625767842560025
1644768499.7335858 2.2085454945834586 -0.3570944204794482 1.4070794013487464 -0.8202231339358321 -0.0947260026504694 0.05491117594201769 0.5614672938062731
1644768499.740217 2.2159962279866434 -0.35689709871596587 1.4061824419839384 -0.8196955775445528 -0.09742917770698982 0.056580631803678845 0.561609378795867
1644768499.746809 2.2229166390138477 -0.35690388030330045 1.4052474503353298 -0.8198379710236919 -0.09914726852056469 0.0592239269307709 0.5608276220635122
1644768499.753419 2.230176226029324 -0.356565102653264 1.4042920754444854 -0.819146052966723 -0.10152223530819704 0.0608080711811101 0.561244243274489
1644768499.7600121 2.2377850650007236 -0.356269960226701 1.4035708135519975 -0.8188728127000865 -0.10520627188699817 0.06387517133788986 0.5606233395276273
1644768499.766616 2.2448433021648593 -0.3556349884024239 1.4027111739101161 -0.818431774541961 -0.10798403102211175 0.06522694318818052 0.5605836455508171
1644768499.7732558 2.252395414693063 -0.35569160573712144 1.4021793755042138 -0.8183946173036765 -0.10990256603941445 0.06591089557387703 0.5601848543993062
1644768499.7798378 2.2597200794574923 -0.3546029411399253 1.4011944414045923 -0.8168586510825374 -0.11364704929162986 0.06814705589342017 0.5614108063419505
1644768499.7864509 2.2671215921352257 -0.35462760635801815 1.4009157191689035 -0.8171283306155417 -0.11597502642733243 0.0684340017975233 0.560506375957354
1644768499.7930508 2.2743628090345074 -0.3541519338704121 1.4003354182243646 -0.8166033824092308 -0.11882450469407219 0.0695199437681288 0.5605409469525521
1644768499.799621 2.2813371843338643 -0.35326293406649006 1.399589278321723 -0.8156518223223724 -0.12205759414134582 0.07226249429254172 0.5608849750145809
1644768499.8062599 2.2890624310999237 -0.3532019975762923 1.3995469050276448 -0.8157046532880138 -0.1250196558685953 0.07164952904486575 0.5602338994903531
1644768499.8128152 2.296134955810005 -0.3519787250436831 1.3988785877825745 -0.8143263400040756 -0.1294654295637274 0.07403505757423014 0.5609186624241798
1644768499.8194208 2.30321764539108 -0.3512841417678293 1.3985166654936374 -0.8137112314845892 -0.13288677972732033 0.07587692970834094 0.5607651544736352
1644768499.826014 2.310527094197614 -0.3510298167386028 1.3984262954281632 -0.8137680326844249 -0.13565911403284603 0.0771571387789081 0.5598433753056342
1644768499.832631 2.317576605999609 -0.35015006723004033 1.3981971669027828 -0.8129153398878596 -0.14001683016694225 0.08055625974976202 0.5595304121688037
1644768499.8392498 2.324729587618911 -0.3494839647357929 1.3981070603859709 -0.8123622953182357 -0.14340128313957792 0.08302472066007174 0.5591153988167051
1644768499.845827 2.331679573341238 -0.3484363450934489 1.3977814427787258 -0.8112824713645878 -0.14699057814675007 0.08523106811695526 0.5594191766869702
1644768499.852416 2.3386934820372796 -0.3478282239123127 1.3977762064606292 -0.810761055328092 -0.1502928322818249 0.08819446584871743 0.5588380935529881
1644768499.859026 2.345568561085242 -0.3469216022235737 1.397736820785004 -0.809738890430867 -0.15403980267918155 0.0924989449622785 0.558603696335912
1644768499.865624 2.3526665044737203 -0.345904112852389 1.3975423492099257 -0.8084491384320005 -0.15745256896667895 0.09547128868826313 0.5590200580247221
1644768499.872224 2.359324505522522 -0.34493267873166206 1.3976510261437616 -0.8075407827588794 -0.1601909319360812 0.09875419922400017 0.5589847171880895
1644768499.878826 2.366467472126008 -0.3441894573088604 1.3978444264388994 -0.8066597497389487 -0.16351866937592133 0.10288890561069317 0.5585474461782486
1644768499.885419 2.372846484360071 -0.3429301034782629 1.3977457631227832 -0.8053617447321869 -0.16494212623348548 0.10480728637599591 0.5596441469878236
1644768499.8920362 2.3795358177405403 -0.3416451801958005 1.3979458277661259 -0.8042934991707047 -0.16716162294827758 0.10773235210395381 0.5599663177675522
1644768499.905313 2.392592672639582 -0.33907992960338823 1.3983600884293543 -0.8022021264757508 -0.17116460423108606 0.11303932179135284 0.5607103783035992
1644768499.91185 2.3997767220385917 -0.3378671151498779 1.3987288285651267 -0.8013290906792042 -0.17439762478992252 0.11545286508051196 0.5604705853929298
1644768499.918423 2.4059002105007883 -0.3364105002261069 1.399102598984804 -0.8004067124943344 -0.17572575489302453 0.11788033213771444 0.5608683336021272
1644768499.925011 2.4126261359290067 -0.33501025104521853 1.3995699955496401 -0.7996456806080302 -0.17818326748699875 0.11997498961905256 0.5607345075814176
1644768499.931673 2.419039618261714 -0.33350059699595036 1.400020296918478 -0.7987580224578599 -0.18032270974676773 0.12224400540491775 0.5608254792624234
1644768499.938229 2.425659319692514 -0.3319863070606105 1.400563682763369 -0.7979742228169432 -0.1832072335073187 0.12449128354660136 0.5605120152902116
1644768499.944822 2.432222936552425 -0.3304436514668291 1.4011758914562367 -0.7973822812065925 -0.18576833469591664 0.12643794949747106 0.5600756875156034
1644768499.951425 2.4385304783403234 -0.3289155452670584 1.4017443004670058 -0.7968286787676637 -0.18800556901090953 0.12856706295649223 0.5596320302862893
1644768499.964624 2.4449717982852097 -0.327284693434968 1.4024080778882655 -0.796332186498514 -0.1907235040197222 0.13036451164866006 0.5590029632639745
1644768499.971223 2.4514169777113834 -0.32555678813924555 1.4029931403622444 -0.7957799382807601 -0.1931081420180595 0.1321695575154573 0.5585465745370507
1644768499.977818 2.457645729787185 -0.3237500118901152 1.4035116450712388 -0.7952122011324135 -0.195422546874675 0.13421873112690877 0.5580613519938975
1644768499.984451 2.4639770746513245 -0.32223212007034374 1.4044479800251473 -0.7954748885123303 -0.1976435552469223 0.1354900698012169 0.5565956275582188
1644768499.9910212 2.4702091733145566 -0.3203241991749003 1.4050270153594975 -0.7950432326366285 -0.19973371410109303 0.13697844440942547 0.5561016864722048
1644768499.997601 2.4764221593338407 -0.3185745494421837 1.4058431911412241 -0.7951819341667153 -0.2017095722489186 0.13800754353242273 0.554934630649442
1644768500.0042088 2.48251532288293 -0.316890241129705 1.4067625262290955 -0.7955226882477563 -0.20356686209860952 0.1389150925364499 0.5535399210071581
1644768500.010815 2.4886030391526397 -0.3150024718688581 1.4076313316136342 -0.7955631969002983 -0.20543332265511435 0.1394487905074786 0.5526570855812752
1644768500.017408 2.4946717116590524 -0.3130697107751155 1.4085115973748052 -0.7956039350955553 -0.2075030239518623 0.14010824696080573 0.5516577252163765
1644768500.02402 2.500759112711722 -0.3112383325050878 1.4095804116548734 -0.795846927313817 -0.20955511368378285 0.14021269070943304 0.5505037356625198
1644768500.030654 2.5068860045449757 -0.3090962824867327 1.4104741316311953 -0.795576074080942 -0.21208534128320317 0.14068461257257708 0.5498053301787497
1644768500.0372522 2.512971126356047 -0.30735545369232103 1.4116576011456132 -0.795899243866478 -0.21460064716332955 0.14046752210318977 0.5484153850456932
1644768500.043811 2.51881705660747 -0.3051855015171126 1.4125714607378614 -0.7953934634155388 -0.21681796989916965 0.14101339565123083 0.5481369472028103
1644768500.050455 2.5245662768631876 -0.30308712074533883 1.41356483115253 -0.7951376051102054 -0.2187382280797355 0.14101761251286457 0.547743922361479
1644768500.057021 2.530522360134981 -0.30110064253155927 1.4146767696681792 -0.7950795766444945 -0.22147303443496918 0.1418364697784109 0.5465163498930661
1644768500.063647 2.535989593851703 -0.2988119659108826 1.4155541741676567 -0.7947216638473611 -0.2237712679509901 0.14263740182157134 0.5458918880960588
1644768500.070218 2.5424127538839194 -0.296728723558916 1.4167812436030278 -0.7941688107089047 -0.22683557494887852 0.14257349323483215 0.545448292641043
1644768500.076818 2.5480372187735947 -0.2946573256498161 1.4177508819411422 -0.7940956155288471 -0.2290538417951509 0.14425744898194062 0.5441836830809685
1644768500.083421 2.553567343780663 -0.29222956115894066 1.4183470760634125 -0.7930619385775934 -0.2310886282626501 0.1459351152628918 0.5443834901335591
1644768500.090019 2.559081884427984 -0.2899466192382992 1.4191825296243235 -0.7924936504023039 -0.23246693001971405 0.14651981422685703 0.5444671329493826
1644768500.096649 2.5646743429287064 -0.28794531156803566 1.4204234468929828 -0.7926569999871766 -0.23439120661793741 0.1472950514712691 0.5431936287561047
1644768500.103254 2.5709421661186576 -0.2863071539357885 1.4221645780990448 -0.7936251205699981 -0.23671045533322643 0.14778897683127076 0.5406340154022652
1644768500.1098108 2.576104717327153 -0.28305759258431357 1.4218018013674516 -0.7911250345242228 -0.2378141423274197 0.15000282253661804 0.543198272421443
1644768500.116415 2.5816921295794613 -0.2806374723817898 1.4225124267462246 -0.7903152298198874 -0.23927888283990123 0.1516022681376716 0.5432897862930061
1644768500.1230059 2.58731395792662 -0.27825287113249914 1.4231761081851149 -0.7896246049001365 -0.24078122060531126 0.15303678460503709 0.5432280425523066
1644768500.129623 2.592881560720403 -0.2757432326036363 1.4237533199862176 -0.7888183030435147 -0.24210143727260305 0.15450108058396947 0.5433981787341389
1644768500.1362119 2.5984112003612303 -0.27325752282514987 1.4242300363073244 -0.788102042920741 -0.2430298280811944 0.15602053014153003 0.5435887959022204
1644768500.142886 2.6039278164528246 -0.2706797593296389 1.4247442924470124 -0.78736856743315 -0.2441782420132538 0.15720672569144103 0.5437952420615378
1644768500.149417 2.6095171605336094 -0.26812871866836474 1.4252654272525334 -0.7868092778594145 -0.24544224790238398 0.15833292488572828 0.5437089195748126
1644768500.156047 2.6150898007548005 -0.2654817639286797 1.425670875660819 -0.786121821587562 -0.24680039828625727 0.15965217543379853 0.5437027509636702
1644768500.1626508 2.620752415424485 -0.2629577356001694 1.426070556164745 -0.7858475227340151 -0.2481102193197219 0.16061982226169513 0.5432181140342313
1644768500.169259 2.626217733313904 -0.2603107616468025 1.426360187352637 -0.7851502319150525 -0.24915473032379087 0.16169256249199424 0.5434298522874345
1644768500.175824 2.6318122017078585 -0.2575683919903283 1.426619814014657 -0.7845640924861594 -0.25055335290709563 0.16247853296722617 0.5433988099352853
1644768500.182434 2.6373678180639866 -0.25479369777635485 1.4268031787904372 -0.7839582374946211 -0.2520243655869284 0.16341020259004815 0.5433137807015747
1644768500.189025 2.6430904880498294 -0.25198995431431476 1.4270659301912885 -0.7835049764329249 -0.2542011946158563 0.16393797101934368 0.5427941301408206
1644768500.195636 2.648614681350661 -0.24923445977040287 1.427178598976813 -0.7830321760201526 -0.25548806393263046 0.1642422104722553 0.5427803622490187
1644768500.202225 2.654227865981567 -0.24641261424270994 1.4272603301027198 -0.7826462649012644 -0.25698635914617135 0.16432790404369546 0.5426037477752954
1644768500.208822 2.6598032564178404 -0.24351053191205368 1.4272517068235477 -0.7821440540550905 -0.25844208002941116 0.16438106481538028 0.5426203323753969
1644768500.2154171 2.6653057004903213 -0.24057505103931284 1.427132319266108 -0.7816228579909066 -0.2598292184709249 0.16445958165487015 0.5426850402690271
1644768500.222017 2.670530427285673 -0.23807182106019567 1.4269766746597305 -0.7816795243437188 -0.26024606816755463 0.16404166828802638 0.5425302834380343
1644768500.228634 2.6762427018653 -0.23519554360133282 1.426954943672063 -0.7814750055667455 -0.2616959688452783 0.16342991393989215 0.5423119124593945
1644768500.2352152 2.682313024107906 -0.2319617348691791 1.4269208570275786 -0.78099283465252 -0.2640084562819804 0.16299323932002252 0.5420169614638386
1644768500.241808 2.687565079209662 -0.22960484237437373 1.4269263758085462 -0.7815630515014379 -0.2643111714371507 0.16163570108853634 0.5414536996727168
1644768500.2484229 2.693002541961816 -0.22637542614564393 1.4263241918826703 -0.780877118646367 -0.2658903593887645 0.16232233885329858 0.5414649783275537
1644768500.25504 2.6990574798063034 -0.22303062261283627 1.4261053488304032 -0.7803570273084642 -0.2683412186821272 0.16194823998208074 0.5411174627270064
1644768500.261615 2.7044460066353344 -0.22053787500716004 1.4259311794441438 -0.7807932891834781 -0.26892580864095034 0.1606728839833967 0.5405778923301462
1644768500.268209 2.710307651773921 -0.21704523832936243 1.4255881432830253 -0.7801980334171598 -0.27160929755076735 0.1610426118314818 0.5399853509604992
1644768500.274814 2.716255517875963 -0.21394572585559302 1.4253099371279987 -0.7800807718962752 -0.27363324751313295 0.16000905555615885 0.5394400069464402
1644768500.28145 2.721920510544334 -0.21079913750308346 1.424929767440374 -0.7797556575300864 -0.2752241762966518 0.16035186946003468 0.5389986740061669
1644768500.288049 2.7277302049536263 -0.2078954081689754 1.4246351620467255 -0.780102240014389 -0.27706571860823026 0.1604374741433742 0.5375262059223552
1644768500.294614 2.7333320256405758 -0.20471500702300705 1.4241548567310507 -0.7799422042268508 -0.2786965455335855 0.16044218127296206 0.5369136795227983
1644768500.301282 2.738672635367135 -0.20202130636007745 1.4238994525653685 -0.7804111283070765 -0.27926909786180665 0.16005575155358395 0.5360494601606623
1644768500.30782 2.7448460994799024 -0.19840918369998448 1.4234566808083704 -0.7797551285298705 -0.28165564422578204 0.16041483455153663 0.5356478982123539
1644768500.314429 2.7504381732020122 -0.19530698004294983 1.423144072644475 -0.7799286639185162 -0.2831002175126362 0.1608226314527356 0.5345102518027746
1644768500.321017 2.7562194809875447 -0.19193199785059928 1.4227037808270788 -0.7796490729449921 -0.2845572554773905 0.16059506138737573 0.5342127633898157
1644768500.32762 2.7616626876521697 -0.18914245684014458 1.4224691757031966 -0.780098576505387 -0.28521934151379247 0.15982554774660618 0.533433642183562
1644768500.33425 2.7676002070776833 -0.18561312017471487 1.4221429889381283 -0.7796737534322339 -0.2872744418360278 0.1600759846564078 0.5328766081601083
1644768500.340819 2.773630427812603 -0.1824428989198014 1.4220464234207504 -0.7795951137501117 -0.28890541109182244 0.1593652287562491 0.5323227237942068
1644768500.347451 2.779195315121491 -0.17902549908491816 1.421661652262451 -0.7791984882165219 -0.29036195191911035 0.15922070128054078 0.5321541118008469
1644768500.3540192 2.784807939525539 -0.17603548393959673 1.421384896171852 -0.779183061624007 -0.2912560440543481 0.15775269926239913 0.5321252419525666
1644768500.3606532 2.790852716100854 -0.17244584963296358 1.4212253663587482 -0.7785740376560164 -0.2936770116047004 0.1575778971953292 0.5317376941647463
1644768500.36722 2.7967461151685 -0.16923660793368345 1.4212081506201417 -0.7782432217087552 -0.2956386478317065 0.15685206391489245 0.5313494359949278
1644768500.3738189 2.802536799586812 -0.1658964435026225 1.4210036728562074 -0.7776129498187929 -0.29769557827142035 0.15641801692830862 0.5312516328211127
1644768500.380425 2.8081015796894118 -0.16251509811871465 1.4207255327693151 -0.7770256852318417 -0.2996355582290996 0.15614415729265807 0.531100811518244
1644768500.387018 2.8139463352078926 -0.15929161622879898 1.4207072062076167 -0.776598936844245 -0.30174474638622734 0.15574350969379208 0.530648301733549
1644768500.3936582 2.8198421995554197 -0.15596847790569132 1.4205630607299045 -0.7759204919455202 -0.30377255686772486 0.1554456493156378 0.5305712303489862
1644768500.400227 2.8256266315483978 -0.1527690049306505 1.4204662508709 -0.7753334622956367 -0.3052774526254724 0.15602876800769366 0.5303945052518878
1644768500.406828 2.831412528028802 -0.14948321815047133 1.4204444977571102 -0.7748060862556958 -0.3073513557952556 0.1558656030856044 0.5300152609122782
1644768500.413457 2.8371687632302134 -0.1461811806082397 1.420408166669588 -0.7741708088946737 -0.30917362152987626 0.15636844528577942 0.5297354360837461
1644768500.420047 2.8430392639617095 -0.14285184069779344 1.4204120578136739 -0.7734816824347741 -0.31097819594485754 0.1567081254754712 0.5295854807498254
1644768500.4266639 2.8489516361130494 -0.1396531040155972 1.420532929640174 -0.7730287328839622 -0.31232663084542156 0.15649113485721913 0.5295174948933975
1644768500.4332201 2.8546201567218987 -0.13633956895570204 1.420408181806755 -0.7722213046442065 -0.31329227976772256 0.1578243550872169 0.5297293498620406
1644768500.4398122 2.8604571305852273 -0.13322140949905809 1.4205241301409726 -0.7717250205208052 -0.31434516358189857 0.15888124517989877 0.5295128902156091
1644768500.4464252 2.866237865435606 -0.12998803046658391 1.4205566268250502 -0.7710157720718079 -0.3152569029163581 0.1597464023868976 0.5297435769063576
1644768500.4530392 2.8718809485448493 -0.12666384371184353 1.4205035991299475 -0.7700642065847195 -0.315931844349915 0.16047827040448764 0.5305038805093653
1644768500.4596329 2.877672205662562 -0.12341738359550669 1.420596545928331 -0.7692500598894103 -0.3168901206625679 0.1612450883249412 0.5308808563001969
1644768500.466249 2.883331807690717 -0.12032157399228874 1.4207056049488758 -0.7685467644612181 -0.3171916459602838 0.16208333761647453 0.5314639125514928
1644768500.472825 2.888996733817641 -0.11713899690458096 1.420853576294311 -0.7674912113076859 -0.3176629406154423 0.16323838620629044 0.5323534714888418
1644768500.479449 2.8946750785606454 -0.11404494986497392 1.4210523073489132 -0.7667630314546373 -0.3181595999032512 0.16374442781300366 0.5329505917488719
1644768500.486015 2.9002731336072993 -0.11081286493892564 1.4211459544620513 -0.7657163373722732 -0.31871257368438116 0.16443719503805052 0.5339106281161415
1644768500.492619 2.9058623063502678 -0.10782359280320494 1.4214373834971734 -0.7651217807677497 -0.3192660030698317 0.16487716089803198 0.5342966678468256
1644768500.499222 2.9115077611113542 -0.10488476539571764 1.4217839758010755 -0.7648448060891793 -0.31991845900905286 0.16485486155438045 0.5343099020778362
1644768500.505846 2.917000083231004 -0.10171554880067316 1.4219725386218098 -0.7636798235447403 -0.3206242502240389 0.16581250454182317 0.5352559698318412
1644768500.5124521 2.922763016366771 -0.09880978055155806 1.422724677897101 -0.7634854781312204 -0.3221962341796635 0.16541493964057868 0.5347120567672289
1644768500.519074 2.9281240577809253 -0.0956982891999832 1.4229148851159241 -0.7625892252605538 -0.32342139499401834 0.1667740606993991 0.5348290729160464
1644768500.5256581 2.933684303428365 -0.09280673340481613 1.4235010181745877 -0.7621395093833513 -0.32490567221430994 0.16744233384786195 0.5343615106511016
1644768500.53891 2.9447552012394067 -0.08642606553447632 1.4244910636709562 -0.7602209372175601 -0.32861666315523874 0.1682225104721215 0.5345801001019136
1644768500.545413 2.9502691505385195 -0.083487140604947 1.4250267733163717 -0.7596138388605274 -0.3299063955824995 0.16777965311940218 0.5347878755973307
1644768500.5520132 2.95576588024035 -0.08035209504402605 1.4255699512392055 -0.7587435505747551 -0.33148219514495936 0.16778690481821387 0.5350464863956086
1644768500.558649 2.961203687124622 -0.07733637058151444 1.4261161943684681 -0.7580744732344001 -0.3327639988276338 0.16778523412098603 0.5351997103218568
1644768500.565214 2.966794055192277 -0.07453970187903344 1.4269640191561517 -0.7580925581011514 -0.3342921395367602 0.16724967243841485 0.5343887838884546
1644768500.571816 2.9721984027403185 -0.07112255362816212 1.4275392128007816 -0.7570321402201032 -0.33585774955064784 0.16758062138511506 0.5348065520305967
1644768500.578414 2.9774887479689567 -0.06796992459369788 1.4279839039743258 -0.7561459067315441 -0.3366419691127901 0.1681798444924067 0.5353790447332094
1644768500.5850189 2.9829550227119777 -0.06495354173837702 1.4286810683951414 -0.7557793521162002 -0.33769954182504347 0.1683734995785795 0.5351694361477862
1644768500.591647 2.9884360156850733 -0.06198631441604904 1.4292912476351907 -0.7555306802143649 -0.33886042824595275 0.16861515372331684 0.5347105728965804
1644768500.604906 2.9992707904988336 -0.0556045265047677 1.4304065971311912 -0.7534262810835588 -0.3409609669081469 0.1711969509543044 0.5355235340526335
1644768500.6181052 3.009763317275952 -0.04996607193320621 1.4318045486435964 -0.7543051824951987 -0.3412544629777657 0.17226891951006326 0.5337528110780522
1644768500.631212 3.015243726981629 -0.046919028606942734 1.4324056143340131 -0.7541750551996279 -0.3416060431074965 0.17399234741009317 0.5331524157974963
1644768500.637814 3.0206132627537983 -0.04345987834352022 1.432634251175084 -0.7524613902879208 -0.3428540564920766 0.17727989171261851 0.5336893528114824
1644768500.644446 3.0257695234626145 -0.040429106022775024 1.4333263675240673 -0.7532527079130061 -0.3425285770039293 0.1774798972029409 0.5327147126426078
1644768500.65102 3.031339363463774 -0.0371603742286757 1.4339094169054658 -0.7528501783478432 -0.3433686170932547 0.17893876807798778 0.5322546627209932
1644768500.6575859 3.036660108028393 -0.03406124206407894 1.434524687079198 -0.7527292187839673 -0.34405241540578785 0.18034196845782047 0.5315100158609144
1644768500.664234 3.0418528883307934 -0.030608036204692574 1.4347611110925564 -0.7517801714091403 -0.3442643557626936 0.1820437203464732 0.5321355030349473
1644768500.670824 3.047426717389802 -0.027601677472679498 1.4349648645416746 -0.7506697491359654 -0.3449183721682986 0.18416921708802483 0.5325479493818114
1644768500.677421 3.0524150918762762 -0.024317409571474206 1.4355096175084012 -0.750829060710413 -0.34528897588409413 0.18530575357713452 0.5316884554661572
1644768500.68402 3.0576501583133036 -0.02061518320317545 1.4357449838082543 -0.7495525310918075 -0.34632482860344554 0.18715380814117727 0.5321682594163261
1644768500.6906571 3.0630530096552437 -0.017665075171919883 1.4362379189868126 -0.7495401869177268 -0.3469060160544399 0.1878125433464656 0.5315746590499882
1644768500.697217 3.0682860872171567 -0.014270717332273544 1.4362742270352096 -0.7487680107619761 -0.3473173445580078 0.1888945287569922 0.5320107338728659
1644768500.703862 3.0734361984402705 -0.010732966594745083 1.4363588825087552 -0.7475778523267954 -0.3477566760235997 0.1907465798053387 0.5327361450800686
1644768500.710442 3.0787191805576652 -0.006883885302808569 1.4364170071864442 -0.746264323583312 -0.3487391053347681 0.1920267390676897 0.5334751669031083
1644768500.7170591 3.0842833717478 -0.004015953466434109 1.4368588442168755 -0.7465459012108606 -0.34916303186904923 0.19302281823590192 0.5324434350187319
1644768500.7236538 3.089499711900739 -6.359854984903934e-05 1.4368084293040555 -0.7451838888438227 -0.35021055368799286 0.19407589309895915 0.5332800639174713
1644768500.730249 3.0947029322924955 0.0035717149782164767 1.4367715263984147 -0.7444538034457607 -0.3505346984127041 0.19392906451974554 0.5341394553249782
1644768500.73681 3.100027624575822 0.006641579990427193 1.4369417746558282 -0.7444712585584247 -0.35047167532936113 0.1944078909188045 0.533982482261283
1644768500.743419 3.1054644339191646 0.010176983542236354 1.43702955089201 -0.7439848500775714 -0.3516957940892428 0.1949502607560245 0.5336576226992789
1644768500.75001 3.1106589954977752 0.014022050048336787 1.4368727123315665 -0.7427572209442646 -0.352344131617323 0.195577772512392 0.5347092567652489
1644768500.7566159 3.116104415506953 0.017916459514983114 1.4369280066824852 -0.7416978458823562 -0.35391489645064445 0.19599263385562307 0.5349905655924202
1644768500.76321 3.12125620528388 0.021486647845686428 1.4366428581608972 -0.7407035929233784 -0.3542906031931083 0.1973413604905292 0.5356232875950941
1644768500.7698402 3.12660657422178 0.025198004760384626 1.4365261603425508 -0.7398107497184879 -0.35527444917250456 0.19791459738256134 0.5359937585282191
1644768500.7764428 3.131654605391295 0.028915377643085674 1.436247024781872 -0.738922924121891 -0.35562282924832095 0.1981077340731261 0.5369154473420578
1644768500.783048 3.1372724700497265 0.03252660002003032 1.4360327684622025 -0.7381954448922521 -0.35664591481212365 0.19908640120889873 0.536875355738039
1644768500.789595 3.142563498038522 0.03651470169194437 1.4356946700592568 -0.736995113413835 -0.35758068722422326 0.1999847676099269 0.5375683879216218
1644768500.7962172 3.1474143656766014 0.039920565928753426 1.4354288845022216 -0.7367852819520218 -0.3571235086789046 0.20090315063631192 0.537817564673898
1644768500.802846 3.1532453748444094 0.04397388644807319 1.435080162888194 -0.7358431875101616 -0.358463986347197 0.20193315497432235 0.5378297057216059
1644768500.809419 3.158416330361624 0.04772108616948045 1.4346463108615461 -0.7353804209650109 -0.3581684833814379 0.20295909796226524 0.5382733738068455
1644768500.816013 3.163803141224084 0.05140435435425642 1.4344676295082777 -0.7352716497048539 -0.3586913369456066 0.20413244584928658 0.5376296050688196
1644768500.8226209 3.169129715507764 0.05549402012476172 1.4337549147158255 -0.7343854793267038 -0.3583700163991841 0.20520179277558176 0.5386468127714583
1644768500.82926 3.1747474241978617 0.05945639892469791 1.4333624768230766 -0.7339492004490323 -0.35878897406577964 0.20632943772793408 0.5385320540469495
1644768500.835855 3.1798603905737415 0.06305476119225693 1.4328407946320854 -0.7339690746055367 -0.3579281485216214 0.20728065159982573 0.5387122870780336
1644768500.842416 3.185466361576092 0.06735425287210048 1.4324063499925808 -0.733074178071089 -0.3587782760584487 0.20848531598598719 0.5389005635797646
1644768500.8490188 3.190871219364419 0.07140276260958277 1.4319081225771186 -0.7325216465528085 -0.3588618594518228 0.20935031350337413 0.5392606778951464
1644768500.855623 3.1962516394007983 0.07537265645282357 1.431436298032331 -0.732010672990669 -0.35901417037201916 0.21022069239134142 0.5395146004671821
1644768500.862255 3.2014177964641823 0.07947003294843791 1.4309286576697355 -0.7312845575320778 -0.35909729475268914 0.21117542028021283 0.5400708266740798
1644768500.8688488 3.2068211519559218 0.08367181824309164 1.4303561611045257 -0.7303758636563049 -0.3592456239565831 0.21161843211186482 0.5410275308633599
1644768500.875455 3.21238532061643 0.08801523659268397 1.4298658527646595 -0.7291784381788496 -0.3603702639960776 0.2122757078934717 0.5416369750756813
1644768500.8820128 3.217818251046028 0.0916268143431639 1.4294311211734654 -0.7290929771252211 -0.3605634341139442 0.21287638716866622 0.5413877043250412
1644768500.888618 3.2232781913566453 0.09637155275324702 1.4288841025948031 -0.7273326915124665 -0.3619150182014207 0.21331851998503162 0.5426780098809345
1644768500.895214 3.2287619065620254 0.10046931878211815 1.4284559616150476 -0.7265046223362714 -0.3628263053252784 0.2137071587775593 0.5430256015366841
1644768500.901818 3.2341924113271503 0.1048546113989752 1.427952630350301 -0.7251428097158101 -0.36411342554362186 0.2139381015270853 0.5438928185691093
1644768500.908414 3.2396311222080474 0.10913537128234849 1.4275448271261675 -0.7239858200184527 -0.3653280032969908 0.2143626029973554 0.5444520330455237
1644768500.915025 3.2448639213646304 0.11320472875351224 1.4270143617531659 -0.7232031959066816 -0.3657534770391945 0.21432882298439546 0.5452194163274564
1644768500.921612 3.2505174712617153 0.11767725664672038 1.4265993370107968 -0.7218143553218572 -0.3676617754937167 0.21473248883130003 0.54561733298493
1644768500.928258 3.2559065430143974 0.12193636808049509 1.4261595787677603 -0.7207262891711839 -0.36887582438275135 0.2150252380102669 0.5461207172874697
1644768500.9348428 3.261092630160652 0.12631860941716325 1.4256037579875553 -0.7194225618465258 -0.3698377039786418 0.21572416871892566 0.5469129914685509
1644768500.9414558 3.266392861583478 0.13074496254055668 1.425128186836915 -0.7180483578886723 -0.3710997831521147 0.21629192544160344 0.5476393457208646
1644768500.948019 3.271780517190134 0.13531625756506682 1.424682008353442 -0.7166679727534927 -0.3726151119905499 0.21706267211480176 0.5481133635357125
1644768500.95462 3.277183577563588 0.1394958705025129 1.4242414947378101 -0.7160475739490918 -0.373496194576649 0.21790220207580172 0.5479912581472285
1644768500.961219 3.282677125915862 0.1439982773745274 1.423847679989011 -0.7149515201199608 -0.3751084479885032 0.21915801454980402 0.5478204549000076
1644768500.96782 3.2878008567171255 0.14850421819302137 1.4232929749904986 -0.7139723968608955 -0.3757940668416066 0.2203335099833668 0.5481559503496356
1644768500.974417 3.29350228720083 0.15302578056955243 1.423166816336612 -0.7132737516524871 -0.37775664947572596 0.2209503364826512 0.5474676422379797
1644768500.981021 3.29876754209649 0.15745098535665009 1.4227915975084735 -0.7126301681975157 -0.37869254616521003 0.2223639033932193 0.5470866937025524
1644768500.9876149 3.303685709218143 0.16201991291555567 1.4221844898427878 -0.7116553839236431 -0.3787480322600316 0.22361030372675514 0.5478086788846249
1644768500.9942222 3.309160365823323 0.16669350164518287 1.4219729738663334 -0.7107156921890472 -0.38043848585037393 0.22474799501100923 0.5473914871817372
1644768501.0008168 3.3139604530662723 0.1715990005164939 1.4216331755440752 -0.7093738123126258 -0.38136626983184324 0.22627018671326274 0.5478593034313587
1644768501.007427 3.3189485437785775 0.1761139322719771 1.4212953677315947 -0.7087291087601104 -0.3818918838599507 0.22737849182118383 0.5478686890772014
1644768501.014018 3.324479401346053 0.18058104982811177 1.4212470633112055 -0.7084443671436351 -0.3836883159254047 0.2279740901446697 0.5467332193874642
1644768501.0206149 3.3295648737015613 0.18562531549454286 1.4210589963215143 -0.7068919557393115 -0.38553628943651597 0.22897219696893936 0.547025331601225
1644768501.027214 3.3347511154844893 0.19032070855681432 1.4207979109310538 -0.7058199616316236 -0.3870464669808414 0.2307345366019899 0.5466024588936931
1644768501.033824 3.339328080723989 0.19490350613177057 1.4208205606595004 -0.7050446431602002 -0.38792017398534134 0.23143280253664256 0.5466885362879094
1644768501.040411 3.3442846887501854 0.1996769041420134 1.4207529525741251 -0.7037761935133852 -0.3897556232941136 0.23257408017636894 0.5465330961699918
1644768501.047049 3.349785458308487 0.20445201095341842 1.420875526683162 -0.7026871416150698 -0.39265807851365214 0.2330415838928695 0.5456570107976969
1644768501.053618 3.3544018396316133 0.20930743921850103 1.420836643327803 -0.7011513422914939 -0.3941762197845657 0.23394770441716725 0.546149857662393
1644768501.060222 3.3593706408692636 0.21389495809539588 1.4210452254845445 -0.7002174611519546 -0.3961514557721626 0.23464899029395142 0.5456176525734763
1644768501.066813 3.364445895088879 0.2187952584818221 1.4213397338647655 -0.6988106907094955 -0.3991806337889904 0.2353836749364981 0.5448965963058368
1644768501.07343 3.3687182506095166 0.22363341899322653 1.4213484122163704 -0.6969670101507589 -0.4005833644443291 0.2369621084473477 0.5455439520269586
1644768501.08005 3.3736111231052828 0.22844314502572302 1.4215796761333692 -0.6955726209485008 -0.4031122527834805 0.23759250488619305 0.5451866897624726
1644768501.086627 3.37841035365977 0.2331344525029791 1.4219144390133986 -0.6942637331563809 -0.4054202147672612 0.23841487550698068 0.5447844462519039
1644768501.093214 3.38277724570991 0.2378645194145721 1.4223050673473459 -0.6929381054030107 -0.40734321904738974 0.23975214346224646 0.5444507388061349
1644768501.099864 3.387475657032557 0.24269123127811768 1.4224853090031901 -0.6913605845983667 -0.40985075948694416 0.24123600372463236 0.5439187376409312
1644768501.106443 3.391901835799998 0.2474582430175347 1.422931685158926 -0.6899920307969482 -0.4122359235654246 0.24281562766084985 0.5431504291763555
1644768501.113024 3.396524682155963 0.25219415183701244 1.4234782809422615 -0.6885596483481419 -0.414997598383587 0.24473528045344894 0.5420024895521302
1644768501.119628 3.400963756989608 0.256770267497917 1.4241205975100124 -0.6874054884183446 -0.4173437379298192 0.24625090818539053 0.5409783609135301
1644768501.1262589 3.405275265287024 0.26159475338924654 1.4244945227123293 -0.6852644361515711 -0.41980147229230047 0.24872355144312044 0.5406619709166264
1644768501.1328378 3.409297284806667 0.2662605826082679 1.4250379489715106 -0.6834108719826535 -0.42178098968202926 0.2513118840548555 0.5402702735842267
1644768501.1394272 3.4136259005741443 0.2709540432742772 1.425717811126941 -0.6816542489326212 -0.4242425370597417 0.2535457980247946 0.539517860127105
1644768501.146027 3.417714859802401 0.2757633538779945 1.4262190147464178 -0.6794088214952383 -0.42641717423045067 0.2565811274021966 0.539200807887343
1644768501.15263 3.4219299086122628 0.28072092684791866 1.4268100919035027 -0.6769918791461684 -0.4289804232714691 0.2594602156929991 0.5388297741926055
1644768501.159219 3.42612351073334 0.28549634617887865 1.427561821509044 -0.6750857952368571 -0.4309969353303896 0.2617270415987569 0.538515605640382
1644768501.172504 3.4344472790829474 0.2949920569498556 1.4292830625838462 -0.6716175763713139 -0.4345937428241083 0.2666961794762247 0.5375225534702216
1644768501.1790211 3.438772191014998 0.2999049182744066 1.4301495602087209 -0.6697940807553416 -0.436661108806773 0.2684106364099803 0.5372689731845148
1644768501.185615 3.442778841139579 0.3046861323104593 1.4310197337808146 -0.6681931353600077 -0.4380789641033629 0.27041255618376153 0.5371044686710152
1644768501.192215 3.447025942331506 0.3093398703000737 1.4318266501026737 -0.6668919449799394 -0.43948638262898115 0.2720584849531734 0.5367404261524665
1644768501.198814 3.4509404683809106 0.31457265693760805 1.4327029928226467 -0.6644271263502068 -0.4411957004244171 0.274420090140289 0.5371925624354398
1644768501.205413 3.454946012338802 0.3193748077000311 1.4335285022836244 -0.6631853019043924 -0.4424819172163229 0.27595906218229577 0.5368807340868303
1644768501.2120168 3.458795365629027 0.32447194994843415 1.4345428344011049 -0.661125159118075 -0.44382632319323123 0.27782992671192547 0.5373466987560912
1644768501.2186189 3.4631497918514715 0.32911554228151046 1.4356227543349345 -0.6600535549239593 -0.4453710014079283 0.27932417693841705 0.5366109751518544
1644768501.225248 3.467344339189295 0.33334271807542404 1.4365086143282522 -0.6598095851818234 -0.44626693229430014 0.28156297272217007 0.5349940755546957
1644768501.2384799 3.4748900580736883 0.34353180153145374 1.438289774346065 -0.6561738535353583 -0.44856632033044425 0.2840957857275715 0.536202342318573
1644768501.24502 3.4789053082422794 0.3482723003286244 1.439397497161464 -0.6548981419297607 -0.4497457393801156 0.28641864444379506 0.5355378948888831
1644768501.251615 3.4829624851425853 0.35317476824638716 1.440327887141477 -0.6537440803160378 -0.45112873516303725 0.2873044911729463 0.5353101261858451
1644768501.258218 3.4869039052643416 0.35789807177268174 1.4413091925342547 -0.6529461967256485 -0.45223674353751275 0.28792929912169096 0.5350133273717754
1644768501.271499 3.494521731573682 0.36731161442565774 1.443183368653757 -0.6510331156362003 -0.4538202528141483 0.29024293264534 0.5347535181128785
1644768501.284642 3.498187225763212 0.37216472511429605 1.4440410243135458 -0.649882030863102 -0.4546805645959976 0.2908305249340342 0.5351034689551515
1644768501.291213 3.5015419542904356 0.3770158226492319 1.4448830113193059 -0.6482901531510239 -0.45527459214824556 0.29244434195578956 0.5356494816429135
1644768501.297811 3.505630742575555 0.3817812433912381 1.4458596311771674 -0.6476275691392568 -0.4564530893578188 0.29225806990311887 0.5355497489277523
1644768501.304436 3.509750897719179 0.38595835385562693 1.4468567686292728 -0.6482884373101039 -0.4572020936563105 0.29144751125277235 0.5345520498117767
1644768501.3110132 3.513123722805619 0.39089491885977207 1.4476019256320625 -0.6462842789191914 -0.45792886575424707 0.2932487710947232 0.535371153653786
1644768501.3176131 3.5168745071548693 0.395650638673413 1.4485890880940095 -0.6456918245943452 -0.4592165329948666 0.29284345161227004 0.5352048853223735
1644768501.324211 3.52052970569866 0.40031366571894844 1.4494501553445998 -0.6452184444690761 -0.4603066900116545 0.2923044509379927 0.5351337977230789
1644768501.330813 3.5237948202146425 0.4054961888110596 1.4502346700541642 -0.6434138071273652 -0.4618647254402801 0.29256505269019634 0.535821445346484
1644768501.33744 3.527096711617986 0.40994574729855454 1.4509135325152056 -0.6424141858037798 -0.4623367236373537 0.2939352899937615 0.5358637362533841
1644768501.344012 3.531108594153143 0.41458760157061914 1.4519256384444117 -0.6424472712483134 -0.46413126293640716 0.29284264830716966 0.5348701442865835
1644768501.350616 3.534147084211219 0.4194985242137605 1.4525064294893872 -0.6399964637344168 -0.4652975454790257 0.2946993952532192 0.535774357280724
1644768501.357244 3.537232556361595 0.42468673544296265 1.4531413685790664 -0.638018976495799 -0.46680743789690987 0.29488018681312456 0.5367191794422831
1644768501.363873 3.5412052531871234 0.4290192121610192 1.4539735576300696 -0.6388857630281776 -0.4678656161849377 0.2935025440302985 0.5355205782693655
1644768501.370453 3.5446053763591867 0.43371525193149074 1.4546512217966656 -0.637889373853092 -0.468873150840695 0.2935806790508069 0.5357842998239624
1644768501.377045 3.5479981558858475 0.43856363260767744 1.4552902654650488 -0.6366610457610341 -0.4701907342233141 0.2939991977082052 0.5358609589601904
1644768501.3836439 3.551367368013684 0.4433320637951482 1.4558413174879588 -0.6355454593247859 -0.4712248512090199 0.2944639948373545 0.5360216104222343
1644768501.390263 3.5547433278763343 0.4481113968094773 1.456351602744416 -0.6344507001423426 -0.47204038552717725 0.2947648666574927 0.5364354114692089
1644768501.39682 3.558197129524929 0.452690241180441 1.4568721026254692 -0.6339778950883972 -0.47293017827643846 0.2950308613315638 0.5360644736136705
1644768501.4034429 3.561245232168071 0.4576685775227839 1.4571437715339484 -0.6324270662424059 -0.47352403711540947 0.295838124147175 0.5369263988367754
1644768501.410026 3.5645631105125943 0.46226349588743054 1.457494426077784 -0.6318787049532284 -0.47401759580554964 0.2965114192768815 0.5367652424228087
1644768501.4166348 3.567729397153939 0.4670735468921176 1.457740932313862 -0.6309064105357524 -0.4746695801809961 0.2971674863515067 0.5369698865659052
1644768501.4232142 3.570952769205899 0.47169854064354944 1.4580410472249898 -0.6304040920000856 -0.4752433889637539 0.29808039797678637 0.5365460801455795
1644768501.429815 3.574218219263809 0.47641519689226 1.4582476755405391 -0.6298200038674607 -0.47595245358226806 0.2988689393970071 0.5361646348865423
1644768501.436418 3.577168818134456 0.48129948973348047 1.4583003847156546 -0.6286597455093766 -0.47659345051185625 0.3004403526152544 0.5360787959780805
1644768501.443022 3.5798845001885935 0.48672552780843564 1.4581789611988631 -0.6266061443215154 -0.4774312255796523 0.3013695075372403 0.5372148289501675
1644768501.449627 3.5836494807790684 0.4907293354518525 1.4585117105467031 -0.6279045677497619 -0.4779257599836209 0.30145538317344034 0.5352071762948512
1644768501.4562292 3.586824313724603 0.49542919375842 1.4585161147315873 -0.6274009357231071 -0.4785967473918515 0.3024609238009755 0.5346305115682826
1644768501.46283 3.589996195768174 0.5002314972959286 1.4585001448808301 -0.6268143641767043 -0.47941083467065604 0.3033447096882773 0.5340881390512568
1644768501.469451 3.592740101876433 0.5058792874860409 1.4583902760640828 -0.6245751526484437 -0.48084637768018434 0.3042772092507159 0.5348899718017612
1644768501.476062 3.596176169282879 0.5099188322237026 1.4581784352956089 -0.6255941175245142 -0.48083961309176054 0.30495787511876904 0.5333153213963461
1644768501.4826171 3.5993412134412672 0.5148118147048281 1.4579953152635934 -0.6250600109891726 -0.4816463102980296 0.3054120003289775 0.5329535723801216
1644768501.489248 3.6023824349884794 0.5196705784060547 1.4577186010830456 -0.6246153031526344 -0.4823239134285067 0.305855385281105 0.5326076559642092
1644768501.495816 3.605122034536625 0.5245460428961924 1.4571217094269402 -0.623811962480688 -0.48254300367974007 0.30670619667049825 0.5328615243285184
1644768501.5024178 3.608459739735371 0.5292183401118884 1.4569498197052406 -0.6242038375650398 -0.4835510835663207 0.3065342790989428 0.5315861472234965
1644768501.5090141 3.6110058634963482 0.5349383222702122 1.4567942785436143 -0.6222622251371407 -0.4863171747589378 0.3077981201222194 0.5306079516175736
1644768501.51562 3.613980660584114 0.5396218431311947 1.4561114617773838 -0.6221526181426016 -0.4860663171330096 0.30766100264179697 0.531045820800784
1644768501.522215 3.6176000196778646 0.5440455521315909 1.4557923194175724 -0.6235866215114418 -0.4860497011374639 0.30652591936084744 0.5300344127749398
1644768501.5288231 3.620613078448187 0.5490304135725549 1.4552779480560973 -0.6235332487850356 -0.48696663624959474 0.30630052396073104 0.5293854778906294
1644768501.535421 3.6230654191517897 0.5550125762868385 1.4549875584089003 -0.6214211360850572 -0.49019157060986057 0.30752052744460917 0.5281839828793305
1644768501.54202 3.626422522719386 0.5599989333820079 1.4543492812428034 -0.6218615363469137 -0.4899979913179869 0.30600083661304844 0.5287276167558116
1644768501.548627 3.629090939846314 0.5646101270123814 1.453738783687069 -0.6223762347622988 -0.49144487779467066 0.30737676439165273 0.5259739561400194
1644768501.5552561 3.631851889638421 0.5698573830317827 1.4530698385924001 -0.6218524761670791 -0.49233556889232355 0.30757361989996773 0.5256450884117552
1644768501.5618281 3.6360456443606974 0.5745203850460054 1.45306057063807 -0.6240590184751998 -0.4932335854850502 0.3051859890339209 0.5235759908687638
1644768501.568418 3.6379467353119725 0.580212427648684 1.4520567804239795 -0.6222150051333349 -0.4945429830728261 0.30688796186163647 0.5235406864452925
1644768501.5750122 3.6414114133395064 0.5853074498310945 1.4517957371383994 -0.622856223371275 -0.4958425358337941 0.3056692185013199 0.5222601148331283
1644768501.581599 3.644475614411874 0.590877456509149 1.4513107014874436 -0.6219500528231401 -0.4965770994355718 0.30596810918160966 0.5224672843321535
1644768501.588212 3.647838282009272 0.595319420672013 1.4508706123555972 -0.6244686347802967 -0.49657879790867115 0.3042702448925263 0.5204491494545745
1644768501.594841 3.649736193224946 0.6013445671031905 1.4500434275407583 -0.6222715643967731 -0.4981470886766842 0.3062991004596668 0.5203916759954027
1644768501.6014452 3.653682954021588 0.6060320946986402 1.4498585529861139 -0.6243302062900419 -0.4979259519527768 0.3038147237697635 0.5195935671166911
1644768501.608017 3.6556643349745808 0.6121576136186287 1.4491548080578762 -0.6221051383435509 -0.49974116574305294 0.3058617007160329 0.519318551354289
1644768501.6146119 3.658048100541411 0.618010977031045 1.4484455885820864 -0.6199099421503048 -0.5004826264793745 0.30809816352508396 0.5199071417553082
1644768501.62122 3.66220501307844 0.6224037978013177 1.4483650359497355 -0.6230183015884783 -0.5001045642785442 0.306184582506281 0.5176811334293487
1644768501.627813 3.66383612460452 0.62877737877694 1.4475930770887993 -0.6202860150229953 -0.5013627735879221 0.30841404609081347 0.5184212246995419
1644768501.634418 3.6670335640826868 0.634153880901809 1.4473277242714213 -0.6209286298891864 -0.5015288619160972 0.3075869352115317 0.5179824269190263
1644768501.641016 3.6706684637625195 0.6387992449453277 1.4470541934971874 -0.6239694462209947 -0.5002349165921818 0.30584088146140403 0.5166117372193898
1644768501.647624 3.67279159698383 0.6442459890406534 1.446072276024223 -0.6235730962024237 -0.500684558127366 0.3089582073498684 0.5147967076168659
1644768501.654221 3.6753576091109945 0.6506139332553978 1.4460737488633506 -0.621664417919305 -0.5019893290151992 0.308301968334148 0.5162257999283272
1644768501.660836 3.6785860570257816 0.6559604962930794 1.4460843988467293 -0.6229652948411177 -0.5029939788922337 0.3080039134977867 0.513852250227351
1644768501.6674209 3.681722376086523 0.6605400125250216 1.4455383070717607 -0.6248852322664918 -0.5014066840432521 0.3076623393048155 0.5132764891142797
1644768501.674017 3.684541459915824 0.6657539798046828 1.4453468391483038 -0.6255587310772077 -0.5017203779191641 0.30834144827205373 0.5117397701681957
1644768501.680644 3.686525324769574 0.6721865401024746 1.444984592075485 -0.6227713826527487 -0.5041051240365443 0.31020072695485906 0.5116721759080917
1644768501.687216 3.690453004125418 0.6763459978597485 1.4451602370736247 -0.626563252976619 -0.503525234795625 0.30884512979641854 0.5084238114431222
1644768501.693814 3.6926293183665355 0.6817031811964198 1.4444330362706284 -0.6254397470317096 -0.5039812036576936 0.31102676411020364 0.5080251033866187
1644768501.70045 3.694530430975713 0.6879297647513676 1.4442440354219492 -0.6230434122023178 -0.5065883589253254 0.3134602378590978 0.5068796181015804
1644768501.707016 3.6968755678177034 0.6929739626905294 1.4435979157128054 -0.6227654287796747 -0.506751749874459 0.3152542075209083 0.5059443555120658
1644768501.713623 3.7004576222006564 0.6976315408611709 1.4436080987173927 -0.6247456677689324 -0.5067564156613167 0.31459211800621045 0.503906338523411
1644768501.7202492 3.7002160467620344 0.7050818006197808 1.4416445553350123 -0.6180499282960483 -0.5084402229290966 0.32259426798547136 0.5054057398139497
1644768501.726822 3.705502494680997 0.7081673998429053 1.4430651247719544 -0.6243501613268148 -0.5082584117255649 0.31795041702022064 0.5007663508741353
1644768501.7334132 3.706993552853484 0.7143039806401038 1.4426576949884062 -0.6215922145066642 -0.5101283198012483 0.321082647698425 0.5002972013142196
1644768501.740032 3.7108765903492906 0.7186732799694132 1.4430189843919534 0.6247738000964848 0.5098014817797215 -0.31913219982832025 -0.49791007258209236
1644768501.746617 3.713449234977109 0.7238189454125761 1.442985431295331 0.6250270613119953 0.5101791781467051 -0.31989002505161324 -0.4967176780399257
1644768501.753221 3.7146948086711005 0.7299761963754203 1.4424172861636948 0.6222174375094176 0.5118503750733253 -0.32315648696985605 -0.4964113406161386
1644768501.759817 3.718584363624612 0.7341168807451346 1.4429380913563064 0.6258563110346489 0.5107617157260995 -0.32048107885565535 -0.4946897873937455
1644768501.76646 3.7195816334210576 0.7405465971944745 1.4424977669451142 0.6222797997158984 0.5130582695943614 -0.32375055408846626 -0.4946960750121316
1644768501.7730172 3.723644094715055 0.7440867641710097 1.4432259823159495 0.6265310104359241 0.5119807168188607 -0.32033221623817437 -0.4926677211287891
1644768501.786309 3.727020034196209 0.7559443991880888 1.4431321749647719 0.6225112410816802 0.515590475385732 -0.3219079569933825 -0.49297175700127077
1644768501.792813 3.729238316349533 0.7610545239341284 1.44329808103822 0.6219693142740917 0.5167384242860437 -0.3217703056549965 -0.4925435614318127
1644768501.7994509 3.7326574571753293 0.7656767626679032 1.44409843695401 0.623592602224847 0.5179947653586193 -0.3193611908564685 -0.49073586340516306
1644768501.8060129 3.734269345176919 0.7709744209642332 1.4440421140443696 0.6216144520707327 0.5202436379827209 -0.32056159155853675 -0.4900835225033796
1644768501.812615 3.7375374317357073 0.775441737401591 1.4445259802995947 0.6228028681041704 0.5212246414007562 -0.3190093261582713 -0.4885429020853463
1644768501.819214 3.739939866847921 0.780729136340504 1.4450115100951293 0.6218985620848521 0.5236018319925322 -0.3192034696867613 -0.4870236909897202
1644768501.8258119 3.742267756567988 0.785549146220246 1.445129656117562 0.6210989710345931 0.5249917608479133 -0.3197748830443403 -0.4861720375248816
1644768501.832414 3.745457419694302 0.7899012458400467 1.4459586180119601 0.6224767310622124 0.5264689336885907 -0.31866637656277913 -0.48353323455103714
1644768501.8390138 3.7467418945892623 0.7954532436532106 1.4455828187109718 0.6198828013098229 0.5274976491243796 -0.32148027871988827 -0.4838819125349612
1644768501.852291 3.7515263523366564 0.8056507856166681 1.4463213754989528 0.619395451483132 0.5292826112966267 -0.3230303677601128 -0.4815186027299689
1644768501.858817 3.7535453714094706 0.8111074973084523 1.4465033988971825 0.6185643872064044 0.529793631812156 -0.3246274175254078 -0.4809506404311491
1644768501.865418 3.7560637336380887 0.816304253402851 1.4470308068133475 0.618369326080333 0.5305615604541911 -0.32578125760532034 -0.4795726002407653
1644768501.872019 3.757414907711902 0.8216111758243154 1.4467968122906867 0.6172936339653039 0.5295153560807285 -0.32841298982394146 -0.48031941472925704
1644768501.878616 3.7596251745484235 0.8266809359205075 1.4471820086175748 0.6174014514486542 0.5289506449672572 -0.3294719391918004 -0.4800775481806823
1644768501.885212 3.7619094981907972 0.8319721324630487 1.4474601065816226 0.6171289703675398 0.528774256895893 -0.33061136024823884 -0.47983878208558894
1644768501.89847 3.765649002663787 0.8428777644842591 1.4479770320743792 0.6165941925749638 0.5270060801249249 -0.333195845663966 -0.48068330481128874
1644768501.905018 3.7675602022820365 0.8482796988696293 1.4481979779981486 0.616086498284447 0.5265776614743874 -0.33464560386730174 -0.48079665554362006
1644768501.9116092 3.7700570441552546 0.8538375159123677 1.4489524466908588 0.6162584289118327 0.5272112818514356 -0.3348584663599281 -0.47973257226085075
1644768501.9182148 3.772241953370664 0.8585715987284286 1.4493365881454539 0.6169855098220872 0.5266874557730833 -0.33531444901914237 -0.47905425988236033
1644768501.931415 3.774524576425316 0.8637136828497854 1.4498763321806034 0.617643343042304 0.5264808914501705 -0.33546263624020745 -0.4783293975850959
1644768501.9380522 3.7817916789126023 0.8705035844127881 1.4529318297104723 0.6259372049172137 0.5247019219006959 -0.32871812035390124 -0.4741672622945725
1644768501.95121 3.7821367831780397 0.8775810876554252 1.4522655159783482 0.6216668418503901 0.5261283714781853 -0.33267266074730817 -0.4754448820670464
1644768501.957817 3.7848502660043506 0.8820834645519398 1.4532681811565153 0.623813726873968 0.5266247270891551 -0.3311034204227817 -0.4731733798221591
1644768501.964417 3.7843498675157012 0.8896992390693031 1.4518271811959749 0.6179772081184951 0.52806413803887 -0.3370740985199527 -0.4750084495741951
1644768501.971017 3.7879756545961594 0.8930470005798722 1.4536320623316503 0.6225076609628123 0.5276912292034498 -0.33195978995847264 -0.473105122975282
1644768501.977613 3.786876864769158 0.9011657026501897 1.4517057934513629 0.6155480935355216 0.5295746516285375 -0.3393324884362475 -0.47487308578161896
1644768501.984214 3.791682530689949 0.9037057601844266 1.4543580881279237 0.6225856623546845 0.5298384546846028 -0.3315845673678251 -0.4708606373346886
1644768501.990849 3.79423529688901 0.9079173505332326 1.4552118563698155 0.6246522353371406 0.5294877681654359 -0.32884263567364524 -0.47044058080244083
1644768501.9974132 3.7933804186286078 0.9158946270779825 1.4533443928792815 0.6179785800031606 0.5315549421412867 -0.33514580479161 -0.4724707749127789
1644768502.00401 3.797591793365965 0.9188830310768068 1.4556650240014044 0.6238121078450997 0.5318228120656205 -0.3280317821513043 -0.46948676514734355
1644768502.010615 3.798868737008124 0.9247533478714791 1.455644816175622 0.622411647074835 0.5330738954530726 -0.3283064721011812 -0.4697344422885489
1644768502.01721 3.8006069016251565 0.9301332240778319 1.456256680163738 0.6221188730271469 0.5339746553325361 -0.3269431246530525 -0.47005013888559954
1644768502.023822 3.8029229259336756 0.9350132967251887 1.456939787090436 0.6230702779985324 0.5346615653696046 -0.3249596706379263 -0.46938388473962905
1644768502.0304482 3.800561131532786 0.9436845171680937 1.4539124560363539 0.6134983357832728 0.5358740011385509 -0.33360730868408106 -0.47451504772095643
1644768502.037013 3.8063075877957027 0.9457492523067412 1.4570653128484974 0.6223351684227266 0.5368218395833145 -0.32393640089214487 -0.46860008201689185
1644768502.043607 3.8067794169239715 0.9521300404043622 1.4564976691187228 0.6190951385213979 0.5376777861510212 -0.3252146072431435 -0.4710190620819368
1644768502.050213 3.8085227886955746 0.9574899663950803 1.457188290669118 0.6188087723800547 0.5389017258822046 -0.3238526994758168 -0.47093488594468175
1644768502.056808 3.8106401824112894 0.9634287550816175 1.4582165394553015 0.6177613689206863 0.5418934222451324 -0.3208863071123275 -0.4709075359191457
1644768502.063413 3.8086928745738384 0.9705558652347969 1.4548339414114029 0.6110763794458532 0.5399375276151237 -0.32975662124339655 -0.4757240782591011
1644768502.0700202 3.8100770784568345 0.9762135237034093 1.454774968707751 0.6099655042208124 0.540629044482725 -0.3299786682516569 -0.47621014993109895
1644768502.076639 3.814072904054651 0.9800410514369057 1.4570106823670796 0.6144010997810329 0.5418816372003608 -0.3244226526611433 -0.4728901934476176
1644768502.083209 3.8157445791966382 0.9850976563442703 1.4564331240345967 0.6142752573918094 0.5418025618936908 -0.325493095767165 -0.47240842333571426
1644768502.089814 3.816919072777715 0.9910090292227486 1.456817471740235 0.6131935142010171 0.5424917960961819 -0.326444517622629 -0.4723662709705084
1644768502.096447 3.8180821743552538 0.9965982284145597 1.4564777689454056 0.6125163664712647 0.5423814724872944 -0.3270532863257781 -0.47294999704733365
1644768502.103014 3.8172118023977757 1.0035637169730172 1.45379468389705 0.6074082565380895 0.5419634971340036 -0.3342192963858148 -0.4750029021489108
1644768502.109578 3.8181093372906774 1.0095512185716957 1.4537581817176672 0.6060908310730803 0.5417412951586652 -0.33538828695702305 -0.4761140720480414
1644768502.116214 3.8195362741022563 1.0150643720684178 1.4536258529808712 0.6060221527431755 0.541669999945137 -0.3362917961237968 -0.47564496107909426
1644768502.1228411 3.820182018412279 1.0211020120596603 1.4529667869389695 0.6045212221436448 0.5415095518335437 -0.3388741999934438 -0.4759048885348476
1644768502.129429 3.8221289910673146 1.0267171939490916 1.4533039112921544 0.6043501291603355 0.5428070877576467 -0.33743358738622403 -0.4756674849686588
1644768502.136012 3.8257207537487252 1.030113107817939 1.45467954157494 0.6101218326586854 0.5413861574873161 -0.33446297441236156 -0.4720025112585238
1644768502.142616 3.8248242499283642 1.0385304793778634 1.4528494466661344 0.6043711476207562 0.5417401338618599 -0.339952927804982 -0.4750630167770815
1644768502.1492438 3.8260032814862703 1.044240317037081 1.4525099819704614 0.6038372798565376 0.541396242006036 -0.34092243155288876 -0.47543899356659597
1644768502.155809 3.8275056963921936 1.0497379046770114 1.4523368321048942 0.6037996671199763 0.5412383620142853 -0.34133318298922677 -0.4753718074502801
1644768502.162441 3.8287552441349453 1.0554982626372662 1.452044672153567 0.6028588456631397 0.5415257427569247 -0.343036993593541 -0.4750119553802443
1644768502.169048 3.828033372266875 1.0617140805334941 1.4499904385823383 0.5989352903335176 0.5399474475778089 -0.34712516178029756 -0.4787869877256656
1644768502.175615 3.8293670579881227 1.0673665129931724 1.4496082195044737 0.598299512182001 0.5403350738019884 -0.34846567804165846 -0.47817049096474695
1644768502.182215 3.830341169616713 1.0731717845426987 1.4490100290797692 0.5970567555941712 0.5407294528715315 -0.3496771183318588 -0.4783935883352133
1644768502.1888099 3.831307011669476 1.0791220817839289 1.4483255071632912 0.595569063773669 0.5412710677926145 -0.3504292383843285 -0.4790847315588727
1644768502.195453 3.83402433476627 1.0844322585612634 1.4491629482482056 0.59730332251956 0.5431241659033182 -0.34801454650103286 -0.4765820275691942
1644768502.202049 3.8350927677970494 1.0902497965923548 1.4485028058723164 0.5963243233595324 0.5436861189905486 -0.34884038305914755 -0.4765634759165767
1644768502.208648 3.836113177376805 1.0960834483151387 1.4477465094936173 0.595327532303967 0.5442991131048723 -0.3499852979593044 -0.4762703941506225
1644768502.2152052 3.837236278542451 1.1018946459732903 1.4470109699248417 0.5946003034928093 0.5449480502790748 -0.3510518728008082 -0.4756514641006381
1644768502.221812 3.8383140965554086 1.1076716602243781 1.4462312137232711 0.5936875265796295 0.545614937556129 -0.3524976651099089 -0.4749572560389755
1644768502.228406 3.8382177948681875 1.1137947642109551 1.4445214025571131 0.5916805400642303 0.544822593076447 -0.35526639145761746 -0.4763064449845335
1644768502.2350159 3.839205628509666 1.1196636404543738 1.4437752259269057 0.5914679334531636 0.5451580178414767 -0.3555279139559529 -0.4759915334972342
1644768502.2416 3.8402674772984917 1.1254507651140255 1.443004571848691 0.5910886119436297 0.5455803464931183 -0.3561137976704776 -0.47554063895262483
1644768502.2482219 3.841669562854179 1.1310083524742855 1.4422997829546866 0.5915323663147635 0.5459560766104097 -0.3562588111362995 -0.4744479720519558
1644768502.254808 3.842507909449133 1.1374297860651417 1.441571522614035 0.5904222774467425 0.5467058389880075 -0.35658841434239935 -0.47471954629775626
1644768502.2614248 3.843625206968204 1.1434386215598675 1.4408500926100154 0.5899680748367346 0.5472943340772571 -0.3567979477393038 -0.47444865309730844
1644768502.2680168 3.8446619932416075 1.14951148497155 1.440044391925765 0.5891826019781577 0.5478100963613576 -0.3572614807697638 -0.474480490448646
1644768502.274648 3.847530503990937 1.1545388869267288 1.4412255145964992 0.5919203738132194 0.5499938122972844 -0.3515662085726685 -0.47279797959148095
1644768502.281224 3.848039173460959 1.1607860896766558 1.4396122554598765 0.5904259667016116 0.5491133630934087 -0.3546711213816306 -0.4733706987249702
1644768502.287849 3.8519888399086932 1.1716522892006325 1.4398135420870157 0.5800280549802712 0.5636220875388857 -0.365091176233204 -0.46109183619114974
1644768502.294422 3.8531075794674017 1.1775578785088252 1.4390955414970292 0.5791651587616237 0.5643277961504314 -0.3658390293002665 -0.4607203471949677
1644768502.3010318 3.850488550282487 1.1786567202595624 1.436471973918172 0.5864733932901026 0.5495399627310443 -0.3582241656581781 -0.4751104664353139
1644768502.307626 3.8510804180184763 1.1847812136677305 1.4353355144326703 0.584736193536026 0.549855761044752 -0.3600568700542028 -0.4755005498785081
1644768502.314226 3.8531085126552957 1.1901742865420473 1.4361581122690685 0.5880221242201509 0.5504613440677371 -0.35724607453998775 -0.472860740435472
1644768502.320818 3.8549816909958814 1.1954520970426674 1.4353465585848015 0.5881104832844553 0.5516190732971283 -0.3567481437483226 -0.4717761852909778
1644768502.3274162 3.854270113404968 1.2020914535597211 1.4332042898262756 0.5842455177319458 0.5510949498946095 -0.3617829708662126 -0.47335412446356756
1644768502.3340108 3.8545385742326608 1.2079648266660183 1.4326021449225295 0.5842891703240908 0.5496955521078033 -0.3634992973104454 -0.47361249773138736
1644768502.340652 3.8554812553764033 1.2137841637501263 1.4317759230505536 0.5837394427099535 0.5498104479154203 -0.3649512528987002 -0.47304013465306677
1644768502.34721 3.857305511687449 1.2193663059675794 1.4308958364239137 0.5828148202956397 0.551602907099425 -0.36621895155294554 -0.4711098423135812
1644768502.353855 3.8573039450406577 1.2256858280332983 1.4292844763954287 0.5798966106073007 0.5506341994510529 -0.3693341067629314 -0.4734066367677135
1644768502.360411 3.8598745634867866 1.2305321190994984 1.4307164427877423 0.5849137884379245 0.5507858096853436 -0.36598366376473646 -0.4696449665804787
1644768502.367021 3.8588940229862754 1.238490597960785 1.4280053376471864 0.5782363217964092 0.5500729486701829 -0.37235083102468475 -0.4737266462721014
1644768502.373599 3.8602448075244564 1.2423413849735117 1.4274282892890822 0.5809462692198641 0.5477510838048171 -0.3710749140832709 -0.47410237580068687
1644768502.38022 3.862559852072858 1.2478350832136609 1.427234743118388 0.5816981405113918 0.5499763008084876 -0.37015443942504994 -0.4713158936995215
1644768502.3868191 3.863694297754907 1.2537614467528777 1.426660553631182 0.5808310104412834 0.5497103178980906 -0.3721040350061495 -0.47116040981918633
1644768502.3934531 3.86463373941986 1.259106392347447 1.425873884713897 0.581503810032447 0.5488741676625356 -0.3715943249552314 -0.4717073886058628
1644768502.4000168 3.865190639626917 1.2646599072376903 1.4248656106677384 0.5810851642890275 0.5474673649780648 -0.37291138464200807 -0.4728173452529979
1644768502.406621 3.866398827204609 1.270841083808224 1.4244099392308778 0.5800024871394575 0.5475379808268236 -0.3745870978026737 -0.4727403473977022
1644768502.4132109 3.868029070012757 1.2760309254605877 1.4242779509457377 0.5809422863849782 0.5474563627895193 -0.37423975437055906 -0.47195526934848414
1644768502.4198139 3.869071314614457 1.2810192581821973 1.4245665200096225 0.5839658297283512 0.5459248877196766 -0.3722593354476338 -0.47156396610728474
1644768502.426442 3.870030708266421 1.2865749853916915 1.424079673313309 0.5836200550881516 0.5457737540368992 -0.37314774399469297 -0.4714649081802121
1644768502.433048 3.8693076949563148 1.2933181920322139 1.4218064781335733 0.5785082403711974 0.5444868930700524 -0.37801562127294386 -0.4753588315612312
1644768502.439647 3.8702357149556863 1.2980062957983667 1.4212257939069113 0.5790929884353817 0.5432609678613894 -0.37859542136748836 -0.4755881199871692
1644768502.4462368 3.871414325528553 1.3035927882937128 1.4203401353063718 0.5771082048059224 0.5447458372932247 -0.38049907553757645 -0.4747821481081856
1644768502.452812 3.8724121123158346 1.3090205759256037 1.4199438364876698 0.5766312110177091 0.5449904113952663 -0.38161411989117733 -0.47418591272846206
1644768502.459413 3.872886805342128 1.3161680115875996 1.4193645054947557 0.5733302447020714 0.5465146048893648 -0.3849222275222793 -0.4737602542692036
1644768502.466039 3.8753702777677685 1.3213921011059324 1.4204767416664958 0.5752967664757562 0.5488227564961129 -0.3839302789913882 -0.4694938126573171
1644768502.4726489 3.8757250082694386 1.324256004454551 1.4196059025449224 0.5781657949040552 0.5449853090357524 -0.3821974527615194 -0.47184751904546063
1644768502.4792478 3.876498528744398 1.329545690493921 1.4193638422872747 0.5778823598010314 0.544685569447551 -0.3827672906121745 -0.4720789455639419
1644768502.4858181 3.8772444308838026 1.3345885703040476 1.4190026194232168 0.5772890024391975 0.5449455485339755 -0.3828686606515276 -0.4724224240545305
1644768502.492418 3.877015270937992 1.3402383712101102 1.4179247257523575 0.5746846299324522 0.5432903572275316 -0.3850831517234319 -0.47569279844706364
1644768502.499018 3.8778399438235294 1.3453078709946533 1.4179106260939078 0.5747695233625971 0.543009717089562 -0.38463534228645363 -0.4762726105804088
1644768502.505599 3.879170539823174 1.3498965195584676 1.4181887542384015 0.5760260294864346 0.5426579364428734 -0.38294482460665996 -0.4765178985416095
1644768502.512225 3.8797658868007616 1.355043029577838 1.4182799738495655 0.5758077909468735 0.5427902027848656 -0.3825330246876954 -0.47696150216102945
1644768502.518821 3.880446986888046 1.3599946966567256 1.4183244288447008 0.5757416532073538 0.5426920852990423 -0.3819650610449547 -0.47760777121284015
1644768502.5254521 3.8828209073142688 1.364889969436868 1.4198284345589398 0.5782644432275299 0.545259985772419 -0.3783201967010295 -0.4745264175870629
1644768502.532017 3.8810417838504425 1.3702493530560391 1.4178237410451529 0.5738157385800805 0.5423599476039077 -0.3825568092518855 -0.47982402426910004
1644768502.538639 3.88164305479234 1.3743078926561942 1.4177273323417208 0.5744909769724879 0.5419188900316386 -0.38228564401795645 -0.4797305658833545
1644768502.545252 3.8833467790475775 1.378820850036002 1.4189336700228146 0.5767511922672186 0.5440289391415096 -0.37931986622651875 -0.4769765720237771
1644768502.551817 3.8833243564813515 1.384297962415209 1.4189934851311385 0.5751543900899798 0.5433649861402693 -0.3801431245407312 -0.47900172223063553
1644768502.558416 3.8827314871190945 1.388996148702549 1.4182122895148614 0.5734392412137979 0.5418319646350107 -0.3812791270039336 -0.4818830192689632
1644768502.565011 3.883412901704394 1.393583169648541 1.4185703190265981 0.5741168963946445 0.5431406249561109 -0.3790337316988733 -0.4813740400766711
1644768502.5782452 3.884109108690025 1.398129570451726 1.4190518643145886 0.5745674029145386 0.5436855452190915 -0.37779704300999156 -0.4811935912821307
1644768502.584814 3.8844438114248048 1.4026052441088237 1.4193278487685528 0.574699356444656 0.5438999072327075 -0.37720957879952316 -0.48125491949617455
1644768502.59142 3.88471887270543 1.4071186957503565 1.419566643387359 0.5745632066761384 0.5441144089072446 -0.37674837508196435 -0.48153613346456964
1644768502.598016 3.885905548682173 1.4107561584785262 1.4204655245618731 0.576848188950934 0.5454005480464237 -0.3751913557958598 -0.4785554751573274
1644768502.604646 3.8858882602440756 1.4157624106150593 1.4207096763104932 0.5758599060155509 0.5454205082788209 -0.3747584019902624 -0.480060085613259
1644768502.611239 3.885638538984224 1.4202506653572218 1.4205310334230128 0.5745323978793413 0.5444724400209738 -0.37550997886869386 -0.48213500428091316
1644768502.617834 3.8864800313949086 1.424364815818002 1.421405149617765 0.5758302036210365 0.5453625420014988 -0.3741342499263494 -0.4806479832992379
1644768502.6244469 3.8860321862227036 1.428795892485049 1.421133249200554 0.5742401108582117 0.5441070746254731 -0.37517046067091914 -0.4831590464186154
1644768502.6310148 3.8863141301812227 1.432940447289364 1.4215004548345425 0.5742275012512787 0.5438277513798799 -0.37498124258221666 -0.4836349561272798
1644768502.637621 3.8865054399037464 1.437166660997416 1.4218300955468817 0.5740402012952521 0.5435833184940149 -0.3748889607495414 -0.4842034513239087
1644768502.6442418 3.886721660422032 1.4412809358476217 1.42218728357329 0.5738589288667981 0.54327589418084 -0.37469120485101187 -0.48491583055913423
1644768502.650848 3.886947136467101 1.4448057541423165 1.4223602534706732 0.5740488352427442 0.542769160151627 -0.3751811715457238 -0.48487970846843076
1644768502.657417 3.8869831920672553 1.4493451707978275 1.4227427791061307 0.5731316305253042 0.5424239716454492 -0.3745587420994095 -0.4868282557110421
1644768502.6640158 3.8870230464621875 1.4533210109235501 1.4228825961572833 0.5725543560689781 0.5418565598613907 -0.37467712319489255 -0.4880467498632315
1644768502.670609 3.8872133309598538 1.4571861188538537 1.4230891362743303 0.5721877479569635 0.5413098059946837 -0.374324482785129 -0.4893524263095721
1644768502.677213 3.8874326898600846 1.4606848933765444 1.423184246156052 0.5720968141605791 0.5408072689700618 -0.3742543653991625 -0.49006749034301567
1644768502.683839 3.8872912400230986 1.4648603119539672 1.423212686406866 0.5709205704021116 0.5402949389824528 -0.3740097119400581 -0.49218651859092055
1644768502.6904142 3.8879957744291955 1.4683688960955084 1.4237787119539556 0.57191617992603 0.5407833107535984 -0.37242009029396556 -0.49169939633814164
1644768502.6970408 3.8873690746759446 1.4722231997318012 1.4231479285623017 0.5699735284624179 0.5391347162749093 -0.37328983699062995 -0.4950942801368993
1644768502.703624 3.887978037408509 1.4755718498990202 1.4235898874293589 0.5711173477718012 0.5395450370914129 -0.3716292608210297 -0.4945781199078209
1644768502.710222 3.8874704436335827 1.4787489171809118 1.4228096178003835 0.5700133609265495 0.5379007241405498 -0.37261344918559847 -0.4968967723068338
1644768502.716819 3.888001995992904 1.4823466209551996 1.4232295440605653 0.5710004550612193 0.53820988550531 -0.3703378756419323 -0.49712983389751997
1644768502.72341 3.887073572211494 1.4861364056232427 1.4223605263064547 -0.5689699537912769 -0.5366027770823388 0.3711769110528932 0.5005570332644886
1644768502.730013 3.887670005876772 1.4888968886238576 1.4225403832771235 0.5709641009930134 0.5369356250762226 -0.3694376805245237 -0.499215016462067
1644768502.7366111 3.8861481836084537 1.4949293799408452 1.4213832527966388 -0.5651282382528068 -0.5373317965364627 0.37279148222364383 0.5029214758501075
1644768502.743219 3.8864372335139437 1.4958518122496216 1.4210647079629817 -0.5689483875699665 -0.5347899603252725 0.3688325184819953 0.5042411075739791
1644768502.749811 3.885801820168701 1.501609463057858 1.4206019926760285 -0.5645574420627537 -0.537149044635795 0.37160812172506996 0.5046308240525791
1644768502.756462 3.8858083912835313 1.5023846120424393 1.420024975216472 -0.5680871963417977 -0.5342643841689473 0.3687000416019343 0.5058634848100824
1644768502.763048 3.884642545164424 1.5052039335319003 1.418974153532588 -0.5679580527501255 -0.5325662599212346 0.3678719200861688 0.5083957192446311
1644768502.7695959 3.8858849436855643 1.5079937522685845 1.4197400678617726 -0.5709994415360042 -0.5337901428306241 0.36345429645647365 0.5068803989888889
1644768502.776246 3.8829827853156225 1.5123740731183941 1.4174246353563464 -0.565142525188312 -0.5311512325187971 0.36946947152064574 0.5118433339870474
1644768502.7828212 3.8813915318119023 1.5157830231990839 1.4158912376648884 -0.5643697466513036 -0.5301024456445452 0.3691842805358365 0.5139845773398576
1644768502.789412 3.8805996574304378 1.5180922069035598 1.4150599212941788 -0.5654332752002234 -0.5282672915269263 0.3668258961541252 0.5163880210488246
1644768502.7960489 3.8786150988729386 1.5212815859083366 1.4133380154558959 -0.5636175931402535 -0.5259360602412452 0.36999735729549654 0.5184856895688343
1644768502.802648 3.878511520711812 1.5244320400680185 1.4131560369327354 -0.5642306034124475 -0.5275231420306852 0.36835711350202893 0.5173732294950548
1644768502.80924 3.876453540396324 1.5287090461547426 1.4117003852994388 -0.5616148871179355 -0.5279822688838774 0.37071364621347813 0.5180673595837859
1644768502.815816 3.8758655252922027 1.5327039847318131 1.4110169889745254 -0.5601293163728502 -0.5310079040724917 0.3720433477062972 0.5156244435138126
1644768502.822419 3.873213816058828 1.5322964660660723 1.4094905857683722 -0.5662868117282611 -0.5240650029089876 0.36643379543434745 0.5200003931744462
1644768502.829015 3.871192418556669 1.5362850146623699 1.40782538558655 -0.5633475558582446 -0.5245832506350216 0.3678886659400785 0.5216406944831596
1644768502.835618 3.868984199255128 1.5392297716733847 1.4063784298128927 -0.5633415167629083 -0.5245879087112849 0.36651817300363665 0.5226064317842489
1644768502.842247 3.8659240105121015 1.5413262823939864 1.4044758881384687 -0.5636212220297617 -0.5226073737284138 0.3666994552596925 0.5241593969941011
1644768502.8488162 3.862857349160722 1.5442193711614736 1.4026253045662684 -0.561936489283193 -0.5214662877928652 0.36946057094530094 0.5251649845661014
1644768502.855447 3.8605304347158738 1.5474197970916788 1.4012721581593812 -0.5619503313299675 -0.5220228599965461 0.366954295792253 0.5263531008878723
1644768502.862014 3.857684995952309 1.5501167109621972 1.3995354979264316 -0.5616434754625917 -0.5217396973421946 0.3674234867083761 0.5266339186608654
1644768502.868611 3.854965438703925 1.5532401470068369 1.398025842771601 -0.5606251111204247 -0.5227721110641161 0.3688389841209544 0.5257048399996275
1644768502.875212 3.8513383047814704 1.556294654567951 1.396095286212534 -0.5603626773489032 -0.5209024610611275 0.3673708952177858 0.5288591252881919
1644768502.8818061 3.8481660747643374 1.5595600260843787 1.3943637569728438 -0.5587639352955033 -0.522669999217718 0.36955317168870583 0.5272841474705019
1644768502.8884108 3.8438438332489127 1.5621451647571258 1.3923302395691834 -0.5586215150228624 -0.5210687071989625 0.3693560489925113 0.5291544897176479
1644768502.8950112 3.8400352740392387 1.5647936230463952 1.3903914818967527 -0.5586154004334589 -0.5207887301102349 0.3702957736333798 0.5287798608255507
1644768502.9016142 3.8358639625443978 1.5679738739964029 1.3885129106357568 -0.5577260946900281 -0.520895395763375 0.3711899659831315 0.5289864813957313
1644768502.90821 3.8317101629618855 1.5704764609603339 1.3864626191974576 -0.5579120152428775 -0.5210095352348834 0.37268786097355594 0.5276229388257506
1644768502.914816 3.8281812350305873 1.5731293880712638 1.3851399564473161 -0.5589234439373663 -0.5227333090358849 0.3740467433975297 0.5238725628081236
1644768502.9214149 3.8227670320913205 1.576466156268453 1.382565760782111 -0.5567691150181061 -0.5214725093628064 0.3755938253973005 0.526310658863398
1644768502.928021 3.8180373627435173 1.579448725732701 1.3805760187361544 -0.5561788777755307 -0.5218452132118794 0.37698481141305396 0.5255703583379032
1644768502.934616 3.813186757616089 1.5824868981024849 1.378534457707242 -0.5555820283180283 -0.52232008903757 0.3784016382445943 0.5247109306633265
1644768502.941215 3.8081276755172078 1.5857507005287232 1.3765876984265248 -0.5546258451559128 -0.5228223467357046 0.380106310289008 0.5239896838053313
1644768502.947813 3.802949667563635 1.5886906677196526 1.3745284598265963 -0.5542584054496786 -0.523253209687969 0.381233019015577 0.5231290949798176
1644768502.9544141 3.7976434532329666 1.5913203189994996 1.3723993504821792 -0.5540105120652211 -0.5238683964158038 0.38335688809486246 0.5212204738218743
1644768502.961014 3.7922046843143193 1.5945477221111548 1.370456277380553 -0.5531673020305223 -0.5244012935108172 0.3843252214533936 0.5208668707245164
1644768502.967618 3.786655055201228 1.597596165542831 1.3684860438294617 -0.5522990708836031 -0.5251833943670229 0.3860939078510993 0.5196910420681816
1644768502.9742122 3.7809412169817445 1.6007641433822777 1.3666035948171125 -0.5513540627156704 -0.5258965477080962 0.3871422214977746 0.519193007322472
1644768502.980814 3.7751021003309493 1.6036879602105378 1.3645689560550909 -0.5502919927732315 -0.5266824120108111 0.38886719438636774 0.518233359513019
1644768502.987411 3.769199224019446 1.6067620801001536 1.3626453594679915 -0.5489907878000435 -0.5274709304038935 0.39006230723758334 0.5179129929646499
1644768502.9940228 3.763139225964776 1.6098667698491427 1.3606596226114887 -0.5474923865138093 -0.5283085133447821 0.39148377092827896 0.5175726865117833
1644768503.000618 3.7570122551287115 1.612974776530155 1.358726307706626 -0.5462376764287461 -0.5288621818095484 0.3925910709868457 0.5174943950017519
1644768503.0072289 3.750749212655739 1.6161414730781938 1.3567706458151914 -0.5445066489246606 -0.5295415236523111 0.39380859681815095 0.5176987588347998
1644768503.013819 3.744479761111557 1.619498118303616 1.3550760298085 -0.5427967265332557 -0.5296248964284248 0.3945148323125015 0.5188701893576109
1644768503.020443 3.737930533629206 1.6224077928199645 1.352969557517134 -0.5412162490576055 -0.5304161179822913 0.3945086517726456 0.5197168462342552
1644768503.027018 3.7314262034462935 1.6253628217862421 1.3510296865883895 -0.5400207023636193 -0.5303135561255587 0.3965966721104081 0.5194759410280635
1644768503.0336168 3.7250516144146935 1.6286997050665177 1.349210895766884 -0.5385286183432975 -0.5317383684106152 0.39556582084582903 0.5203537657589111
1644768503.040241 3.7184284742507647 1.6314333896207693 1.3471980277108089 -0.5374988687274168 -0.5322164089830533 0.3966645804908869 0.5200931657900223
1644768503.0468311 3.711038641112307 1.6349193474673864 1.3451220798412646 -0.5347417486851074 -0.5321978190223348 0.39788704998580887 0.5220168800247703
1644768503.05342 3.705193354350491 1.6386840434628842 1.343695244798354 -0.5326818607142673 -0.5350980996610689 0.3989855531762669 0.5203167908669464
1644768503.060021 3.697968183708904 1.6401571881907007 1.3414407209299999 -0.5332058041681851 -0.5343308586530316 0.4003341785398481 0.5195321544797117
1644768503.066615 3.690065580644261 1.6436498568490432 1.3390975267767213 -0.5294705550298294 -0.5344723356974638 0.40534186813662243 0.5193238796178368
1644768503.0732532 3.683297047105501 1.6479095902553937 1.3374442907814355 -0.5264419259902655 -0.5372173987455741 0.40833783342377244 0.5172191164361701
1644768503.079819 3.676074342124945 1.6500675744330826 1.3354740813563852 -0.5267466746692698 -0.5357399739782183 0.40834773128811147 0.5184318731223574
1644768503.0864341 3.6686914182019246 1.6526845249495608 1.3333405099685685 -0.5259811710421577 -0.5355078586296149 0.4110927884960966 0.5172783537929233
1644768503.099704 3.6555397327476924 1.6583968044315165 1.3302392754280117 -0.5262477799956052 -0.536974586122536 0.41147417747156895 0.5151791671583883
1644768503.106247 3.6469999971247544 1.6615318542207105 1.3278226796913206 -0.524274203723927 -0.5346656947710727 0.4157728587859132 0.5161404909456606
1644768503.112828 3.6392994245691317 1.664422068517813 1.325892387214576 -0.5232533002885725 -0.5339008628610021 0.4176793554532267 0.5164289031040468
1644768503.119433 3.631438887855561 1.6674878366495143 1.3239794600492019 -0.5220258678725999 -0.532970604595555 0.4191309222204733 0.5174549011129697
1644768503.126025 3.625086048225487 1.6703841725204398 1.3226040898224969 -0.5228628571889381 -0.5346182194919306 0.4185440925942021 0.5153809438279281
1644768503.1326249 3.618611698547679 1.6732610701664967 1.3214998995463136 -0.5235449478425174 -0.533384754955017 0.4177807405703643 0.5165845134190727
1644768503.1392262 3.609383457756213 1.6779096046562438 1.3191693237222124 -0.5183103984616846 -0.5346008524077354 0.4232482580564368 0.5161552498495371
1644768503.145818 3.6022472218306385 1.6794403354835694 1.3173450057164005 -0.5201336853270524 -0.5341761539788928 0.42216705273886657 0.5156459133735463
1644768503.152416 3.5943120197637137 1.6824674756668245 1.3155920492618112 -0.5188617997559393 -0.5328569219942062 0.42391058289820316 0.5168604068257903
1644768503.159013 3.58580355419795 1.6856126193989285 1.3133698502152082 -0.5164592312528187 -0.5327987026293961 0.4270494624239541 0.5167428061148692
1644768503.1656141 3.579101185700877 1.6882851366591114 1.3120251838297148 -0.5177172028002857 -0.5339875327013552 0.4270614610685322 0.5142407715667706
1644768503.172215 3.5711489701207553 1.6913961217997622 1.3100600080305012 -0.5162639561852145 -0.534296523854612 0.4290549963276959 0.513721274966965
1644768503.178818 3.5636542643192457 1.69397528659024 1.3084760297838873 -0.5162850543181422 -0.5350496346566954 0.4302467538805598 0.5119163158116091
1644768503.185419 3.555948574639505 1.696923815882812 1.3065179382518246 -0.5160805203993768 -0.5349783765376396 0.43127837434927696 0.5113285507143864
1644768503.192011 3.5485867813397043 1.7000909857528579 1.3050069995988431 -0.5150122384588889 -0.5367142012914664 0.4325829966387713 0.5094813131833617
1644768503.198619 3.5406409970108133 1.7026408327566909 1.3032303237825344 -0.5153625842917173 -0.5362866378488128 0.43359737249743585 0.508714326643382
1644768503.205207 3.533249634902699 1.7056972057276132 1.3015574273726398 -0.5157137405147917 -0.5367147555481859 0.4335568332349529 0.5079408832253993
1644768503.218498 3.518251457899886 1.7112852022631415 1.2983976192688518 -0.5158418256698422 -0.5375022472454225 0.4339585270932427 0.5066334042944034
1644768503.225019 3.511333923948957 1.715634840633215 1.2973418044517553 -0.5146576298436429 -0.5403819670441716 0.43377122954639247 0.504931927064841
1644768503.231615 3.5028579273343414 1.7169589484200323 1.2950087717640417 -0.5148565826705839 -0.5374554703188587 0.4340727014758766 0.5075866540207593
1644768503.2449322 3.4872070161363236 1.7223436234540563 1.2915795983356464 -0.5126049616862962 -0.5383960346132669 0.43511667732528375 0.5079746224302047
1644768503.258049 3.4793596305760395 1.7252989247907433 1.2898205857897171 -0.5112557166620543 -0.5390579920734361 0.4353249084570153 0.508453831148315
1644768503.2646332 3.4718966025206464 1.7280218324123402 1.288238261158321 -0.5098847388276251 -0.5407500087461471 0.43581247455383176 0.5076152952102901
1644768503.271222 3.4653259181506 1.731227770027871 1.2868993910371729 -0.5104357446873723 -0.5411045357041359 0.4337747967312379 0.5084285012491581
1644768503.277817 3.4566528980993234 1.733134860637014 1.2847473576125048 -0.5085046755006702 -0.5421890114438744 0.43748062528864384 0.5060273791000536
1644768503.284461 3.449673953078073 1.7364126864734184 1.2830692928756917 -0.5088454473542142 -0.542605406736251 0.4362634886090663 0.5062892115339364
1644768503.291013 3.4425332879131063 1.7389523558869244 1.2815464527484206 -0.5093825569562531 -0.5437122105413917 0.4365736241318755 0.5042904036128901
1644768503.2975879 3.4342812186638456 1.7406767533032113 1.2794207363679213 -0.5087822873049586 -0.5447321798940118 0.44032191421357486 0.5005225550820492
1644768503.3042471 3.4286280918430148 1.7435462971109896 1.2783245512531627 0.5121318240391928 0.5452677867483723 -0.4371762550582539 -0.49928014486617506
1644768503.310843 3.4237588190057227 1.7456838036795186 1.277973991211505 0.5165256873903168 0.5479637224683372 -0.43358592593577644 -0.494913949881511
1644768503.317461 3.416260063774812 1.7482186674912454 1.2762366852438718 0.5172945596246847 0.5485831647169268 -0.4340570927691512 -0.49300795601055875
1644768503.3240461 3.408530238145057 1.7504626638190712 1.2743392621160121 0.5182087563563378 0.5486990549692947 -0.43477673804891315 -0.4912817952535343
1644768503.330647 3.400687491118774 1.7528720290509363 1.2723805459593467 0.5183596774912446 0.5490436282389501 -0.4353291468956559 -0.49024744677392706
1644768503.337216 3.391675753344506 1.7549018608770843 1.269885961288358 0.5160799373595139 0.5497546730191795 -0.43932558033258073 -0.48828679484045856
1644768503.343818 3.3855612769784478 1.7575141645511965 1.268589657646643 0.5182901524311632 0.5504762477056515 -0.43607240880827086 -0.4880488994151216
1644768503.350414 3.3761018942297993 1.7594050084664412 1.265793253018189 0.5147940461026762 0.551086249017766 -0.4412177480535496 -0.4864335463182373
1644768503.357017 3.368368813537 1.7618248430432415 1.2637967800488683 0.5138685125910939 0.5522491525188533 -0.44193702851842986 -0.48543937439447804
1644768503.363611 3.360708106641154 1.7639484802255294 1.2617680295903984 0.5136945169532918 0.5529546641728326 -0.442231956301883 -0.48455099552201025
1644768503.370218 3.3495731789332117 1.7661242776435249 1.2575777089206446 0.5087321772496519 0.5504709093226695 -0.4484932503315513 -0.4868539842480755
1644768503.3768132 3.3413916745214336 1.7686025046311629 1.255277959847842 0.5073565469950546 0.5515449555931163 -0.45021177230174875 -0.4854858751735351
1644768503.383452 3.331894267403658 1.7707521837963147 1.2527623944601454 0.5053237573675272 0.551942641524644 -0.4535153374506149 -0.48407722591020763
1644768503.390014 3.3276365567145025 1.7722585619986237 1.25163893801016 0.5119757855020806 0.5524737481708173 -0.44761431753929076 -0.4819694811939207
1644768503.3966138 3.3210121979826237 1.774001483446859 1.250634153901899 0.5126152700014025 0.5573838821714378 -0.4480860974355977 -0.47514978929746415
1644768503.403212 3.310491532201134 1.7759480789229964 1.246771001901248 0.5097176444823818 0.5553968663141562 -0.4533404632069106 -0.4756093840671667
1644768503.409813 3.3029186596698055 1.7780077356029569 1.2447118674686597 0.5102528283314113 0.5572219027335413 -0.4542916540500601 -0.47197937705306703
1644768503.416447 3.2952273017185147 1.7789495658022545 1.2423094078778287 0.5121549477408962 0.5570269033343472 -0.45400144933160963 -0.4704261126618262
1644768503.423054 3.2874289070472567 1.7808397763835178 1.2401597757217444 0.5130058715248921 0.5580472905959298 -0.45475596730327833 -0.46755196348007694
1644768503.429595 3.279972221643486 1.7829403293832766 1.2383462244333763 0.5134769631322827 0.5607400809056978 -0.45489874093607313 -0.46365794604892535
1644768503.436214 3.271817880832178 1.7849620579576388 1.235910933856371 0.5130418115623052 0.5618235468201812 -0.4560939063745803 -0.46164963441035245
1644768503.44283 3.264197640301423 1.7860337799599397 1.2336394603185548 0.51470646480735 0.5621857628065441 -0.4556238797120993 -0.4598161959273271
1644768503.449418 3.2561745871496885 1.7878655464553557 1.2314015739750719 0.5141084475659361 0.5637172849293824 -0.45676344623372045 -0.4574735828006964
1644768503.4560618 3.2482862194594913 1.7896640311236014 1.2292316629243718 0.5131192794586452 0.5660624505260424 -0.45816500728421833 -0.4542756225221786
1644768503.46262 3.2406214931293764 1.7912952617367064 1.2271760515632901 0.5136396013408215 0.5679479892530727 -0.45765850361490645 -0.45183829399520703
1644768503.469216 3.232718218019668 1.7926338436254976 1.2248642163792116 0.513433125476027 0.5688842485258263 -0.4582631762556906 -0.4502794966156265
1644768503.475827 3.2247967774481987 1.7940017477807666 1.2226801588434721 0.5133707602369373 0.5699391436313102 -0.45917015451250287 -0.4480873141082116
1644768503.4824162 3.216941785760298 1.7951431334215544 1.22077554402623 0.513793926053757 0.5714182151848621 -0.459071854301044 -0.4458136196691225
1644768503.489016 3.2089215498663437 1.796387456059896 1.2184678052210747 0.5134869811065088 0.5723285560883735 -0.45974378252510706 -0.4443044565511139
1644768503.495614 3.201092810316446 1.7977415144187974 1.216314545529264 0.5134805654756714 0.5736072367808681 -0.4599819003788759 -0.44241234300753873
1644768503.502221 3.193618631551411 1.7989528389358262 1.2143381997615994 0.5141618707014025 0.5752284506443367 -0.45925104112726683 -0.4402702994516731
1644768503.508815 3.186076316280791 1.8010127245307852 1.2125424954149318 0.5140522040461235 0.5767761845059381 -0.4576409243254582 -0.44004999981449033
1644768503.515435 3.177895604686221 1.8016892621832183 1.2102093667016882 0.5134977691483225 0.5784991939556535 -0.4594408731775022 -0.4365460061658001
1644768503.5220091 3.1704395249715334 1.8029975339460032 1.2081579583945488 0.5131876258935634 0.5801494183171509 -0.4591964823392879 -0.4349751110602047
1644768503.528617 3.1627175137442216 1.8041664076640267 1.2062778688627922 0.5133366849828297 0.5817895828105937 -0.45807246699838905 -0.4337920010866939
1644768503.5352478 3.15512021207757 1.8054001469491905 1.2041961210639816 0.512888565731158 0.5830786968148494 -0.4581084602430023 -0.43255150978513135
1644768503.541822 3.147556634573781 1.8065778273071802 1.2023181233638374 0.5124239942880183 0.5848574853665517 -0.45761004875398725 -0.4312262424348138
1644768503.548409 3.1400941024060733 1.807659818262811 1.2004770688255906 0.5123558558610687 0.5863598324620419 -0.4568053310915413 -0.43011874138125955
1644768503.55502 3.1319075135902965 1.8085160878242466 1.1984726206879195 0.5116298853253014 0.5873165570185656 -0.4566726787822291 -0.4298183831700503
1644768503.5616481 3.124650378941451 1.809673910503385 1.196657524164179 0.5112809483418007 0.5885481878474792 -0.4562673068937526 -0.42897857511169774
1644768503.568222 3.116808810954923 1.8106585127400796 1.1947157808001883 0.5106471371080912 0.5889869984936091 -0.4563196342273304 -0.4290755827268407
1644768503.57486 3.108642835784542 1.81088005648503 1.1927619478099925 0.5101079301676942 0.5894093359189433 -0.4561251192697365 -0.4293437613928561
1644768503.581423 3.101244623516339 1.8126510919194407 1.1913818069360107 0.5097406770721037 0.5907807119618198 -0.45366268153787626 -0.43050240171624293
1644768503.588017 3.0943004564880456 1.8133679574149966 1.1896923522025347 0.509706710653162 0.5920745346973681 -0.4537230093655788 -0.42869789278442877
1644768503.5946171 3.0862764398232567 1.8142451589501176 1.1880202527397317 0.5083919431264327 0.5938040853431853 -0.4527720403939895 -0.4288723158031404
1644768503.601217 3.078977373899386 1.815406868034419 1.1863051364998833 0.5076882263621141 0.5940791771561416 -0.45228121453766496 -0.42984179659149674
1644768503.607816 3.0718507696136625 1.8164447059022242 1.1849579385833804 0.5075414097639921 0.5953495258724434 -0.4508973519815514 -0.4297113775999209
1644768503.614412 3.06456575495609 1.8176400182915005 1.1835196003614752 0.507182970363665 0.59627835742781 -0.44910747571115 -0.4307199420837936
1644768503.621019 3.0565578679053265 1.8179525487784716 1.181460977799064 0.5061184157323896 0.5964559171385994 -0.45034676842866156 -0.4304321885179955
1644768503.6276538 3.0487105907993612 1.8187354563455074 1.1798606858579812 0.5057448385051605 0.5964377235375232 -0.44933054088711943 -0.43195588491189413
1644768503.634254 3.0409620122189858 1.819642398012151 1.1781949747178293 0.504572210413244 0.5968161764536691 -0.449840587535908 -0.43227356906228526
1644768503.640814 3.034786639928466 1.8210983688815412 1.1773688255881953 0.5054191669929167 0.5984397812977404 -0.4466168080665593 -0.4323822529644772
1644768503.647607 3.0265810519036145 1.8214876947676106 1.1754375499488525 0.5052270227353566 0.5968179977111931 -0.4467653591052961 -0.4346887209572609
1644768503.6540108 3.01955084593403 1.8223317508774786 1.1742665878600975 0.5050855156438032 0.5978818034582808 -0.4449070643292887 -0.43529669902710383
1644768503.6606238 3.012886480911218 1.82359988064457 1.1731224727518517 0.5045925789469199 0.5984002878593068 -0.4439707499590587 -0.43611123151523834
1644768503.6672142 3.0046022531081364 1.8238022306097479 1.171321658045565 0.5038871168998819 0.5960748448376996 -0.4444802865244523 -0.4395787588303771
1644768503.673833 2.9972674312073018 1.8247357863551985 1.1699760917202138 0.503001621792965 0.5959226243021891 -0.4436497513416244 -0.4416334340531195
1644768503.680455 2.990045371933754 1.8262148167918948 1.1687052134314164 0.5016630743884719 0.5960742657363957 -0.44250095725776245 -0.4440969689176747
1644768503.687017 2.9833426547716395 1.8268927785236477 1.1675924976616012 0.5013825505876182 0.5962603102542268 -0.44119307812788017 -0.4454631958330531
1644768503.6936162 2.9759241427007574 1.8277179004144977 1.1661636915147826 0.5006970794917504 0.59449987831217 -0.44092256168814825 -0.44884218490781497
1644768503.7002199 2.968704074109677 1.828853497158457 1.164782940272528 0.4996209112784337 0.5937067373465155 -0.440482521154941 -0.4515152228214287
1644768503.706819 2.9614583629932207 1.8305091445358848 1.1634678432972476 0.4970329667374053 0.5939283290478986 -0.44123016118844083 -0.45334647558980784
1644768503.713414 2.9545576340517896 1.831060615093821 1.1622367838965428 0.4976642847844517 0.5925165345972628 -0.44047337005851617 -0.4552331600893635
1644768503.720011 2.947414583877407 1.8322674804675925 1.1607715756484094 0.49700550109222114 0.5907537024532481 -0.4413576536928578 -0.4573823265472024
1644768503.7266612 2.940601009964418 1.8333755109189174 1.1596335917139167 0.49640503425912286 0.5895467788470162 -0.4412688405745463 -0.45967175183552866
1644768503.733247 2.933324245833483 1.834405382195966 1.1579819303794878 0.4964272782712886 0.5872421881380295 -0.44288462592404176 -0.46104159312398607
1644768503.73985 2.9266030902434137 1.8355140928653872 1.1567871603689357 0.4963641051083683 0.5855806345760108 -0.44305649155848387 -0.46305352545601863
1644768503.746418 2.9193178517577243 1.8365788944500787 1.1551887440731414 0.4958496700680014 0.5834757349282764 -0.444781245975172 -0.46460567956547283
1644768503.753033 2.9130517556890045 1.8375341133600622 1.1540685745033987 0.49653671100872415 0.5816899468716948 -0.4440907935073128 -0.46676661724906726
1644768503.759614 2.906238119442395 1.8385495628832467 1.1526303413091283 0.49648669270365847 0.5798002024856456 -0.4452974371414869 -0.4680198250053172
1644768503.7662342 2.8989495110819683 1.839676491898996 1.150871681498998 0.4952878183773719 0.5777624790448455 -0.4468466412405844 -0.47032780422193704
1644768503.772832 2.8926590006752146 1.8409639718734212 1.149643092544225 0.49513510851200176 0.5768669794653949 -0.44690920432269765 -0.4715268161592008
1644768503.77942 2.8862285965033925 1.8416574166254784 1.1480569375788803 0.49570601805456865 0.5743302326295557 -0.4472727330975033 -0.47367393852852263
1644768503.7860181 2.88047411199688 1.8429930144843614 1.146797932502784 0.4958050404120707 0.5738968754437138 -0.4468706580014989 -0.47447446152039524
1644768503.7926111 2.87399821717272 1.8441178212504925 1.1451596857477533 0.49536152297029834 0.5722514209071738 -0.44755687504538594 -0.4762748075129877
1644768503.7992132 2.8679833076257233 1.845152794291911 1.1435236596860494 0.4952790066663041 0.5706441829784833 -0.4483620521419875 -0.47753017452059515
1644768503.80583 2.862221516190517 1.8463655417474887 1.1420575889778015 0.49545485750784174 0.5698802342758853 -0.4481320108259002 -0.47847493560034854
1644768503.812414 2.8567613274853003 1.8474429676183015 1.1406368069010013 0.4957741366044219 0.5688390714076575 -0.4477335027275832 -0.47975462351503967
1644768503.819011 2.8511201337495224 1.848533335963983 1.139004143642937 0.4954031587145906 0.5685572827344353 -0.448440281126127 -0.4798116518969334
1644768503.8256052 2.8457420462061638 1.8497680849971914 1.137496192933384 0.49526140818437653 0.5680480262418283 -0.44853376469721123 -0.4804734310633194
1644768503.8322089 2.840971708634783 1.8505644065199327 1.13610360247751 0.49561758097068986 0.567867659684672 -0.4480254985568485 -0.4807934013211951
1644768503.838811 2.8357141407967124 1.851891645769198 1.1344349931115045 0.49453037772886105 0.568462712554681 -0.4487715053440522 -0.48051392083791156
1644768503.845404 2.8311914923213526 1.8528641828915646 1.1331308469197885 0.4944529458212648 0.5692149003712395 -0.4481077188181865 -0.4803225792774391
1644768503.852014 2.8260928518744737 1.8540219253963592 1.131550517128255 0.493670379888278 0.5693600122889804 -0.44817618227577966 -0.4808913257401903
1644768503.858641 2.821907433266093 1.8546314260240806 1.1301928562900891 0.4936075386742507 0.5705680549766757 -0.4479076142170799 -0.4797729203964388
1644768503.865217 2.817709420822797 1.855840965685599 1.1290347873903404 0.49314588232109435 0.5719613933685348 -0.446494587824509 -0.47990571426081635
1644768503.8718138 2.8135972746401463 1.8568191195130213 1.127870242112312 0.492564886366521 0.5736530547584177 -0.44604181550636074 -0.4789032926262197
1644768503.878415 2.8097659484380193 1.8579753586798629 1.1269385848282698 0.4927031569797551 0.5750441568238137 -0.44446820543755927 -0.47855561348701414
1644768503.8850172 2.80617441155543 1.858640099821737 1.1260656629851957 0.49311643213460604 0.5766391969306583 -0.4434167015406371 -0.4771841140640418
1644768503.8983 2.79951445500538 1.8608098212345494 1.1250107095884614 0.4944235240211094 0.579261355086344 -0.4409527860011676 -0.47493356555015687
1644768503.9048169 2.7967339953250283 1.861505178294996 1.1247923436592588 0.4956410646556313 0.5806658709662933 -0.43977609795496564 -0.47303673165940757
1644768503.918047 2.7933309157221604 1.8627789513536468 1.12444286977992 0.49549979957208096 0.5814915803636745 -0.43996186439322743 -0.47199649690978784
1644768503.9246342 2.7905876935530927 1.8634779785562459 1.1244407961679754 0.49640278185339926 0.5821735648807564 -0.4399450234545363 -0.4702192797968407
1644768503.931232 2.7882135824514482 1.864259237015227 1.1244645980234302 0.4967971391036305 0.5831460155230171 -0.4402693218065595 -0.46829034309117873
1644768503.937807 2.785747441942591 1.8651914166578623 1.1246652095551601 0.49708176917256214 0.5831724216505396 -0.44081844249210517 -0.4674381036090746
1644768503.944415 2.7840260950727824 1.865924472625114 1.125162442161122 0.4974524590199901 0.5837830651291941 -0.44126447109546324 -0.46585801357243634
1644768503.951009 2.782363532909426 1.866364262661568 1.1256060060923974 0.4975732339696162 0.5838055712262237 -0.44243372720097834 -0.46459001647648657
1644768503.957636 2.780262394855709 1.8673240826705078 1.1260097432318168 0.49642846341308233 0.5835645299787523 -0.4449781764880454 -0.4636865902490721
1644768503.9642081 2.778967663515544 1.8677779301799615 1.1266924980430049 0.4959108898640352 0.5833217553945035 -0.44683582815856376 -0.4627585388889842
1644768503.9708512 2.776941998465038 1.8687767215361453 1.127154109927813 0.4934507590793709 0.583096579567098 -0.45055764497853595 -0.462062964484205
1644768503.9774132 2.7760141645346925 1.869344118861298 1.1280214716946606 0.4923693520180733 0.5831623908641135 -0.4528595148666213 -0.4608816668636837
1644768503.984015 2.7751463582166194 1.8696286013160361 1.1289387789228258 0.4912878195748105 0.5821059123754279 -0.4555981099675248 -0.46067236781921933
1644768503.990619 2.7742737286454617 1.870498791570808 1.1299117330072532 0.4889564021731638 0.5823057870881165 -0.4590050282406945 -0.4595166640031885
1644768503.9972281 2.773525012502807 1.8707100386779458 1.1309106002021698 0.48734890353103294 0.581435598211744 -0.46226776911177925 -0.45905530503310027
1644768504.003814 2.7737422998003907 1.8712962480848399 1.1324138352040538 0.4858265695439918 0.5821186268102071 -0.4644413297794449 -0.45760716828758957
1644768504.0104399 2.7731590623064934 1.8719805244792829 1.1335925726829854 0.48338840230077335 0.5818886098181565 -0.4679295794189719 -0.4569276284559109
1644768504.017047 2.7731628644138 1.8725842372252932 1.1350361591348876 0.48133272094033624 0.5819033702589383 -0.4706235082127098 -0.45631175076543096
1644768504.023629 2.7739359663049914 1.8730369826017883 1.136733426066953 0.4803912344332136 0.5821071562442909 -0.4722539181532529 -0.4553585506768946
1644768504.030275 2.7745106495197525 1.873257480863543 1.1383608853170557 0.4794291269800982 0.5816728708922803 -0.4742794261071949 -0.4548220262942856
1644768504.036819 2.7754580059996115 1.8742065162645394 1.1401650925836386 0.47796283258419264 0.5823728143709324 -0.4757716840043434 -0.4539100685899558
1644768504.043446 2.7764431135893743 1.874854763464713 1.1420959172183642 0.4771493434993851 0.582512235489165 -0.47721155047129143 -0.4530747547946316
1644768504.050059 2.777657080542856 1.8756435115595373 1.14406054092545 0.47641022255325893 0.582294127437747 -0.4786773600213237 -0.45258647341999525
1644768504.056617 2.7790596663590037 1.8764687181781103 1.1461696969733648 0.47575336717228117 0.5823240682655725 -0.4800396689064757 -0.45179523279424105
1644768504.063257 2.7808221155727804 1.8768334570659142 1.1482932225324807 0.4757406689575023 0.5814791543006191 -0.48172573969752996 -0.4511017026745395
1644768504.069812 2.782763557366279 1.8776806121827487 1.1505103650632766 0.47559825729061095 0.5811597266988975 -0.48302344818537407 -0.4502750524177826
1644768504.076412 2.784736927774478 1.87817925729907 1.1527378658686644 0.47489759018043637 0.5804015341287044 -0.4851064734534082 -0.449752886101027
1644768504.083015 2.7870668405268297 1.8792921288662991 1.1550290513343717 0.4748030027890633 0.5798581088115183 -0.48699184406359075 -0.4485144793233385
1644768504.089617 2.789663495356491 1.8795204026288181 1.1573826981758295 0.4744760153048529 0.5791413646749154 -0.49001611281112056 -0.446488093793419
1644768504.096232 2.791897284687141 1.880815283063372 1.1596663671737442 0.4728710760080482 0.5788067657491883 -0.49371391005785764 -0.44454682138238716
1644768504.102825 2.795276762632862 1.8810150171728919 1.1622261022484173 0.4733744681143412 0.5783330815294094 -0.4963241879743971 -0.4417118351082126
1644768504.109455 2.797976119989776 1.881691634740009 1.1645558265084723 0.47250373711831084 0.5775363062508302 -0.5005934404772799 -0.43885965855950193
1644768504.1160161 2.8010789425457707 1.8827780837077526 1.1670788608839158 0.47187059512660645 0.5773362714371016 -0.5040657769639506 -0.43581909317446055
1644768504.122619 2.8047716415187995 1.8830642718672554 1.169692346509833 0.47264204262880166 0.5763477144693553 -0.507250756413763 -0.43258427139702815
1644768504.129282 2.8084079837702363 1.8837858347103196 1.1724088679501437 0.472605293740274 0.5763050089200761 -0.5105432788096049 -0.4287913193876125
1644768504.135852 2.812452066060025 1.8844352115351266 1.1751211063464162 0.47350606971446396 0.575477589409246 -0.5134022825931235 -0.4254823956420443
1644768504.142422 2.816235799899547 1.885170103131998 1.1778543165238977 0.47370161559099344 0.5748796251073123 -0.5166472949772524 -0.4221319845063621
1644768504.149051 2.8206915151259904 1.8860400476723387 1.180849922391932 0.47441967338656227 0.5751572769522425 -0.5189736223350645 -0.41807431625583585
1644768504.155645 2.8249723507670197 1.886867266056164 1.183764337424418 0.4747655208252688 0.5747267335064683 -0.521644891360778 -0.4149374899097691
1644768504.162213 2.8295988607994986 1.887459715426056 1.18675678346052 0.4753261495516457 0.5742782576943772 -0.5242076930095837 -0.41167389884084354
1644768504.16885 2.834406728515082 1.8884902371613252 1.1898156405005074 0.47586673698783316 0.5740953473182131 -0.5260506585479382 -0.4089446271573845
1644768504.175422 2.8392234681782176 1.8893836308320242 1.1928312576387465 0.47576002730442307 0.5739979899956402 -0.5282373794745018 -0.4063787070119785
1644768504.182017 2.844151169448015 1.8903690685991839 1.1958489276133886 0.475563237729944 0.5736951511168066 -0.5304752701562243 -0.4041151650404405
1644768504.1886132 2.8493412964181686 1.8912302979697841 1.1989163601266377 0.47507096284205236 0.5738742902489365 -0.532781333056444 -0.4013970820421266
1644768504.195216 2.854795074995107 1.8922996053411558 1.202083376291876 0.4744923510335153 0.5742507386729799 -0.534781435931726 -0.3988754117226361
1644768504.2018151 2.8601504937909485 1.8932997092999553 1.2051197028515985 0.4736523591784442 0.5745171120717382 -0.5368793257002933 -0.39666580004004043
1644768504.208423 2.866397443233816 1.8947943757218473 1.2086045143953246 0.4730848373914644 0.5761489837469763 -0.5381460470586286 -0.3932448203854389
1644768504.215019 2.87173074274009 1.8953865825587097 1.2114767708925662 0.47190820910237163 0.5760150827658719 -0.5410530622291515 -0.3908587023936514
1644768504.221622 2.877114105781384 1.896839946867568 1.2144830488701335 0.47032898685508384 0.576488133429869 -0.5432562200209264 -0.38900420892130105
1644768504.228214 2.8843252812716207 1.8985858139440128 1.2183619298729556 0.4705834795924481 0.5793848660238642 -0.5426938957326719 -0.3851588258065236
1644768504.234827 2.8892966827817164 1.899001688151451 1.2208880709718917 0.46844862744433496 0.5785843091531101 -0.5462293826743184 -0.3839651115602176
1644768504.2414122 2.896501507553947 1.9007754666643022 1.224688206456242 0.4683721430868235 0.5815641546069955 -0.5456029554269768 -0.38043100704071964
1644768504.2480168 2.903443506226971 1.9013871992065023 1.2280674772643043 0.468174998956885 0.5830458046679426 -0.5462437766168121 -0.3774746508251286
1644768504.254647 2.9086468810381496 1.901722337908978 1.2306227473583429 0.46611376519276976 0.5827880799548354 -0.5488843571660673 -0.37659213719568124
1644768504.261225 2.9145593858703047 1.9027527453545379 1.2335807878688447 0.46393104461881873 0.5833464240696179 -0.5501904059017999 -0.3765170589243682
1644768504.2678132 2.9218003342928798 1.9039770454309946 1.2371352084845095 0.4635960445928802 0.5864144792522857 -0.5492918954177654 -0.37346313066705267
1644768504.2744162 2.927962628106093 1.9051365914374436 1.240152171296646 0.4613587446268433 0.5873773933903275 -0.5497637635525152 -0.37402577449386876
1644768504.281012 2.9350266880273104 1.9069300558360274 1.2435756598798426 0.4604820965959929 0.590720895714862 -0.5481358416028688 -0.37222540684805505
1644768504.287622 2.9420208365191796 1.9081669468347526 1.2468981240695605 0.45912909723181805 0.5931294180375041 -0.5474566698233154 -0.371064359049804
1644768504.294254 2.94950982476351 1.9094243771878434 1.2502698927875142 0.45867432720556195 0.5961414166424011 -0.5456801317021605 -0.36941317179540534
1644768504.300826 2.9561471633281644 1.9108008583183835 1.2533696558962728 0.45608352554086096 0.5980317546467925 -0.5458755067908186 -0.3692768175980401
1644768504.3074229 2.9633553904293537 1.9119579050719535 1.2566579752717286 0.4549340123790115 0.5998176299835819 -0.5451455138175043 -0.36887650271730804
1644768504.314028 2.9708990275721763 1.9130686112970448 1.259890446295129 0.4542155491562202 0.6023456451267253 -0.5437126028018503 -0.36775556541844046
1644768504.320621 2.9782772406607445 1.914501334121566 1.2631398994068141 0.4526542111051735 0.6047978329459021 -0.5429517988783984 -0.36677874466100213
1644768504.327258 2.985470824505583 1.9157701965124503 1.2663093489106563 0.4516632889557214 0.6063399409359443 -0.5419281426117731 -0.3669681806119699
1644768504.333812 2.993290980305643 1.9180479636632577 1.2700449256402568 0.45047684389308973 0.608580963413774 -0.5397933122743577 -0.3678621777385655
1644768504.347074 3.0079416587952226 1.920273212317375 1.275947521476854 0.449108146040323 0.6116847323743541 -0.5380830214118236 -0.3668922750289906
1644768504.353617 3.0164291789625506 1.9216427922885304 1.2793005646479032 0.4499840396780485 0.6131665826769138 -0.5358573422768792 -0.3666027620112899
1644768504.3602118 3.023178612364029 1.9229111270367 1.282245428454986 0.4471924491803835 0.6149616088659248 -0.5367295951822683 -0.36573496595502303
1644768504.366813 3.0310243299081563 1.9239028794595345 1.2853928207241154 0.4471398527664293 0.6159959192314214 -0.535764368410947 -0.36547382497484177
1644768504.3734488 3.0386143388596847 1.9250409771000794 1.28843338887718 0.4464372757531277 0.6168822483387614 -0.53562235676614 -0.3650456271147131
1644768504.38005 3.048046236724141 1.9272250553447545 1.2925097745277097 0.44754907317957526 0.6205392201388547 -0.5319919545513531 -0.3627879756209082
1644768504.386652 3.055662694855304 1.9282936794393453 1.2953521496727025 0.44666073275385604 0.6206444933525508 -0.5326316918287531 -0.3627639589285474
1644768504.393246 3.063352324355203 1.9293551025758073 1.298373060115048 0.44631447366967136 0.6207825954643844 -0.5329102998166542 -0.3625446359278954
1644768504.3998551 3.0710835950176483 1.9306452180422238 1.3013426484940305 0.4457585253471816 0.6213059766932714 -0.5330152622889414 -0.362177446485695
1644768504.406441 3.0791279935933145 1.9318337308601605 1.3043538679053497 0.4457616373575243 0.6216295761028117 -0.5330290300105769 -0.36159771320549394
1644768504.413051 3.086901777798562 1.933246874918047 1.3071159563635097 0.4440384741420033 0.6217392849225666 -0.5345649244314624 -0.36126164783136694
1644768504.419643 3.0951008479128115 1.9343634723345982 1.3102001076119618 0.44527774852643404 0.6215795881009807 -0.5335863477266192 -0.3614577812091146
1644768504.426218 3.1024957646927143 1.9354136770825088 1.3128238399155818 0.44500067128797693 0.620085232206496 -0.5342521635116201 -0.3633772238375402
1644768504.432818 3.110614304513829 1.936748202562709 1.3157277238554628 0.44515430302813724 0.619743095164415 -0.5341616284039615 -0.3639054010288007
1644768504.4394162 3.1184255031696906 1.9381103473766783 1.3185620451391296 0.44514950700803996 0.6190798530937881 -0.5342775417378706 -0.3648687017153972
1644768504.44601 3.127558627146449 1.9397889840864315 1.32169119198301 0.4477629285562125 0.6187665660889415 -0.5315103753515523 -0.36624128494971814
1644768504.4526122 3.134913647186963 1.940790576752021 1.3244446400717278 0.4469392649565718 0.6187119040288765 -0.5326365341896453 -0.3657031872686046
1644768504.459209 3.1431649497089484 1.9421075333360085 1.327474289720062 0.447910270470889 0.6188466673339813 -0.5314780619518931 -0.3659724872605959
1644768504.465816 3.1504359908545467 1.9434188134080983 1.3299895661107666 0.44753127127764114 0.6175768613403743 -0.5320089110675318 -0.3678052733205496
1644768504.4724119 3.1585074011109273 1.944667760801685 1.3328581333074005 0.44863938376409807 0.6170022694672669 -0.531152327394967 -0.3686566278874318
1644768504.47902 3.167177874472117 1.9460019984251333 1.3359477867014729 0.4505142964626924 0.6173293390074379 -0.5293419540178299 -0.36842639026450785
1644768504.4856162 3.174362452906846 1.9465057694078243 1.3381911233576107 0.4512330710100839 0.6148684753352432 -0.5301676240864156 -0.3704691444097647
1644768504.4922209 3.183276490707827 1.9487844263622855 1.3418985178801317 0.45215695286108476 0.6168822573722361 -0.5281507054526046 -0.36887231364837547
1644768504.498848 3.190317185669189 1.9496370447430211 1.3445177837710192 0.4523084122608358 0.6148622925800564 -0.5300545132251127 -0.36932809272514866
1644768504.505415 3.2008525559236825 1.9517045912846507 1.3484764513615903 0.4580587762570364 0.6164168520970013 -0.522945418806758 -0.36978390717956094
1644768504.512015 3.2071748227867647 1.9529727565461366 1.350877236193193 0.4552305909710344 0.6149336810364732 -0.5269408239007178 -0.3700738362931006
1644768504.518615 3.2150787613203646 1.954569796917528 1.354225899482648 0.4547587354995607 0.6158792550846997 -0.5265558690385346 -0.3696292330422066
1644768504.5318809 3.2317451407478868 1.9572028948532538 1.3604635036200272 0.45951722266454514 0.6134110492062719 -0.5233760328817765 -0.3723546460182621
1644768504.5384488 3.2390819160308393 1.9584766972572525 1.363775366443679 0.45892795880808657 0.6141588380470752 -0.523799287965316 -0.3712518959897849
1644768504.5516758 3.253799179683067 1.960412545546636 1.3696946264690557 0.46110966933950204 0.6097123158606711 -0.5237267336976003 -0.37595044294109803
1644768504.564811 3.2619302418751523 1.9618280717119618 1.3730318834619522 0.46362630150684286 0.6085334184727178 -0.5224096622525388 -0.37659731948839537
1644768504.571412 3.270011443196045 1.9631727941000678 1.3765706624047538 0.4644468194192502 0.6083500754367193 -0.5214226626404136 -0.37724974563431113
1644768504.578023 3.2775639159380607 1.9641204656289992 1.3796818663281638 0.4661246697748654 0.6061055036384162 -0.521069317997206 -0.37927602930962173
1644768504.584647 3.2851755812783785 1.965335247612619 1.3831123648207604 0.46775924836622995 0.6052984626341088 -0.5204011460782734 -0.37946974946978035
1644768504.59121 3.294618705129821 1.9670224457656562 1.3870105015105487 0.47112025856030365 0.6049756287030017 -0.5166321110983229 -0.3809738053850283
1644768504.5978181 3.301061918489541 1.9674042529359652 1.3899115938844768 0.4700403054999864 0.6029024908306088 -0.5196143202195852 -0.38153801108903385
1644768504.60446 3.3093381982741765 1.9687396089367106 1.3936056952845473 0.47289827308273447 0.6017358157133373 -0.5171863515360947 -0.3831437621599752
1644768504.611019 3.3161109966758704 1.9686303813234551 1.3963932898060054 0.4734858435784627 0.5980730093209757 -0.5187478715653855 -0.38603112675002843
1644768504.6175869 3.3231094155917416 1.9696656631985752 1.3995715220015528 0.47155794315651606 0.5970339541369322 -0.519883934950671 -0.3884634978031266
1644768504.624219 3.3313971094457164 1.9702519643619147 1.4032883870937043 0.47426255503520576 0.5950797067756041 -0.51855534114905 -0.38994250759754895
1644768504.6308491 3.339144510475037 1.9710307804549678 1.4067982602568994 0.4746740629097231 0.5937582259734953 -0.5181947511625343 -0.3919305497866325
1644768504.6374211 3.3456330399233147 1.9716991512618696 1.409993755939577 0.47283916148589067 0.591985836787078 -0.5193950260467476 -0.3952270086679949
1644768504.644036 3.3546208281374743 1.9724606542276584 1.4137358929578951 0.476218368132851 0.5907140364038015 -0.5167281469484455 -0.3965660818790253
1644768504.650671 3.361547015019313 1.9726217443313807 1.4167652748793222 0.4752207919101531 0.5896303395971629 -0.5184442033675043 -0.3971352982874979
1644768504.6572149 3.3705631710467006 1.9732545183306565 1.4206166870362262 0.4776717666059271 0.5903730633999077 -0.5158541245142717 -0.396463609429344
1644768504.663844 3.376586739049907 1.9735629945104856 1.4233956239469385 0.47567913791778965 0.5854486877711166 -0.5189431449626021 -0.40209056689499806
1644768504.6704152 3.3848353088362035 1.9741570102096717 1.4269003285966513 0.47772353221377784 0.5848288865213915 -0.5166119315939307 -0.4035680569975548
1644768504.677048 3.392548101863107 1.9748904236473066 1.4302658224760372 0.47821666750939257 0.5836818944032405 -0.5164390974243688 -0.40486367627804604
1644768504.683593 3.3998724443505144 1.9751648496361163 1.4334156004859389 0.4779409208418186 0.5814353750808956 -0.5175753546879074 -0.40696533773266924
1644768504.69021 3.4080354718150225 1.975450006011736 1.4368200129210371 0.4807150352395513 0.5809300304922644 -0.5146762076405146 -0.4080947644301629
1644768504.6968472 3.415711945215774 1.975656198096074 1.440069888375327 0.48199155190573295 0.5795949230604983 -0.5139748590787813 -0.40936938679156853
1644768504.7034209 3.4233440555074486 1.976333420178206 1.4433782143830083 0.4824245629197333 0.5790853975772111 -0.513609560552427 -0.41003845012856355
1644768504.71001 3.4317920595724964 1.9766621863485312 1.4470127062986213 0.4855451543795571 0.5778912495886255 -0.5101592409378645 -0.412340558851711
1644768504.716647 3.43858961344141 1.9765887277299863 1.4498969769680228 0.48455413990864327 0.5779467352520726 -0.5109904199783967 -0.4123994632649733
1644768504.7232158 3.4459894074951656 1.9759795216664584 1.4528700978208686 0.48556589934162137 0.5770973303261718 -0.5108724268449868 -0.4125451587877247
1644768504.729825 3.453391160250041 1.9761822817670835 1.4560451066152487 0.48628495488939283 0.5763628803363163 -0.5098234004432504 -0.41401989333132005
1644768504.736435 3.4602998635855418 1.9756795295332563 1.4588188308287993 0.4859408457049219 0.5754970057654565 -0.5092698634088464 -0.416303396824769
1644768504.74302 3.468913051399469 1.9754245165751532 1.4625828931776603 0.48841503455724794 0.5771037605140795 -0.5052066411383647 -0.41613438068647834
1644768504.7495942 3.4748780627805025 1.9750521054686558 1.4650313026770017 0.48706112729661455 0.574115296747108 -0.5059654203245311 -0.4209057159475355
1644768504.756227 3.482339464433652 1.9747028408697611 1.4681369493968428 0.48804969382625984 0.5740033097500997 -0.5039254912400047 -0.42235822833284803
1644768504.7628129 3.489188450665684 1.9743739001904455 1.470905552546438 0.48826742225293523 0.5733481702866828 -0.5027499904937647 -0.4243923486677935
1644768504.769423 3.496472500504234 1.974106183197195 1.4740402645770805 0.48857859609353055 0.5730597687743324 -0.4998319557129516 -0.4278564916676139
1644768504.7760158 3.5033235343748466 1.9736420058845041 1.4769125824292202 0.48907777421692467 0.5718623355737118 -0.4977926639287495 -0.43125220251777674
1644768504.7826471 3.509745064533484 1.9731552702595891 1.4795765185211165 0.48850657027375843 0.569988587849666 -0.49701305362046583 -0.4352608041208674
1644768504.789221 3.5171844358253694 1.9725425372077896 1.4823182853952135 0.49117326873217615 0.5686839924206739 -0.49255975968907134 -0.4390124247132025
1644768504.7958221 3.5234758422462837 1.9724589292651276 1.4850595942604918 0.49103980269645175 0.568531652139736 -0.49048159615932135 -0.44167762289301415
1644768504.802453 3.530227856161534 1.9716960473606078 1.4877962050395652 0.4922415601702314 0.56737806262713 -0.4877363174590646 -0.4448520020864409
1644768504.809044 3.5365047909508984 1.9712389454902135 1.490415820683706 0.49251723810143994 0.566362600945403 -0.4852689092553667 -0.4485241088582039
1644768504.815624 3.542764251267062 1.9706465539041202 1.4929762418025283 0.49311813827034584 0.5655616277243936 -0.48282961026105914 -0.45149722678544124
1644768504.822216 3.548998305643465 1.9699898067879749 1.4955769775787784 0.49387891288824143 0.5649418654307522 -0.48028912960922504 -0.4541433985571369
1644768504.82885 3.5549129412142566 1.9687611041854491 1.4980227636911307 0.49443710689708714 0.5642601147102784 -0.47871718345784037 -0.45603950270521426
1644768504.8354251 3.5614184409106673 1.9677445824245974 1.5007391624482627 0.49621005247527833 0.5637919108578437 -0.4754134457898574 -0.4581440192552387
1644768504.842037 3.566559625374121 1.9671828102236542 1.502887619093586 0.4957024017099913 0.5627040752688655 -0.4743343833372023 -0.4611396097926896
1644768504.848636 3.5727647538539093 1.965905955875411 1.5055306165515439 0.4968954294085927 0.5613302890462681 -0.4724547267158995 -0.46345377936482146
1644768504.85522 3.577963813710019 1.9653201630025188 1.5075763181692274 0.49779986309415203 0.5612582567670859 -0.470000051587977 -0.465063419648805
1644768504.861835 3.583743497513882 1.9641134415967048 1.5100297059309762 0.4991495860503356 0.560456611658373 -0.4674684645529231 -0.4671305487710866
1644768504.868421 3.588476197347671 1.9634164546159745 1.5119932763207635 0.49877792372297786 0.5597056862087695 -0.46675219907757015 -0.46913976673946334
1644768504.8750138 3.5929926673615524 1.9627698071516306 1.513921785759933 0.4983936056383835 0.5587900046485053 -0.46616590880192244 -0.4712181288737508
1644768504.8816278 3.598520516754319 1.9614210586722445 1.5161368128026442 0.5006515311723613 0.5577383168163818 -0.46332590850737077 -0.4728686642834338
1644768504.888227 3.602401936390665 1.9610449526777534 1.5177579541562118 0.49949416161344556 0.5570611597224614 -0.4636434670648341 -0.47457646172941603
1644768504.894816 3.6063922182310897 1.9603826689948303 1.519349702856558 0.4993960302707059 0.5560220189220696 -0.4632033530796818 -0.4763249054281822
1644768504.901428 3.6113627389258256 1.9591606345811885 1.5214338474905575 0.5017382300383527 0.5551166605200497 -0.4604858489330969 -0.477552680584923
1644768504.9080162 3.6139309244849445 1.958939595645975 1.5225668699257517 0.49963177091368566 0.5536279604187051 -0.46171555518156826 -0.48029428536991464
1644768504.914633 3.6183007881753566 1.9581470091495357 1.5243504174759885 0.5010241957311687 0.5540600531848041 -0.4599714100614763 -0.48001890822769516
1644768504.921215 3.6223343742701166 1.9569091088857782 1.526081931319365 0.5025543404712622 0.5530140655411214 -0.45831762806229487 -0.4812059941965542
1644768504.927831 3.626335839098597 1.956251117589915 1.5278332767641027 0.5047221071022069 0.553833274746562 -0.4557711449046557 -0.4804129478661267
1644768504.934421 3.6283560451248373 1.9560081173231239 1.5287770384256025 0.5024554188053112 0.5528744920725198 -0.45731430979430854 -0.4824226778394948
1644768504.941034 3.630335112771387 1.9554632853454197 1.5297787414614243 0.5015150384133562 0.5518136432854424 -0.4579388136974174 -0.48402074442300286
1644768504.947632 3.6334971598768546 1.9548499050444454 1.5311913893743785 0.5023753354192037 0.553159869565627 -0.4563225125858816 -0.4831175899530579
1644768504.954224 3.635709642484291 1.9543094363907878 1.5323643736617494 0.501882884890172 0.551876240307127 -0.4562122109899444 -0.4851971194702196
1644768504.960842 3.636607721257989 1.9538054946193222 1.533008372467971 0.500708715758162 0.5503131105893881 -0.45705337269487845 -0.4873890585117522
1644768504.967426 3.638418574674019 1.9538137771641346 1.5338020347735857 0.49839450353513093 0.552534510781506 -0.4578678262559064 -0.4864826064258945
1644768504.973983 3.6391275986669704 1.9536291706293496 1.534305213902313 0.49669259099502366 0.5514072309666534 -0.45846989010007844 -0.48892903744513927
1644768504.980621 3.6403534852893533 1.9534300953796964 1.5350729048865301 0.49557832647012895 0.5523000741517088 -0.4586531485883484 -0.4888800835660224
1644768504.987224 3.6417067490433395 1.9528527563550355 1.5357167262491047 0.49588964112707884 0.5521631785520265 -0.45772823607661783 -0.4895852997647367
1644768504.993815 3.641789262637922 1.952996364925943 1.5359358342622804 0.4936448855323944 0.5522556910605584 -0.45870235354564654 -0.49083619970036807
1644768505.000413 3.6413034007161516 1.953181413415824 1.536020620971827 0.49051608517040945 0.5519577201214046 -0.46011611614889425 -0.4929802801190845
1644768505.007013 3.6412284791545413 1.9532413938714934 1.5361402004262554 0.4892806233552575 0.5523802682844697 -0.46053861063142293 -0.49333995035316863
1644768505.013584 3.640697861270295 1.9535442485834045 1.536073708031418 0.48750082324659527 0.5526548631429261 -0.4609002869380441 -0.49445530609331123
1644768505.026934 3.6388457107553327 1.9541203637327942 1.5355345118448835 0.4844790377428332 0.5532324761662225 -0.4618023790766445 -0.49593548063345533
1644768505.033422 3.6374534861756054 1.9546614803083389 1.5350620092025267 0.48274279062455905 0.5539837825880274 -0.4625733044679577 -0.496071449583449
1644768505.040024 3.6355855155549563 1.9551265260271427 1.5342747940233472 0.4803340741533306 0.5547221858201754 -0.464255807493332 -0.4960128017036339
1644768505.0466182 3.6341161366981907 1.9555256590243753 1.5335994308667478 0.47991226025844336 0.5560952751614306 -0.4648381956238157 -0.49433529016627914
1644768505.053225 3.631775066599223 1.9560361467270813 1.5327034132809731 0.4789019522577415 0.5565724923524112 -0.46571901466771976 -0.4939487849979396
1644768505.059822 3.6296014266975507 1.9565571026197806 1.5318263184512473 0.47791533704728456 0.5581583600445551 -0.46641776049051653 -0.49245335323032685
1644768505.0664499 3.6260623649991084 1.957685490582693 1.5303489186980257 0.47471011748232617 0.5599040373527822 -0.46963954200842545 -0.49050588990824884
1644768505.073031 3.622852295717346 1.9584282031564746 1.529016111387848 0.4733359304976452 0.561295319401735 -0.4713542688765644 -0.48859532574244946
1644768505.079628 3.6193177002744252 1.9592495653114455 1.5275489903197146 0.47230420122977385 0.5621726725102739 -0.4724530985709102 -0.4875227048262919
1644768505.0862231 3.615252311017978 1.9603058953825139 1.5258033210556148 0.4696932728037431 0.5641158455747673 -0.47540668443532336 -0.48492236780735265
1644768505.092819 3.611122150852845 1.9614448182910813 1.524019251991175 0.46803110589820546 0.5657477841707792 -0.47702810253819067 -0.4830323105322452
1644768505.099415 3.6066528098289568 1.9625425871963142 1.5221566158214146 0.4665150373470019 0.5668649856019156 -0.47891796180239843 -0.4813160261569139
1644768505.106016 3.601838955657574 1.9635255352266663 1.5200611912051119 0.4650784082985885 0.5682038192414346 -0.4801772722079837 -0.47987070343562804
1644768505.112649 3.598062455675499 1.964381199747711 1.518190490132748 0.4651716509366946 0.5719525572438111 -0.48031417317654085 -0.4751669294576194
1644768505.11922 3.5918623172190403 1.9659338022267527 1.5157291022309243 0.461593253440687 0.5726097422100278 -0.4832949298487604 -0.47484245435850014
1644768505.12582 3.585996479621294 1.9671083364637627 1.5132788327212496 0.4599361516565227 0.5736269564661279 -0.4848190336993094 -0.47366753173920173
1644768505.132441 3.5802275609244116 1.9684214826090354 1.5108168897921903 0.4580615332171001 0.5757927933482272 -0.4860219611286569 -0.47161913749819434
1644768505.139013 3.57431361383368 1.9697808731509738 1.5083187866369496 0.4565335897951978 0.5779982434154868 -0.48712060177456645 -0.46926350567229175
1644768505.145598 3.568041295134098 1.9711570517139 1.5056922972957438 0.4546821013815875 0.5802397905532256 -0.4883040579751775 -0.4670596497665165
1644768505.152214 3.561506245646443 1.9727096975324743 1.5030070449630302 0.4527447871748908 0.5825392737284019 -0.4890788635240443 -0.46526519053446225
1644768505.1655319 3.5479579167575284 1.9760277955928802 1.4975149243253068 0.4491679033756505 0.587151929609867 -0.48970623719632217 -0.46226422167994546
1644768505.1720178 3.540982521943814 1.9771842831234836 1.4944965986516563 0.4476695684622835 0.5895934375803472 -0.49079538845775506 -0.4594464235922147
1644768505.178616 3.5338286770069423 1.978927994787669 1.4915425468188572 0.44619701147885077 0.5922144331048758 -0.4906867236712017 -0.4576203430069965
1644768505.185218 3.527127678041106 1.9796131540992365 1.4885432166498611 0.4462129507382345 0.594588235267922 -0.49033591838172635 -0.4548947180506068
1644768505.191821 3.5190061993844535 1.981607073304662 1.4853318660905852 0.4435520335634963 0.5972520112231458 -0.49096251293506016 -0.45332886586002524
1644768505.1984289 3.5113241792610794 1.9831465512722892 1.4822281996931 0.4419706773401956 0.6002806138707225 -0.49094979668878647 -0.4508802245134585
1644768505.20502 3.503204019909404 1.9845204507479293 1.4789719817199747 0.43984233817474405 0.6033883159911513 -0.49196185808064374 -0.4476991103090636
1644768505.2183092 3.4873377849479787 1.9872534868613805 1.4725577119597588 0.43638731287009486 0.6106281902366054 -0.49221705477942557 -0.44093235855719104
1644768505.231416 3.4786368759675548 1.98875064371738 1.4691646640024252 0.43394863140947065 0.6126983105462536 -0.49341160817869806 -0.4391285752303133
1644768505.2380438 3.470676404899005 1.9901651437465298 1.4662897226534217 0.43234545102378474 0.6164342430911303 -0.4931329047070696 -0.43578175610022063
1644768505.244617 3.461426214858422 1.9914485013472851 1.4625370074821162 0.43006829843412725 0.617574075110977 -0.493964787602865 -0.4354789748106002
1644768505.2512481 3.452527419816084 1.9927095511068962 1.4591777886704582 0.4280499816306841 0.619509163255843 -0.4939321857663955 -0.43475537942184606
1644768505.2578151 3.444559886413507 1.9942912448220742 1.4563617002183702 0.42749507956356536 0.6214063016811544 -0.4927184588249046 -0.4339704067757247
1644768505.264417 3.4345794320795586 1.9950548768468566 1.452226069895286 0.42396354042706036 0.6217609514425725 -0.49633411047117876 -0.43280520352598173
1644768505.2710211 3.4252330587808895 1.9965000178182917 1.4488365345745315 0.4218183554225087 0.6244572507783976 -0.4962363289281435 -0.43112820118631784
1644768505.277627 3.41678706944875 1.9973492276641733 1.4455395162285252 0.421883287958986 0.6252364005218233 -0.49586017924974396 -0.4303674918919086
1644768505.284234 3.4067888239970676 1.9985130333900436 1.4417558289997943 0.41900058395566664 0.6262145637355614 -0.4982886283031671 -0.4289543695632798
1644768505.290827 3.3974870396347887 1.9994066491281506 1.438261598488653 0.4175753285531856 0.6279114410815766 -0.49906051388437345 -0.4269616024179611
1644768505.2974248 3.388374887491201 2.0004249546869333 1.4349094534585765 0.41665359419056724 0.6312467088502429 -0.4987521553835511 -0.4232885837311326
1644768505.3040159 3.3774823742000875 2.0011882779669445 1.430889556485257 0.41281151852563464 0.6309174263613777 -0.5028523336344616 -0.4226926144904214
1644768505.310614 3.3668560806378185 2.0021046567046374 1.427498222114913 0.4086462476750163 0.6333480155754603 -0.5049910278987715 -0.4205499270185449
1644768505.3172219 3.358252826633615 2.0025492369444557 1.423839619459591 0.40975498861784365 0.6341741151571759 -0.5051901097096759 -0.4179792126832145
1644768505.323821 3.3486076311003763 2.0037442296209194 1.4206849462859026 0.4074122924227955 0.6372391346681524 -0.5059746275933183 -0.4146453250049625
1644768505.3304188 3.33979534990598 2.0036591315778725 1.4174520351503899 0.4065250618270941 0.6385674555125478 -0.5071326243012336 -0.41204985007329825
1644768505.3370528 3.327708907134817 2.003993390999298 1.4131284896587186 0.4013473320963372 0.6394058664401192 -0.5125649656462383 -0.40909319635795166
1644768505.3436139 3.3169200521729048 2.0043726490415876 1.4092821228584242 0.3980777250983568 0.6400956708837102 -0.5163944705517299 -0.406384061658795
1644768505.3502378 3.3071547483714303 2.0042273029828808 1.4055801005458322 0.39691935426292163 0.6409272642593844 -0.5190887619655045 -0.4027576409741829
1644768505.3568158 3.297569008136357 2.004966503362867 1.402058031296891 0.396314972291432 0.6417250615344174 -0.5207741489650088 -0.39989656362304193
1644768505.3634171 3.287236093234413 2.0052046515833646 1.3988538937143633 0.3933131572136565 0.6438334408075236 -0.5235979330850834 -0.3957626100718188
1644768505.370016 3.278636354499089 2.005402892239107 1.3956246305432944 0.3939921293586813 0.6462759641032624 -0.5241490001453066 -0.39033958020716475
1644768505.376618 3.2702791378059204 2.0053373655315148 1.392654326993799 0.3956699149433276 0.6468899715330234 -0.5240120368337067 -0.38780103640500746
1644768505.383258 3.2594364798204225 2.005562268609884 1.3891180732999973 0.3929590552436894 0.6476711382953542 -0.5272558711428954 -0.384845579223996
1644768505.38984 3.2474581439736805 2.0048156242843973 1.3842048678729706 0.39006011957814696 0.6442687732936543 -0.5337391769887132 -0.38456857200640354
1644768505.396432 3.2376235276983154 2.004960042943596 1.3806467923086638 0.38878106581564015 0.644695896672427 -0.5361240593754258 -0.3818207180133242
1644768505.40303 3.227737271288188 2.005108697658484 1.3774262429948418 0.3888226067896628 0.6457589441415221 -0.5361168532982497 -0.3799877442746554
1644768505.4096231 3.2177802364628985 2.004435736399629 1.3735783596565037 0.3893357023745993 0.6432884829915818 -0.5387087915439446 -0.3799869538188137
1644768505.41622 3.210554685173097 2.0044777586396934 1.3711794501270977 0.39253163893654175 0.645863029200494 -0.5358076101371788 -0.37641682991544007
1644768505.422818 3.2005299197339414 2.0040630507775625 1.3673972992671395 0.39183852825822857 0.6445328653518743 -0.5384726146400071 -0.3756152761236629
1644768505.429416 3.191472597067194 2.00396345267602 1.364203747798096 0.3919047536840255 0.6458397034380802 -0.5388622922586759 -0.37273148384101923
1644768505.436016 3.1817677659497834 2.0036370650636512 1.3605954262195736 0.39125707907609425 0.6454746929408636 -0.5407104112038508 -0.3713652579921796
1644768505.4426172 3.17184101393342 2.0032589881487306 1.3567479977417047 0.38952466387177515 0.6445451590138183 -0.5436993158707105 -0.3704358618894616
1644768505.449218 3.162215980907844 2.002832577026392 1.353285028977841 0.3896401305570455 0.6438370740137105 -0.5452741704866797 -0.36922899925251274
1644768505.455818 3.152304041495667 2.0021197049171695 1.3486185730016436 0.3885634752241822 0.6417474338809908 -0.5493543526535901 -0.3679511014574359
1644768505.462416 3.1421922527221926 2.0017579013512523 1.3453726675345816 0.3863803533070282 0.6427733875738455 -0.5519941987635458 -0.3644922308183107
1644768505.469032 3.1361903329615792 2.0019702060935796 1.3428896320389723 0.3917220455699906 0.6441481607747986 -0.5479700253555161 -0.36242994330994766
1644768505.475633 3.126031173321179 2.0013066964810644 1.3392425818870828 0.3888899981500491 0.6450024439737472 -0.5516216567998831 -0.35839867281044296
1644768505.482236 3.1135807947570813 1.9999994135609926 1.333878660837719 0.38293152197682384 0.6410200074541985 -0.5604297701452501 -0.3582944409431604
1644768505.488828 3.104925232264318 1.9996677473958113 1.3305185142181744 0.3843434226339334 0.6406415444410646 -0.5612585061630275 -0.3561559007637433
1644768505.495409 3.095806586747081 1.9993195316781027 1.3269215748521996 0.38395719018570507 0.6398162754587228 -0.5632264331490929 -0.3549473409564281
1644768505.502044 3.087146153613648 1.9990179562902302 1.323363632895621 0.3849003241638754 0.6386797368071202 -0.5646777231535981 -0.35366453342108956
1644768505.508647 3.078251181722979 1.998488604132857 1.3196312117552567 0.3854748044788235 0.6370064977110811 -0.566636782508743 -0.35292239355268906
1644768505.515242 3.0698655998318345 1.9980689569007575 1.3160702845736618 0.3868420910013734 0.6357043271101475 -0.5678036022334993 -0.3518974836525543
1644768505.521848 3.0631190051351393 1.9983304767321992 1.313060897199497 0.3911482069279789 0.6359689583963752 -0.5655515390517849 -0.3502822001574786
1644768505.52848 3.05532136809795 1.9979795332709434 1.3095861995714628 0.39369642045808023 0.6344418488686289 -0.5660433156690794 -0.3494012569786367
1644768505.535061 3.045007194251589 1.9969854075447964 1.3053703581165867 0.3917160671974692 0.6312442652113484 -0.5711055493091048 -0.34918089451978934
1644768505.5416372 3.0368787952267384 1.9965446242707854 1.3016742613511072 0.39263646356743154 0.629887803820886 -0.5726730261016223 -0.3480275604078819
1644768505.5482152 3.028418864904714 1.9960520935430182 1.2980879439823287 0.39449696023812675 0.6277455858189566 -0.5743292346849942 -0.3470636570813857
1644768505.554837 3.0206836259946783 1.995396506330756 1.2945797088097686 0.39655358836895205 0.6266464588905932 -0.5754968802570157 -0.3447642541453959
1644768505.561412 3.0154557379878795 1.9958354452830642 1.2920226909382242 0.40287694119126616 0.6271817152071695 -0.5720943500913652 -0.3421124518530561
1644768505.568021 3.0061054742618665 1.994750912903422 1.2878786452267275 0.4033908943041902 0.6237883504034738 -0.5761143134123219 -0.3409630525897188
1644768505.574611 2.997034539584316 1.993921708681457 1.284125936339859 0.4010678842959513 0.6226718543358439 -0.5803027386875971 -0.3386334851912445
1644768505.581236 2.9904141180626578 1.9935423121866611 1.280987224211794 0.4057943079599689 0.6205636774975998 -0.5798911520962816 -0.33757608681607093
1644768505.587817 2.9817298559999794 1.992878375193969 1.2775156760020583 0.405205341433848 0.6189276728417228 -0.5825022040821537 -0.3367907126735661
1644768505.594432 2.9754721383967784 1.9927044542334647 1.2748987921926636 0.40836987532508995 0.6196559292077536 -0.5811263205883269 -0.3339945311458991
1644768505.601012 2.9682293677718223 1.9919973999993656 1.2716913315183538 0.4103581333816033 0.6173298371178674 -0.5819258380769102 -0.3344727323224488
1644768505.607614 2.9609749253840305 1.9914083535594107 1.2686271505569837 0.4119099971209757 0.6151853168908954 -0.5826400064696248 -0.33527214778953984
1644768505.6142132 2.9513274861346708 1.9903294912085645 1.2649753766072982 0.4088277564065129 0.6100099648117303 -0.5874567628197693 -0.34006155059804233
1644768505.620822 2.945773839579926 1.9901945462642772 1.262366482166989 0.41305295028430844 0.6080099763971537 -0.5852395845561548 -0.34235269451895106
1644768505.62742 2.938401658340011 1.989493583793401 1.2593845965207604 0.4131369252217115 0.6052155701142997 -0.5865347870274122 -0.3449762082547365
1644768505.634051 2.9329403363749442 1.9892152515068695 1.256875976115209 0.4154157254858353 0.6053040351852519 -0.5855120551211659 -0.34381972831988966
1644768505.640647 2.9257912007306888 1.9885695064744409 1.2538264087247486 0.41486701105913387 0.60257867673449 -0.5873327969421114 -0.34615614059763467
1644768505.647229 2.917526977655177 1.9877975801482677 1.2506098164059618 0.4137325417377556 0.5972880536679365 -0.5901545647943724 -0.35183743773478
1644768505.6538439 2.9104526819051784 1.9870552870752645 1.2475994193304456 0.41347682337552644 0.5942541996467263 -0.5918440140574395 -0.3544278453690383
1644768505.660424 2.903976037113683 1.986675099091171 1.2449190215424644 -0.41418454467792437 -0.5917377060098007 0.5920204045858929 0.3575034407297505
1644768505.66705 2.8974531660307976 1.9859135928856484 1.2421805667438541 -0.4152489853947977 -0.5886261139077287 0.5923649570705944 0.3608193029943906
1644768505.673601 2.890240514703839 1.984890344913948 1.2393997212891341 -0.4139349282608258 -0.5878432058096374 0.5941402100646599 0.3606867452843773
1644768505.680226 2.8838426987317014 1.9843180351900256 1.2367657361098237 -0.41470644291901904 -0.5849623125738864 0.5944992998757203 0.36387833652204554
1644768505.6868281 2.8766213796704556 1.983441813862066 1.2338647951259663 -0.4144355962038657 -0.5803084963273465 0.5965922786407182 0.3681875881860493
1644768505.6934159 2.8702506495406417 1.9826489881717286 1.2313378007995492 -0.4159891203913021 -0.5770880084344088 0.5968716959955316 0.3710335452105594
1644768505.7000551 2.8651580839432484 1.9820548365009014 1.2291544235476881 -0.4184611813922592 -0.5765695666246458 0.5954702668207393 0.3713114121359208
1644768505.706631 2.85988397636892 1.981690073733246 1.2271324438784987 -0.4202711576943559 -0.5750393034892974 0.5944246946528207 0.3733101468015647
1644768505.713266 2.8534718089676443 1.9806057009674947 1.224689401748626 -0.42101847185702773 -0.5710289881029788 0.5956493108075825 0.3766569662843263
1644768505.7198238 2.8488076696620324 1.9799987829928019 1.2228423480243937 -0.423475141568044 -0.5699583476415676 0.5941014065042272 0.37796703799821474
1644768505.7264152 2.842879499058806 1.9791403037455346 1.220511380041928 -0.4232042947337621 -0.5689085386904827 0.5951456186153576 0.37820908092892475
1644768505.733016 2.8370040488380703 1.9786165765316879 1.218338728632 -0.4225202339192717 -0.5671594047922099 0.5960010846683504 0.38024835308246163
1644768505.739619 2.831052843181397 1.9771879538393322 1.2160191740517383 -0.4222335775530414 -0.562962008929778 0.5984700169180283 0.3829169639293887
1644768505.746249 2.82592600869947 1.9763599146359516 1.2140570079733695 -0.42258427210284977 -0.5616177919488144 0.5987778860570551 0.38402119281588387
1644768505.7528472 2.8212771777370778 1.9755303804733344 1.2120063283752343 -0.4225041767011341 -0.5609258606064843 0.5995335594191777 0.38394164786911655
1644768505.759419 2.8158504876552315 1.9745187788172613 1.2099783916369038 -0.422036711104271 -0.5580418966528439 0.601161684020865 0.3861063136301371
1644768505.7660139 2.811206650940666 1.973791545240428 1.2079330387801404 -0.4212833485624024 -0.556875664103496 0.602536968112863 0.38646906520229257
1644768505.779284 2.8011396602560015 1.9722263180064934 1.2039593711744907 -0.4191859393088328 -0.5525760113449034 0.6063432957100867 0.38896012231822674
1644768505.7858481 2.7970384177585466 1.9709864094236502 1.2021606286836273 -0.41986955806706616 -0.5501260320860357 0.6077648195472254 0.38947669822602704
1644768505.792439 2.7910943270419355 1.9700888338149525 1.1999465553027635 -0.41714756854128704 -0.5469465829612389 0.6110740662307002 0.3916952235850458
1644768505.79903 2.787173113299191 1.968900608904314 1.198376511611515 -0.4174901728942256 -0.5449374903784115 0.6124709190324268 0.3919486134353886
1644768505.805624 2.783507056240044 1.9680930173298072 1.1969073841329438 -0.41688042640263767 -0.544316119943372 0.6138316842256784 0.39133186098273914
1644768505.812216 2.7789903059428105 1.9676294236940757 1.1955910366914018 -0.41504614507300486 -0.542682886923092 0.6154707264287796 0.3929720018408501
1644768505.8188171 2.7756204301203087 1.9665459571922927 1.1942553299861907 -0.4146401708641583 -0.541900274186893 0.6165520448488622 0.3927855510927724
1644768505.825433 2.772065933415545 1.9660423720717917 1.1931313670907693 -0.41235668854603347 -0.5420463981362119 0.6179481333874671 0.392793854714334
1644768505.832059 2.768141765321715 1.9653461610787788 1.19203927797541 -0.40990155179530413 -0.5413774859925964 0.6193787653641293 0.39403083924763666
1644768505.845282 2.7624961400119803 1.9645442090360423 1.1902741412264377 -0.4067002575729651 -0.542018860259316 0.6196244104656454 0.3960748694153153
1644768505.8518138 2.7590991422128153 1.9640772609316384 1.1893683020224457 -0.4034998831237169 -0.5415135056311084 0.6205205607237301 0.3986281927138174
1644768505.858416 2.7554312049317007 1.9633533623033057 1.1883041185957304 -0.4004692938643782 -0.5399447965140418 0.6219137396972865 0.4016298014551679
1644768505.865063 2.753182182539101 1.962949313689535 1.1876633758155046 -0.39906193587156474 -0.5403757739245673 0.6215573527969739 0.40300037132885785
1644768505.8716109 2.751006558977005 1.962445394117288 1.1871152919388415 -0.39815038939411973 -0.5405135330716271 0.6214907176536627 0.40381920905808866
1644768505.878242 2.7489928957360514 1.9621040389886406 1.1866483189129782 -0.39710525381847706 -0.5411525268447549 0.6212800072767388 0.4043164531775514
1644768505.89152 2.744558958050354 1.9614119909730436 1.1863029915845424 -0.39478596422148066 -0.5405022583646207 0.6222870609174306 0.4059057135085232
1644768505.90463 2.7428437448383844 1.9613359008299636 1.1862483779309954 -0.39401871364765184 -0.5408342443044052 0.6224995465703359 0.40588312671005966
1644768505.911221 2.7416439255313625 1.9610398921247376 1.186395656812232 -0.3941820149580132 -0.541081056522311 0.6228254118754407 0.4048946292295222
1644768505.917828 2.7401296178883103 1.960845453442417 1.1866497408676457 -0.3944878304923785 -0.5404202555198027 0.6233073021427075 0.4047376908100398
1644768505.9244502 2.7389081853358697 1.9606611230534046 1.1870358751252048 -0.39489052701593286 -0.5398618061693743 0.6243749462658215 0.40344253655909607
1644768505.931021 2.7380640438465194 1.9604688056494024 1.18750900414708 -0.3955523384435855 -0.539260860658704 0.6255926633562879 0.401707842795638
1644768505.937619 2.737355202508237 1.9603852761512846 1.1880272321551115 -0.3962216732443555 -0.5385553712924466 0.6270872415787352 0.39965899334971594
1644768505.944248 2.7366205755945154 1.9601077702261562 1.1887292958141564 -0.3977521535575532 -0.5367006828145657 0.6287333977948234 0.39804418274533865
1644768505.950818 2.741533617743573 1.9627154402032438 1.1906742777521029 -0.40672433103874006 -0.5410019857378179 0.6210554778761804 0.3951981706474425
1644768505.957449 2.738552622254712 1.9616709028231276 1.1910114306274946 -0.40236767029847753 -0.5380587699367209 0.6287153662915275 0.39154736210716223
1644768505.9640892 2.7351799641513503 1.9601884149791398 1.1910165900292662 -0.39949689275183015 -0.5321128790757272 0.6357653610499694 0.39122864212675823
1644768505.970685 2.735553712068393 1.9602922859832073 1.1919186280352363 -0.40082582346342954 -0.5308891946888723 0.637786922555126 0.3882299543266174
1644768505.977261 2.73535967938947 1.9604282442361147 1.1928950218038097 -0.40113082796878313 -0.5283416172010936 0.6405798984903137 0.3867891574015656
1644768505.983862 2.7356000927929585 1.9612450553682408 1.1940759359143047 -0.4012914335590434 -0.5271239284804511 0.6423542966004693 0.3853386501154771
1644768505.990462 2.735135603710505 1.9613088117973276 1.1948356178420716 -0.40043344716753626 -0.5242039936915619 0.6461429412756231 0.3838773739188795
1644768505.997022 2.735732752175196 1.9617934493514946 1.1958284461647566 -0.4005107307342207 -0.5224293275799704 0.6486049930017446 0.3820596640457538
1644768506.0036201 2.7362760468653606 1.9624099746122146 1.1969107136785309 -0.4002639883365449 -0.5205005579952813 0.6510650195529238 0.3807645185259889
1644768506.01022 2.7381002878554184 1.9633985094367488 1.1981128816134632 -0.4014626494635271 -0.5201340477386112 0.6518722867590921 0.37861609839651844
1644768506.016813 2.7393908929363415 1.9637713431255872 1.199142508331713 -0.40206042247840407 -0.5179096452188826 0.6543759664339319 0.37670737652774217
1644768506.023425 2.739630904479303 1.9647984817568873 1.2001949796872005 -0.40052489680998093 -0.515229511102867 0.6572955812062439 0.37693528358990885
1644768506.0300171 2.7399747228147997 1.9655553770045846 1.2011195846603604 -0.3990232697550617 -0.512731686349238 0.6608857473906059 0.37565409298003377
1644768506.036615 2.7414883050602596 1.9666664183090277 1.2022822886303226 -0.3995834773036397 -0.5101721086292157 0.6628717561530502 0.37504370590017494
1644768506.04322 2.7424681836066407 1.9675664669380033 1.2032300801672813 -0.39901269216668445 -0.5083813556230746 0.665945231985226 0.37263054922326955
1644768506.049815 2.7431179174914107 1.9686407360425398 1.2043412655957482 -0.397426588969332 -0.5057772725247454 0.6696790952774698 0.3711748351904174
1644768506.056422 2.746034091890778 1.9702857543868162 1.2054453472217603 -0.4004238418834511 -0.5040965038333803 0.670263401367004 0.36917990813746177
1644768506.0630348 2.745750945060697 1.9709719828330534 1.2064879914899256 -0.39686311919996625 -0.5008783645248029 0.6763728939005902 0.36625071253517855
1644768506.069602 2.747021686826483 1.9721702926793931 1.207552909497927 -0.3966460037152989 -0.49795560264741257 0.6801802934328225 0.3634092756606473
1644768506.076221 2.7480600516647766 1.973769888174656 1.2085098428687497 -0.3963432093061692 -0.4949896278338423 0.6832128766848004 0.3621005831077067
1644768506.08284 2.748587194611848 1.9749402949386292 1.2095633749632668 -0.3955622677928677 -0.4895578178376061 0.6881619414851394 0.3609655461857164
1644768506.0894248 2.7513161423864 1.976362098557621 1.2110176741463865 -0.39763985552810854 -0.487124023809871 0.6914265548455482 0.35569846865569665
1644768506.096019 2.7529661787677866 1.9777843989850687 1.2121924991764457 -0.39867986440182274 -0.48311972509666495 0.6952140723372509 0.3525995890748402
1644768506.102624 2.7545803164682843 1.9793187914313035 1.2132702842260534 -0.3997532364784404 -0.4792199537852995 0.6989946497328079 0.34921543201468297
1644768506.109229 2.7566711420151964 1.9804604491799707 1.214398277283501 -0.40160959821601233 -0.47468767041139126 0.703220347095807 0.34476342818527395
1644768506.115838 2.7588249533961267 1.98175452658334 1.2154687246459235 -0.40313473572262737 -0.47124289730179986 0.7076277131431084 0.33863686094119066
1644768506.122448 2.7605696888431024 1.9834029326406228 1.2165718755712454 -0.4044624036389921 -0.4664337950403924 0.7118903940977431 0.3347553640872189
1644768506.129017 2.7622727063654935 1.9849236925468698 1.217727742162853 -0.40517890928722733 -0.4613557984578688 0.7169142553557871 0.3301730310767863
1644768506.135621 2.7644627645428166 1.9863521692573227 1.2188359797516028 -0.4065962299709762 -0.45635685039341506 0.7219768579748665 0.32429423066951374
1644768506.142234 2.7650366177037764 1.9878778574054996 1.2200522658615598 -0.4059165986304282 -0.4484956806738974 0.7280500434662305 0.32253033342110954
1644768506.148823 2.7668017766755115 1.9895707832684526 1.2212292314903113 -0.4060981382929468 -0.4428959670930727 0.7335370959337811 0.3175691761558252
1644768506.155425 2.769750888853923 1.9914965070108825 1.2224201434552548 -0.40802077641801576 -0.43960536722591986 0.7374318566567231 0.31057990933659163
1644768506.162016 2.7710927703238055 1.9932231129610039 1.223598671320711 -0.4079932573785748 -0.43244781258748355 0.7428599790675634 0.30771560091904854
1644768506.168617 2.7733444803093144 1.9951702014321926 1.224870371875809 -0.4088001599108737 -0.4269562648081545 0.7476643444035009 0.3026354689512678
1644768506.175252 2.776546017636315 1.9972773964077999 1.2259645756276834 -0.4115592773248538 -0.4234959141007804 0.7505377087974561 0.2965852002884499
1644768506.181824 2.778641251761936 1.9994696313128262 1.2272174740376345 -0.4119646651425812 -0.4175172424604222 0.7552252254453047 0.2925726805572676
1644768506.188612 2.780946389382177 2.001293360601479 1.228638250115269 -0.41396700379147616 -0.41142748286038194 0.7585973598339083 0.2896345304731812
1644768506.195041 2.782960101561114 2.003290434424661 1.2299455801137469 -0.415467116668521 -0.4048441920424098 0.7621986476453936 0.2872993902820438
1644768506.201619 2.7853602703586744 2.0058045893809093 1.2308047952428174 -0.4158044498983775 -0.4004510341868188 0.7653789016929291 0.28449979635111144
1644768506.208245 2.7876052881751106 2.007791829250237 1.2321683129677996 -0.41602909672568794 -0.39410774284314143 0.769673292574333 0.2814273387362802
1644768506.214823 2.7899274816544275 2.0102729973991704 1.2333895256087442 -0.416061210761278 -0.389310803245305 0.7730266849081429 0.27885363291875165
1644768506.221427 2.7918969351665277 2.0126791247100986 1.2344274828835466 -0.4157697993664825 -0.38380159394429497 0.7766260795281801 0.2769173228335713
1644768506.2280152 2.7943010657952674 2.015103939165195 1.235589309869717 -0.41557369889027723 -0.37906999649433315 0.7801047141863995 0.27393515724552464
1644768506.234627 2.7967045346767208 2.0170868279423457 1.2370468833711574 -0.416229096729842 -0.37311772894768785 0.783879290927738 0.2703131395888071
1644768506.241215 2.7980487367713898 2.019782225829785 1.2382428773725154 -0.41406600061692345 -0.36710077510395533 0.7879854724049477 0.26993462773080745
1644768506.2478158 2.8005208897068408 2.0225476242597367 1.2393239283386284 -0.4143884314760465 -0.36277794459138646 0.7907791459648734 0.2670995294857569
1644768506.2544188 2.8030209121795284 2.0252291959403927 1.240601220741863 -0.4147797878947517 -0.3581154333676866 0.7937431445560544 0.2639740477164594
1644768506.261015 2.8056567344885748 2.0274227486784904 1.2421923791265566 -0.41669198434489957 -0.35277960256385554 0.7961763747343542 0.26080064565348743
1644768506.267642 2.8084190501762727 2.030370486466484 1.243102164879437 -0.4166839176712656 -0.3492872007497684 0.7987462526330492 0.257637091435953
1644768506.274254 2.811462607743969 2.03298079690125 1.2446815146429677 -0.418789423842233 -0.34544264491828164 0.8003573296501537 0.2543863222284668
1644768506.280846 2.8139010942882723 2.0357874255263364 1.2459741894458634 -0.4194549375593791 -0.3408759378938945 0.8025204175704012 0.2526293111788933
1644768506.287413 2.8166562511685447 2.0386070574358475 1.2472903654634004 -0.4203004057370256 -0.3372440838854188 0.8044098988417855 0.25007642173539796
1644768506.294019 2.8195798847137614 2.041426844781384 1.2485641915024375 -0.42085190380128445 -0.33397022842154117 0.8063884677041834 0.2471531235679927
1644768506.3006458 2.8221322133903994 2.0444954855242132 1.2498417168673175 -0.42027187051146314 -0.3308406977145931 0.8085644422648592 0.2452324282070557
1644768506.30722 2.824871960299972 2.0475768634444327 1.2511000008654616 -0.4202858627919542 -0.3279386251086778 0.8103289897164956 0.24327435601176448
1644768506.313819 2.8279179400238426 2.0506599662663993 1.252341516019284 -0.420147490616648 -0.32543962642824725 0.8121661101892019 0.24072968714602486
1644768506.320441 2.830586355898686 2.053885754396734 1.2535790267832463 -0.4192169192223438 -0.3230174120688979 0.8141047755021912 0.23906023795889547
1644768506.327033 2.833534165673599 2.0570638035319693 1.254892725518617 -0.41914940460250794 -0.3204772985759365 0.8156150669965017 0.23744391028858783
1644768506.333604 2.8368834351824517 2.060525936356137 1.2559960123036724 -0.4193886167856105 -0.3194557555787663 0.8163431787831362 0.2358907384525851
1644768506.340222 2.839930779050076 2.0638336821735215 1.257356415437073 -0.41899155238643454 -0.31719363500162523 0.8177900835746944 0.23463412191454197
1644768506.346862 2.8433628293234134 2.067209519538335 1.2585064543619289 -0.4183831986655018 -0.31623324531971003 0.8189307940077346 0.23303185604845944
1644768506.353445 2.8463486760718517 2.0709281102669226 1.2597092753209036 -0.4178793075842835 -0.3152876682719312 0.8194886741603831 0.23325595263158233
1644768506.3600268 2.8497431883462676 2.074441571262243 1.2611311704503436 -0.41702154333161146 -0.314656463243499 0.8204488057247525 0.2322660827685336
1644768506.366616 2.853125894051192 2.078046515482569 1.262372341579028 -0.4159788717030843 -0.3146308446413021 0.8211696932530538 0.23162208014571525
1644768506.3732202 2.8565917638808784 2.0814242159993555 1.26406802698056 -0.41547181706556074 -0.3137052863629055 0.8219535978627149 0.23100647278755054
1644768506.3798459 2.8599602934664525 2.085431594471273 1.265026593491812 -0.4130723397923089 -0.3149874070405951 0.8226933601557539 0.23093144237367105
1644768506.38642 2.8637535477230247 2.0891073926489225 1.266469210158745 -0.4118942664930206 -0.3154121799193526 0.823271024916678 0.23039642257763254
1644768506.393014 2.8673158234636458 2.093000342159159 1.2677188494985894 -0.41043793857364885 -0.3162098550513343 0.823634631459934 0.23060258329837913
1644768506.399634 2.8711492606941538 2.096924953795045 1.2689449391812706 -0.4094557160364691 -0.3173082087735418 0.8237132866487259 0.2305589136895349
1644768506.406247 2.874751495368016 2.1008090038336666 1.2702359771161469 -0.4078621057333489 -0.31783175864352164 0.8242283319363934 0.23082172138185172
1644768506.412818 2.878352402280798 2.105084534738941 1.2712269663766826 -0.4067807869947211 -0.3192729921114016 0.8239246291348911 0.23182281727966417
1644768506.41941 2.8819260695590616 2.109018520388695 1.2724931629888734 -0.4055729761252615 -0.31956927978866595 0.8242586359840753 0.2323429149612673
1644768506.426023 2.8851898823096676 2.112980456573201 1.2736906239272994 -0.4041448257782984 -0.3193263416451657 0.8245761513319851 0.23403272625194144
1644768506.4326122 2.8895038035993816 2.1171759100259813 1.2747525433126512 -0.4037033061630875 -0.3214379375180147 0.8242518610023752 0.23304425061380818
1644768506.4392161 2.8931788811246997 2.1214867605611123 1.2758525706038424 -0.40245391466525865 -0.3225908672567567 0.8241512340534036 0.23396636450097333
1644768506.445825 2.897197872846985 2.1255439573997306 1.2769756312263145 -0.4018941420763963 -0.3238349367451576 0.8240059560029236 0.233721347167439
1644768506.4592168 2.90477289773152 2.134164888440536 1.2788863994385826 -0.4000703938424914 -0.3263508695121603 0.8236580477912234 0.2345755721509827
1644768506.465596 2.9080649928059206 2.1379311257327456 1.2801442967403551 -0.39934603019130255 -0.3249518663803451 0.8241018044297727 0.2361878383008116
1644768506.472251 2.911888906865362 2.1423734790351485 1.2809760619589619 -0.3985015285587335 -0.3263348639703516 0.8239724101952084 0.23615884974121873
1644768506.4788191 2.9160343237549045 2.146729687169843 1.2818668075861457 -0.39837259118679286 -0.32760303913011335 0.8235972723405113 0.2359292295228213
1644768506.48541 2.9210165263185695 2.151425442162445 1.282735549191015 -0.3987539381358599 -0.3311929929024392 0.822698327928828 0.23339546206636597
1644768506.49202 2.9250215949854432 2.1559315066037525 1.2834904377210694 -0.3986808717628141 -0.3323448577647686 0.822222126140576 0.2335610259375739
1644768506.498616 2.927973797780594 2.160117200850184 1.2844923014152427 -0.3972188218551049 -0.33085200771874645 0.8229321081512894 0.2356616748189281
1644768506.505226 2.932916019449797 2.1650562412853045 1.285127771662448 -0.3978862204038165 -0.3344477766795926 0.821614165556504 0.23405309687557674
1644768506.511851 2.9370994852501404 2.1695095898379746 1.2859628130865042 -0.3980023457195066 -0.33550050488363586 0.8211029834558268 0.23414298307132458
1644768506.5184572 2.9412117475936745 2.1742045809869706 1.2867276568682553 -0.3983086201653622 -0.3368772308556951 0.8202002645586293 0.23480834634560904
1644768506.5250611 2.9450727205466043 2.179020295779856 1.2873676759520094 -0.3979743520011334 -0.33840315093232604 0.8194392979338058 0.23583562847452896
1644768506.531622 2.9491471183615636 2.1837389506608895 1.2881011373073985 -0.39821945187958196 -0.3399436400423961 0.818366958844063 0.23692742414963203
1644768506.544817 2.9535578079623743 2.1885094484858763 1.2888935007679887 -0.3989118470864988 -0.3420480885533207 0.8169924268524461 0.23747688268287306
1644768506.551413 2.9573097790558176 2.193281695544427 1.2897162456094797 -0.39863608026149344 -0.34343929390398537 0.8159651401803872 0.23945585468714176
1644768506.558018 2.963858782463276 2.199175860708227 1.290345006086437 -0.40266935887152727 -0.34933038141686085 0.8113360390067851 0.2399144425203734
1644768506.564619 2.9679591166194816 2.2040170929816125 1.2912282113049411 -0.40305552604397965 -0.3514245564630655 0.8096853231367914 0.24177716208374248
1644768506.571222 2.969863118041629 2.2085349978564053 1.2919755078807431 -0.3995323647471349 -0.35141847049243125 0.8103456282082975 0.24539439166369084
1644768506.5778172 2.975975179594349 2.214780804922407 1.2926723466354888 -0.4024469231264952 -0.35763144926494145 0.8057501845229822 0.24678403789153155
1644768506.584424 2.9780688746404094 2.2190400992845567 1.2933959107021078 -0.3996988191841981 -0.3579725389939814 0.805612055173099 0.25116770069105976
1644768506.59102 2.9840633672386483 2.224866060624795 1.2942791762310328 -0.4025870126659783 -0.3637969898295497 0.8009772003023164 0.25300280780084256
1644768506.597621 2.9882671774152874 2.230080177850262 1.2951055134181242 -0.40231413778001773 -0.3675644685006577 0.798490645236792 0.25583558647729504
1644768506.6042151 2.9923177105530336 2.235326514867326 1.2958732967906403 -0.4017982097200472 -0.37186340403819007 0.7957905906717907 0.2588293603775064
1644768506.610823 2.998369998019907 2.2424973625219216 1.2964398986076189 -0.4038359202659189 -0.37992744219868047 0.7896776679152754 0.2626410022579223
1644768506.617418 2.998730032416255 2.245013422556448 1.297848065700785 -0.4003637052590141 -0.3764611632023953 0.7908069302391646 0.26946198568766666
1644768506.624018 3.004583346644325 2.251352030952126 1.2986719930781232 -0.4030319206533065 -0.3837982521884505 0.7843520961535623 0.2739624315734547
1644768506.630613 3.006917867003857 2.256143904185837 1.2995250107692122 -0.3989570587738699 -0.3860122750031649 0.7832378289074633 0.27993880165784163
1644768506.6372218 3.010988866526075 2.2616494379682277 1.3004773707502524 -0.39883502880582217 -0.3908701753990741 0.7788643311497578 0.28551871413362917
1644768506.643821 3.0152024182936654 2.2672278710392515 1.3013581369210545 -0.39943599942398283 -0.39585124251835324 0.7737116735216754 0.2917573345219636
1644768506.650437 3.0205401158979477 2.2732779505324663 1.3024475328344767 -0.4014379512131099 -0.4026749362789681 0.7670097341989621 0.2973145827063779
1644768506.657017 3.022896763152728 2.2783575322768357 1.303352832248841 -0.3991893320306062 -0.40589000546033116 0.7635086510785482 0.30488551744501596
1644768506.663643 3.0288046993011353 2.2843944287896525 1.304500688118652 -0.40274320616117487 -0.41287041681646824 0.7554083547249182 0.31095592417854345
1644768506.670235 3.032937005171966 2.2901348095231384 1.3055003734513424 -0.4031363307278485 -0.418570591197041 0.7490908982469321 0.31802822717520157
1644768506.6768231 3.0371520835611854 2.2957307441665566 1.3067560597008516 -0.40412935712441295 -0.42370633820059883 0.742394983149273 0.3255787574266033
1644768506.683418 3.037035523743254 2.299368940294612 1.3076303664838411 -0.3994861363996406 -0.42281038030469614 0.7406703312654315 0.3362277223928652
1644768506.690026 3.048336082182129 2.3084473447392897 1.3095865629686096 -0.40977575865557975 -0.43891121802944605 0.7237785953611761 0.33997753619986587
1644768506.696667 3.0512664811797694 2.313639723434798 1.3107590994017322 -0.4079652069286064 -0.44294194737009446 0.7183521556628114 0.34833373105764004
1644768506.70325 3.0536849403781385 2.318653047507388 1.3117902994605468 -0.4061651317468744 -0.4454114584591171 0.71308381891823 0.3579795474693889
1644768506.709814 3.0576170056322525 2.3240092121662816 1.313250941167794 -0.4063203303913807 -0.45000694782937717 0.7059104596425089 0.3661794282109724
1644768506.716418 3.0602000170270673 2.3289882799849346 1.3145739881356657 -0.4046220034613246 -0.45320770073481204 0.7000899367959901 0.3751763082164958
1644768506.723037 3.065341215635341 2.3346188746707557 1.3162847895406238 -0.4066051660116456 -0.4584777697290979 0.6912703751181273 0.38290341853974724
1644768506.729616 3.0694702527286997 2.340007095924492 1.3178789746381605 -0.4069749963126052 -0.4631543385572027 0.6835163335911941 0.3907226150829669
1644768506.736259 3.073226779354997 2.3453752724079577 1.3194898313349497 -0.40697579888480884 -0.4669766817543577 0.6757788724566938 0.39953189850633164
1644768506.7428281 3.0771275807248886 2.3506550025261057 1.3212297722190678 -0.40700185445008125 -0.47095711840147275 0.6681848833085002 0.40752563813076986
1644768506.74945 3.08086534406129 2.356002163757395 1.322999866468267 -0.40706690594716327 -0.4746495512669344 0.6601430281044168 0.4161907824875338
1644768506.7560399 3.0845375509742974 2.3610043948309496 1.324877902555134 -0.4066085555862242 -0.4784847596729185 0.6526875060019721 0.42393414513042726
1644768506.762641 3.088846228124909 2.3665236432666426 1.3268325612004563 -0.40747209521698474 -0.48269773254817083 0.6435012503073857 0.43229011573695425
1644768506.769224 3.0920995713520987 2.371274617912676 1.3287905784039231 -0.40643329912777887 -0.4854152728491719 0.6364238312556137 0.4406222612330774
1644768506.775821 3.096015128160047 2.3763658655740976 1.3308863221862681 -0.406167099648904 -0.4890347286654064 0.6283582095171014 0.44837315131348227
1644768506.782423 3.100085252445462 2.3816078163801495 1.333038014331896 -0.40643747575087513 -0.49238504801109717 0.6195606007097932 0.45662825538623886
1644768506.789048 3.1029040765028504 2.385905884567573 1.3351951888535984 -0.4039298740987706 -0.4957012342499421 0.6140094682120921 0.4627229043795808
1644768506.795626 3.10651695295047 2.3906502025064698 1.3374826224913994 -0.4033968759683977 -0.4985709516409677 0.6063861717212221 0.4700989198810102
1644768506.802221 3.1104628768741653 2.394984831019717 1.3396847352362615 -0.40374668542441794 -0.5015090685260084 0.5990038709920869 0.4760996283646065
1644768506.808831 3.11511382239963 2.400289540998431 1.3422944554765561 -0.4054483041149794 -0.5039448761866436 0.5882180495630578 0.4854378607965478
1644768506.815418 3.117918477441968 2.40389351586199 1.3445926051933486 -0.40346759208164856 -0.5068005948300399 0.583711340317436 0.48953771770250937
1644768506.82202 3.1218474821732993 2.4082968657252053 1.3472840459601134 -0.40372189406888226 -0.5091861682095996 0.5755099012134984 0.49651338404945794
1644768506.828623 3.124405776926956 2.412331967469502 1.349808149761432 -0.40210527110800454 -0.5096722949142957 0.5690238016610688 0.5047337110911384
1644768506.835244 3.127947030338669 2.4163965124360622 1.35256158611648 -0.4019962827491203 -0.5113647155462415 0.5613263909649946 0.5116800547175848
1644768506.841815 3.131289566377851 2.420446221487785 1.355324495179309 -0.40117400120263735 -0.5131377992891466 0.5544087769639776 0.5180528072739129
1644768506.848427 3.1365227034769516 2.425370681498247 1.3587739100014993 -0.4014286377446787 -0.5176992141694549 0.544902473515962 0.5233762010766188
1644768506.8550248 3.142772718027675 2.4292588603145195 1.362537347207265 -0.40576004844975494 -0.5192156440711639 0.531069229027809 0.5326708295931508
1644768506.861611 3.143126160875966 2.432974276398319 1.3650835923988764 -0.3994435950924901 -0.5185824736323513 0.5279836284620174 0.5410629652306798
1644768506.868244 3.147142915611456 2.436989463777975 1.368557624238683 -0.3966885084413196 -0.5232732570505487 0.521408644895652 0.5449360007975214
1644768506.874828 3.150354804358352 2.4407975894938367 1.3720280020374043 -0.39399418956837007 -0.5254125444890804 0.5139423008688964 0.5518809390699297
1644768506.881423 3.152445973785951 2.4436921351013816 1.3751344072744667 -0.39105187433206623 -0.5245311820176838 0.5073912698387393 0.5608016513849716
1644768506.888032 3.1558844673504005 2.4465426700840394 1.3786223083478129 -0.38886884835167523 -0.526580231879739 0.5002101565215897 0.5668184061972701
1644768506.894712 3.1584728128490642 2.45007751137155 1.3822951442147764 -0.3849700132613627 -0.5280576647733163 0.4937885893598754 0.5736942117475867
1644768506.9012191 3.161688186699898 2.45306614184716 1.385858843585708 -0.3831384965296264 -0.5295391384190932 0.4860386192597917 0.5801367272156829
1644768506.907827 3.16514673011899 2.456081882584202 1.3898154898808108 -0.38184678122098004 -0.5309000166715178 0.4775591925858131 0.5867490890223359
1644768506.9144478 3.169065125054446 2.4586466714624535 1.3936601568833713 -0.3817544166815603 -0.5322071401882457 0.46867860870893846 0.5927550990001201
1644768506.921025 3.170552650086523 2.4618934994585437 1.397490905660765 -0.3770480948719192 -0.5331780716235498 0.463228659577458 0.5991444865905193
1644768506.927644 3.173618695694163 2.464477358774372 1.401472814553117 -0.3756495342358426 -0.5340225026004446 0.4553228760388598 0.605299594092689
1644768506.93424 3.1776884472459668 2.4666934483169074 1.4057019825711687 -0.37571998885621116 -0.5354651954202999 0.446348176710571 0.610642223796679
1644768506.940831 3.1813773007198294 2.4685816025638854 1.4098103034147527 -0.3761185005386041 -0.5359708887710316 0.43669667984169197 0.6168996609325642
1644768506.9474611 3.182603475484201 2.471958755524556 1.4142072465719584 -0.36901632448933847 -0.5389335979965233 0.4323028704448032 0.6216838774388473
1644768506.954017 3.1878228365584507 2.4740189001684976 1.4192568215399457 -0.37113932838685465 -0.5412509161438755 0.41966366688989176 0.6270443827187827
1644768506.960646 3.1872486119187653 2.4766888813186623 1.422991504637913 -0.36318002480561346 -0.5402787082264269 0.4159968971065543 0.6349369042299139
1644768506.99035 3.197116860716585 2.4843325600078026 1.4412941275523248 -0.34955020025857786 -0.543440939027739 0.3792813156354514 0.6622926584766983
1644768506.99362 3.1998083169030536 2.4857540246792547 1.445991269826589 -0.3466454530209485 -0.5444229404184064 0.369682859251141 0.6684119617656542
1644768507.000257 3.202191003698444 2.4874703510551712 1.450854076264008 -0.3423546192259623 -0.5442081100609596 0.3605036836209352 0.6757715365687811
1644768507.006846 3.208520067151979 2.486250930051443 1.4556001850032116 -0.3473730174069692 -0.5459527721540379 0.3467348019140705 0.6790006252194007
1644768507.0134451 3.2066176885637834 2.4898886443270434 1.4601262122740946 -0.3347980512105182 -0.5459356156651402 0.34485219124226807 0.6862512431769631
1644768507.0200331 3.208552615445794 2.491156302890026 1.4647323414443767 -0.3306861641623804 -0.5456900497286582 0.33704762183956305 0.6922913251338342
1644768507.02663 3.2110088353523865 2.4916682148563236 1.4692870076529512 -0.3286554617119518 -0.5460542258485668 0.3288268951395065 0.6969092754530646
1644768507.033223 3.21324946471592 2.492434559425449 1.4738111212791833 -0.325839531687052 -0.5466490234379816 0.32103566644921566 0.7013835874600437
1644768507.0398211 3.2144900011084974 2.4932493867951546 1.4782666339473687 -0.32147038922399246 -0.546176761690449 0.31560879544444426 0.7062139514873594
1644768507.046423 3.216344621610962 2.4938235227347425 1.48269246283093 -0.3185205090235826 -0.5461748059528116 0.3089151312194306 0.7104987689569021
1644768507.053024 3.217366824849997 2.494692942072076 1.4873819763098175 -0.3136226572284377 -0.5467771474329054 0.3035462969754725 0.7145170453804596
1644768507.059627 3.219182681283353 2.4951232738165667 1.4917251007513406 -0.3108913689719137 -0.5467384915888057 0.2970507335378625 0.7184594101320615
1644768507.066257 3.220121511710717 2.4955758925205855 1.4961281700829352 -0.30700207321688816 -0.5466777195902749 0.2922375388504485 0.7221425281437887
1644768507.0728252 3.2216174217215934 2.4957301155028837 1.5004417024390984 -0.3044778316479567 -0.547001176867244 0.28572299494457293 0.725565125094595
1644768507.079423 3.2227902409573965 2.4969895128420134 1.5054363613755632 -0.2997646128963469 -0.5480738367897058 0.2812827742673711 0.7284474101059676
1644768507.0860212 3.2233066249228015 2.497352962605415 1.5098056168673386 -0.2955244914497159 -0.5472233957229454 0.2770050037129424 0.7324475707953765
1644768507.092623 3.2239770933514618 2.4964025978358655 1.5134531659918513 -0.2942308979857524 -0.5451968282199338 0.27135323009414763 0.7365836629843034
1644768507.099222 3.2248547549725552 2.4963500415725677 1.5178136712693617 -0.29161702036604126 -0.545111858923342 0.2661822885468384 0.7395666748606526
1644768507.105825 3.2250758483817323 2.496380706149305 1.5220568641874561 -0.288198939189652 -0.5443661365358489 0.261340846251082 0.7431738075076365
1644768507.112422 3.225522141116593 2.496318566484177 1.5264451565451544 -0.2852467723853822 -0.5447403177652762 0.2561839313766284 0.7458293154698927
1644768507.119024 3.2256807303267783 2.4962133844236374 1.5307261383619422 -0.28207205321066575 -0.5443420856888268 0.25151246549101836 0.7489111185459676
1644768507.12563 3.2261325811210733 2.4962698035946667 1.5352085917199627 -0.27855656049666794 -0.5466855397244573 0.24758244088521758 0.7498289591870967
1644768507.132237 3.2259879772788955 2.495856327149009 1.539346723658689 -0.27591655848871355 -0.5471646561009904 0.2433976519634409 0.7518230786305841
1644768507.138839 3.2249967892435434 2.4959103321157796 1.5437996783761645 -0.27222162956459034 -0.5444702521934587 0.23776636195532663 0.7569109059043985
1644768507.145429 3.225150058659079 2.495614139573156 1.5484925255814321 -0.26960600286357234 -0.5455242403502812 0.23090123318189604 0.7592100577624635
1644768507.152056 3.224062654728596 2.4955602876079777 1.5526020781135674 -0.2657147181499438 -0.5446306089310363 0.2283730676163813 0.7619831799754032
1644768507.158684 3.223667790886884 2.4950828027791374 1.5571761701465712 -0.26253794643539874 -0.5462681159282131 0.22351633401253823 0.7633510715393531
1644768507.1652758 3.222303982802171 2.494763077950777 1.5613992709179025 -0.25911353460601855 -0.5449625997193915 0.21876995222684692 0.7668214403788006
1644768507.171841 3.221196623272686 2.494372604185068 1.5657140460225762 -0.25559781975932977 -0.5446310853207527 0.2141732727960738 0.7695297532333519
1644768507.178483 3.2203315867603703 2.4943323034492195 1.5704346126209696 -0.25131622794841774 -0.5446373073524491 0.20866645697341135 0.7724430027915931
1644768507.1850529 3.218839042844156 2.4941067968092696 1.574627477447513 -0.24715788852557752 -0.54401853734168 0.20440888319812844 0.7753536455523234
1644768507.1916668 3.2175046189330914 2.4937110933710263 1.5792286102882012 -0.24259218442477992 -0.54427847840841 0.1987205299195251 0.7780870617412781
1644768507.2049038 3.2148404254146223 2.4925319034247013 1.5874865955127644 -0.23463188328118714 -0.5456887850381283 0.1897453532528617 0.7817721238952628
1644768507.2180219 3.2129393045814445 2.4923006720080547 1.592157107346961 -0.22879811656998328 -0.5452362828681923 0.1837579008824875 0.7852396039734911
1644768507.224652 3.2106887368990007 2.4915352304907183 1.596012807010265 -0.22348074081954147 -0.5450976749806365 0.18056674886305982 0.787603930486488
1644768507.231345 3.2068603308867885 2.4906884172162265 1.6046946797864445 -0.21239413651487127 -0.5463036280237373 0.17048410423918517 0.7920704777189695
1644768507.2444239 3.2040455987736522 2.4903146304506016 1.608973844118093 -0.2062521485793069 -0.5439200140737996 0.16503365331060282 0.7964762550684247
1644768507.251033 3.2019717397932714 2.4892121433115473 1.6126280339785903 -0.202244326578091 -0.5461478460660056 0.16237718034391954 0.7965254859652218
1644768507.257628 3.1991584461030484 2.4888871716157865 1.6169208583235826 -0.19642996615696648 -0.5439268956573734 0.1564481435877852 0.8006760975786091
1644768507.264239 3.1963074533385516 2.4881291559924263 1.6207868935347096 -0.19082097852825944 -0.5447145051483839 0.1536864964566554 0.8020307975181397
1644768507.270832 3.1937308542847562 2.487410977325221 1.6246393357939162 -0.18676385688578337 -0.5449232938230585 0.14975227752475834 0.8035867198271655
1644768507.277457 3.1914257502865655 2.485964601057098 1.6276657356732571 -0.1846994456823233 -0.5466968854164063 0.1479704133872299 0.8031892292033701
1644768507.284032 3.1879772092172587 2.4849862376976057 1.6314460008810974 -0.17982127699984773 -0.5473953585082063 0.14560012126063707 0.8042528855185371
1644768507.290731 3.18516962187003 2.483880565060457 1.6349247124318795 -0.1765814185169608 -0.5468456087964317 0.14203815220684166 0.805979827044016
1644768507.297227 3.1818615209652203 2.482819673099403 1.6383779499781166 -0.17274114697002382 -0.5466658492074875 0.1393543922268134 0.807401297251381
1644768507.303831 3.1787013519679737 2.4817467891587874 1.6418738138992022 -0.16902219461962262 -0.5467452171711134 0.13644327188867064 0.8086309165190205
1644768507.310455 3.1756617967859966 2.4807947384989713 1.645551123240951 -0.1650413848641159 -0.5467183750914207 0.1324818731474522 0.8101286106241647
1644768507.317069 3.1720278981903225 2.4793961811882834 1.6482763487728034 -0.1619791907799449 -0.5455039792004648 0.13099877857641468 0.8118048211316236
1644768507.323654 3.1681464578986867 2.478605365148031 1.6520594064163494 -0.1560382949779666 -0.5441365355170449 0.12733632718003302 0.8144645099285698
1644768507.330229 3.164602426383557 2.4768446230485264 1.6546440238257765 -0.15286788204447474 -0.5457850935864834 0.12723511666614395 0.8139784078880187
1644768507.336826 3.161039231530219 2.475633964927825 1.6577916365639518 -0.14849608461699745 -0.5466956732950735 0.12521349158117534 0.8144899590545388
1644768507.343555 3.157209395400723 2.474189864421651 1.6603693706959493 -0.14537791398104627 -0.5459450978326371 0.12401600215951968 0.8157381684183479
1644768507.350027 3.1532522162879837 2.4729301792456324 1.6634662311558157 -0.13994941359383195 -0.54751022599739 0.12312401312313194 0.8157737116307885
1644768507.356652 3.1489507040551303 2.4713890296148846 1.6659269854268814 -0.13623030982438755 -0.5478575508720741 0.12253253296139424 0.8162589705939813
1644768507.363225 3.144976965961602 2.4701153663681685 1.6688248828449326 -0.13080154599709823 -0.5497605889293545 0.12256420126630253 0.8158626675038819
1644768507.369836 3.1407060485007143 2.4687009797794386 1.6713754513213914 -0.12593095562284115 -0.5510885931869527 0.1225924559855682 0.8157287126361356
1644768507.3764281 3.1362072636192737 2.4672255213278764 1.6738357658321368 -0.12075025917810835 -0.5524832720531542 0.12298077219348941 0.8155101765924125
1644768507.383021 3.1305254325168783 2.4662501966832813 1.6767686997289686 -0.11287398300401688 -0.5486992145172241 0.12187633625623963 0.8193500124359837
1644768507.389626 3.1263984968667033 2.464540639655638 1.6787724269459707 -0.10862875887838408 -0.5528338254642533 0.12295321159073978 0.8169801802963381
1644768507.3962271 3.1217101285924738 2.4626123250744127 1.6802811460405762 -0.10447640028965081 -0.556557927557309 0.1258722009021071 0.8145450207798762
1644768507.402827 3.116966370650213 2.461385976160007 1.6828665473514992 -0.09783543241209304 -0.5583123991339444 0.12552643785017573 0.814222498939932
1644768507.409438 3.112048070492984 2.4597047965902243 1.6844789299810663 -0.09282311017762314 -0.5616037403411626 0.12752797049586811 0.8122322078216522
1644768507.416023 3.107167712857549 2.4581692580385517 1.6865579227097045 -0.08684104967848023 -0.5650819163643374 0.12810229491729513 0.8103889965036801
1644768507.42264 3.1019990799400183 2.456556270133982 1.6882408954038899 -0.08113477084982683 -0.5691806624016611 0.1298102536721759 0.8078362138496029
1644768507.429238 3.0969208402723436 2.4545574977863964 1.689177309238257 -0.0768662917177293 -0.574421652976239 0.13265942464258412 0.8040723093941124
1644768507.435835 3.0918170994621756 2.4531908860476848 1.6910616662062894 -0.07035719863169246 -0.5783934430655139 0.13268647424256144 0.801813394566829
1644768507.442441 3.087369450051615 2.450980962997144 1.6917347050546994 -0.0672723687832148 -0.5849575649435543 0.13398838483441777 0.7970857189375292
1644768507.4490418 3.081678117186883 2.449487529220016 1.6935090713681453 -0.059742377782377745 -0.5900127581999954 0.13391799892021336 0.793965565968556
1644768507.455631 3.0765856973028045 2.447889373767937 1.6948714350244256 -0.05378668236606044 -0.593310012560281 0.13275934427799027 0.7921266564677536
1644768507.462241 3.0710061262921244 2.4458558163044977 1.695095185944714 -0.04903076224402944 -0.6021858071533014 0.1355249066776502 0.7852391798689001
1644768507.468828 3.0659647828142775 2.444173399045695 1.6961934547789146 -0.04302399915724608 -0.6089671254167766 0.13433672343063754 0.7805517189208916
1644768507.475441 3.060975763516302 2.4422205373126324 1.6965341445386337 -0.03835011643545398 -0.6150300016431434 0.133825051797752 0.7761170344592669
1644768507.482031 3.054771375076339 2.4406599282320536 1.6971921699682702 -0.031549601655174515 -0.6218265467706404 0.13416650870565158 0.7709313897849809
1644768507.4886389 3.0498229889289004 2.43879029386287 1.6973508770101646 -0.02717099556720883 -0.6276928106489978 0.13205635885248307 0.7666968653434699
1644768507.495264 3.0458167961755347 2.4367450073135863 1.6978134246157464 -0.023996215821941246 -0.6341745321091962 0.1272982702855778 0.7622607522866847
1644768507.501836 3.041096474940146 2.434960965699427 1.697938162882856 -0.02002380798183586 -0.6409087801505362 0.12421572713333302 0.7572349653632549
1644768507.508456 3.034192434924504 2.4333219342903036 1.697634320063145 -0.01349910785818717 -0.6477122162122324 0.12337785713244616 0.7517073935983132
1644768507.515042 3.029204800539377 2.431532118495134 1.6975245286748686 -0.009774852650100085 -0.6546889888695697 0.11953302685979318 0.7463229834741898
1644768507.521624 3.0250039515879554 2.4295903394110403 1.6973968619319115 -0.007138167715496628 -0.6617576940887374 0.11387972695911783 0.7409836109520154
1644768507.52822 3.018979895814301 2.4279355714362385 1.6967339604021048 -0.0023912608752555994 -0.6686962485236582 0.11091768753518759 0.7352116888955303
1644768507.534824 3.0138872590195156 2.426269528817969 1.6961969353300828 0.001273105025141661 -0.675959924028781 0.1064009808713085 0.7292152336708684
1644768507.541427 3.0087518665136304 2.4245391098268887 1.6952879442675304 0.00452083346902354 -0.6828292989315734 0.10141908243079799 0.7234896416160687
1644768507.5480802 3.003941315576684 2.4229092427076537 1.6944389211981994 0.007520004295014514 -0.6903618781614576 0.09606411741441989 0.7170182575822378
1644768507.5546849 2.998853832007558 2.421700078730686 1.6934451283347436 0.01127774258296907 -0.6976598436459074 0.09177588316261376 0.710436611773444
1644768507.5612302 2.9964659983937345 2.419566056113099 1.6928929788379066 0.010538094746605591 -0.706102253933012 0.08214316787937084 0.7032498825866539
1644768507.567829 2.989364213055127 2.418413376434113 1.6910659612513126 0.016349328253822563 -0.7131977747555243 0.0802862698866833 0.6961573373901043
1644768507.5744221 2.98454369088095 2.4175009352780563 1.689664961662591 0.019621000908941855 -0.7210054310790717 0.07569793598833377 0.6885022609966744
1644768507.5810392 2.9798317683867257 2.4161516906543863 1.688169083032678 0.022339582942484667 -0.7289128760956166 0.06997019249006242 0.6806545404901704
1644768507.5876238 2.975152944834364 2.414894728604326 1.68636286051836 0.025185829433983908 -0.7368508843307197 0.06475336964375038 0.6724751241386623
1644768507.594235 2.9722924436562925 2.4129464040977364 1.6849263313572012 0.02549228317772051 -0.7443855806736126 0.05572958345908407 0.6649314285166449
1644768507.60082 2.9677037196121763 2.411777345573597 1.683052704124746 0.028697169156485347 -0.7520101929790882 0.050033610203418954 0.6566224825080612
1644768507.607429 2.9630322118337173 2.4107485842384806 1.681099102158207 0.03247636222923815 -0.758979882138649 0.04455890249914851 0.6487747530211851
1644768507.6140249 2.9582848733848093 2.409793525686684 1.6792436094698884 0.03691980481856349 -0.764740825750127 0.038595664418417164 0.6421199385542872
1644768507.620619 2.952560631507253 2.4093385536808305 1.6775238519350804 0.043402095278429996 -0.7702102484944903 0.034015042989900456 0.6354012183115851
1644768507.62724 2.9493242895710776 2.4080604783644177 1.6746704024362409 0.04358549430152944 -0.777235660371771 0.028273182598825476 0.6270605328998321
1644768507.633836 2.9450539466262287 2.4072779676568725 1.6722558211770573 0.04667483334279452 -0.783291658129961 0.023027280745964242 0.6194712813787946
1644768507.6404421 2.9409745633558777 2.406516100150854 1.66974734565323 0.049682434067686236 -0.7886807582141178 0.017779078736228863 0.6125336456221545
1644768507.6470249 2.937279986143484 2.4060303357249624 1.6666873039560854 0.05151312203172208 -0.7946481070101858 0.013516331477155582 0.6047292199441652
1644768507.65363 2.932723373980793 2.4054706881475694 1.664957631835222 0.057125541065797106 -0.7978227735094566 0.00727507153651158 0.6001347854795555
1644768507.6602528 2.92905759409054 2.4049739480030907 1.6617435414634676 0.05823497078321251 -0.8040973851921842 0.0038317690807991964 0.5916254871813771
1644768507.666825 2.925050498321334 2.4046660751363316 1.6585128955625268 0.06014982366304906 -0.8108458878863503 0.0007712651985489338 0.5821594987043713
1644768507.6734369 2.9200032431938854 2.4048224921703323 1.6556321329946873 0.06563062153438645 -0.8148734049330862 -0.0007826734137882632 0.5759101836991889
1644768507.6800508 2.9161723437082587 2.4046015693294627 1.6524927565178025 0.06743057597174844 -0.8203795802064808 -0.004011034726803574 0.5678147363700967
1644768507.686634 2.9129795342310207 2.404805322526267 1.6490217465849828 0.06704111388058558 -0.8266469962924955 -0.0062298216946406176 0.5586776445529432
1644768507.693226 2.9095224546518508 2.4048540100020404 1.6465292534211053 0.06968732563412537 -0.8294295010769062 -0.010432750537087985 0.5541486895908506
1644768507.6998231 2.9064071821309883 2.404934131693293 1.642659487137176 0.06852931919800478 -0.8358740386300307 -0.01166381390046884 0.5445010872244185
1644768507.7064252 2.9033285792109087 2.4053891468314017 1.6389595686396141 0.06701220631607603 -0.8422393038199113 -0.012486164742575521 0.5347761353988988
1644768507.713026 2.8997471703610893 2.405851393265963 1.6355643903260861 0.06783926559553079 -0.8467674844319649 -0.013179846835784192 0.5274544296232585
1644768507.726311 2.8937041221102824 2.407339121676469 1.6276118841033684 0.06493674026723727 -0.8587474194486565 -0.011499224165647281 0.5081367217454402
1644768507.732824 2.8898457240971958 2.408064984365387 1.623433465573669 -0.06503905608621596 0.8648154231425944 0.009386020221580351 -0.49777073469147154
1644768507.739413 2.8867194677980876 2.4089951947635373 1.6197723755966376 -0.06465993982337803 0.8686022983538012 0.008034881197675854 -0.4912068128226987
1644768507.7460248 2.884036052337153 2.410037465678276 1.6156274654886553 -0.06210553239299776 0.8740477188390765 0.005773354048135884 -0.48181923215805156
1644768507.752623 2.8805287353179705 2.4109326868273215 1.6111526543359262 -0.06162272278781662 0.8794567526615479 0.0023849293773907185 -0.47196639519188294
1644768507.759229 2.878892152246288 2.412139643625119 1.6080174114408692 -0.058521733742746745 0.8825992044207438 0.0021505135937217954 -0.4664640738546068
1644768507.765842 2.8753997039281147 2.4132283414345252 1.6026074161715167 -0.05655913115539752 0.8885395560613629 -0.005020626906500613 -0.45527224314634024
1644768507.772425 2.873334136074135 2.4146052706493393 1.5990855345244794 -0.05445599431080935 0.8922894623920972 -0.007600840229977514 -0.4481025024225295
1644768507.779052 2.870358581406865 2.416092615397699 1.5935612211259724 -0.05169280350471437 0.8974809953208481 -0.016392966543384808 -0.4377060408299939
1644768507.7856379 2.867550154896146 2.4175235971400806 1.588854080852875 -0.04820311936704057 0.9038788934886465 -0.022849808565798605 -0.42444895699663326
1644768507.792227 2.8646550811082183 2.4190308461572396 1.5831324180663897 -0.04462805723280908 0.9071509484982357 -0.033403926075711195 -0.4170961281714301
1644768507.7988238 2.862681791045045 2.42030837971123 1.5790019286465162 -0.04064898224773903 0.9131612279074068 -0.03948901037068243 -0.40363902777293476
1644768507.805436 2.8601049623565644 2.4221119116569594 1.573337488898452 -0.03496761722842518 0.917540176191366 -0.05039121311675568 -0.39288363764604917
1644768507.812024 2.857950639113296 2.4236461273342824 1.5683177185645774 -0.029272829254217536 0.9218584593246398 -0.06011100299915067 -0.38171501193453194
1644768507.818618 2.855677850595992 2.4253010161533797 1.5628409594526005 -0.02324133729871936 0.9256189170536175 -0.07176778270798052 -0.37086176845496904
1644768507.8254368 2.8533469349965115 2.426995727190327 1.55713605204752 -0.016897173325665857 0.9291340617343717 -0.08425862702704762 -0.35961711292405363
1644768507.8319209 2.8513809388809905 2.4287882885208982 1.551480504354982 -0.010559738677385565 0.9318426460037617 -0.09712815505838687 -0.349461702363086
1644768507.8384461 2.8486534833754176 2.430642645495749 1.5453444228124664 -0.0037869171244487667 0.9345191214327422 -0.11185725065870933 -0.33785685609512994
1644768507.845036 2.8467756311359915 2.432232115620466 1.5394346881487464 0.004123854491112614 0.9368480349378795 -0.12550425901214451 -0.3264154165756016
1644768507.8583198 2.842666439573932 2.4355406159827746 1.5271549844354293 0.020189897024835556 0.9403525058347569 -0.1551989607078878 -0.30206354590837114
1644768507.871416 2.8403380624295513 2.437072934645106 1.5213075963842675 0.027890407775674125 0.9409515467206349 -0.17030099260275364 -0.2912549425026537
1644768507.878026 2.8388558348561332 2.438649266889851 1.5147644272105818 0.03742580594870598 0.940652895389059 -0.18581195787113866 -0.28150478820403646
1644768507.884626 2.8370563556228183 2.4401832017015876 1.5089097013257131 0.04583562505460428 0.941310181790893 -0.2009622439133473 -0.26729762376735633
1644768507.891221 2.8379090173239465 2.4421573184266396 1.5029826490646259 0.05951404703390602 0.9408817463326563 -0.21382582096903946 -0.255886138149049
1644768507.8978229 2.834267524981639 2.443133998685178 1.496032946542072 0.06464456813215698 0.9393003092289246 -0.2326669826669148 -0.2437247181020092
1644768507.904501 2.8349807128787963 2.444730574704398 1.4894961505518387 0.07849150933590474 0.9366842091719779 -0.24674380271419794 -0.23575169027235152
1644768507.911086 2.83210603694503 2.4454125901313084 1.482028508129844 0.08517874005093255 0.934558254628469 -0.26595915809708415 -0.22047860749615505
1644768507.917634 2.8304305041896005 2.446913998573461 1.476068413547196 0.09334418799929453 0.9316060720185586 -0.2810727883752646 -0.21070052081453988
1644768507.924226 2.82944854633292 2.4485393678614606 1.4701867206456063 0.1020340054922194 0.9289941459682785 -0.29500266141002324 -0.19882650630729373
1644768507.930824 2.8295437460087287 2.449994316044382 1.4633285961165348 0.11300329864832762 0.9254559334393846 -0.30976279428532016 -0.18656943746887994
1644768507.937421 2.826978625858519 2.451593110184315 1.4574768709434818 0.11731143206788502 0.9220608104062947 -0.32488598232533145 -0.17461565712532864
1644768507.94402 2.826044018085416 2.452744330632498 1.4512397567117226 0.12563034401175655 0.9181020188301858 -0.3380258766323044 -0.1644500794409349
1644768507.9506402 2.8248648097284708 2.454089002463663 1.4450251579337758 0.1324583168016972 0.9141448654652271 -0.3514136773841598 -0.15264998776725008
1644768507.957281 2.8246476332425106 2.4558487030458944 1.4395614246441595 0.14033746385640117 0.9101931496952229 -0.3624728790388168 -0.14306239642027532
1644768507.963825 2.8238171348919963 2.45732699594606 1.4335838345054583 0.1464890716170607 0.9057580192407383 -0.37451887715261123 -0.13371068497990007
1644768507.97042 2.822676832571737 2.458343846792995 1.4269047451304178 0.15124225316962694 0.9004411674560314 -0.38859979031794006 -0.12377911486357854
1644768507.977015 2.8231237629384633 2.46033595245834 1.422149284973561 0.1580353646142368 0.8963092997948485 -0.39721406437640566 -0.11779246072494595
1644768507.983649 2.822479844595472 2.461999808241677 1.4165225414788003 0.16258427781683715 0.8912883720271467 -0.408586650030913 -0.1105800496860336
1644768507.9902232 2.821894294556603 2.463716851776278 1.4110971019718574 0.16659443961577106 0.8865994263405599 -0.41850325016633594 -0.10508278513951314
1644768507.996832 2.8201787648597016 2.466063579230487 1.4061368445782167 0.16790758226849342 0.8823436500526509 -0.42827891264331897 -0.09926484862183323
1644768508.003433 2.8197122516264392 2.467882220347291 1.4010412476039704 0.17074955647528647 0.8779289927355015 -0.43696418839429474 -0.09564095292283932
1644768508.010027 2.8200238453675612 2.4687120471054405 1.3948718850502149 0.17470650365399515 0.8716289168507797 -0.4480388417460826 -0.09487598142113413
1644768508.016625 2.819717148182127 2.4707560809466766 1.3898236094846812 0.17729382562308715 0.8673885026767282 -0.45551683386878566 -0.09331719495631682
1644768508.02322 2.819362990553306 2.4730933726911504 1.3852518666094042 0.17681938925194435 0.8631282679548374 -0.464913039800489 -0.08717765332064648
1644768508.029821 2.818983716506876 2.475326008317367 1.3805135121581391 0.17801383838067136 0.8593511094469886 -0.471475865051556 -0.0868151197956361
1644768508.03642 2.8187198631883708 2.4775973713111394 1.375808267906846 0.17905173500752983 0.8552977616484554 -0.47842262852743095 -0.08670406099260353
1644768508.043058 2.8169259585218067 2.480492108256237 1.3713844069261147 0.17601367077020097 0.8523724765377955 -0.4843094533266405 -0.08901846932520961
1644768508.049619 2.8173462463071606 2.4821557005520196 1.3665710421144999 0.17641179918075908 0.847931966347838 -0.49249127494858896 -0.08568661719058605
1644768508.056285 2.8177547243386982 2.4842751655627535 1.362025349420632 0.17763698388632115 0.843949162653124 -0.49840496001927204 -0.0882439328169343
1644768508.062828 2.8174415201080065 2.4871737509450558 1.3579767830366603 0.17560065202899008 0.8411485135872196 -0.503626113913411 -0.08940868476626082
1644768508.0694458 2.817148719035456 2.4897969514872256 1.353787586649698 0.17361397599708583 0.8373098306453595 -0.5105497039013147 -0.0900502037197046
1644768508.0760262 2.817510915440761 2.4918609344135114 1.349306532341054 0.17554908684072532 0.8338707186844538 -0.514360202106109 -0.09630843708192872
1644768508.082648 2.816701864781892 2.4949923405538876 1.3453196474238625 0.17205444840833553 0.830129040212286 -0.5209826158399302 -0.09929627866085095
1644768508.089229 2.816909458794103 2.497829811111419 1.3416741189242003 0.17209963354051955 0.8270298759208395 -0.5252299938620554 -0.1026467426952912
1644768508.095828 2.8159381091263866 2.5028706312369122 1.3392095161368671 0.16517468010558395 0.8267043645005167 -0.5286797525156154 -0.09886620388846934
1644768508.1025019 2.8163116747803305 2.5068951469532315 1.3366330507998512 0.16492149590300342 0.8252816296302043 -0.5304132207668417 -0.10184563190943949
1644768508.109031 2.8176441469978677 2.5080798506761237 1.3315866510339562 0.16806014528378996 0.8184803666147694 -0.5385044104890441 -0.10889574272844278
1644768508.115638 2.8171888982159525 2.509602207679823 1.3277936698900645 0.16989284289147263 0.8127355313181874 -0.5438243925905313 -0.12186877776368478
1644768508.122224 2.8167234173510045 2.5120953863833226 1.3235898779084538 0.1687204363098415 0.8071309869986494 -0.5516616955370277 -0.12546691546450586
1644768508.128824 2.8191904373651164 2.5171419447451413 1.3214448034804724 0.17260258662839936 0.8057987021032428 -0.5512478104359408 -0.1304693314865933
1644768508.135422 2.8197654691055813 2.5209718212613588 1.3185966641951568 0.17291355762877866 0.8023892614268379 -0.5549892712381603 -0.13512537281293108
1644768508.1420338 2.820928961862947 2.5239863152488358 1.3149595699243584 0.17413008297814309 0.796749066904767 -0.5614406653122737 -0.14019136720393122
1644768508.1486201 2.8219912602151442 2.5292626024370484 1.3132501416697782 0.17452780861782283 0.7961627077496825 -0.5619853970931674 -0.1408438233791629
1644768508.15523 2.8234854713668733 2.5329973315152405 1.3103543230380348 0.1793059048190193 0.7916785474616713 -0.5648135555974616 -0.14859244049152273
1644768508.161844 2.825889240877062 2.5357345300487495 1.3068322009715976 0.1839380215249219 0.7852026521793856 -0.5708535450559887 -0.15410849599637766
1644768508.168459 2.826500336847534 2.5399615684480925 1.3045412240841323 0.18535361126403951 0.7807707713444553 -0.5756963399400638 -0.15688966303127216
1644768508.1750798 2.825662225267445 2.5431048734339328 1.3010265143512698 0.18416346338527625 0.7737779823130222 -0.5837947184855428 -0.16289499472829833
1644768508.18163 2.827848074610412 2.548413070418998 1.2982772912240585 0.18652425276361576 0.7710095102667361 -0.5860229288041716 -0.16531712837841644
1644768508.1882298 2.8301805227011583 2.5526273720697703 1.295783230678391 0.190776057532794 0.7668417707773686 -0.589068111730835 -0.16898682467596823
1644768508.19486 2.8316064788558193 2.5569667209075457 1.2925119269953533 0.19395799263826904 0.7614301234686123 -0.5945753110168832 -0.170541061757289
1644768508.201418 2.833027106026796 2.561346622598364 1.2896213537975727 0.19683419497285315 0.7566910499537581 -0.599384260491057 -0.17150232922988567
1644768508.20802 2.8348612752828513 2.5657538602196306 1.2867710055868655 0.20079525196152018 0.7518538042140614 -0.6039016370462366 -0.17233548380403527
1644768508.214619 2.8368659044883433 2.570534470718337 1.2841225080325303 0.20478112681605207 0.7478793016788271 -0.6067817289472748 -0.1748049324493204
1644768508.221222 2.839160804716217 2.575478497018641 1.2816590123387213 0.21003981907688968 0.744150550831813 -0.6100095691349894 -0.1732372515885942
1644768508.2278268 2.841240372457685 2.580051081616303 1.2788031011949772 0.21485678141651432 0.7393716745236525 -0.6142567872233186 -0.17278392622997718
1644768508.23442 2.8433098171994895 2.583789824922352 1.275737529763748 0.22046150419363256 0.7322544566813968 -0.6201422679934352 -0.1749951179537605
1644768508.24103 2.8448492041266977 2.588985964746223 1.2731254014527904 0.2233489337159553 0.7291430152254139 -0.6235803589252634 -0.17208381501541298
1644768508.247624 2.8471740294260828 2.5940698289700372 1.2706288509226797 0.22815275061331797 0.7244905294671629 -0.6273449614470036 -0.1717488926239563
1644768508.254219 2.8496416837988434 2.598897719726957 1.2683903434104566 0.2327577600761783 0.7195982298798351 -0.6313156809061727 -0.17158760973517445
1644768508.260832 2.8508039319456326 2.6030311929296466 1.2653128375300897 0.23489695664262825 0.712311332862466 -0.638159169378656 -0.1737482246569161
1644768508.267445 2.8538438885418564 2.608622806778638 1.263309456187712 0.2399558532485567 0.708427122984652 -0.6405343292504175 -0.1739757464005784
1644768508.274026 2.8575863568568787 2.6143480454295873 1.2614576959240575 0.2463170712688689 0.7055307278763088 -0.6418611293509243 -0.17195396675545746
1644768508.2806249 2.860688922045047 2.6196758323384626 1.2592878462096473 0.25123678644219893 0.7010013661660707 -0.6448431926851314 -0.17220339733484322
1644768508.287219 2.8624756876194586 2.62170541300715 1.2567201980290168 0.25616633621504 0.6896750778718456 -0.6541283942990985 -0.17562100461204347
1644768508.293858 2.8647150384310494 2.6286934310176715 1.254586873131084 0.2573718843753401 0.6874526420151486 -0.656143705090143 -0.17505317656546263
1644768508.3004549 2.8686188993379353 2.6347838155051533 1.253171385424275 0.2593697328611873 0.6847045266955738 -0.6600987882553782 -0.1678577442378286
1644768508.3070269 2.8718285120337486 2.640345869891268 1.2514605609405358 0.26416633566593845 0.6801604571241096 -0.6632125432929208 -0.16657313471898474
1644768508.313637 2.876387469235278 2.6465008026613344 1.2503906649636203 0.2719703268064308 0.6787126094716381 -0.6623629669587371 -0.16326737879297065
1644768508.320236 2.8779538910856917 2.6499206598328238 1.2479640353778787 -0.2759888378804316 -0.6685991166410361 0.6697015318593363 0.16824015965875624
1644768508.326827 2.8808550499058185 2.655008187169607 1.2463142912527205 -0.27972461807510496 -0.6622023801369532 0.6747465562624213 0.1672086564594756
1644768508.340107 2.8875494933708565 2.6657831091573776 1.243970250416647 -0.29071249065287996 -0.652939360603339 0.6791978494332603 0.16687185029576546
1644768508.3466969 2.8908595615399992 2.671173413388774 1.2428448802431116 -0.2951419935371316 -0.6479229966266464 0.6819664613629494 0.1673566369086953
1644768508.3532438 2.894258905273178 2.6765959275847298 1.2419358221336991 -0.299192077874999 -0.6432699945644871 0.6845364110366319 0.16762224934368847
1644768508.3598342 2.8976247509359236 2.681942807048211 1.2410441413460656 -0.302874422669445 -0.6384181208388413 0.6872913824312059 0.16828378125770632
1644768508.3664289 2.9014644486844894 2.687820867385078 1.240477221675881 -0.30739626200801334 -0.6353745527739686 0.6878579113648037 0.16928589177850764
1644768508.3730218 2.9050797264245034 2.6934422936476103 1.2399383054591628 -0.3104497406572086 -0.6311696183471809 0.6899347876047337 0.17098349534290053
1644768508.3796191 2.9082452743163185 2.698119065340862 1.239138178790778 -0.31193877438880685 -0.6248890372219728 0.6943995266202808 0.17325328102932397
1644768508.38622 2.9114157968295937 2.70343621828895 1.238561420808645 -0.31364157941256343 -0.6203105922121083 0.6969886230862952 0.17621030504857516
1644768508.3928168 2.9154496262500045 2.709449700167283 1.2382830764753416 -0.3173059156843239 -0.6179205884652633 0.696705882309073 0.17914105236502958
1644768508.406139 2.9237653564508204 2.7212703477584848 1.2379673808088711 -0.32265952611681814 -0.6134869760587842 0.69685729359557 0.18415744624249406
1644768508.4126358 2.9272798621081244 2.726444998270262 1.2376468820692395 -0.3263562858425739 -0.6093562455069995 0.6971509295007078 0.19014894430700502
1644768508.419231 2.930210601771099 2.7315748595179454 1.237073419809922 -0.32752355945711303 -0.6053611179551512 0.698749963324266 0.19497229305009037
1644768508.425832 2.933824904944077 2.737117435135383 1.2367932861104693 -0.3279207835769675 -0.6028207602583786 0.7001124831144285 0.1972741970034265
1644768508.4324281 2.938232684441483 2.7431186689156473 1.236732843074518 -0.3310911494565914 -0.6011794356721506 0.6989521496358956 0.20106545413533997
1644768508.4390259 2.9406877442316794 2.7476478083054134 1.2361482411870541 -0.3300065562876173 -0.5952933883036584 0.7029986949533448 0.2061887108211891
1644768508.445646 2.9446498609419693 2.753149150978093 1.2358898306044577 -0.3320462461285141 -0.5933905324644713 0.7026175610910244 0.20966879299721086
1644768508.452241 2.948653649148524 2.758808532034283 1.2358542352535444 -0.3335103811233146 -0.5924885431826373 0.7017881397760063 0.2126524224403451
1644768508.458834 2.952563380502746 2.764026765969541 1.2356526662387568 -0.3364976804624085 -0.5906492183173669 0.7003988264410307 0.21758622213049866
1644768508.4654238 2.956500421049596 2.769643540302214 1.2354964960700974 -0.3374798428680704 -0.5901773196732427 0.6994580582547557 0.22035423364745807
1644768508.472022 2.95989360740697 2.7749577572062054 1.2352353549161614 -0.3377724027213893 -0.5896439246272196 0.6988708174991958 0.22317904551341008
1644768508.478661 2.963072318395583 2.7802428183910184 1.2346404493496619 -0.3356101244308321 -0.5884753841303617 0.7002707477038896 0.22512869386192527
1644768508.485229 2.9677232147504644 2.7859209358941763 1.2348168873948835 -0.33952009256240995 -0.5892109305643416 0.6961613708483316 0.2300335171917918
1644768508.49186 2.97075217243301 2.7910911347493688 1.2343043182030506 -0.3381265542276851 -0.5887651246740678 0.6962094830552681 0.23306192468972806
1644768508.498452 2.976863079789512 2.798090362031185 1.2347728921210053 -0.34334476640195344 -0.5916542951874503 0.6893807588070034 0.238355193294552
1644768508.505019 2.979025914903066 2.802513274142345 1.2340573110458986 -0.34146603974000583 -0.5902072124273535 0.6900891145843636 0.24255488837212266
1644768508.511636 2.9814972909245303 2.807129226608275 1.2333421700258447 -0.34074801352225076 -0.5895335479746476 0.6893234093473359 0.2473330876469435
1644768508.518261 2.9864387357480253 2.8134300994761903 1.2335045506718045 -0.34414816293237543 -0.5923113967122478 0.683340750493881 0.2525354245520665
1644768508.524823 2.990051433989718 2.8189285998253304 1.2332177058103881 -0.34606283611012606 -0.5931479511551057 0.6793604159216773 0.25862116998578927
1644768508.538028 2.9935842885428556 2.824418387433985 1.2328069695204191 -0.34777268071198497 -0.5938679248933223 0.6753233286626213 0.2651657828827963
1644768508.544666 2.997091279161133 2.8297266043169853 1.2323434750825726 -0.3499720956302705 -0.5940378239474773 0.6712604099319605 0.27211667900096237
1644768508.551258 3.00044316825637 2.835169806906267 1.2318394467275302 -0.3508124761694879 -0.5954301721786252 0.6670722568566495 0.27822205134813777
1644768508.557837 3.0041021572540516 2.8407719934826328 1.2313766838219762 -0.35213794095961676 -0.5972779598699802 0.6622710632950338 0.28399704881381
1644768508.564474 3.0075498653227055 2.8461460601362183 1.230863721650358 -0.35259871221756545 -0.5991820568500541 0.657807547592289 0.28973028904002396
1644768508.571058 3.010962031993377 2.851208065181624 1.2303378831036418 -0.3528301105648632 -0.6008745506886143 0.6537874924865572 0.2949948987283257
1644768508.5776188 3.0144416560124037 2.8565856138963097 1.2297171625688932 -0.35220268625473383 -0.603918446362813 0.64931105702384 0.2993831679124485
1644768508.584248 3.0185020644983815 2.8621730021806777 1.229321283815356 -0.35209274776047317 -0.6073112437906503 0.6443839964918313 0.30326951099003474
1644768508.590861 3.0210738096523113 2.866772181552215 1.2283973833234838 -0.35004537419858084 -0.6093222694890891 0.6417441327850957 0.3071782720172074
1644768508.597447 3.0241924465431844 2.8719123199406487 1.2276648466980056 -0.34935865715685216 -0.6123313484588913 0.6369845692223378 0.3118475212144676
1644768508.604032 3.0281714114477385 2.87660758589441 1.2270411507783072 -0.3493019848238027 -0.6152099318815722 0.6331217607134529 0.3141035764023504
1644768508.6106439 3.032576526519544 2.8820364974305033 1.2266686509911695 -0.35016819684126627 -0.6194495002108253 0.6270848084744046 0.31690465790112804
1644768508.617228 3.0357044322547555 2.8871858524923515 1.225799072853013 0.3496713455358291 0.6224383726506731 -0.622056048786853 -0.3214751948258556
1644768508.623877 3.039097888245309 2.891622757291212 1.2250862081633171 0.3495599605731978 0.6249001984623908 -0.6186348743828189 -0.32341622760353417
1644768508.6304388 3.040609546375219 2.895523779940567 1.223465130177829 0.34723876217642724 0.6248871801760901 -0.6177225058297492 -0.32765798263800494
1644768508.637036 3.0458163778277827 2.9013799670346887 1.2234273023045963 0.3499038151750101 0.6304508565363898 -0.6092875496792449 -0.32995046765219915
1644768508.643629 3.0490063603114836 2.9059791316156374 1.2225524004515234 0.3497835186753941 0.6327823169992355 -0.6052621164730058 -0.3330095831681792
1644768508.6502268 3.0525420653006083 2.9105784833421264 1.2218635861163725 0.3499601130937142 0.636191685581634 -0.6003856263279441 -0.3351488250673712
1644768508.6568341 3.0556174927689135 2.9150381823358456 1.2209443787374161 0.34930982796946075 0.6388454927355613 -0.5961418682971955 -0.33833941324111416
1644768508.663436 3.0584957900828327 2.919754216253458 1.2201640581953812 0.34685908706075536 0.6431716099056768 -0.5919357324168893 -0.34004521474042787
1644768508.6700218 3.06166267752839 2.9240033364033926 1.2192435845884673 0.3455846825832053 0.6462196817584115 -0.5878439361664916 -0.3426520541546457
1644768508.6766238 3.06472994582538 2.928108127755322 1.2184748165223331 0.3434178473948859 0.650160517279545 -0.5841338397760324 -0.3437189987187082
1644768508.6832519 3.0685553642484784 2.9324682654630267 1.2178079490736304 0.34230359058955123 0.6545467602986067 -0.5788705231323358 -0.3454060315842427
1644768508.6899269 3.070701995048179 2.936540969471945 1.2165810127315109 0.33843814415889006 0.6576032154497734 -0.576156289686796 -0.3479384914692569
1644768508.6964648 3.073988179969107 2.9410071847570007 1.2158368728287805 0.3359697556740604 0.6621545276310756 -0.5716272979273167 -0.3491669122549258
1644768508.7030258 3.0771779453903485 2.9451544092804243 1.2148537032948887 0.333979804641907 0.6660551375421984 -0.5668110478025287 -0.3515009196331577
1644768508.70962 3.0801746960630685 2.949061645922533 1.2136635752499685 0.3322321303898395 0.6687766660405684 -0.5625205406681066 -0.3548659197923837
1644768508.716237 3.082834528508949 2.952959057936262 1.2126528991204737 0.3295120870357907 0.6719305072800393 -0.5586622280190547 -0.3575294534210438
1644768508.722826 3.086294608490631 2.95677833763418 1.2117274791332968 0.3286925855145544 0.6749594448650136 -0.5535972307862208 -0.36044507476336596
1644768508.729493 3.0886060522878256 2.9603626402528316 1.210483709933428 0.325901980892365 0.6778351676005213 -0.5501159345056552 -0.3629041786751088
1644768508.736062 3.09311187799516 2.964756226624353 1.210183633979544 0.3263621710248097 0.6824178635977936 -0.5427252763553533 -0.365023940252078
1644768508.742625 3.093135991078292 2.96701463727271 1.2076983863956583 0.3194332786802212 0.6827675438405826 -0.5447457685715673 -0.3674812968638866
1644768508.749214 3.0962138199009726 2.970460919166973 1.2068984829589795 0.31937061375130626 0.6856193305461392 -0.5395734026695886 -0.36984962025918755
1644768508.755865 3.10154959693575 2.9750885890318597 1.2071734264415979 0.32059958611199746 0.691623438671643 -0.5302455596128196 -0.3710959098712546
1644768508.762422 3.1045449231105517 2.978271418230893 1.2062591912053509 0.3191430684759438 0.6950171612435269 -0.5259778620539101 -0.3720829811096812
1644768508.769035 3.1071781668168765 2.98159579398671 1.205353456024098 0.3162363940941424 0.6986492777232048 -0.5222490334023412 -0.3730138342266796
1644768508.775599 3.1100006029246035 2.9848540047152525 1.2044422677286002 0.31388352746526454 0.7025312522133944 -0.5178273365579711 -0.3738735318821263
1644768508.782235 3.1131458166574584 2.9882769564056813 1.203931109919404 0.3117805951912221 0.7077319420418149 -0.5121030673085023 -0.37370897407107845
1644768508.788827 3.115403252941099 2.9911712210947226 1.2029612181147 0.30839698912523916 0.7109518996137293 -0.5088519385748618 -0.37484400696495906
1644768508.795425 3.117254955889121 2.9939412521963265 1.201939839735052 0.3044442712314358 0.7146927815258707 -0.5053210688187599 -0.37573679122540976
1644768508.802022 3.119471152122988 2.9968885301802914 1.2012472828969194 0.3005799271887183 0.7190946970245342 -0.5009442965976524 -0.376309617074136
1644768508.808599 3.122251562215227 2.999714480702397 1.2006788062660985 0.2980207079627619 0.7232657776156584 -0.4954902416873185 -0.37757021310074207
1644768508.815221 3.1247375221370493 3.0024229240388123 1.2001103868223904 0.29494689997083795 0.7275687215661275 -0.49013735666814123 -0.37870180397486775
1644768508.8218188 3.1279218214804785 3.005292617007726 1.1999706661917673 0.2927184761659623 0.7323266491937007 -0.48354451339610094 -0.37973401514693605
1644768508.828416 3.1299375715314017 3.007857589394112 1.1994312117499213 0.2887115999810399 0.7366343311557625 -0.4784477693431466 -0.3809236584697193
1644768508.8350499 3.1299911775639844 3.0096231365953723 1.1977040381548723 0.2821508786106177 0.7392338068333403 -0.4776695998582908 -0.38177954681522724
1644768508.841666 3.1323644961787425 3.012011742038916 1.1971130502385074 0.2792480043462294 0.7433427248763051 -0.47214153859423014 -0.3828107918194995
1644768508.8482199 3.1344770075678396 3.014353980336166 1.196803641416339 0.27591584178015877 0.7484712879090133 -0.46650950948991704 -0.38213830917268554
1644768508.8548281 3.1362849002468685 3.0163772694662816 1.195862481935304 0.2725118066882761 0.7517197342742858 -0.462485211524699 -0.383095063879629
1644768508.86143 3.1382694117909775 3.018430706625308 1.1952692494088457 0.269711564104817 0.7559557092316619 -0.45726281643719896 -0.38301038324923214
1644768508.868021 3.1402840228435966 3.020445046995733 1.19489577342697 0.26723706906366423 0.7603652825760745 -0.4518697344751868 -0.38241645061918356
1644768508.874618 3.141837741848223 3.022234663163493 1.193959738939948 0.26459741589535124 0.7637219863505836 -0.4473485139486772 -0.3828783510573903
1644768508.8812218 3.1437361612479213 3.0241299973680817 1.1936514720223048 0.26286182689488474 0.7681408038847414 -0.44137216286763425 -0.3821696098345811
1644768508.887818 3.145019240708082 3.025665253647041 1.1926175381929454 0.2604738756807809 0.7711044967602003 -0.4368097691198958 -0.3830770883615828
1644768508.894467 3.1469445909698 3.0273646127928084 1.1923105388809772 0.25953814234537387 0.7758560180533928 -0.43013209161997673 -0.3816718145555547
1644768508.90105 3.1489797149543923 3.0287085393122224 1.1915954607469217 0.259752102153594 0.7786309129945407 -0.42434224158161227 -0.3823559275274027
1644768508.9076412 3.1509923855122595 3.030147456363539 1.191258676820603 0.2594907576442625 0.783802761508628 -0.41663247901644185 -0.3804402395918041
1644768508.914231 3.1508088370998673 3.031160636232301 1.1898106307950966 0.2556742530912255 0.7866212181344624 -0.41450923165581405 -0.37952529091203513
1644768508.920827 3.1529163652709413 3.032106497913067 1.1889801403025186 0.25719254653457124 0.7899746991956658 -0.4075958148740471 -0.37902137765091903
1644768508.927418 3.154730857171674 3.033120078218594 1.1883843497689193 0.2580616862895785 0.794129881342183 -0.4007821056442022 -0.3770081788970406
1644768508.934037 3.154018743998715 3.03360435509174 1.186496683364289 0.25436581614599485 0.7951635891853761 -0.3995810475677489 -0.3786126489463821
1644768508.940628 3.15491958065218 3.0340990901499323 1.1852261532946582 0.25478107973075637 0.7982613587636013 -0.39474049267695843 -0.376888510078893
1644768508.947184 3.1563394354039738 3.034685934157247 1.184355600369587 0.25614402572194583 0.8013166676615149 -0.3889871191658189 -0.3754603424393694
1644768508.953825 3.1557042450241815 3.0346857853373357 1.1819402281731661 0.25544417640480416 0.8032547043806488 -0.3873583363559902 -0.3734746127696158
1644768508.960416 3.15568830395274 3.034797593091309 1.180394646633948 0.2545859594008006 0.8055497736284687 -0.3838756113132928 -0.37271255818862414
1644768508.967061 3.1561175595871207 3.034974951871236 1.178559250340941 0.2555758137213496 0.8072428758996565 -0.3802836530804018 -0.3720535938146002
1644768508.9736269 3.156347137652948 3.034855552243656 1.1768314331224812 0.25613295488979787 0.8089517292124019 -0.37682277719513735 -0.37147974525197386
1644768508.980222 3.155822621295605 3.0346464566667293 1.1745755315883457 0.2559648999661145 0.8106376826317875 -0.3747529593511661 -0.3700112711375869
1644768508.986824 3.156518550642303 3.034302787758465 1.1730576005477535 0.25763712499955027 0.8123321078918249 -0.3706009821828807 -0.369315830407121
1644768508.993417 3.154761995422321 3.0335938496965857 1.1697152382505396 0.25595843111506117 0.8123544007423109 -0.37213990933056085 -0.3688862794820888
1644768509.000018 3.154621424526156 3.0328246055993695 1.1675206705441088 0.2568857075926085 0.8132251713022208 -0.3702007143973705 -0.3682737861891043
1644768509.006627 3.1538249426543628 3.031868893825431 1.1646394668881108 0.2570174438469211 0.8137021589579871 -0.36994964380499284 -0.36737948797600817
1644768509.0132139 3.1524331142162336 3.0306187793457466 1.161389820318981 0.2565630819280957 0.8139951587571447 -0.3712729659656324 -0.365709195407998
1644768509.019828 3.151051579946164 3.029255758756323 1.1579690241106788 0.2559181370274503 0.8143639772367921 -0.37250983399511167 -0.36407854633262776
1644768509.0264661 3.149289650205742 3.0275943198244843 1.1541792357888727 0.25497049277422085 0.8143073458045424 -0.3746689252414791 -0.3626518600738274
1644768509.039708 3.145840064848748 3.0238689143405644 1.1467628457823813 0.25298204010269304 0.8145782559509946 -0.3789977784101582 -0.35891867962096535
1644768509.04622 3.1438693377240075 3.021636864514201 1.1426431139342619 0.2519788997980043 0.8146588296133753 -0.38182041524321547 -0.3564413358866613
1644768509.052812 3.141824324824971 3.0192439061477083 1.1383775050642102 0.2511172012576834 0.8144626461958991 -0.3850829493520374 -0.3539795020666537
1644768509.059423 3.1388659970605666 3.0166119609596254 1.1335322141136484 0.24903215536341225 0.8138283926560227 -0.3903501662031884 -0.3511306300334095
1644768509.066019 3.1372102266085 3.0140741331187506 1.129551943567815 0.2491495746078888 0.8136913470235326 -0.3925793020436966 -0.34887246970836056
1644768509.072625 3.1349662746103863 3.0112259395747465 1.124918098736011 0.24915826969695923 0.813109746615725 -0.3961711259122103 -0.3461513162896696
1644768509.079227 3.1319001401569784 3.0081407841659686 1.119850456125078 0.24767885313870044 0.8114369747168707 -0.4018496801935586 -0.344589187099536
1644768509.085829 3.1291807286877047 3.004718057491583 1.1146964289887669 0.24773810085725692 0.8095494057367023 -0.4069783826385809 -0.34296323480130175
1644768509.092436 3.1260493781045304 3.0012947420031835 1.1093841132168842 0.24744094731657731 0.8074959406498421 -0.4124880425188507 -0.3414330265585245
1644768509.0990279 3.1226587989764134 2.9975072197799317 1.103751894529482 0.24739938622952326 0.8045837886476314 -0.4188601977789134 -0.3405791946803966
1644768509.1056309 3.1197540758339266 2.993974509486382 1.0987991202824996 0.24803000119579002 0.8022909843439353 -0.4235554800109758 -0.3397214812685982
1644768509.112227 3.116431832301495 2.9899873665629064 1.0933390526960054 0.2489607120065575 0.7990460037638588 -0.42941759619413983 -0.339329005050884
1644768509.118824 3.1128057379833045 2.9858113351468303 1.0876893288782439 0.2496617122340131 0.7951822429431626 -0.4360379236706173 -0.3394477615135065
1644768509.125422 3.108628218925131 2.9812524996254215 1.0814766917728413 0.24973489886065464 0.789961479961201 -0.4444077221414336 -0.3407267739190548
1644768509.132021 3.1045974238096883 2.9767361399011603 1.0757576120432013 0.2503835315313574 0.7853367327797812 -0.4516246548398085 -0.3414514271900305
1644768509.13862 3.1007716560679355 2.972077379027484 1.0701624730122663 0.2518426341690514 0.780569980987971 -0.45818836710538 -0.3425621335732485
1644768509.1452239 3.0968339010837136 2.9671926324207263 1.0645544633535151 0.25357878667611305 0.775439892346501 -0.46485642705573355 -0.3439460012180098
1644768509.158547 3.086110862437841 2.9563922687453235 1.0515093476059871 0.2526164811543947 0.7622652824614783 -0.4846460322366047 -0.3467771442226459
1644768509.171787 3.0762806419084368 2.9455902262371727 1.0395504587912692 0.25466223741213045 0.7485887471714229 -0.5009034939027237 -0.3519337041901881
1644768509.17847 3.0731693205311177 2.9405787974203004 1.0343487901171315 0.25952458968658326 0.7419351586468064 -0.5055873206077258 -0.355753044157779
1644768509.191424 3.066379985759367 2.9342495472671635 1.0277538927254846 0.25799683432569975 0.7333740121414047 -0.5172841333628216 -0.3577945369886805
1644768509.198025 3.063020626420082 2.9291616544918435 1.0229989782898892 0.2625869904535767 0.727252033565858 -0.5216707543281057 -0.36057147516610977
1644768509.204627 3.0577912447833078 2.923339247644914 1.0171730260011143 0.26426987840819716 0.7190682717430685 -0.5303530495843409 -0.3630805017322467
1644768509.211245 3.05234249217195 2.91734209031322 1.01136286732455 0.26585074786863355 0.7103748592229833 -0.5396384069919954 -0.3653504367799681
1644768509.2178729 3.0470452633496006 2.9113297713959314 1.0058100844459457 0.26808434082023225 0.7018688826848322 -0.5481603464389284 -0.36746524471496456
1644768509.2244291 3.041867377814537 2.905318702040721 1.0004841072338553 0.2708432156093542 0.694132969840119 -0.5560688964014909 -0.3682530642073314
1644768509.231023 3.0380857986866974 2.9001549393696098 0.9958891330506858 0.27534506756752314 0.6872564184197466 -0.5615577957578086 -0.3694809480299735
1644768509.237636 3.0323763873492626 2.894059394661082 0.9906333176376982 0.2773600098286574 0.6782672418970999 -0.5701607643340968 -0.37140443280165614
1644768509.2442172 3.0266700775764357 2.887845651747639 0.9852245940240519 0.279559383423365 0.6687444521591088 -0.579323973584563 -0.3728414957744307
1644768509.2508318 3.02025288037639 2.8812351934401326 0.979983215627181 0.28176874637024296 0.6582262085219087 -0.5883907045168929 -0.3756868248260084
1644768509.257451 3.012048855676256 2.8740499947902016 0.9742931073931922 0.2809257460338707 0.6461194255087016 -0.6003983580431647 -0.3783276702089424
1644768509.264058 3.006121025219535 2.8678131575543238 0.9695435799318206 0.28281331482180805 0.636629524754388 -0.60890439863042 -0.37941335609041626
1644768509.270666 2.9998400091448776 2.8614293326065425 0.9648616014153777 0.28556527431601403 0.6265334975489297 -0.6167923258468364 -0.3814119534403734
1644768509.277229 2.99310651708735 2.85498524215112 0.9604055131696633 -0.2879020205374463 -0.6156499050533678 0.6245455876176094 0.3847463775140085
1644768509.283846 2.9879180444701223 2.849133943965121 0.9564254834507129 -0.29239576304884907 -0.6071610178604914 0.6305634462376966 0.3850315604548077
1644768509.290422 2.9801804496365065 2.8423260299243336 0.9519165200589303 -0.2923405599531062 -0.5958276133080944 0.6404587675497557 0.38644322697338174
1644768509.297034 2.9747566553994123 2.836565112394602 0.9483201794120373 -0.296864464050491 -0.5873040067472928 0.645853226320422 0.3870639434316742
1644768509.303621 2.968715517596664 2.830781608550412 0.944541111263966 -0.30058202310565457 -0.5775610739139445 0.6513962450031594 0.389558630642129
1644768509.310221 2.961291749523301 2.824199877664902 0.9408438822011657 -0.3017567668649326 -0.5673687382397103 0.6594068063234525 0.3901507398269746
1644768509.316882 2.954910412085571 2.8184429263531108 0.9375968128860978 -0.30605965199168134 -0.5575746973257876 0.6639309246359606 0.3932340610228306
1644768509.32345 2.944924721737229 2.810922889538196 0.9338757490172855 -0.3045377610304451 -0.5433400521012439 0.6745695883267552 0.3962242169026065
1644768509.330056 2.9385020146335163 2.8052038716556384 0.9311147323455513 -0.30797644498024035 -0.5346979271484754 0.6791836545672468 0.3974387284887677
1644768509.336628 2.93190128726309 2.799402783909454 0.9284593643156223 -0.31176029619768786 -0.5256776349269318 0.683397184524821 0.39929462480540945
1644768509.343224 2.924699904608412 2.793477199537362 0.925962482624715 -0.3150569421087271 -0.5164148013805953 0.6880659589026838 0.4007735571065594
1644768509.349848 2.9174016780803873 2.7876043984590253 0.9238375912337153 -0.31843362868181235 -0.506645191279177 0.6935233682905732 0.4011674951966526
1644768509.356422 2.9103656771438597 2.781774982085153 0.9217258824129579 -0.322391823818513 -0.4968785993461186 0.6971256219838436 0.4039683810886028
1644768509.36302 2.90282978367657 2.775893050938611 0.9200468674594557 -0.3245075174202639 -0.48808477233880704 0.7022870342985541 0.40405493999363695
1644768509.369668 2.8958859888933324 2.770255928803075 0.9184143285742318 -0.32694636213260414 -0.4809114781463113 0.7069079844725165 0.40262978481537964
1644768509.376263 2.888566467288467 2.7650259846913126 0.917198901710391 -0.33005136418227166 -0.47202376270923974 0.7104380895476714 0.4043967963536539
1644768509.382835 2.8816867423338075 2.7598423167086734 0.9160409468661338 -0.3324806670629391 -0.4655132117249397 0.7139574846240018 0.40375503421575526
1644768509.389421 2.8741974469131 2.7546148847075367 0.9152365440550148 -0.33444961180867677 -0.45775085674451704 0.7177369107937549 0.4043027453376748
1644768509.396074 2.866497281322048 2.749581783347017 0.9145834608040164 -0.33583400457330653 -0.45104164409629605 0.7210363026703178 0.404824623801132
1644768509.402668 2.8599773529287638 2.744085739684034 0.9144506614671142 -0.3412725247348235 -0.44363494933122793 0.7222718352891819 0.40625587959791204
1644768509.409228 2.852726385923178 2.7396641959623937 0.9142239923848088 -0.3425994546229964 -0.4381617673139247 0.7247195280774227 0.40671965405773064
1644768509.41585 2.8458647776591084 2.735671340880977 0.9141087978522371 -0.34378039004856137 -0.43421741374098866 0.7263258278603048 0.40708779199512807
1644768509.422434 2.8391189621357653 2.7312153123374645 0.9144006008400809 -0.34568529205847837 -0.42948957798497717 0.7286164820475578 0.4063961497887757
1644768509.429059 2.831631678014346 2.727037756975723 0.9148422378888195 -0.3477129873424683 -0.42405156859572485 0.7297871024420794 0.4082721490296042
1644768509.4356658 2.824594244536826 2.723121302223206 0.9154257709588304 -0.349167937757831 -0.4198887066143887 0.7312469680660414 0.4087205002467471
1644768509.442216 2.8175796019292525 2.719284680392668 0.9162204511848884 -0.35037126948999375 -0.4158459717088568 0.7330434951177162 0.40860582723695643
1644768509.448855 2.8101304660603934 2.7153168342144443 0.9171984782676107 -0.3507867214178927 -0.41172381950759473 0.7353140788379501 0.40834387916295417
1644768509.455434 2.8030262926995446 2.7118837924813155 0.9182353304366662 -0.35136317122353505 -0.4082353295165733 0.7368412952403467 0.4085977419151367
1644768509.462028 2.796077556733688 2.7086680790454465 0.9194026527436616 -0.3525838145495421 -0.40494214217616925 0.7377579834915681 0.40916872048048586
1644768509.4686232 2.7888913952521794 2.7053549433822375 0.9207310940378322 -0.3533485317898018 -0.4011782428811395 0.7390831899558894 0.4098246799160404
1644768509.475224 2.781609044175349 2.702356985825808 0.9220848718962594 -0.35453655933848327 -0.3974687282045665 0.7393035842040427 0.4120097137397907
1644768509.481832 2.774902351341209 2.6995774462992004 0.9236135580985503 -0.354809183557878 -0.39496275081685056 0.7405306905556358 0.4119812884201877
1644768509.4884322 2.7683252299119343 2.6974823602442757 0.9252065107893317 -0.3563498707548382 -0.39222233067015316 0.7395600211315396 0.4150021507720088
1644768509.495038 2.761261577142048 2.694140849012561 0.9268350027200722 -0.3566378007695071 -0.3896279869103135 0.7407348940451955 0.4151032176887646
1644768509.501627 2.7542800490962307 2.6916011982385464 0.9285455024454464 -0.3570326452692856 -0.3871754117311117 0.7408058308386045 0.4169280610678639
1644768509.508221 2.7475714847922816 2.6893080683498853 0.9303701131630078 -0.3583063124634736 -0.3851238984385326 0.7397503002095621 0.4196010091426228
1644768509.515012 2.74164585519734 2.688330771488445 0.9323052216362488 -0.3598047037477074 -0.3840924663263011 0.7368994539609071 0.42425483030194155
1644768509.5214138 2.7344526473818727 2.686299901995915 0.9343772081113926 -0.35897677687848084 -0.38280559060511843 0.736400640641847 0.4269766382521032
1644768509.528048 2.727318623996652 2.6830874155867 0.9364907672846153 -0.35767942570320355 -0.3812782135275086 0.7379122573995196 0.4268221987168168
1644768509.5346172 2.720788066202657 2.682579826161735 0.9387069893031417 -0.3575379896478681 -0.3809935026211868 0.7346058501496444 0.43285576745602783
1644768509.541286 2.714087271611669 2.6808545262509846 0.9408988311160836 -0.35717515416294027 -0.38108825718654815 0.7329897121665272 0.4358016562855158
1644768509.5478568 2.7073370492795843 2.6782622310060944 0.9429642937898697 -0.35556930525177294 -0.3820746483479773 0.7335399665910205 0.4353250849343855
1644768509.554452 2.7004562009640862 2.6765166417005117 0.9452620096502382 -0.35341683771021243 -0.3831101943107232 0.7328396008230645 0.43734266631933477
1644768509.5610309 2.6948497593697747 2.676661911115176 0.9474898969701697 -0.35289156308176006 -0.3866017441918956 0.7282302955922265 0.4423647704936288
1644768509.5676281 2.6878797279246815 2.675052718894044 0.9497402689043302 -0.34930651418145114 -0.3892518159683626 0.7276031646034802 0.4439155592134608
1644768509.574216 2.6811828247545684 2.6736965164094024 0.9519990203503499 -0.34631034674723465 -0.3927715869497958 0.7262322178429863 0.44540518630929166
1644768509.5808299 2.674867991021488 2.6726560895599807 0.9541451799350176 -0.34359987521100255 -0.39703012402275195 0.7238438113811453 0.44761107547257684
1644768509.587432 2.667412595372937 2.669820763687552 0.9562488113591192 -0.33912880175642884 -0.4010224912150444 0.7246436299003365 0.44616538409316947
1644768509.594025 2.6614391941861184 2.668659943016351 0.9583947481700809 -0.3347196185925343 -0.40755265899146276 0.7238707404148564 0.4448304129862418
1644768509.6006331 2.6580272521044224 2.668628041680687 0.9603616375460222 -0.3345699279845062 -0.41804693719339736 0.718547591889509 0.44383385307101164
1644768509.6072378 2.648418546698119 2.6660166182758642 0.9627696753801975 -0.32593909427745427 -0.4193398739884049 0.7204086524068012 0.4460140408957613
1644768509.613821 2.643771090526619 2.6653214413130586 0.9648552995058475 -0.3240457727753493 -0.42809345472700305 0.7158039335626025 0.4464912081184488
1644768509.620426 2.6380797287580857 2.6642812631132506 0.9669038967383927 -0.31957487788272454 -0.43691069779937514 0.712913028936733 0.44579737676724235
1644768509.627024 2.6318810784112636 2.6629480685110267 0.9689246038269153 -0.3139440863880554 -0.4453586965028249 0.7103641678918909 0.44550741519736675
1644768509.6336262 2.625459758645888 2.662369799062071 0.971047192707823 -0.3076622360781051 -0.4531144551115619 0.7059981216143876 0.44899588003815305
1644768509.640225 2.619078780349978 2.660722727771392 0.9729630462206861 -0.30092165918325553 -0.46216119050325766 0.7034409229860149 0.44835632664442115
1644768509.646828 2.612311469077111 2.6590767606822125 0.974798636049186 -0.29238589051750863 -0.47139137686431526 0.7012126356708991 0.44788493447948596
1644768509.6534138 2.605718984063094 2.657120944713809 0.9765910228082476 -0.28413621344502143 -0.4810887653205598 0.6986581202979844 0.4468740930211376
1644768509.660018 2.5992656889530723 2.655359726019433 0.9783169935610854 -0.2753221599580618 -0.49164587369520213 0.6956570439874017 0.4455813079905829
1644768509.6666188 2.5909602067912147 2.652226219554943 0.9799556061065489 -0.26295650748420024 -0.5004589888646573 0.6956808383475593 0.44319553378732396
1644768509.6732202 2.58433548609245 2.650360610593635 0.9814519960388235 -0.25320035287291254 -0.5113360670212109 0.6921481701578606 0.4419901740739142
1644768509.6798232 2.5746082022928403 2.646735594082669 0.9827727025167243 -0.2380843040392245 -0.5179580419873967 0.6935789089308478 0.44043507970317936
1644768509.686422 2.5717173221985834 2.6463715445905303 0.9840249994487541 -0.23326926865403474 -0.5343575968043178 0.6847732095586676 0.4371869688846116
1644768509.6930492 2.5651742957708663 2.6442283704879364 0.9851295586744867 -0.22274014266576866 -0.5457556769122694 0.6809288026703054 0.4345951450331679
1644768509.699646 2.558853339281602 2.641881591350322 0.9860718117821169 -0.2129991078163169 -0.5573171438626227 0.6767136110289507 0.43137812128185327
1644768509.7062342 2.5520478343074893 2.6393210160514693 0.9868875148263243 -0.20336543978838142 -0.5671579166922895 0.6729493986604179 0.42908378510839784
1644768509.71283 2.5448609632020656 2.636236585587274 0.9875644758503401 -0.19340453176488642 -0.5755747067409493 0.6700666103244759 0.4269878429959197
1644768509.719429 2.535549213990438 2.631852597130046 0.9878378423779611 -0.17879981261307334 -0.5827461043413316 0.671240637294848 0.4217499471937414
1644768509.7260349 2.5318485802491373 2.630515999380274 0.9884856774130439 -0.1751187099989107 -0.5950761456809498 0.6630366468546862 0.4190461251215603
1644768509.732647 2.5256946527266297 2.6277129209175905 0.9888338912290839 -0.16640503090238032 -0.6053905282704255 0.6589229157116013 0.4142845668823419
1644768509.739279 2.5185542612788 2.6241419592616673 0.9888460300972084 -0.15610675353851164 -0.6144054962756452 0.6569478622289303 0.40811214927510336
1644768509.745843 2.513623050328072 2.6216852342524426 0.9888940416616759 -0.15081888684850978 -0.6244161805449889 0.6510643095307295 0.40431772697290397
1644768509.752427 2.5066558467253146 2.617779127508263 0.9886763183468362 -0.1422753260165075 -0.6314781105712219 0.6490712420720631 0.3996237103061617
1644768509.759021 2.5007784492610314 2.6146693545493473 0.9884020015513528 -0.13482816325333588 -0.6404496423454005 0.6449590509674885 0.3945540791203577
1644768509.7723079 2.4884701176820427 2.6072273907608987 0.9870254409332834 0.12073470770738283 0.655176658274154 -0.6395200392153042 -0.38364093481019884
1644768509.778823 2.4833064606909545 2.604200531002038 0.9862255060241847 0.11687718310430086 0.6614568839969663 -0.6354649203951166 -0.38078658360212386
1644768509.7854269 2.477696616619087 2.6006390327940925 0.9851806816171427 0.11180475074095227 0.6686603255096061 -0.6321822902478298 -0.37515088270238284
1644768509.792018 2.4724844585948627 2.59727923216857 0.983775120012633 0.10740945793833996 0.6751802951329858 -0.6288258156943327 -0.37036795167623454
1644768509.798662 2.4667208873842927 2.593263771815619 0.9824524126157902 0.10406534924932004 0.6803004408016714 -0.6267287290539674 -0.36547554627256845
1644768509.805253 2.4616186281150303 2.5900813858540017 0.9808648020383423 0.10037222821771592 0.686419492238256 -0.6234524886386653 -0.36063868245806185
1644768509.811845 2.456192403194255 2.586120107556343 0.9789350116855438 0.09738943519186767 0.6910378154420094 -0.6222784300953803 -0.35461412931768593
1644768509.8183858 2.451026294562831 2.582425517916697 0.9768480909383037 0.0953655942862035 0.6953941749415746 -0.6209595277901039 -0.34891431590053096
1644768509.83179 2.445136296465113 2.5781154953489964 0.9745806571809295 0.09216060568247188 0.697874819006604 -0.6216865948445054 -0.34348583748305517
1644768509.83836 2.434963679640459 2.5700338574733714 0.9695430843192805 0.09133672551579368 0.7032112725029995 -0.6227261239554021 -0.33070113802426016
1644768509.851433 2.4302785633421022 2.5664094679917837 0.9669348065846552 0.09225825669458136 0.7061952182902369 -0.6228357619810125 -0.3238084382701335
1644768509.858057 2.424802925430367 2.561783964167911 0.9638915249045206 0.09264201243173409 0.7065203665126271 -0.6252404072320954 -0.31830873429740525
1644768509.864645 2.4201789319499927 2.558127676208969 0.9610166831963158 0.09466002938720007 0.7078379804581001 -0.6262164336100149 -0.3128217301095732
1644768509.871218 2.4164180682592784 2.5547665340125767 0.9582812202752579 0.09868558514906889 0.7107706707636849 -0.6257058155160261 -0.30587255617033327
1644768509.877831 2.4120033350904477 2.550859475517656 0.9552225910441665 0.10278777258268693 0.7109063024871777 -0.6272129173976602 -0.3010821343167648
1644768509.8844259 2.4074976033903956 2.546814648331953 0.9520271580776019 0.10562436396126317 0.7111043732010831 -0.6294549338424061 -0.2948900322541141
1644768509.891029 2.4016184327394328 2.542278812443153 0.9485473505153229 0.10751100266405621 0.7096028967876641 -0.6336025451378056 -0.28888147470181436
1644768509.89762 2.3974355212045317 2.5381297759235006 0.945252533275442 0.11271172636772878 0.7076962201706384 -0.6358478829155262 -0.2866342149971842
1644768509.904278 2.394313860130767 2.534938377405414 0.9420203794294695 0.11739906559155383 0.7080590909918613 -0.6366233597622822 -0.28209938852859673
1644768509.9108212 2.3889277642431876 2.53145395152312 0.9386252554675618 0.11695599451588967 0.7081776302128343 -0.640579926607492 -0.2728784880721146
1644768509.917446 2.384606080213754 2.5270370370691624 0.9351245124273693 0.12348000359215108 0.7048841494315135 -0.6429492527462288 -0.27295947640081886
1644768509.924022 2.3812480983251714 2.5235133816052495 0.9316711819920437 0.12746934217264105 0.7034781643100135 -0.6451437326495311 -0.2695536691693702
1644768509.930623 2.3772600562324433 2.520325913475818 0.928520043716864 0.1310255860936747 0.7026948306560588 -0.646660191019593 -0.2662376062411076
1644768509.937258 2.373848811845097 2.5171858404389513 0.9249657749747692 0.13350138911666765 0.7019817474529042 -0.6490059171060264 -0.2611319998580948
1644768509.9438238 2.3694744744086904 2.514643698139266 0.9219745603720795 0.1361835856800335 0.7010716625736113 -0.6501507396440621 -0.2593379452633182
1644768509.9504158 2.364137287615431 2.510433557821229 0.9183469121399872 0.13770443557258322 0.6971677919614764 -0.6550846411966909 -0.25662864903850985
1644768509.957047 2.361462172912205 2.5076429522185335 0.915328313132715 0.14227795850431085 0.6966104963841436 -0.6555826149404197 -0.2543655160284887
1644768509.963657 2.358132462700109 2.5044338141365685 0.9119635116768995 0.14604972895525958 0.6947447915858846 -0.657689911069737 -0.25187836718863255
1644768509.970221 2.3521156989797367 2.500580561653144 0.9089276370096038 0.1444417875506373 0.691804369602495 -0.6622526865353651 -0.24892621471526327
1644768509.976822 2.3505809028505573 2.498138530909012 0.9056195356655907 0.15151715555992218 0.6909096152859658 -0.662363315483096 -0.24690257881876132
1644768509.983422 2.3469995354952884 2.495440654827013 0.9024388552474083 0.15454433003418042 0.6887342090702536 -0.6644724763629737 -0.2454326032680711
1644768509.990022 2.3434263385814784 2.4928153898114744 0.8994528868823862 0.15703034174058506 0.6875797346656978 -0.6662698071210161 -0.24219766671375056
1644768509.996629 2.339590036578266 2.4891626759304546 0.895905091275305 0.1597531680550412 0.6838530935153716 -0.6702244889308755 -0.2400471031682622
1644768510.00322 2.3352887320363602 2.4861904845836977 0.8927738640540046 0.16154252677791633 0.6809142903942186 -0.6734295267368009 -0.23822680067571758
1644768510.009832 2.332394372657153 2.4835975620493165 0.8896781177817781 0.16608712241623708 0.678988702595203 -0.6750557728735535 -0.23598454717504497
1644768510.016428 2.3282093438219467 2.4811234159289155 0.8863850407829892 -0.1679636403809448 -0.6761073708512993 0.6778135925178579 0.23502189105845409
1644768510.0230331 2.324811781542801 2.4781761710764223 0.8830499178331215 -0.17109182256661287 -0.673074817172905 0.6808547899735518 0.23266745863493263
1644768510.0296261 2.321504270770577 2.475869113928863 0.8798386794459357 -0.17472251845291664 -0.6707210152689773 0.682690652115273 0.2313835652074859
1644768510.036223 2.3181803522087203 2.473112783529091 0.8766688421878852 -0.17815182922315687 -0.6675234000746457 0.6855663695613122 0.22950535948519257
1644768510.0428228 2.314466195756956 2.4702045308182505 0.8733235983287304 -0.1814022752769174 -0.6632287797608589 0.6891666251820795 0.22862564616638975
1644768510.0494301 2.312089856651572 2.4683604492704725 0.8703273762648163 -0.18672544701198374 -0.6617338116074806 0.6897830396399258 0.22680572428892243
1644768510.056027 2.308916052790435 2.4657899450191807 0.8672712103175184 -0.19044338653707304 -0.6584299018935931 0.6924359059202768 0.22524077678638085
1644768510.0626292 2.3060433461551786 2.463594059756029 0.8641654142793975 -0.19456278307077993 -0.6558484121958977 0.6941401087548965 0.22400269985937332
1644768510.069212 2.302721271972327 2.461076514206784 0.8609834172015121 -0.1979417897687995 -0.6517988594088046 0.6970444028125375 0.2238435255341057
1644768510.075885 2.3007589960065955 2.459670643984264 0.8583252902540514 -0.2031921797052035 -0.6509721460004932 0.6968944589552112 0.22200411434119302
1644768510.082443 2.298006887404368 2.4577139621646524 0.8554635468565766 -0.20701828927226207 -0.6488808802957583 0.6981039718707079 0.22078812300290196
1644768510.0890188 2.2955949996404232 2.4554293287629902 0.8526028374035322 -0.21124715816991757 -0.6461123552861309 0.6997530073300159 0.21967866793255633
1644768510.095617 2.292665984714987 2.4540357876198966 0.8497881375597633 -0.2143460235008418 -0.6444710712307293 0.7003551785423316 0.2195790356381386
1644768510.10222 2.289947882112633 2.4522452072325427 0.8469710445998856 -0.2177594682270657 -0.6422260272632074 0.7015728387151597 0.2189100678012856
1644768510.108853 2.287051205377221 2.45030786040304 0.8440734679737794 -0.22074317548966665 -0.6398925388302819 0.7030245161327271 0.21809638508308823
1644768510.115422 2.285168729634922 2.4493030867248407 0.8415884995448254 -0.22540779061045363 -0.6390554142838119 0.7026189074095717 0.2170845018858332
1644768510.12205 2.282961499427652 2.4473981531321733 0.8387897589984912 -0.22926689938407166 -0.6366203187881366 0.7039296223133475 0.21594874492877528
1644768510.128628 2.279775186508493 2.44594001647982 0.8359797569675554 -0.23182400661618438 -0.6345110233911867 0.705090963486913 0.21563771631470957
1644768510.135262 2.277933621596061 2.444205662236945 0.833418362704997 -0.23609587428657636 -0.632754391194786 0.705575300161814 0.2145777629140743
1644768510.141827 2.2756065231928746 2.4429390000957554 0.8307953828368645 -0.23993676100775096 -0.6310216268804129 0.7059016724203748 0.21434642183837718
1644768510.148457 2.2725684867198694 2.4418869772938976 0.8279739613908306 -0.2420702878124448 -0.6292098311042547 0.7065358890182678 0.21518250677489045
1644768510.155018 2.2711076053946604 2.4410810239555003 0.8256731376318003 -0.2469649046560252 -0.6290829968897774 0.7049179308390575 0.21529777763681396
1644768510.161624 2.269257953453712 2.440336827461306 0.8231648743073117 -0.25033615536177367 -0.6289293242436219 0.7040539819755933 0.21467928671650738
1644768510.168215 2.2672545312631804 2.439050657670818 0.8206902392615487 -0.2527246573750764 -0.6276431663620692 0.70484130823983 0.2130552289687272
1644768510.174846 2.266044704872174 2.4379292591164243 0.8183606638005401 -0.2573879254120293 -0.6271307844942512 0.7034435728312951 0.21360026668410226
1644768510.1814232 2.2628783651948643 2.4373163604058297 0.8156458443122159 -0.25867072159632126 -0.6264317357561172 0.7031290033543237 0.21513215614952563
1644768510.1880598 2.261439340358707 2.436197026635144 0.8134401955327074 -0.26149544752612147 -0.6261344803951887 0.7029012732083655 0.2133191548205517
1644768510.1946251 2.258804788911577 2.43431166453178 0.8105817337310655 -0.2619878847264678 -0.6241041902986952 0.7042796164837315 0.21411687487811423
1644768510.201222 2.2580130484435537 2.43445271938284 0.808788867110694 -0.266725229871631 -0.6258598636971869 0.7010914396565003 0.21360565708980164
1644768510.207819 2.2565329002381005 2.4346232290834386 0.8068095742652047 -0.2689354095746158 -0.6266741149067943 0.6998525771023331 0.21250681990160863
1644768510.214468 2.2550063443516812 2.434012660253818 0.8047753594511152 -0.2722433067581688 -0.6271509214386966 0.6980854229663433 0.21270060963063286
1644768510.2210581 2.2531046448827086 2.432777226054513 0.8025087256249894 -0.27431535500781895 -0.6266274883768607 0.6973244917664654 0.21407271353639779
1644768510.227618 2.2506594627962473 2.4322096659458516 0.8002961433349577 -0.2746331091975145 -0.6259505887036807 0.6977149753779308 0.21437310190175193
1644768510.234217 2.2497068085044467 2.4329248594208863 0.7986215388475273 -0.27771343708823204 -0.6286452483314182 0.6936178867084676 0.21581039002032223
1644768510.240823 2.2482217041113004 2.4315160616486997 0.7966549324424297 -0.2796309407074791 -0.6276519497154256 0.6936010625855936 0.21627903860935993
1644768510.247464 2.247494826596812 2.431591119889887 0.7950637325058183 -0.28208378571685655 -0.6294497051330907 0.6906485615942046 0.21731508262125673
1644768510.254055 2.245280675134651 2.431007898425598 0.7928159239977326 -0.28081287195017385 -0.6292627035304752 0.6908125843062974 0.2189749442619978
1644768510.260628 2.2442709238128433 2.4324198513781026 0.79112434631533 -0.2792222511728162 -0.632864831087033 0.6884583185611477 0.21804054677140272
1644768510.2672179 2.2430832644643446 2.4311067996791835 0.7895775675842513 -0.28331840309401524 -0.6317520245697194 0.6867902306834657 0.22122102997753085
1644768510.2738419 2.241211395394425 2.4302730206897447 0.7878912542141452 -0.28474643578935904 -0.6304449029546867 0.6867426564911284 0.2232548011454541
1644768510.280452 2.2407436468924407 2.4305202759913622 0.7865944468804216 -0.2867409129490494 -0.6325917444996916 0.6835891331971841 0.22430495894462876
1644768510.28706 2.238686798440126 2.4299335454726316 0.7845380898292873 -0.28522817640491244 -0.6320038158979617 0.68431610224756 0.22567017297250724
1644768510.293626 2.237836400980911 2.429866804021413 0.7833315320881781 -0.28811240783010833 -0.6327110973020432 0.68195728858916 0.2271599082386918
1644768510.30022 2.2368983069987145 2.4298616832274518 0.7818275672712504 -0.28923864947630157 -0.6332744673159788 0.6805136408586007 0.22848440922624536
1644768510.30685 2.235332071303593 2.4292879574652315 0.7801155038787397 -0.289195063356 -0.6326927228768819 0.6806049570056634 0.22987493424431454
1644768510.313451 2.2348057253700047 2.4295647179574136 0.7786804105906246 -0.28982476724437134 -0.6345924514518805 0.678213120679246 0.23091223181486326
1644768510.326711 2.2325500394527693 2.4291993928938256 0.775766448469835 -0.2902509721884176 -0.6358540670938824 0.676314259007828 0.23247039159502697
1644768510.33322 2.231793139514577 2.4291630283717645 0.7744898388988781 -0.29156743323677925 -0.6365173794053638 0.6744577146540837 0.23439352276270625
1644768510.3398159 2.2308043131437394 2.4292258881760356 0.7734516816278585 -0.2931810321888854 -0.6370558750906798 0.6728188349991848 0.23562463184184645
1644768510.346451 2.229648547872417 2.428871855459904 0.7721176047815722 -0.2933745174857562 -0.6376191982730754 0.6717203060742801 0.2369903839064786
1644768510.353031 2.228718361461469 2.428842508432241 0.7708739469241261 -0.2932872461741288 -0.638304308079519 0.6706771628729779 0.23820538757367363
1644768510.359624 2.228419173090275 2.429095284010832 0.7699987281265888 -0.29551541582915775 -0.6395701982859472 0.6678727754503576 0.23992924522130823
1644768510.366252 2.2273292815732275 2.428925719606859 0.768640264106594 -0.294096536174689 -0.6412182297093107 0.6662712384336142 0.24171994347056167
1644768510.372858 2.2264223329854875 2.4289662524435944 0.7677080549572497 -0.29521540794267587 -0.6414415214617082 0.6650198156940028 0.2432051302745189
1644768510.379436 2.22624662905345 2.429305196642061 0.7669057868750759 -0.2962662711195168 -0.6432942991625414 0.6625085373411842 0.24388654532085105
1644768510.386029 2.2255829551889263 2.428286493623853 0.7661650181110935 -0.3001349785686528 -0.6420325663405323 0.6608621229018804 0.24692890835140813
1644768510.39262 2.225245713907379 2.4295742891310583 0.7651886335980735 -0.2975683641122782 -0.6463131204232802 0.6580453437335895 0.24639036191302663
1644768510.399198 2.223989627771249 2.4292505505145967 0.7640458412201386 -0.29692428308387364 -0.6460474069293181 0.6578792199879642 0.2483004606098959
1644768510.4058292 2.2238687757271607 2.4287833162574697 0.7635429000426325 -0.29904883568539964 -0.646926499177952 0.655801801345707 0.2489565268228165
1644768510.412441 2.2230200936037923 2.4283600593611077 0.7626199475754533 -0.29949746008976214 -0.6468642301966546 0.6545573080314963 0.25183744937647823
1644768510.419029 2.2228922128767947 2.428775296313614 0.7618729482342474 -0.2992683962149153 -0.6486047699781196 0.6527880172722772 0.25222518284222356
1644768510.425626 2.2222967282892907 2.4287916760486925 0.7610564536704082 -0.29856795778987183 -0.6493108048151619 0.651777297094026 0.25384729784217536
1644768510.432225 2.2219059778831345 2.4293856216035965 0.7602469778399122 0.29634900584097545 0.6518974097678039 -0.6501351809368062 -0.2540292667071559
1644768510.438816 2.221567391751488 2.429467321801905 0.7595627873154817 0.2957180450024392 0.6532794252928499 -0.6488545419866003 -0.2544881801074067
1644768510.4521532 2.2214668552012093 2.4288733769635247 0.7582408152197997 0.2976997776348481 0.6536239765803935 -0.6464970784564853 -0.25727746082971603
1644768510.4586282 2.221514350093204 2.4295535343685395 0.7575811180400542 0.29607453468538286 0.6565119094009194 -0.6444401766076326 -0.2569599749144205
1644768510.471904 2.2210270609563216 2.4286966327014 0.7562522650121992 0.29669001479633383 0.6565489446882141 -0.6434511015502152 -0.2586286687554728
1644768510.4784389 2.220102392044181 2.42841352476597 0.7547973205054592 0.2939572814626682 0.6563269876300241 -0.6449695874797383 -0.2585301578822689
1644768510.491767 2.2211588956377764 2.429240180507327 0.7538027330688977 0.29427657430201265 0.6590353212590314 -0.6419124741587576 -0.2588855536555655
1644768510.504864 2.220490267516902 2.42784965143451 0.7533740915430844 0.29384923753394476 0.6528385356397156 -0.6469834669661579 -0.2624241654718845
1644768510.511425 2.219650433244903 2.4271039871818925 0.7524580823276604 0.2928047386023495 0.6492495425227112 -0.6490869716007394 -0.26725666140719495
1644768510.518044 2.221570633349943 2.4293752542397633 0.7525047666766642 0.2911140970323472 0.6531171280435663 -0.6454402128106439 -0.26850914567147033
1644768510.524621 2.222141919936853 2.4290339725797168 0.7519014491712125 0.2910715365819357 0.649750188475698 -0.6476634154924013 -0.2713553829000106
1644768510.5312881 2.221606186801468 2.4288018146080064 0.750882861162722 -0.2878250303071762 -0.6465523729684735 0.6513523057583748 0.2736172394679559
1644768510.537832 2.221302226026891 2.4281365836995747 0.7507287448280323 -0.2864531662483374 -0.643843359501475 0.6534351186670039 0.2764638633209084
1644768510.5444238 2.2215664612906383 2.428294871706049 0.7508569682269006 -0.286072598989239 -0.6429070870599364 0.6534386682176135 0.2790166442066072
1644768510.551051 2.220978213274836 2.4279255601731884 0.7507480608748506 -0.28462429769477243 -0.641451066399409 0.65410468412824 0.28226946704592265
1644768510.557638 2.220887229436728 2.427716933994726 0.7506867181072467 -0.28501942057466123 -0.6405212515477203 0.6532047427257486 0.2860410283057805
1644768510.5642428 2.2231465834597404 2.4293269649835816 0.7515602722646431 -0.28865165705741525 -0.6446927596686953 0.6466848404702021 0.28783607232997355
1644768510.570837 2.2211521892654784 2.4277320641454105 0.7506831452131155 -0.2868992196437822 -0.6419310147122239 0.649049292172714 0.2904270625069937
1644768510.577461 2.2212250246599914 2.427687934978329 0.7507081264187996 -0.2881744179047761 -0.6425887386879026 0.6478044963500103 0.2904891781262768
1644768510.584034 2.2217498419774446 2.4278800099969793 0.7508317419841871 -0.29047807366410566 -0.6438562002867796 0.6468277039079492 0.2875501045024735
1644768510.590615 2.221794671457736 2.4277406231063625 0.7508741902267372 -0.29172294587566955 -0.6433714795357418 0.646706388068823 0.28764761725348836
1644768510.597216 2.2216729700512046 2.427719836570315 0.7507167743576413 -0.2918824546202644 -0.64243496301663 0.6473660721643633 0.28809468659152393
1644768510.6038232 2.2216440299628895 2.4276887813998522 0.7507468429988973 -0.2920056165985021 -0.6419850434226796 0.6473317812392364 0.2890483290773035
1644768510.610423 2.2217991347563264 2.42768560891188 0.7506267822677422 -0.2922551730816013 -0.6413188164301669 0.6475454169909147 0.28979556371605664
1644768510.617014 2.221731234601867 2.4276586271524363 0.7505775368243056 -0.292215988198783 -0.6407468300501505 0.6475924157858891 0.2909927406342411
1644768510.623625 2.221710073705132 2.4276172107921177 0.7505652994051447 -0.2919800670492994 -0.6406626474988169 0.6475903335119702 0.2914192542556491
1644768510.630222 2.2218902948555264 2.427570719449359 0.7506269058224581 -0.29249263824802374 -0.6410998318560744 0.6467251838421144 0.2918647409980599
1644768510.6368499 2.2215520469105297 2.427488441392386 0.7506150525173859 -0.2914426057654606 -0.6410111467777295 0.6471986775831864 0.2920603352039845
1644768510.643453 2.2215660929441117 2.4273744265222965 0.7506541497182009 -0.2913809599832997 -0.6410611042062231 0.6470935103253538 0.2922450980496756
1644768510.650029 2.2215735977376903 2.427429230643418 0.7506505693828402 -0.29115163118101006 -0.6412987721749976 0.6470968350992097 0.29194468352789094
1644768510.6566179 2.221571176735703 2.427460055447216 0.7506538193145441 -0.29116634851631185 -0.6413856440963741 0.6471448302861842 0.29163267388896785
1644768510.663237 2.2216060435135008 2.427471409015203 0.7506682233802116 -0.2911060247348171 -0.6413870666905073 0.6473540818466982 0.2912250874119127
1644768510.669853 2.2215528691675037 2.427500644599792 0.7506305005905034 -0.29090724419472563 -0.6412997784965592 0.6475949457775488 0.29108044484864504
1644768510.676471 2.2216337537082245 2.427553358739454 0.750633361992749 -0.29083786459515865 -0.6414694249861141 0.6475469713047806 0.2908826016726413
1644768510.683019 2.2216451908537937 2.427620372227023 0.7506310191638561 -0.2905967819489455 -0.6415177443664071 0.6478056199019171 0.29044072482731176
1644768510.6896262 2.221654672337857 2.4276174498557657 0.7506355957847138 -0.2908007999223758 -0.6415795087062779 0.6477270039003963 0.29027536503735346
1644768510.696243 2.221556781589287 2.4276026780605107 0.7506349475627583 -0.29069200408553836 -0.6414309148190087 0.6480260268685986 0.2900452473981992
1644768510.702861 2.2215798173325267 2.4276024038137436 0.7506559139513581 -0.29089304997824184 -0.6414927592698336 0.6479002957060388 0.28998777383169316
1644768510.709454 2.221660072651635 2.4276421451662364 0.7506610279991153 -0.29099074508002754 -0.6417871748306658 0.647562968318025 0.2899918316498344
1644768510.716021 2.2215402695975803 2.4275769706382007 0.7506507181339407 -0.29071043696357757 -0.6414579052180779 0.648050379568306 0.28991263472996653
1644768510.722615 2.221522487168422 2.4275955431838816 0.7506377626945406 -0.2904151577864972 -0.6414828967968808 0.6481704064646363 0.2898848949734413
1644768510.7292202 2.2216295414471476 2.4276287009472903 0.7506622677331716 -0.2904529968476641 -0.6418214261434904 0.6477639422664472 0.2900061972007883
1644768510.735828 2.221511721363056 2.4275513007981355 0.7506453150068176 -0.2900580414474382 -0.6415746673210491 0.6481450763293383 0.2900959255226532
1644768510.7424169 2.2214861873147895 2.4275228173941086 0.7506516468903788 -0.2898090876343863 -0.6416905227099342 0.6480453024975252 0.29031135021518156
1644768510.749023 2.221495443678887 2.4274942209133012 0.7506599416730017 -0.2895948576669141 -0.6417550021616014 0.6479765792445491 0.29053594406214656
1644768510.7556171 2.2214757554487834 2.427493906544765 0.7506426044028529 -0.28937120091165214 -0.6417922811428225 0.6480826316004978 0.29043983857247885
1644768510.762225 2.2215061542940564 2.427515933468034 0.7506566080980543 -0.28944792309883616 -0.6417876148469577 0.648218270762555 0.2900708324206993
1644768510.768836 2.221488335741555 2.427551616011698 0.7506466721255481 -0.28939796236528326 -0.6417927718594731 0.648321563834457 0.2898782723684614
1644768510.775419 2.2215278234034836 2.4275410481302644 0.7506590220177187 -0.28956847371193745 -0.6418109236024586 0.6482623743032728 0.28980021383487775
1644768510.782058 2.2214952132394203 2.4275366582547884 0.7506548830458319 -0.28951827079176773 -0.6418396314776896 0.6482511051802875 0.2898120214951537
1644768510.788621 2.2214544657670365 2.427513387145196 0.7506576947207899 -0.2894175875127722 -0.6418309897189096 0.6482573396012772 0.28991767980697697
1644768510.795219 2.2214867973007 2.427500839807432 0.7506659707955068 -0.2893550947467585 -0.6418856154820568 0.6481794683480968 0.2900332768601073
1644768510.8018188 2.2214398973915297 2.4275033565157726 0.7506542754792446 -0.28910607023757456 -0.6419100172760753 0.648253457301948 0.2900622315822726
1644768510.808434 2.221467644807807 2.427506071317487 0.7506705035460625 -0.2892029425955133 -0.641938315860064 0.6482595023833373 0.2898895227982383
1644768510.815017 2.2214562968800315 2.427519318852286 0.750655512239794 -0.28921004745704676 -0.641940166783594 0.6483174944494866 0.28974860083273385
1644768510.821583 2.221477898147757 2.4275217033567316 0.750672051642044 -0.28930382867353005 -0.6419760794843388 0.6482593411957827 0.2897055212526724
1644768510.828227 2.2214720150629805 2.427545235629487 0.750663194991515 -0.28921641830644174 -0.6419993291639229 0.6482718937035595 0.2897131971400752
1644768510.8348339 2.2214812423964596 2.427538078072053 0.750670855031449 -0.2891514445339266 -0.6420071735339866 0.6482355670503603 0.28984185789533384
1644768510.8414211 2.221483930863829 2.4275282985895803 0.7506618042645952 -0.2890507993286846 -0.6420196304334276 0.6482727594982611 0.28983144932564636
1644768510.84807 2.2214726034637553 2.427538479064276 0.7506628691646811 -0.28906906829659784 -0.6420327615888357 0.6482636803855889 0.2898044670468015
1644768510.854648 2.2214806426018923 2.4275226981153106 0.7506698174023093 -0.2891735841331715 -0.6420087601200246 0.648303242863153 0.2896648176784135
1644768510.861181 2.221493812495364 2.427543507594484 0.7506690879929825 -0.2891800494427761 -0.6420294093246582 0.6482996085154563 0.2896207337549755
1644768510.867828 2.221494916586684 2.4275455972758078 0.7506780212960832 -0.28917311178590516 -0.6420292614476275 0.6482721463402524 0.2896895259857405
1644768510.874418 2.221479214643284 2.427536364625968 0.7506650554812089 -0.28904607784085157 -0.6420334587555322 0.6482943136035069 0.28975740036755726
1644768510.8810198 2.2214967873937526 2.427525277290664 0.7506696696871554 -0.28906756115611165 -0.6420486384999712 0.6482590653527099 0.2897811619366532
1644768510.887618 2.221504648629329 2.4275317100851783 0.7506710967146278 -0.28908726419707337 -0.6420808088162765 0.648249434352895 0.2897117575909454
1644768510.89422 2.2215052187303375 2.427559760732915 0.7506859743633891 -0.289160198298048 -0.6421162185526915 0.6482094212450612 0.2896500281115367
1644768510.900814 2.2214662824147564 2.4275278896115062 0.7506739444299483 -0.2891224405762547 -0.6420580860327258 0.6482834404506597 0.28965091939917215
1644768510.907446 2.221481432776114 2.4275586430070897 0.7506716701573783 -0.2890990020628338 -0.6420909945919575 0.6482621989061689 0.2896489329082774
1644768510.9140239 2.221470779663404 2.4275529499527866 0.7506796678768954 -0.2890511787543797 -0.6420873497702814 0.6482624089884808 0.28970418303017687
1644768510.9206212 2.2214594102445364 2.4275432267699917 0.750666690342681 -0.2890062512288797 -0.6420509178981165 0.6483300678760721 0.28967834275219523
1644768510.927231 2.2214803716702276 2.4275501348936337 0.7506764267414316 -0.28912699860474006 -0.6420414334506466 0.6482880714073651 0.28967287762081834
1644768510.933825 2.221472260822594 2.4275758442447013 0.7506653201987125 -0.2890499100968373 -0.6420834525558734 0.6483041251787917 0.28962073498502544
1644768510.940429 2.2214716141787516 2.4275536044782524 0.7506642810140967 -0.28905700663507844 -0.6420440224764252 0.6483219083478365 0.2896613095498102
1644768510.9470541 2.2214716982655722 2.4275646509782063 0.7506595647765524 -0.2889696031538222 -0.6420560999959523 0.6483385043290277 0.28968452852299886
1644768510.9536178 2.2216254849117125 2.427631259567995 0.7506341150054083 -0.28940970442250474 -0.6421120683159571 0.6480987645197928 0.2896575864848584
1644768510.960224 2.2214480163353434 2.4275401817133644 0.7506499077816404 -0.2889824376237155 -0.6420044361173481 0.648381761166719 0.28968942572719564
1644768510.9668229 2.221492991707213 2.427565718048372 0.7506628801221931 -0.289106874151303 -0.6420948516123499 0.6482859897006106 0.2895791780249952
1644768510.973423 2.2215715720064417 2.4275967869296355 0.750662422917882 -0.28977358901288086 -0.641954225966618 0.6480750385337407 0.28969676620125473
1644768510.980018 2.2215433290282247 2.4276112307769755 0.7506482844441104 -0.28964905646494365 -0.6419539828566095 0.6481108391197886 0.28974179176980364
1644768510.986621 2.2215390212531774 2.4275891023286964 0.7506579861379415 -0.28964936007050324 -0.6419312892697187 0.6481287042194477 0.28975172774592467
1644768510.993223 2.2215274170837893 2.4275842453685956 0.7506494995710751 -0.28956126706142 -0.641943707715585 0.6481635617917831 0.28973436171311057
1644768510.999836 2.221541661633202 2.4275523290218652 0.7506605703791738 -0.2896429166964458 -0.641931690884106 0.6481703255522375 0.28966419458529663
1644768511.006419 2.221577350192559 2.427611884284041 0.7506387865196968 -0.2893666178716011 -0.6421435532392753 0.6481355124689846 0.28954864661602897
1644768511.0130181 2.2215792481147556 2.427590765570159 0.7506341951454892 -0.2893577412653832 -0.6421050497311355 0.6481874214653609 0.2895266832198268
1644768511.0196211 2.2215738105678953 2.4276034506467936 0.7506323743784028 -0.28927812173376766 -0.6421155532242907 0.6481978472966812 0.28955958487333683
1644768511.026217 2.2215424132809147 2.4276230719299186 0.7506301114399053 -0.2891727978306493 -0.6421304409296359 0.6482067039624492 0.2896120259504553
1644768511.03282 2.2215749030407554 2.427584211931809 0.7506318804006182 -0.28929525801049033 -0.6421021306335603 0.6482040652270276 0.2895583205868281
1644768511.039417 2.2215888719462953 2.427632669170434 0.7506424143034562 -0.289282498520395 -0.6421799671508229 0.6481504822929514 0.2895184406265412
1644768511.046022 2.2216047139336794 2.4276252638023608 0.7506433899793546 -0.28935518381323555 -0.6421790081960468 0.6481343446045869 0.28948405849889963
1644768511.052654 2.221464787153801 2.4277039499107005 0.7506495728167848 -0.2894514455237928 -0.6420150640064173 0.6480604192119483 0.28991663625862213
1644768511.0592399 2.2214715974136956 2.4276870128863153 0.7506561116193053 -0.2894221590847011 -0.6420435796818155 0.648058412949608 0.28988721367947284
1644768511.0658329 2.2215140812565783 2.4276874866072724 0.7506530371499147 -0.2894538303236805 -0.6420944951908092 0.648017787526072 0.2898335963450255
1644768511.072424 2.2215331457948513 2.4276929571308403 0.7506600292923203 -0.289535909486512 -0.6421451250898678 0.647957001856026 0.2897753279635101
1644768511.079026 2.221530478107686 2.4276932354559064 0.7506735341427555 -0.289561064411774 -0.6421546548309491 0.6479359006849175 0.2897762713579604
1644768511.0856352 2.221473052152291 2.427747956557292 0.7506381471484491 -0.2893415114725689 -0.6422201621287237 0.6478700978419019 0.2899974221862613
1644768511.092236 2.2215065878500715 2.4277167120645875 0.7506793995542533 -0.2894717389904088 -0.6421432197639916 0.647972915897087 0.28980808807916614
1644768511.105848 2.221478405744639 2.4277814946164766 0.7506941350291254 -0.2893467890171319 -0.6422236788697268 0.6479665955757021 0.2897687255278886
1644768511.112064 2.2214482832507167 2.4278188902568236 0.7506855237567591 -0.28923357275762723 -0.6422789013411453 0.6479667826872039 0.2897588864625914
1644768511.118644 2.222228001176916 2.4283426732739954 0.7510149233132499 -0.29033260504050085 -0.6434055244065896 0.6464446475978658 0.28956013574530515
1644768511.1252701 2.2228098718905933 2.428864374894385 0.751306400414889 -0.2910426586191238 -0.6444230431502601 0.6451905021595419 0.2893817076341746
1644768511.131836 2.2215353756449128 2.427696801409873 0.750661764907282 -0.2893751424931093 -0.6421105052375001 0.648055163309792 0.2897931012387661
1644768511.138429 2.2215106235691344 2.427688829799297 0.7506636112175776 -0.2894032074999749 -0.642103982102718 0.6480041922646169 0.28989352041163546
1644768511.145029 2.2215005526577003 2.427720033334775 0.750665273501453 -0.2893609256271132 -0.6421485085731798 0.6479889396439245 0.2898712572223841
1644768511.158457 2.2214988196208756 2.4277092083305605 0.7506656125965637 -0.28941047853256724 -0.6420979794439176 0.6480387136235997 0.2898223672787819
1644768511.1714392 2.2214694056924573 2.427696802324596 0.7506646115575626 -0.2894246692068577 -0.6420753423093121 0.6480394652984176 0.2898566722116479
1644768511.1780212 2.221452863227099 2.4276917931659483 0.7506630221445545 -0.2893727374300793 -0.6420927834867425 0.6480565077320792 0.2898318260080039
1644768511.184671 2.2221911935113345 2.428168351480148 0.7509730363706019 -0.29049894733817294 -0.6431324484885916 0.6465523049933706 0.2897595163256469
1644768511.191231 2.221504066223068 2.4276892506322474 0.7506684050117869 -0.2895076692884055 -0.6420674861428848 0.6479852637349783 0.289912317310006
1644768511.197858 2.2221944337857744 2.4281600798721255 0.7509572568281915 -0.29049848474885026 -0.6430523054696748 0.6466253139184466 0.28977493380978453
1644768511.2044349 2.2221851381536983 2.428147514256412 0.7509554129697142 -0.29052737940427276 -0.6430254924341255 0.646618564031042 0.2898204994285267
1644768511.211175 2.2214621108621087 2.4276809808174735 0.7506700992785187 -0.2893675961807287 -0.6420252760382469 0.648051839828645 0.2899968495048666
1644768511.2176409 2.2215192537540616 2.427675302076147 0.7506623564064915 -0.28960892949849804 -0.6420035497704262 0.6479680198569748 0.28999140524292083
1644768511.224616 2.2215055394364027 2.427704435134712 0.7506575681767161 -0.28953276083163376 -0.642010021882316 0.6480135244887845 0.289951419581645
1644768511.2308311 2.2215078656581078 2.427710372038735 0.7506605279806114 -0.2895678810278343 -0.6419911844757094 0.6480072271883527 0.28997211375144705
1644768511.23743 2.2215006871398595 2.4276807575859283 0.7506474628892796 -0.28961742097227083 -0.6419410328912715 0.6480332682606283 0.2899754945060496
1644768511.2440221 2.222187743519775 2.42816472235253 0.7509531050053209 -0.290723728168373 -0.6429272745343836 0.6465337410814692 0.29003065128676286
