1641272036.694343090 0.16227 0.07110 0.02564 -0.72256 -0.01244 -0.19168 0.66408
1641272036.781026125 0.17637 0.06957 -0.00230 -0.73384 0.00216 -0.18848 0.65265
1641272036.867708206 0.15057 0.02594 -0.01384 -0.74526 0.01594 -0.17781 0.64244
1641272036.997731209 0.12716 0.02143 -0.03798 -0.76019 0.02636 -0.14938 0.63175
1641272037.084413052 0.10956 0.02369 -0.05246 -0.77129 0.02990 -0.12520 0.62333
1641272037.171095133 0.09117 0.02763 -0.06441 -0.77829 0.03415 -0.10426 0.61825
1641272037.257778168 0.07117 0.03491 -0.07347 -0.78192 0.03557 -0.08051 0.61713
1641272037.344460011 0.05230 0.04211 -0.07725 -0.78525 0.03994 -0.05320 0.61559
1641272037.474483013 0.02705 0.05090 -0.07060 -0.78719 0.04115 -0.01135 0.61524
1641272037.561165094 0.01601 0.05735 -0.05658 -0.78002 0.04527 0.01143 0.62401
1641272037.647848129 0.00909 0.06124 -0.03515 -0.76968 0.04700 0.02960 0.63601
1641272037.734530210 0.00832 0.06621 -0.00627 -0.75698 0.05736 0.04703 0.64922
1641272037.821212053 0.01407 0.07335 0.02521 -0.74272 0.06563 0.06720 0.66298
1641272037.951235056 0.02678 0.07808 0.06625 -0.72417 0.08220 0.07570 0.68051
1641272038.037917137 0.03821 0.08079 0.08401 -0.71579 0.08988 0.08322 0.68748
1641272038.124599218 0.04933 0.08077 0.08811 -0.71274 0.09195 0.09008 0.68952
1641272038.211282015 0.06155 0.07741 0.07592 -0.71139 0.09362 0.08609 0.69119
1641272038.297964096 0.07556 0.07455 0.05835 -0.71621 0.09989 0.08522 0.68542
1641272038.427987099 0.10198 0.07002 0.02725 -0.72614 0.10738 0.09466 0.67248
1641272038.514669180 0.12265 0.07043 0.00500 -0.73712 0.11576 0.08754 0.65999
1641272038.601352215 0.14809 0.07160 -0.01492 -0.74755 0.12646 0.07583 0.64763
1641272038.688034058 0.17876 0.07146 -0.03105 -0.75523 0.13694 0.06758 0.63742
1641272038.774716139 0.21167 0.06886 -0.04289 -0.76110 0.14648 0.05502 0.62948
1641272038.904739141 0.25855 0.06270 -0.05111 -0.76824 0.15473 0.02412 0.62071
1641272038.991421223 0.28565 0.05746 -0.04903 -0.77124 0.15108 0.00209 0.61835
1641272039.078103065 0.30988 0.05291 -0.04018 -0.77423 0.13842 -0.03067 0.61682
1641272039.164785147 0.33134 0.05108 -0.02351 -0.77261 0.12937 -0.06480 0.61817
1641272039.251432180 0.34566 0.05031 0.00123 -0.76584 0.11986 -0.08197 0.62643
1641272039.381350040 0.35555 0.04714 0.04141 -0.75423 0.10504 -0.10793 0.63910
1641272039.468032122 0.35616 0.04780 0.06657 -0.74655 0.09103 -0.13447 0.64521
1641272039.554714203 0.35017 0.05324 0.08871 -0.74312 0.07766 -0.15803 0.64558
1641272039.641396046 0.34154 0.05523 0.10629 -0.73779 0.06666 -0.16849 0.65026
1641272039.728079081 0.33191 0.05727 0.11607 -0.73197 0.06183 -0.17777 0.65483
1641272039.858102083 0.31034 0.06243 0.10687 -0.72941 0.05035 -0.19150 0.65479
1641272039.944784164 0.29347 0.06649 0.08713 -0.73208 0.04448 -0.19370 0.65159
1641272040.031466246 0.27402 0.07093 0.06297 -0.73796 0.04478 -0.18695 0.64688
1641272040.118148088 0.25357 0.07459 0.03617 -0.74440 0.05076 -0.17762 0.64167
1641272040.204831123 0.23390 0.07703 0.00978 -0.75197 0.05004 -0.16201 0.63701
1641272040.334854126 0.20436 0.08488 -0.02698 -0.76731 0.04408 -0.13821 0.62466
1641272040.421536207 0.18268 0.09005 -0.04703 -0.77767 0.04320 -0.11120 0.61725
1641272040.508219242 0.15668 0.09558 -0.06114 -0.78742 0.03606 -0.07849 0.61034
1641272040.594901085 0.12885 0.10007 -0.06683 -0.79205 0.02541 -0.04496 0.60827
1641272040.681583166 0.10328 0.10368 -0.05941 -0.79007 0.01682 -0.00925 0.61272
1641272040.811606169 0.07578 0.10536 -0.02633 -0.77084 0.00830 0.02204 0.63660
1641272040.898288012 0.06744 0.10406 0.00595 -0.75324 0.01227 0.03421 0.65674
1641272040.984970093 0.06484 0.10410 0.04404 -0.73755 0.01063 0.06050 0.67249
1641272041.071652174 0.06550 0.10046 0.08218 -0.72203 0.01223 0.07243 0.68795
1641272041.158335209 0.07040 0.10020 0.11450 -0.70737 0.01892 0.05667 0.70431
1641272041.288358212 0.08470 0.09269 0.15012 -0.69617 0.02083 0.05224 0.71567
1641272041.375040054 0.09961 0.08234 0.16101 -0.69326 0.02206 0.05030 0.71860
1641272041.461722136 0.11851 0.07961 0.15973 -0.69834 0.03253 0.04501 0.71361
1641272041.548404217 0.14000 0.07482 0.14988 -0.70720 0.04667 0.05263 0.70351
1641272041.635087013 0.16178 0.06706 0.13432 -0.71572 0.06505 0.05997 0.69276
1641272041.765110016 0.19506 0.05667 0.10387 -0.72544 0.09026 0.05578 0.68006
1641272041.851792097 0.21554 0.04656 0.08238 -0.73054 0.09751 0.05239 0.67384
1641272041.938474178 0.23767 0.03739 0.06268 -0.73889 0.10624 0.04295 0.66401
1641272042.025157213 0.26197 0.02737 0.04656 -0.75000 0.11355 0.03460 0.65070
1641272042.111839056 0.28656 0.01319 0.03919 -0.75432 0.12506 0.02445 0.64402
1641272042.241862059 0.31851 -0.01339 0.04573 -0.75441 0.13441 -0.00056 0.64250
1641272042.328544140 0.33351 -0.03691 0.05982 -0.75040 0.13302 -0.02217 0.64709
1641272042.415226221 0.34270 -0.05618 0.08192 -0.74355 0.12657 -0.05335 0.65442
1641272042.501908064 0.34812 -0.06671 0.10927 -0.74281 0.11371 -0.07935 0.65499
1641272042.588591099 0.34994 -0.06898 0.13968 -0.73865 0.10117 -0.10341 0.65838
1641272042.718614101 0.34818 -0.06484 0.18048 -0.73083 0.08050 -0.13796 0.66361
1641272042.805296183 0.34480 -0.05684 0.19594 -0.72279 0.07509 -0.14856 0.67072
1641272042.891978025 0.34163 -0.04560 0.19732 -0.72442 0.07631 -0.15296 0.66783
1641272042.978660107 0.33698 -0.03419 0.18441 -0.72928 0.08149 -0.15361 0.66175
1641272043.065343142 0.32768 -0.02138 0.16140 -0.73990 0.08424 -0.13779 0.65304
1641272043.152025223 0.31621 -0.01026 0.13518 -0.75046 0.08877 -0.10973 0.64567
1641272043.282048225 0.29011 0.00695 0.10367 -0.76337 0.09117 -0.06069 0.63661
1641272043.368730068 0.26798 0.02010 0.09001 -0.76990 0.08363 -0.03327 0.63178
1641272043.455413103 0.24339 0.03288 0.08356 -0.77607 0.06592 -0.01326 0.62705
1641272043.542095184 0.21849 0.04369 0.08486 -0.77806 0.04413 0.00625 0.62661
1641272043.628777027 0.19343 0.05363 0.09422 -0.77379 0.02378 0.02049 0.63266
1641272043.758800030 0.16416 0.06757 0.12606 -0.76117 -0.00098 0.04270 0.64715
1641272043.845482111 0.15178 0.07407 0.15986 -0.74555 -0.00948 0.06260 0.66344
1641272043.932164192 0.14494 0.07838 0.19501 -0.72655 -0.01716 0.06335 0.68398
1641272044.018847227 0.14443 0.08156 0.22542 -0.71386 -0.01911 0.05298 0.69802
1641272044.105529070 0.15015 0.08086 0.24753 -0.70451 -0.01818 0.04962 0.70773
1641272044.235552073 0.16831 0.07623 0.25969 -0.70026 -0.00120 0.04021 0.71275
1641272044.322234154 0.18474 0.07258 0.25499 -0.70361 0.01368 0.03611 0.70954
1641272044.408916235 0.20520 0.05972 0.24374 -0.70717 0.03285 0.03319 0.70550
1641272044.495599031 0.22654 0.04131 0.22943 -0.71010 0.05254 0.02861 0.70155
1641272044.582281113 0.24659 0.01945 0.21676 -0.71307 0.07068 0.02767 0.69697
1641272044.712304115 0.27185 -0.01622 0.20139 -0.72019 0.08905 0.03535 0.68713
1641272044.798986197 0.28711 -0.04193 0.19452 -0.72197 0.10396 0.04395 0.68266
1641272044.885668039 0.30263 -0.06871 0.19073 -0.72139 0.11480 0.04577 0.68141
1641272044.972351074 0.31661 -0.09187 0.19304 -0.72154 0.12363 0.03419 0.68039
1641272045.059033155 0.32704 -0.11012 0.20240 -0.72309 0.12182 0.01910 0.67966
1641272045.189056158 0.33338 -0.12852 0.22302 -0.72616 0.10726 -0.01092 0.67902
1641272045.275738239 0.33200 -0.13429 0.23624 -0.72638 0.09257 -0.04190 0.67975
1641272045.362420082 0.32679 -0.13475 0.24543 -0.72814 0.07875 -0.06823 0.67746
1641272045.449102163 0.31864 -0.13010 0.24563 -0.73023 0.06451 -0.08374 0.67497
1641272045.535785198 0.30950 -0.12138 0.23383 -0.73335 0.05444 -0.07386 0.67363
1641272045.665808201 0.29388 -0.09524 0.19556 -0.74686 0.05036 -0.04345 0.66165
1641272045.752490044 0.27997 -0.07655 0.16422 -0.75569 0.04709 -0.01874 0.65297
1641272045.839172125 0.26527 -0.05774 0.13281 -0.76027 0.03990 0.00023 0.64837
1641272045.925854206 0.24969 -0.04028 0.10098 -0.75937 0.03353 -0.00250 0.64979
1641272046.012537241 0.23393 -0.02119 0.06932 -0.76397 0.03166 -0.01240 0.64435
1641272046.142561197 0.20557 0.00679 0.03009 -0.77752 0.01964 0.01781 0.62830
1641272046.229242086 0.18374 0.02579 0.01102 -0.78155 0.01260 0.03880 0.62251
1641272046.315924168 0.16170 0.04312 -0.00135 -0.78072 0.00396 0.05700 0.62226
1641272046.402606010 0.13996 0.06009 -0.00412 -0.78127 -0.00786 0.08258 0.61865
1641272046.489289045 0.12034 0.07688 0.00259 -0.77635 -0.01604 0.10715 0.62091
1641272046.619312048 0.10246 0.09433 0.03446 -0.75925 -0.01968 0.14542 0.63404
1641272046.705994129 0.09692 0.10319 0.06728 -0.74274 -0.02052 0.15923 0.65005
1641272046.792677164 0.09727 0.10951 0.10441 -0.72483 -0.02313 0.15983 0.66973
1641272046.879359245 0.10454 0.11123 0.14007 -0.70773 -0.02069 0.15362 0.68926
1641272046.966041088 0.11799 0.11230 0.17079 -0.69741 -0.01707 0.14555 0.70152
1641272047.096064091 0.15074 0.11628 0.19783 -0.69450 0.00227 0.14512 0.70470
1641272047.182746172 0.17941 0.12250 0.19994 -0.70157 0.01881 0.14758 0.69689
1641272047.269428015 0.21378 0.12875 0.19015 -0.70520 0.04284 0.13619 0.69449
1641272047.356110096 0.25252 0.13254 0.17219 -0.71128 0.06669 0.11836 0.68966
1641272047.442793131 0.29239 0.13279 0.14947 -0.71992 0.09260 0.09547 0.68119
1641272047.572816133 0.35077 0.12083 0.11315 -0.72706 0.13871 0.07848 0.66782
1641272047.659499168 0.38865 0.10842 0.09349 -0.73135 0.16395 0.06135 0.65915
1641272047.746181011 0.42313 0.09675 0.08269 -0.73879 0.17902 0.02770 0.64913
1641272047.832863092 0.45322 0.08315 0.08544 -0.74059 0.18853 -0.00628 0.64494
1641272047.919545174 0.47869 0.06569 0.10062 -0.73510 0.19522 -0.03031 0.64854
1641272048.049568176 0.50105 0.04445 0.13984 -0.72058 0.19279 -0.06998 0.66235
1641272048.136250019 0.50639 0.03534 0.16906 -0.71282 0.18488 -0.09699 0.66955
1641272048.222932100 0.50788 0.02600 0.19374 -0.70944 0.17770 -0.10791 0.67341
1641272048.309614182 0.49980 0.01854 0.20837 -0.70925 0.16591 -0.10740 0.67669
1641272048.396297216 0.48313 0.01913 0.20620 -0.71622 0.15059 -0.11547 0.67158
1641272048.526320219 0.45408 0.01415 0.17911 -0.73393 0.13645 -0.09560 0.65848
1641272048.613003016 0.43039 0.01341 0.15397 -0.74632 0.13577 -0.07804 0.64690
1641272048.699685097 0.40541 0.01342 0.12675 -0.76136 0.12733 -0.06223 0.63265
1641272048.786367178 0.37559 0.01083 0.10100 -0.76888 0.10851 -0.02527 0.62961
1641272048.873049021 0.34199 0.01381 0.07653 -0.77495 0.09734 0.00773 0.62443
1641272049.003072023 0.28857 0.02555 0.04293 -0.78901 0.06054 0.03142 0.61058
1641272049.089755058 0.25125 0.03293 0.02433 -0.79232 0.02354 0.05945 0.60674
1641272049.176436186 0.21482 0.04258 0.01042 -0.79800 -0.00414 0.08113 0.59716
1641272049.263118029 0.18279 0.05287 0.00386 -0.80090 -0.02658 0.10332 0.58921
1641272049.349801064 0.15529 0.06332 0.00414 -0.79744 -0.05455 0.12990 0.58672
1641272049.479824066 0.11949 0.07907 0.01846 -0.78775 -0.08050 0.14313 0.59371
1641272049.566506147 0.10337 0.09018 0.03954 -0.77995 -0.09534 0.15491 0.59883
1641272049.653188229 0.09770 0.10064 0.06844 -0.76778 -0.10432 0.16488 0.61028
1641272049.739871025 0.10201 0.11437 0.10044 -0.75277 -0.09985 0.16287 0.62995
1641272049.826553106 0.11399 0.12868 0.13354 -0.74072 -0.09348 0.16281 0.64505
1641272049.956576109 0.14407 0.14458 0.17272 -0.72465 -0.08039 0.15260 0.66718
1641272050.043258190 0.17086 0.15503 0.18473 -0.72094 -0.07107 0.14462 0.67400
1641272050.129940033 0.20186 0.16097 0.18465 -0.72480 -0.05605 0.13680 0.67292
1641272050.216623068 0.23793 0.16731 0.17371 -0.73383 -0.03747 0.12759 0.66619
1641272050.303305149 0.27467 0.17570 0.15473 -0.74073 -0.02043 0.11563 0.66147
1641272050.389987230 0.31177 0.18109 0.13349 -0.74858 -0.00100 0.10361 0.65489
1641272050.520010233 0.36644 0.18075 0.10510 -0.75767 0.03925 0.10694 0.64262
1641272050.606692076 0.40332 0.17379 0.09312 -0.76400 0.05600 0.10704 0.63381
1641272050.693374157 0.43999 0.16683 0.09255 -0.77248 0.08248 0.09269 0.62280
1641272050.780057192 0.47577 0.15610 0.10519 -0.77422 0.09739 0.08348 0.61978
1641272050.866739035 0.50805 0.14880 0.12946 -0.77280 0.10842 0.06170 0.62227
1641272050.996762037 0.54532 0.14130 0.17450 -0.76948 0.11052 0.03645 0.62797
1641272051.083444118 0.56481 0.13913 0.20301 -0.76800 0.11063 0.02221 0.63043
1641272051.170127153 0.57807 0.13587 0.22883 -0.76537 0.10786 0.00412 0.63447
1641272051.256809235 0.58724 0.13198 0.25329 -0.76140 0.10801 -0.00967 0.63914
1641272051.343491077 0.59141 0.12578 0.27240 -0.75587 0.10524 -0.01191 0.64610
1641272051.473514080 0.58813 0.12280 0.27911 -0.76240 0.09741 -0.01536 0.63954
1641272051.560196161 0.57839 0.12535 0.26704 -0.76960 0.09485 -0.01911 0.63116
1641272051.646878242 0.56400 0.12835 0.24326 -0.77361 0.09729 -0.01611 0.62595
1641272051.733561039 0.54290 0.13006 0.21072 -0.77929 0.09825 -0.01233 0.61879
1641272051.820243120 0.51793 0.12891 0.17612 -0.78567 0.09564 -0.01025 0.61112
1641272051.950266123 0.47285 0.12573 0.12732 -0.78915 0.08864 0.00619 0.60775
1641272052.036949158 0.43672 0.12665 0.09407 -0.79256 0.07529 0.02045 0.60479
1641272052.123631239 0.39626 0.12903 0.06093 -0.79747 0.05543 0.03661 0.59970
1641272052.210313082 0.35424 0.12815 0.03242 -0.80592 0.03067 0.05973 0.58821
1641272052.296995163 0.31120 0.12096 0.01283 -0.80659 0.00539 0.07490 0.58632
1641272052.427018166 0.25031 0.10962 0.00728 -0.80408 -0.02322 0.11441 0.58295
1641272052.513700247 0.21106 0.10470 0.01565 -0.79736 -0.04356 0.14926 0.58313
1641272052.600382090 0.17590 0.10432 0.03215 -0.78914 -0.06366 0.17273 0.58598
1641272052.687065125 0.14835 0.10371 0.05704 -0.77247 -0.08348 0.19032 0.60008
1641272052.773747206 0.13004 0.10524 0.08810 -0.75420 -0.10278 0.20833 0.61418
1641272052.903770208 0.11672 0.10944 0.13867 -0.73177 -0.11525 0.21944 0.63488
1641272052.990452051 0.11591 0.11046 0.17021 -0.71735 -0.11849 0.22549 0.64847
1641272053.077134132 0.12066 0.11151 0.19492 -0.70924 -0.11094 0.22891 0.65747
1641272053.163816214 0.13212 0.11374 0.20985 -0.70966 -0.08758 0.23017 0.66010
1641272053.250499010 0.15223 0.11508 0.21200 -0.71256 -0.06129 0.23468 0.65835
1641272053.380522013 0.18756 0.11455 0.19547 -0.72101 -0.02422 0.23113 0.65279
1641272053.467205048 0.21394 0.11498 0.17617 -0.73287 0.00134 0.22640 0.64159
1641272053.553886175 0.23926 0.11780 0.15199 -0.74768 0.02186 0.21574 0.62766
1641272053.640569210 0.26658 0.11955 0.12879 -0.76259 0.03904 0.19552 0.61539
1641272053.727251053 0.29815 0.12034 0.11107 -0.77323 0.05909 0.17609 0.60632
1641272053.857274055 0.34974 0.11717 0.09471 -0.78631 0.08722 0.14046 0.59530
1641272053.943956137 0.38455 0.11369 0.09106 -0.79357 0.09985 0.10788 0.59046
1641272054.030638218 0.41603 0.10515 0.09475 -0.79552 0.10787 0.07519 0.59149
1641272054.117321014 0.44129 0.09659 0.10660 -0.79221 0.11087 0.04351 0.59852
1641272054.204003096 0.45887 0.08695 0.12643 -0.78402 0.11043 0.01236 0.61071
1641272054.334026098 0.47102 0.07033 0.16314 -0.76466 0.09861 -0.01665 0.63663
1641272054.420708179 0.47256 0.06224 0.18683 -0.75735 0.08765 -0.03756 0.64601
1641272054.507390022 0.46925 0.05626 0.20398 -0.75435 0.07358 -0.06094 0.64948
1641272054.594072104 0.45934 0.05245 0.20846 -0.75776 0.05926 -0.08466 0.64430
1641272054.680755138 0.44466 0.04960 0.19915 -0.76458 0.04465 -0.08695 0.63708
1641272054.810778141 0.40954 0.04630 0.16804 -0.78429 0.02312 -0.05270 0.61772
1641272054.897460222 0.37927 0.04526 0.14645 -0.79240 0.00965 -0.01824 0.60966
1641272054.984143019 0.34586 0.04572 0.12698 -0.79907 -0.00489 0.00735 0.60117
1641272055.070824146 0.31120 0.04611 0.10943 -0.80215 -0.01648 0.03083 0.59610
1641272055.157507181 0.27802 0.04656 0.09310 -0.80793 -0.02357 0.06098 0.58565
1641272055.287530184 0.22942 0.04561 0.06820 -0.80930 -0.03145 0.08098 0.58094
1641272055.374212027 0.19750 0.04415 0.05653 -0.80935 -0.03860 0.10512 0.57655
1641272055.460894108 0.16614 0.04228 0.05105 -0.80628 -0.05113 0.13494 0.57366
1641272055.547576189 0.13624 0.04274 0.05339 -0.80084 -0.06532 0.15412 0.57501
1641272055.634259224 0.11032 0.04591 0.06445 -0.79113 -0.07084 0.17265 0.58249
1641272055.764282227 0.08396 0.04981 0.09457 -0.77028 -0.08492 0.19152 0.60231
1641272055.850964069 0.07355 0.05701 0.11943 -0.75248 -0.08478 0.17676 0.62876
1641272055.937646151 0.06734 0.06463 0.14572 -0.73868 -0.07720 0.16280 0.64954
1641272056.024328232 0.06806 0.07220 0.17109 -0.72011 -0.06403 0.18099 0.66677
1641272056.111011028 0.07060 0.08173 0.18978 -0.70597 -0.05635 0.17488 0.68400
1641272056.241034031 0.07956 0.09440 0.20526 -0.70424 -0.03844 0.17644 0.68661
1641272056.327716112 0.09107 0.10127 0.21101 -0.70822 -0.03399 0.21578 0.67135
1641272056.414398193 0.10710 0.10485 0.21281 -0.70793 -0.01368 0.23838 0.66469
1641272056.501080036 0.12662 0.11083 0.21081 -0.71137 0.00560 0.24160 0.65996
1641272056.587763071 0.15262 0.11475 0.20646 -0.71159 0.02216 0.24762 0.65714
1641272056.717786074 0.19652 0.12201 0.19428 -0.72072 0.04509 0.22725 0.65337
1641272056.804468155 0.22775 0.12505 0.17759 -0.73330 0.05487 0.21050 0.64417
1641272056.891150236 0.25922 0.12880 0.15409 -0.74418 0.05603 0.19027 0.63785
1641272056.977833033 0.29229 0.13332 0.13063 -0.74958 0.07625 0.16002 0.63774
1641272057.064515114 0.32686 0.13968 0.11593 -0.75199 0.09571 0.14784 0.63521
1641272057.194538116 0.38200 0.15247 0.11240 -0.75484 0.13863 0.11438 0.63080
1641272057.281220198 0.41648 0.15716 0.11900 -0.75631 0.15198 0.08652 0.63041
1641272057.367902040 0.44806 0.16181 0.13497 -0.75434 0.16446 0.05672 0.63301
1641272057.454585075 0.47755 0.16444 0.15848 -0.74964 0.17312 0.03743 0.63770
1641272057.541267157 0.50258 0.16621 0.18519 -0.74152 0.18009 0.02137 0.64595
1641272057.627949238 0.52476 0.16776 0.21435 -0.73476 0.18352 -0.00119 0.65302
1641272057.757972240 0.55152 0.16664 0.25853 -0.72413 0.17838 -0.03238 0.66541
1641272057.844654083 0.56260 0.16174 0.28387 -0.71749 0.16861 -0.05346 0.67374
1641272057.931336164 0.56724 0.16365 0.30538 -0.71463 0.15938 -0.07474 0.67699
1641272058.018018246 0.56844 0.16939 0.31746 -0.71824 0.14934 -0.09533 0.67286
1641272058.104701042 0.56535 0.17672 0.31734 -0.72698 0.14429 -0.11520 0.66137
1641272058.234724045 0.55606 0.18008 0.29424 -0.73530 0.15408 -0.12484 0.64808
1641272058.321407080 0.54399 0.17801 0.26577 -0.74868 0.15795 -0.12099 0.63237
1641272058.408089161 0.52842 0.17270 0.22872 -0.76045 0.16467 -0.12690 0.61522
1641272058.494771242 0.50603 0.16258 0.19225 -0.76915 0.17228 -0.12431 0.60272
1641272058.581453085 0.47603 0.15008 0.15803 -0.77509 0.17100 -0.11940 0.59644
1641272058.711476088 0.41904 0.13100 0.11127 -0.78729 0.15800 -0.10733 0.58625
1641272058.798158169 0.37943 0.11948 0.08345 -0.79525 0.13678 -0.09435 0.58306
1641272058.884840012 0.34018 0.10934 0.06160 -0.79800 0.12050 -0.07543 0.58565
1641272058.971522093 0.30155 0.09847 0.04480 -0.80373 0.10065 -0.04889 0.58437
1641272059.058205128 0.26285 0.08545 0.03344 -0.80791 0.07644 -0.02217 0.58391
1641272059.188228130 0.20704 0.06549 0.02339 -0.80671 0.03234 0.01563 0.58986
1641272059.274910212 0.17261 0.05326 0.01788 -0.80689 0.00754 0.04157 0.58919
1641272059.361592054 0.13930 0.03982 0.01374 -0.80509 -0.02092 0.06602 0.58910
1641272059.448274136 0.11010 0.02933 0.01359 -0.79845 -0.04115 0.08699 0.59432
1641272059.534957170 0.08759 0.02183 0.01872 -0.79417 -0.06484 0.11364 0.59345
1641272059.664980173 0.05656 0.01260 0.03617 -0.78092 -0.09245 0.15334 0.59841
1641272059.751662016 0.03780 0.00877 0.05315 -0.76989 -0.11084 0.18246 0.60141
1641272059.838344097 0.02085 0.00545 0.07253 -0.75591 -0.12411 0.20688 0.60860
1641272059.925027132 0.00723 0.00412 0.09518 -0.74323 -0.13509 0.23615 0.61122
1641272060.011709213 -0.00359 0.00580 0.12025 -0.72875 -0.14333 0.25411 0.61952
1641272060.141732216 -0.00400 0.01963 0.16379 -0.70852 -0.13263 0.27577 0.63589
1641272060.228414059 0.00659 0.03077 0.19009 -0.69910 -0.11587 0.29528 0.64081
1641272060.315096140 0.02291 0.04318 0.20899 -0.70042 -0.09225 0.30695 0.63772
1641272060.401778221 0.04516 0.05124 0.21631 -0.69989 -0.07251 0.31777 0.63554
1641272060.488461018 0.07250 0.05112 0.20849 -0.70104 -0.05096 0.31489 0.63780
1641272060.618484020 0.11635 0.04722 0.18614 -0.70756 -0.01214 0.29926 0.64005
1641272060.705166101 0.14611 0.04154 0.16820 -0.71491 0.00699 0.29049 0.63598
1641272060.791849136 0.17332 0.03518 0.15085 -0.72300 0.02623 0.27363 0.63381
1641272060.878530025 0.20060 0.02532 0.13478 -0.73065 0.03996 0.25377 0.63258
1641272060.965213060 0.22771 0.01233 0.12093 -0.73542 0.05312 0.23300 0.63407
1641272061.095236063 0.26478 -0.00991 0.10421 -0.73877 0.07446 0.21001 0.63606
1641272061.181918144 0.28605 -0.02734 0.09404 -0.74453 0.08658 0.19176 0.63356
1641272061.268600225 0.30705 -0.04631 0.08460 -0.75184 0.09564 0.16973 0.62991
1641272061.355283022 0.32909 -0.06665 0.07978 -0.75803 0.10914 0.14693 0.62602
1641272061.441965103 0.35047 -0.08746 0.08144 -0.75986 0.12575 0.12535 0.62537
1641272061.571988106 0.37650 -0.11690 0.09707 -0.76117 0.14341 0.09381 0.62550
1641272061.658670187 0.38676 -0.13748 0.11229 -0.76319 0.14282 0.07584 0.62562
1641272061.745352030 0.39050 -0.16021 0.12779 -0.76344 0.13089 0.05902 0.62972
1641272061.832034111 0.39397 -0.18232 0.14216 -0.76499 0.12372 0.04584 0.63038
1641272061.918717146 0.39549 -0.19808 0.15345 -0.76749 0.12177 0.03474 0.62843
1641272062.048740149 0.39445 -0.21642 0.15142 -0.77441 0.11590 0.02950 0.62128
1641272062.135422230 0.39178 -0.22026 0.13771 -0.78018 0.11222 0.02505 0.61489
1641272062.222104073 0.38681 -0.21765 0.11346 -0.78971 0.10315 0.01665 0.60452
1641272062.308787107 0.38059 -0.20835 0.08447 -0.80405 0.09557 0.01424 0.58666
1641272062.395469189 0.37282 -0.19420 0.05526 -0.81117 0.09030 0.01908 0.57749
1641272062.525492191 0.35452 -0.16909 0.01032 -0.81858 0.06295 0.03805 0.56967
1641272062.612174034 0.33909 -0.14742 -0.01845 -0.82720 0.04557 0.04964 0.55786
1641272062.698856115 0.32347 -0.12142 -0.04620 -0.83162 0.03045 0.06483 0.55071
1641272062.785538197 0.30822 -0.09140 -0.07049 -0.83109 0.02365 0.09031 0.54824
1641272062.872221231 0.29208 -0.05787 -0.09159 -0.83223 0.00882 0.11495 0.54231
1641272063.002244234 0.26505 -0.00094 -0.11873 -0.83519 -0.02430 0.14364 0.53031
1641272063.088926077 0.24522 0.04021 -0.12785 -0.82885 -0.04741 0.16950 0.53107
1641272063.175608158 0.22562 0.08394 -0.13104 -0.82076 -0.06951 0.19359 0.53295
1641272063.262290239 0.20758 0.12772 -0.12843 -0.80865 -0.08886 0.21513 0.54029
1641272063.348973036 0.19251 0.16830 -0.11478 -0.79704 -0.10699 0.22753 0.54909
1641272063.478996038 0.18168 0.21332 -0.06611 -0.77493 -0.12181 0.23158 0.57534
1641272063.565678120 0.18116 0.23434 -0.02046 -0.76214 -0.12338 0.22658 0.59379
1641272063.652360201 0.18708 0.24715 0.03274 -0.75026 -0.12396 0.22067 0.61078
1641272063.739042044 0.19600 0.25195 0.09018 -0.74291 -0.12894 0.21566 0.62044
1641272063.825725079 0.20688 0.24677 0.15105 -0.73561 -0.12947 0.20351 0.63301
1641272063.955748081 0.22594 0.22842 0.24147 -0.72065 -0.12765 0.18193 0.65671
1641272064.042430162 0.24402 0.20763 0.29404 -0.71373 -0.11517 0.16078 0.67192
1641272064.129112244 0.26292 0.18426 0.33411 -0.70654 -0.09304 0.13290 0.68882
1641272064.215794086 0.28291 0.16045 0.36197 -0.70275 -0.07044 0.10604 0.69996
1641272064.302477121 0.30600 0.13676 0.37625 -0.70151 -0.04931 0.07953 0.70649
1641272064.432500124 0.33614 0.09797 0.37601 -0.70297 -0.00992 0.03423 0.71032
1641272064.519183159 0.35870 0.07313 0.36047 -0.70754 0.02398 0.01175 0.70617
1641272064.605864048 0.38310 0.05409 0.33660 -0.71547 0.06602 0.01030 0.69545
1641272064.692547083 0.40581 0.03601 0.30293 -0.72416 0.10245 0.01838 0.68174
1641272064.779229164 0.42463 0.02143 0.25855 -0.73430 0.12554 0.03065 0.66641
1641272064.909252167 0.44156 0.01094 0.18545 -0.74880 0.14697 0.05529 0.64392
1641272064.995935202 0.44974 0.01070 0.13369 -0.76170 0.15585 0.05150 0.62679
1641272065.082617044 0.45374 0.01004 0.08447 -0.77701 0.16833 0.05236 0.60430
1641272065.169299126 0.44654 0.01769 0.03939 -0.78896 0.16517 0.04860 0.58983
1641272065.255981207 0.42611 0.03883 0.00104 -0.80356 0.15035 0.04201 0.57439
1641272065.342663050 0.40262 0.05939 -0.03438 -0.81332 0.12631 0.04949 0.56578
1641272065.472686052 0.36745 0.09608 -0.06915 -0.82037 0.09519 0.10283 0.55439
1641272065.559368134 0.34199 0.11702 -0.07809 -0.81680 0.06602 0.13105 0.55795
1641272065.646051168 0.31676 0.14306 -0.07014 -0.80985 0.03279 0.15964 0.56355
1641272065.732733011 0.29425 0.16846 -0.04641 -0.79264 -0.00464 0.18608 0.58058
1641272065.819415092 0.27756 0.19050 -0.01204 -0.77198 -0.04253 0.19805 0.60251
1641272065.949438095 0.27183 0.21551 0.05843 -0.73935 -0.07135 0.21884 0.63276
1641272066.036120176 0.27769 0.22920 0.10610 -0.71979 -0.07943 0.22233 0.65281
1641272066.122802019 0.29060 0.23440 0.15103 -0.70493 -0.08031 0.22310 0.66847
1641272066.209485054 0.31236 0.23351 0.19356 -0.69346 -0.07196 0.21249 0.68468
1641272066.296167135 0.33851 0.23284 0.22899 -0.69113 -0.06292 0.19441 0.69324
1641272066.426190138 0.39116 0.22121 0.26517 -0.68429 -0.02841 0.18951 0.70358
1641272066.512872219 0.43274 0.20912 0.26927 -0.67601 0.00716 0.19224 0.71134
1641272066.599554062 0.47323 0.19923 0.25782 -0.67485 0.04416 0.19492 0.71038
1641272066.686237097 0.51496 0.18650 0.23409 -0.67821 0.07809 0.18878 0.70590
1641272066.772919178 0.55841 0.17176 0.20562 -0.69090 0.10523 0.16952 0.69487
1641272066.902942181 0.61935 0.15423 0.17678 -0.71012 0.13778 0.12576 0.67892
1641272066.989624023 0.65467 0.14161 0.17560 -0.71387 0.15123 0.09031 0.67776
1641272067.076307058 0.68397 0.12706 0.18990 -0.71064 0.15417 0.06439 0.68342
1641272067.162989140 0.70486 0.11664 0.21027 -0.71025 0.15071 0.03303 0.68683
1641272067.249671221 0.71326 0.10905 0.23340 -0.70777 0.14296 0.00283 0.69182
1641272067.379694223 0.70175 0.11372 0.26072 -0.70748 0.12157 -0.02264 0.69583
1641272067.466376066 0.68487 0.12722 0.26507 -0.71539 0.10751 -0.03094 0.68972
1641272067.553059101 0.66450 0.13643 0.25589 -0.72656 0.09750 -0.02878 0.67954
1641272067.639740229 0.63789 0.14170 0.23349 -0.73250 0.09240 -0.02469 0.67401
1641272067.726423025 0.60844 0.14205 0.20414 -0.73851 0.08881 -0.00953 0.66830
1641272067.856446028 0.54929 0.13506 0.15112 -0.75764 0.07592 0.01010 0.64816
1641272067.943129063 0.50081 0.11994 0.11360 -0.76516 0.05531 0.02612 0.64093
1641272068.029811144 0.45178 0.10053 0.07916 -0.77346 0.03499 0.04863 0.63101
1641272068.116493225 0.40506 0.07734 0.04987 -0.77158 0.01923 0.06629 0.63237
1641272068.203175068 0.35831 0.04969 0.02440 -0.77322 -0.00024 0.08579 0.62831
1641272068.333198071 0.29429 0.00710 -0.00635 -0.78527 -0.04143 0.11484 0.60699
1641272068.419880152 0.25474 -0.02436 -0.01665 -0.78856 -0.06472 0.13847 0.59566
1641272068.506562233 0.21690 -0.05817 -0.01975 -0.77729 -0.08788 0.16290 0.60129
1641272068.593244076 0.18022 -0.08720 -0.01792 -0.77452 -0.10838 0.18454 0.59524
1641272068.679927111 0.14637 -0.11491 -0.01279 -0.76915 -0.12534 0.20663 0.59161
1641272068.809950113 0.11475 -0.14248 0.01300 -0.75736 -0.13797 0.25349 0.58576
1641272068.896632195 0.09098 -0.16278 0.03670 -0.74389 -0.15949 0.27645 0.58716
1641272068.983315229 0.07471 -0.18176 0.06796 -0.72897 -0.18114 0.29495 0.59059
1641272069.069996119 0.06412 -0.19783 0.10286 -0.70721 -0.20032 0.31475 0.60055
1641272069.156679153 0.05734 -0.21149 0.13725 -0.68842 -0.21509 0.32110 0.61377
1641272069.286702156 0.05839 -0.21847 0.18681 -0.66737 -0.22298 0.32134 0.63375
1641272069.373384237 0.06695 -0.21634 0.21552 -0.65933 -0.21235 0.31611 0.64828
1641272069.460066080 0.07971 -0.21456 0.24070 -0.65467 -0.19804 0.31286 0.65902
1641272069.546748161 0.09903 -0.20729 0.26089 -0.65183 -0.17855 0.30827 0.66949
1641272069.633431196 0.12249 -0.19427 0.27742 -0.65420 -0.15872 0.29725 0.67711
1641272069.763454199 0.16562 -0.16134 0.28948 -0.66416 -0.11645 0.27729 0.68443
1641272069.850136042 0.19675 -0.13386 0.28569 -0.67342 -0.08635 0.26000 0.68663
1641272069.936818123 0.22740 -0.10737 0.27042 -0.68742 -0.05591 0.24297 0.68213
1641272070.023500204 0.25685 -0.08159 0.24452 -0.70213 -0.02675 0.23075 0.67309
1641272070.110183239 0.28467 -0.05918 0.20861 -0.71763 -0.00246 0.21160 0.66350
1641272070.240206242 0.31789 -0.03072 0.14575 -0.73900 0.02897 0.19298 0.64482
1641272070.326889038 0.33992 -0.02321 0.10613 -0.74709 0.05130 0.17949 0.63797
1641272070.413570166 0.35940 -0.02148 0.06891 -0.75676 0.07184 0.15732 0.63040
1641272070.500253201 0.37608 -0.02535 0.03561 -0.76464 0.09024 0.12633 0.62547
1641272070.586935043 0.39286 -0.03246 0.00907 -0.77438 0.10789 0.10013 0.61536
1641272070.716958046 0.41856 -0.04889 -0.01251 -0.78517 0.13183 0.03106 0.60429
1641272070.803641081 0.43314 -0.06075 -0.00821 -0.78436 0.14141 -0.02524 0.60344
1641272070.890322208 0.44562 -0.06898 0.01222 -0.77471 0.14858 -0.07293 0.61026
1641272070.977004051 0.45111 -0.07522 0.04166 -0.76194 0.14573 -0.11536 0.62040
1641272071.063687086 0.44365 -0.07832 0.07308 -0.74958 0.13462 -0.15544 0.62917
1641272071.193710089 0.42286 -0.08135 0.09578 -0.73464 0.11357 -0.20679 0.63611
1641272071.280392170 0.40316 -0.07588 0.08902 -0.73338 0.10637 -0.22338 0.63320
1641272071.367074013 0.37814 -0.06879 0.06421 -0.74083 0.10040 -0.22429 0.62512
1641272071.453757048 0.35116 -0.06439 0.02999 -0.75222 0.09546 -0.21922 0.61400
1641272071.540439129 0.32614 -0.05633 -0.00940 -0.76682 0.09122 -0.20700 0.60068
1641272071.670462132 0.28919 -0.04151 -0.06562 -0.78868 0.08143 -0.18855 0.57949
1641272071.757144213 0.26694 -0.02845 -0.09832 -0.79497 0.07462 -0.16875 0.57791
1641272071.843826056 0.24436 -0.01259 -0.12389 -0.80000 0.06844 -0.13743 0.58003
1641272071.930508137 0.21768 -0.00080 -0.14097 -0.80379 0.06373 -0.10130 0.58275
1641272072.017191172 0.18399 0.01132 -0.14894 -0.80570 0.05956 -0.05790 0.58648
1641272072.147214174 0.13881 0.03013 -0.14431 -0.80332 0.04148 -0.00206 0.59409
1641272072.233897209 0.11023 0.03676 -0.12530 -0.79223 0.03102 0.03065 0.60867
1641272072.320579052 0.08451 0.04358 -0.09541 -0.77676 0.01702 0.04178 0.62818
1641272072.407260180 0.07516 0.05013 -0.05741 -0.76255 0.01135 0.05204 0.64473
1641272072.493943214 0.07766 0.05510 -0.01568 -0.74803 0.01897 0.06470 0.66023
1641272072.580625057 0.08673 0.05953 0.02690 -0.73482 0.03286 0.07329 0.67348
1641272072.710648060 0.10674 0.05546 0.08857 -0.71165 0.06156 0.08734 0.69436
1641272072.797330141 0.12875 0.04510 0.12121 -0.70453 0.09166 0.09857 0.69679
1641272072.884012222 0.15280 0.03339 0.13955 -0.69563 0.11984 0.10453 0.70058
1641272072.970694065 0.17422 0.02001 0.13762 -0.69618 0.14238 0.09578 0.69706
1641272073.057377100 0.19380 0.00577 0.11860 -0.70319 0.16626 0.08909 0.68552
1641272073.187400103 0.21669 -0.01576 0.07086 -0.72373 0.19007 0.08527 0.65789
1641272073.274082184 0.22829 -0.03705 0.03851 -0.73188 0.19854 0.08141 0.64677
1641272073.360764027 0.23837 -0.06655 0.00868 -0.74085 0.19985 0.07680 0.63664
1641272073.447447062 0.24444 -0.09634 -0.01909 -0.75501 0.19659 0.06503 0.62216
1641272073.534129143 0.24578 -0.12904 -0.04028 -0.76537 0.18408 0.05454 0.61429
1641272073.664152145 0.24412 -0.18591 -0.05702 -0.77477 0.14644 0.03548 0.61403
1641272073.750834227 0.24047 -0.22250 -0.05760 -0.78233 0.11471 0.02750 0.61159
1641272073.837516069 0.23534 -0.25919 -0.05230 -0.78803 0.08276 0.02253 0.60963
1641272073.924198151 0.22980 -0.29459 -0.04636 -0.79115 0.05680 0.01545 0.60878
1641272074.010881186 0.22430 -0.32671 -0.04365 -0.79905 0.04010 0.01141 0.59982
1641272074.140904188 0.21886 -0.36024 -0.04337 -0.80949 0.03916 0.01579 0.58561
1641272074.227586031 0.21648 -0.37369 -0.05076 -0.81571 0.04031 0.02211 0.57663
1641272074.314268112 0.21155 -0.37737 -0.06464 -0.82191 0.04138 0.02249 0.56767
1641272074.400950193 0.20567 -0.37193 -0.08550 -0.83252 0.03270 0.02425 0.55249
1641272074.487633228 0.19954 -0.35858 -0.10638 -0.84074 0.02791 0.03314 0.53971
1641272074.617656231 0.18629 -0.33009 -0.13258 -0.84979 0.02466 0.05271 0.52390
1641272074.704338074 0.17603 -0.31056 -0.14647 -0.85288 0.01627 0.05928 0.51847
1641272074.791020155 0.16656 -0.28635 -0.15482 -0.85431 0.01281 0.06835 0.51509
1641272074.877702236 0.15815 -0.26146 -0.15977 -0.85223 0.01214 0.08816 0.51555
1641272074.964385033 0.14903 -0.23494 -0.16328 -0.84884 0.01251 0.09931 0.51910
1641272075.094408035 0.13547 -0.19642 -0.15788 -0.83481 0.01391 0.11194 0.53885
1641272075.181090117 0.12572 -0.16866 -0.14683 -0.82591 0.01781 0.12043 0.55050
1641272075.267773151 0.11698 -0.14628 -0.12573 -0.81142 0.01816 0.12582 0.57046
1641272075.354455233 0.11085 -0.12696 -0.09544 -0.79538 0.01382 0.12692 0.59251
1641272075.441137075 0.10443 -0.11195 -0.05628 -0.77464 0.00641 0.13118 0.61862
1641272075.571160078 0.09756 -0.10175 0.01108 -0.74110 -0.00667 0.12776 0.65910
1641272075.657842159 0.09630 -0.09824 0.05783 -0.71977 -0.00698 0.12353 0.68309
1641272075.744524240 0.10152 -0.09989 0.10158 -0.70435 -0.00024 0.12192 0.69931
1641272075.831206083 0.11182 -0.10477 0.13779 -0.69564 0.00793 0.10806 0.71017
1641272075.917889118 0.12767 -0.10559 0.16584 -0.69261 0.01435 0.09930 0.71430
1641272076.047912121 0.16176 -0.10979 0.19339 -0.69359 0.02901 0.09901 0.71295
1641272076.134594202 0.19159 -0.12262 0.19950 -0.69701 0.04489 0.09505 0.70932
1641272076.221276045 0.22362 -0.13190 0.19205 -0.70672 0.05860 0.08061 0.70044
1641272076.307958126 0.25781 -0.14800 0.16900 -0.71381 0.06309 0.06921 0.69405
1641272076.394641161 0.29152 -0.16992 0.13367 -0.72114 0.06891 0.04146 0.68810
1641272076.524664164 0.33109 -0.20346 0.07336 -0.73156 0.06750 0.00284 0.67842
1641272076.611347198 0.35272 -0.22286 0.03617 -0.73912 0.07228 -0.00936 0.66962
1641272076.698028088 0.37441 -0.23777 0.00328 -0.74461 0.08975 -0.00695 0.66140
1641272076.784711123 0.39057 -0.25049 -0.02613 -0.75440 0.10295 -0.00897 0.64823
1641272076.871393204 0.40027 -0.25760 -0.05132 -0.77006 0.11132 -0.02932 0.62750
1641272077.001416206 0.40565 -0.26737 -0.07879 -0.79726 0.12376 -0.01952 0.59049
1641272077.088098049 0.39207 -0.28162 -0.09747 -0.80249 0.10456 0.00050 0.58744
1641272077.174780130 0.36805 -0.28756 -0.12153 -0.81061 0.07498 -0.02858 0.58007
1641272077.261462212 0.34110 -0.29207 -0.14210 -0.81311 0.04746 -0.03206 0.57929
1641272077.348145247 0.31079 -0.29074 -0.15475 -0.81297 0.03327 -0.00420 0.58134
1641272077.478168011 0.26418 -0.28521 -0.17406 -0.82600 0.00816 0.02095 0.56322
1641272077.564850092 0.23456 -0.27502 -0.18120 -0.82650 0.00241 0.03799 0.56165
1641272077.651532173 0.20796 -0.26494 -0.18874 -0.83101 -0.00710 0.05495 0.55348
1641272077.738214016 0.18245 -0.25007 -0.19238 -0.83620 -0.01225 0.05854 0.54515
1641272077.824897051 0.15710 -0.23316 -0.19122 -0.83811 -0.02924 0.07256 0.53986
1641272077.954920053 0.12034 -0.20521 -0.17929 -0.83864 -0.05438 0.08280 0.53560
1641272078.041602135 0.09641 -0.18702 -0.16424 -0.83775 -0.06816 0.09794 0.53286
1641272078.128284216 0.07324 -0.16843 -0.14735 -0.83630 -0.08251 0.11550 0.52958
1641272078.214966059 0.04888 -0.15564 -0.12645 -0.83496 -0.09203 0.12942 0.52690
1641272078.301649094 0.02661 -0.14075 -0.10333 -0.82854 -0.09935 0.13460 0.53435
1641272078.431672096 0.00237 -0.11859 -0.06906 -0.81913 -0.10464 0.15803 0.54140
1641272078.518354177 -0.00791 -0.10094 -0.04977 -0.81290 -0.10896 0.15868 0.54967
1641272078.605036020 -0.00872 -0.07798 -0.03133 -0.80428 -0.10852 0.15025 0.56461
1641272078.691719055 0.00026 -0.04857 -0.00875 -0.79640 -0.09784 0.14469 0.57900
1641272078.778400183 0.02008 -0.01160 0.01002 -0.79122 -0.07831 0.12988 0.59243
1641272078.908424139 0.06586 0.03578 0.02484 -0.78514 -0.05166 0.10947 0.60738
1641272078.995106220 0.10764 0.06116 0.02370 -0.78263 -0.02029 0.08795 0.61591
1641272079.081788063 0.15706 0.08296 0.01634 -0.78081 0.01386 0.07608 0.61997
1641272079.168470144 0.20832 0.10051 0.00614 -0.78117 0.04471 0.05934 0.61989
1641272079.255153179 0.25681 0.11371 -0.00246 -0.78505 0.06755 0.03291 0.61486
1641272079.385176182 0.31987 0.12565 -0.00228 -0.78560 0.09672 -0.00381 0.61112
1641272079.471858025 0.35591 0.13208 0.00809 -0.78573 0.10999 -0.03770 0.60754
1641272079.558540106 0.38821 0.13889 0.02906 -0.78047 0.12856 -0.06638 0.60822
1641272079.645222187 0.41433 0.14805 0.05902 -0.77317 0.14873 -0.08475 0.61066
1641272079.731904030 0.43314 0.15476 0.09275 -0.76563 0.15396 -0.10133 0.61631
1641272079.818587065 0.44085 0.15603 0.12808 -0.75834 0.15199 -0.12091 0.62225
1641272079.948611021 0.42560 0.16912 0.18058 -0.74694 0.13644 -0.13214 0.63718
1641272080.035292149 0.40980 0.17926 0.20999 -0.74616 0.11904 -0.13744 0.64046
1641272080.121975183 0.38778 0.19101 0.23257 -0.74275 0.09804 -0.14186 0.64698
1641272080.208657026 0.36188 0.20323 0.24870 -0.73909 0.07752 -0.14674 0.65285
1641272080.295339108 0.33455 0.21623 0.25534 -0.73804 0.05671 -0.14131 0.65735
1641272080.425362110 0.29183 0.23485 0.24139 -0.74388 0.03269 -0.12769 0.65519
1641272080.512045145 0.25653 0.24221 0.22228 -0.75380 0.01750 -0.11855 0.64609
1641272080.598727226 0.22797 0.25260 0.19434 -0.76617 0.00256 -0.10687 0.63368
1641272080.685409069 0.19914 0.26033 0.16094 -0.77586 -0.00888 -0.09971 0.62291
1641272080.772091150 0.17060 0.26425 0.12651 -0.78915 -0.01625 -0.08747 0.60772
1641272080.902114153 0.13048 0.26421 0.07569 -0.80787 -0.01631 -0.05733 0.58634
1641272080.988797188 0.10255 0.25648 0.04699 -0.82018 -0.01219 -0.02896 0.57124
1641272081.075478077 0.07631 0.25187 0.03077 -0.82671 -0.01613 0.00835 0.56233
1641272081.162161112 0.04956 0.24631 0.02457 -0.82891 -0.03293 0.03402 0.55737
1641272081.248843193 0.02606 0.24306 0.02989 -0.82900 -0.03977 0.06485 0.55405
1641272081.378866196 0.00123 0.24503 0.06142 -0.81158 -0.04720 0.11366 0.57113
1641272081.465548038 -0.00414 0.25172 0.09533 -0.79524 -0.04921 0.13240 0.58961
1641272081.552231073 0.00312 0.26299 0.13692 -0.77946 -0.03978 0.15162 0.60652
1641272081.638912201 0.01801 0.27282 0.17932 -0.76293 -0.02507 0.16484 0.62461
1641272081.725595236 0.03807 0.27967 0.21862 -0.74812 -0.01172 0.16785 0.64187
1641272081.855618238 0.07813 0.28764 0.26370 -0.73490 0.00971 0.17599 0.65488
1641272081.942300081 0.11130 0.28607 0.28024 -0.72640 0.02674 0.17923 0.66295
1641272082.028982162 0.14569 0.28527 0.28067 -0.72606 0.03923 0.18133 0.66213
1641272082.115665197 0.18127 0.28383 0.26833 -0.73325 0.05674 0.18436 0.65203
1641272082.202347040 0.21905 0.28079 0.24648 -0.74046 0.08090 0.18598 0.64077
1641272082.332370043 0.27723 0.27009 0.20589 -0.74881 0.11523 0.19266 0.62361
1641272082.419052124 0.31423 0.26090 0.17925 -0.75738 0.13730 0.18296 0.61160
1641272082.505734205 0.35062 0.24696 0.15525 -0.76525 0.15778 0.17442 0.59923
1641272082.592417240 0.38472 0.23206 0.13657 -0.77547 0.17643 0.15943 0.58489
1641272082.679099083 0.41613 0.21769 0.12700 -0.78022 0.19010 0.14235 0.57867
1641272082.809122086 0.46118 0.20161 0.12812 -0.78639 0.19954 0.10810 0.57453
1641272082.895804167 0.48476 0.19483 0.13950 -0.78658 0.20084 0.08135 0.57821
1641272082.982487202 0.50304 0.18900 0.16039 -0.78094 0.19633 0.06368 0.58951
1641272083.069169044 0.51697 0.18239 0.18843 -0.77037 0.18567 0.03346 0.60904
1641272083.155851126 0.52597 0.17407 0.21989 -0.76052 0.16845 0.00544 0.62706
1641272083.285874128 0.52926 0.16520 0.26806 -0.74803 0.12433 -0.01959 0.65162
1641272083.372556210 0.52354 0.16509 0.29725 -0.73200 0.10404 -0.04741 0.67164
1641272083.459238052 0.51577 0.16433 0.31845 -0.71812 0.08455 -0.06622 0.68758
1641272083.545920134 0.50213 0.16347 0.32685 -0.71634 0.05985 -0.08369 0.69012
1641272083.632603168 0.48935 0.16286 0.32219 -0.71840 0.03860 -0.09829 0.68757
1641272083.762626171 0.46686 0.16850 0.28866 -0.73587 0.02205 -0.10905 0.66792
1641272083.849309206 0.45197 0.17561 0.25576 -0.75569 0.02320 -0.10412 0.64618
1641272083.935991049 0.43672 0.18330 0.22100 -0.77533 0.02358 -0.08546 0.62531
1641272084.022673130 0.41938 0.19288 0.18496 -0.78844 0.02490 -0.07815 0.60962
1641272084.109355211 0.40089 0.20207 0.15058 -0.79976 0.02157 -0.07286 0.59549
1641272084.239378214 0.36877 0.21288 0.10324 -0.81068 0.01899 -0.06269 0.58182
1641272084.326060057 0.34549 0.21687 0.07485 -0.81432 0.01873 -0.04560 0.57832
1641272084.412742138 0.32168 0.21740 0.04709 -0.81975 0.02041 -0.03183 0.57147
1641272084.499424219 0.29596 0.21685 0.02250 -0.82566 0.02092 -0.01496 0.56358
1641272084.586107016 0.26663 0.21710 0.00624 -0.82988 0.01957 0.00705 0.55756
1641272084.716130018 0.21574 0.21669 -0.00376 -0.83254 0.00599 0.04320 0.55224
1641272084.802812099 0.17844 0.21731 0.00000 -0.83150 -0.00513 0.07306 0.55068
1641272084.889494181 0.13928 0.22068 0.01102 -0.82777 -0.02096 0.09587 0.55241
1641272084.976177216 0.10277 0.22659 0.03025 -0.81807 -0.02996 0.10928 0.56384
1641272085.062859058 0.07546 0.23095 0.06184 -0.80215 -0.02264 0.14039 0.57995
1641272085.192882061 0.05564 0.23609 0.12628 -0.77103 -0.00450 0.18964 0.60789
1641272085.279564142 0.05694 0.23869 0.16812 -0.75181 0.00069 0.18279 0.63354
1641272085.366246223 0.06923 0.24015 0.20266 -0.73950 0.01088 0.18012 0.64852
1641272085.452928066 0.09119 0.23808 0.22377 -0.73207 0.03092 0.18139 0.65590
1641272085.539610147 0.12077 0.23153 0.22100 -0.72948 0.05172 0.17167 0.66009
1641272085.669634104 0.16779 0.21105 0.17994 -0.73313 0.08047 0.15831 0.65649
1641272085.756316185 0.19706 0.18350 0.13709 -0.74251 0.08570 0.15653 0.64562
1641272085.842998028 0.22085 0.14973 0.09287 -0.75659 0.08680 0.13100 0.63473
1641272085.929680109 0.24188 0.10954 0.05666 -0.75753 0.08717 0.11619 0.63644
1641272086.016363144 0.26255 0.06841 0.02925 -0.76248 0.10198 0.11388 0.62869
1641272086.146386147 0.28915 0.00169 0.00618 -0.76599 0.12239 0.10808 0.62177
1641272086.233068228 0.30363 -0.04139 0.00653 -0.76657 0.13214 0.08455 0.62270
1641272086.319750071 0.31629 -0.08280 0.01929 -0.76288 0.13732 0.07222 0.62764
1641272086.406432152 0.32813 -0.12209 0.03866 -0.76078 0.13622 0.06474 0.63124
1641272086.493114233 0.33630 -0.15840 0.06088 -0.75857 0.13033 0.04423 0.63689
1641272086.623138189 0.33849 -0.20903 0.09528 -0.77281 0.09028 0.03461 0.62723
1641272086.709820032 0.33437 -0.23986 0.11437 -0.78518 0.05877 0.02948 0.61577
1641272086.796502113 0.32892 -0.26422 0.12941 -0.78956 0.03779 0.03463 0.61153
1641272086.883184195 0.32642 -0.28431 0.13115 -0.79763 0.01954 0.04765 0.60094
1641272086.969866037 0.32339 -0.29538 0.11627 -0.80414 0.01118 0.05233 0.59202
1641272087.056549072 0.32126 -0.29981 0.08825 -0.80845 0.00482 0.06318 0.58515
1641272087.186572075 0.31675 -0.28571 0.03206 -0.81350 0.01017 0.07635 0.57644
1641272087.273254156 0.30994 -0.26302 -0.00685 -0.80991 0.01585 0.09150 0.57916
1641272087.359936237 0.29804 -0.23673 -0.04292 -0.79575 0.00835 0.11289 0.59495
1641272087.446618080 0.28255 -0.20142 -0.07471 -0.78791 0.00849 0.13523 0.60069
1641272087.533301115 0.26159 -0.15998 -0.09973 -0.79162 0.00232 0.15791 0.59025
1641272087.663324118 0.22389 -0.09842 -0.11995 -0.78549 -0.02580 0.18977 0.58849
1641272087.750006199 0.19842 -0.05523 -0.12020 -0.77690 -0.04187 0.22076 0.58816
1641272087.836688042 0.17333 -0.00981 -0.11393 -0.76894 -0.05624 0.23928 0.59018
1641272087.923370123 0.14955 0.03262 -0.10058 -0.76196 -0.07451 0.25116 0.59228
1641272088.010053158 0.13152 0.06786 -0.07612 -0.75054 -0.09109 0.25975 0.60077
1641272088.140076160 0.11981 0.10524 -0.01963 -0.72792 -0.10139 0.25319 0.62908
1641272088.226758242 0.12293 0.12207 0.02931 -0.71055 -0.10163 0.25172 0.64917
1641272088.313440084 0.13127 0.13076 0.08049 -0.69248 -0.09819 0.24122 0.67279
1641272088.400122166 0.14663 0.13260 0.12987 -0.68003 -0.09691 0.23691 0.68706
1641272088.486805201 0.16924 0.12641 0.17563 -0.66884 -0.09407 0.23533 0.69887
1641272088.616828203 0.21605 0.11522 0.23782 -0.65956 -0.07098 0.23682 0.70983
1641272088.703510046 0.25443 0.10367 0.27039 -0.64775 -0.06089 0.24893 0.71746
1641272088.790192127 0.29648 0.09108 0.29008 -0.63353 -0.05433 0.25795 0.72742
1641272088.876874208 0.33944 0.08052 0.29381 -0.63441 -0.06216 0.26831 0.72227
1641272088.963557243 0.37774 0.07604 0.27929 -0.65192 -0.05696 0.25182 0.71298
1641272089.093580246 0.43011 0.07252 0.23048 -0.68265 -0.04273 0.23592 0.69030
1641272089.180262089 0.45944 0.07426 0.18506 -0.70494 -0.03178 0.22152 0.67303
1641272089.266944170 0.48417 0.07383 0.13571 -0.72769 -0.02550 0.19395 0.65742
1641272089.353627205 0.50375 0.06956 0.09197 -0.74600 -0.02281 0.16187 0.64557
1641272089.440309048 0.52104 0.06149 0.06069 -0.76160 -0.02177 0.12311 0.63588
1641272089.570332050 0.54804 0.04892 0.04842 -0.77974 -0.03572 0.06982 0.62117
1641272089.657014132 0.55994 0.04703 0.06506 -0.78260 -0.04198 0.03619 0.62006
1641272089.743696213 0.56562 0.04600 0.09491 -0.77876 -0.05019 0.00987 0.62524
1641272089.830379248 0.56673 0.04018 0.13117 -0.76823 -0.05988 -0.01510 0.63719
1641272089.917061090 0.55664 0.03462 0.17149 -0.75220 -0.07801 -0.04122 0.65300
1641272090.047084093 0.53966 0.02444 0.22912 -0.72719 -0.10578 -0.08000 0.67350
1641272090.133766174 0.52863 0.01940 0.26117 -0.71443 -0.11080 -0.09668 0.68408
1641272090.220448017 0.52127 0.01675 0.28382 -0.70880 -0.11191 -0.11102 0.68757
1641272090.307130098 0.51490 0.01557 0.29187 -0.70717 -0.10764 -0.13070 0.68647
1641272090.393813133 0.50370 0.01799 0.28327 -0.71060 -0.09605 -0.13819 0.68318
1641272090.523836136 0.48636 0.02692 0.24652 -0.72298 -0.07386 -0.13405 0.67370
1641272090.610519171 0.47251 0.03323 0.21209 -0.73511 -0.06076 -0.12184 0.66414
1641272090.697200060 0.45420 0.03966 0.17118 -0.74700 -0.05450 -0.10813 0.65370
1641272090.783883095 0.43039 0.04618 0.12708 -0.75748 -0.05201 -0.09998 0.64306
1641272090.870565176 0.40156 0.05146 0.08322 -0.76858 -0.05306 -0.08197 0.63226
1641272091.000588179 0.35403 0.05933 0.01862 -0.78387 -0.05613 -0.06661 0.61478
1641272091.087271214 0.31966 0.05748 -0.01841 -0.79399 -0.05928 -0.04401 0.60343
1641272091.173952103 0.28447 0.05605 -0.04548 -0.79930 -0.05403 -0.00533 0.59847
1641272091.260635138 0.24931 0.05500 -0.06456 -0.80076 -0.05031 0.04756 0.59498
1641272091.347317219 0.21328 0.05898 -0.07910 -0.80245 -0.05326 0.08445 0.58831
1641272091.477340221 0.16039 0.06586 -0.08759 -0.79895 -0.07067 0.13384 0.58204
1641272091.564022064 0.12404 0.06693 -0.08469 -0.79164 -0.09285 0.16204 0.58175
1641272091.650705099 0.09195 0.06682 -0.07078 -0.78156 -0.11448 0.18913 0.58334
1641272091.737386227 0.06626 0.06936 -0.04349 -0.76770 -0.12533 0.21658 0.58994
1641272091.824069023 0.04438 0.07116 -0.00685 -0.74920 -0.13521 0.23769 0.60326
1641272091.954092026 0.02265 0.07901 0.05502 -0.72368 -0.15349 0.22930 0.63258
1641272092.040774107 0.01564 0.08641 0.09835 -0.70859 -0.16681 0.22648 0.64713
1641272092.127456188 0.01668 0.09205 0.14125 -0.69478 -0.16792 0.22528 0.66207
1641272092.214138031 0.02560 0.09956 0.18280 -0.68414 -0.16133 0.22108 0.67605
1641272092.300820112 0.04184 0.10500 0.22153 -0.67347 -0.15700 0.21187 0.69058
1641272092.430844069 0.07622 0.11738 0.27000 -0.66166 -0.13805 0.18773 0.71267
1641272092.517526150 0.10342 0.12521 0.28824 -0.66041 -0.12502 0.17377 0.71974
1641272092.604208231 0.13330 0.12892 0.29000 -0.66414 -0.10903 0.15855 0.72243
1641272092.690890074 0.16773 0.13223 0.27407 -0.67551 -0.08303 0.14342 0.71849
1641272092.777573109 0.20277 0.13433 0.24422 -0.68766 -0.05721 0.12744 0.71247
1641272092.907596111 0.24959 0.13691 0.18466 -0.71048 -0.02700 0.10839 0.69480
1641272092.994278193 0.27660 0.13795 0.14302 -0.72668 -0.01142 0.09891 0.67973
1641272093.080960035 0.30189 0.13414 0.10598 -0.73890 0.00759 0.09143 0.66754
1641272093.167643070 0.32324 0.12352 0.07406 -0.74875 0.02131 0.08797 0.65664
1641272093.254325151 0.34172 0.11055 0.04598 -0.76145 0.03487 0.07708 0.64267
1641272093.384348154 0.35986 0.08159 0.01161 -0.77887 0.03912 0.05625 0.62343
1641272093.471030235 0.36630 0.05490 -0.00326 -0.78911 0.03272 0.03988 0.61208
1641272093.557712078 0.37093 0.02307 -0.01018 -0.79707 0.02725 0.02335 0.60282
1641272093.644394159 0.37551 -0.01283 -0.00732 -0.80325 0.02765 0.01814 0.59472
1641272093.731076241 0.37746 -0.04953 0.00443 -0.80674 0.02279 0.00327 0.59045
1641272093.861100197 0.37427 -0.10154 0.03571 -0.80392 0.01121 -0.00625 0.59460
1641272093.947782040 0.36648 -0.12879 0.05534 -0.80288 0.01036 -0.00153 0.59605
1641272094.034464121 0.35852 -0.14795 0.06598 -0.80298 0.00257 -0.00456 0.59599
1641272094.121146202 0.35022 -0.15556 0.06406 -0.80338 0.00217 -0.01063 0.59536
1641272094.207828045 0.33994 -0.15006 0.04850 -0.80512 -0.00309 -0.01256 0.59298
1641272094.337852240 0.31586 -0.10699 0.00040 -0.80969 -0.01542 -0.01339 0.58650
1641272094.424534082 0.28831 -0.04672 -0.03884 -0.80473 -0.03528 0.02146 0.59220
1641272094.511216164 0.25648 0.02317 -0.07684 -0.80481 -0.03366 0.08885 0.58588
1641272094.597898245 0.22765 0.09363 -0.10973 -0.80552 -0.02532 0.11758 0.58024
1641272094.684580088 0.20464 0.14055 -0.12741 -0.79795 -0.04046 0.15409 0.58129
1641272094.771263123 0.19451 0.16079 -0.12583 -0.80664 -0.04730 0.14746 0.57039
1641272094.901286125 0.21690 0.11072 -0.08079 -0.78678 -0.07198 0.13877 0.59711
1641272094.987968206 0.25235 0.04721 -0.04133 -0.78834 -0.06072 0.13446 0.59729
1641272095.074650049 0.29415 -0.02939 -0.00809 -0.79269 -0.04065 0.13607 0.59286
1641272095.161333084 0.32851 -0.09678 0.00738 -0.80417 -0.01720 0.08953 0.58736
1641272095.248015165 0.34992 -0.14122 0.00573 -0.82044 0.01342 0.02900 0.57084
1641272095.378038168 0.35306 -0.15012 -0.01364 -0.81918 0.03019 0.01393 0.57257
1641272095.464720011 0.33306 -0.10728 -0.03601 -0.81205 -0.00143 0.04195 0.58208
1641272095.551402092 0.30678 -0.04217 -0.07209 -0.80172 -0.03992 0.07353 0.59182
1641272095.638085127 0.27219 0.04353 -0.11941 -0.80238 -0.05686 0.09505 0.58645
1641272095.724767208 0.23395 0.11605 -0.15528 -0.80196 -0.06225 0.13815 0.57784
1641272095.854790211 0.19871 0.15828 -0.15882 -0.79842 -0.06508 0.16241 0.57611
1641272095.941472054 0.20746 0.13139 -0.13062 -0.78954 -0.07542 0.18625 0.57987
1641272096.028154135 0.23744 0.07172 -0.10123 -0.79289 -0.08433 0.16197 0.58136
1641272096.114836216 0.28094 -0.00867 -0.07063 -0.80583 -0.07779 0.15169 0.56708
1641272096.201519012 0.32292 -0.09302 -0.04498 -0.82047 -0.04433 0.12577 0.55592
1641272096.331543207 0.36050 -0.17453 -0.03268 -0.84250 -0.00415 0.00873 0.53861
1641272096.418224096 0.35924 -0.17975 -0.03961 -0.84467 0.00132 -0.02418 0.53473
1641272096.504906178 0.33797 -0.14916 -0.05594 -0.83669 -0.01410 0.01349 0.54733
1641272096.591588020 0.30228 -0.08389 -0.08651 -0.82451 -0.04649 0.06060 0.56067
1641272096.678271055 0.25877 -0.00311 -0.12893 -0.82406 -0.06796 0.09562 0.55423
1641272096.808294058 0.17964 0.06878 -0.16020 -0.81935 -0.11043 0.16241 0.53860
1641272096.894976139 0.13624 0.08002 -0.14703 -0.80562 -0.14315 0.19322 0.54144
1641272096.981658220 0.13081 0.08329 -0.12353 -0.79435 -0.15612 0.20795 0.54899
1641272097.068340063 0.17135 0.09833 -0.10047 -0.79744 -0.13341 0.17047 0.56324
1641272097.155023098 0.24747 0.11764 -0.07167 -0.80108 -0.10521 0.10042 0.58062
1641272097.285047054 0.38876 0.13703 -0.01033 -0.78582 -0.05355 -0.06037 0.61317
1641272097.371729136 0.46504 0.13033 0.03825 -0.77196 0.00161 -0.10615 0.62675
1641272097.458411217 0.50375 0.11513 0.07142 -0.75546 0.03526 -0.14088 0.63889
1641272097.545092106 0.50798 0.10065 0.07904 -0.75266 0.04124 -0.15074 0.63959
1641272097.631775141 0.48391 0.08387 0.06043 -0.76011 0.03302 -0.11850 0.63804
1641272097.761799097 0.38387 0.07556 -0.01053 -0.78375 0.00746 -0.04014 0.61973
1641272097.848481178 0.28693 0.06791 -0.06974 -0.80111 -0.01963 0.03701 0.59705
1641272097.935162067 0.18281 0.05405 -0.12114 -0.81527 -0.07341 0.10680 0.56440
1641272098.021845102 0.09824 0.03659 -0.15095 -0.81163 -0.14250 0.15872 0.54383
1641272098.108527184 0.06072 0.03032 -0.15553 -0.80302 -0.17023 0.19267 0.53764
1641272098.238550186 0.09639 0.05551 -0.12864 -0.79881 -0.14189 0.16188 0.56175
1641272098.325233221 0.18196 0.07808 -0.09176 -0.79494 -0.12069 0.07280 0.59009
1641272098.411915064 0.28264 0.09108 -0.04057 -0.77711 -0.09340 -0.04794 0.62054
1641272098.498597145 0.38679 0.09218 0.02762 -0.75836 -0.04005 -0.12670 0.63815
1641272098.585279226 0.46255 0.07947 0.09097 -0.73889 0.02967 -0.15092 0.65603
1641272098.715302229 0.50472 0.05830 0.11953 -0.73361 0.05084 -0.16446 0.65740
1641272098.801985025 0.48303 0.05792 0.09157 -0.74835 0.03417 -0.14384 0.64662
1641272098.888667107 0.41847 0.05842 0.03549 -0.76589 0.00481 -0.09368 0.63610
1641272098.975349188 0.32111 0.04940 -0.03343 -0.78218 -0.03334 -0.02351 0.62171
1641272099.062031031 0.21261 0.03817 -0.09708 -0.80191 -0.07961 0.06362 0.58869
1641272099.192055225 0.09232 0.01189 -0.15582 -0.81903 -0.16080 0.15869 0.52740
1641272099.278736115 0.07169 0.01132 -0.15461 -0.82518 -0.17865 0.18618 0.50250
1641272099.365418196 0.08527 0.02199 -0.11921 -0.81491 -0.17054 0.16870 0.52762
1641272099.452101231 0.11228 0.02915 -0.05935 -0.79494 -0.16773 0.15541 0.56195
1641272099.538783073 0.15363 0.05109 0.01103 -0.77478 -0.16136 0.15162 0.59219
1641272099.668806076 0.19719 0.06239 0.11047 -0.74113 -0.13831 0.11890 0.64611
1641272099.755488157 0.21536 0.07266 0.16304 -0.72586 -0.11867 0.10590 0.66920
1641272099.842171192 0.24842 0.06675 0.19690 -0.71671 -0.09757 0.09693 0.68368
1641272099.928852081 0.28041 0.05776 0.20398 -0.71461 -0.07967 0.08556 0.68969
1641272100.015534163 0.30241 0.05352 0.18410 -0.72402 -0.06277 0.07752 0.68253
1641272100.145558119 0.33423 0.03542 0.13270 -0.74285 -0.03551 0.07442 0.66436
1641272100.232240200 0.35576 0.02028 0.09605 -0.75832 -0.01861 0.07577 0.64720
1641272100.318922043 0.37451 0.00616 0.06172 -0.77758 -0.00523 0.06774 0.62510
1641272100.405604124 0.39307 -0.01223 0.03383 -0.79210 0.00906 0.05799 0.60757
1641272100.492287159 0.40741 -0.03269 0.02162 -0.80160 0.01626 0.03637 0.59653
1641272100.622310162 0.42270 -0.06180 0.03469 -0.80684 0.01604 -0.00443 0.59053
1641272100.708992243 0.42650 -0.07826 0.06186 -0.80163 0.01413 -0.02560 0.59711
1641272100.795674086 0.42374 -0.09418 0.09552 -0.78853 0.00249 -0.05032 0.61293
1641272100.882356167 0.41561 -0.10508 0.13010 -0.77288 -0.01062 -0.07690 0.62978
1641272100.969038248 0.40636 -0.11243 0.15832 -0.76255 -0.02052 -0.08719 0.64070
1641272101.099062204 0.39001 -0.10973 0.17978 -0.74974 -0.03705 -0.11226 0.65109
1641272101.185744047 0.37667 -0.10114 0.17824 -0.74974 -0.04956 -0.11198 0.65031
1641272101.272426128 0.36302 -0.09040 0.16250 -0.75935 -0.06229 -0.09995 0.63993
1641272101.359109163 0.34765 -0.07741 0.13724 -0.77338 -0.07201 -0.08270 0.62439
1641272101.445790052 0.33024 -0.06212 0.10978 -0.78863 -0.07426 -0.05589 0.60781
1641272101.575814247 0.29960 -0.04211 0.07209 -0.80925 -0.08008 0.00716 0.58194
1641272101.662496090 0.27365 -0.02998 0.05438 -0.81502 -0.09177 0.03882 0.57080
1641272101.749178171 0.24247 -0.02085 0.04505 -0.81252 -0.11321 0.06402 0.56823
1641272101.835860014 0.21085 -0.01381 0.04596 -0.80605 -0.13690 0.09500 0.56790
1641272101.922543049 0.18327 -0.00650 0.05724 -0.79495 -0.15454 0.13074 0.57191
1641272102.009225130 0.16343 0.00167 0.07666 -0.78057 -0.16594 0.16355 0.58002
1641272102.139248133 0.14941 0.01747 0.11707 -0.75773 -0.17642 0.19687 0.59663
1641272102.225930214 0.14964 0.02658 0.14718 -0.74140 -0.17948 0.20252 0.61409
1641272102.312612057 0.15902 0.03891 0.17586 -0.72720 -0.17819 0.19830 0.63253
1641272102.399294138 0.17714 0.05202 0.19702 -0.71803 -0.16682 0.18853 0.64889
1641272102.485977173 0.20447 0.06662 0.20827 -0.71893 -0.14082 0.17792 0.65700
1641272102.616000175 0.25834 0.07986 0.20588 -0.72657 -0.09121 0.16923 0.65965
1641272102.702682018 0.29400 0.08926 0.19142 -0.74082 -0.06368 0.16812 0.64720
1641272102.789364100 0.32898 0.09354 0.16796 -0.75508 -0.03517 0.16319 0.63403
1641272102.876046181 0.36306 0.08732 0.14251 -0.76191 -0.00952 0.15830 0.62796
1641272102.962729216 0.39526 0.07262 0.12231 -0.76837 0.00606 0.14665 0.62294
1641272103.092752218 0.43807 0.04228 0.10856 -0.78145 0.02290 0.11767 0.61235
1641272103.179434061 0.46331 0.01572 0.11047 -0.78560 0.03331 0.10377 0.60906
1641272103.266116142 0.48428 -0.01339 0.11852 -0.78873 0.03736 0.08723 0.60738
1641272103.352798223 0.49839 -0.04301 0.12842 -0.79323 0.03750 0.06080 0.60472
1641272103.439481020 0.50504 -0.07033 0.13869 -0.79456 0.03245 0.03688 0.60520
1641272103.569504023 0.50517 -0.10751 0.15118 -0.79242 0.01368 0.01134 0.60972
1641272103.656186104 0.50204 -0.12921 0.15074 -0.78951 0.00339 0.00376 0.61371
1641272103.742868185 0.49443 -0.14205 0.14126 -0.78885 -0.00980 0.01819 0.61424
1641272103.829550028 0.48094 -0.14334 0.12154 -0.79379 -0.02116 0.03200 0.60698
1641272103.916233063 0.46606 -0.13858 0.09665 -0.79774 -0.02322 0.03867 0.60131
1641272104.046256065 0.44026 -0.11529 0.05335 -0.80030 -0.03345 0.06860 0.59472
1641272104.132938147 0.41858 -0.09184 0.02260 -0.79999 -0.03962 0.08135 0.59316
1641272104.219620228 0.39017 -0.06380 -0.00477 -0.80185 -0.04323 0.09855 0.58776
1641272104.306302071 0.35721 -0.03791 -0.02729 -0.80041 -0.05079 0.12122 0.58487
1641272104.392985106 0.31772 -0.01062 -0.04067 -0.79840 -0.06378 0.14194 0.58168
1641272104.523008108 0.25518 0.02975 -0.04368 -0.78976 -0.08743 0.16992 0.58290
1641272104.609690189 0.21499 0.05504 -0.03623 -0.77630 -0.09804 0.19688 0.59076
1641272104.696372032 0.17907 0.07956 -0.02266 -0.76544 -0.10332 0.21566 0.59742
1641272104.783055067 0.14892 0.10188 0.00003 -0.75870 -0.10662 0.23303 0.59891
1641272104.869737148 0.12761 0.12058 0.03140 -0.74635 -0.10878 0.25121 0.60665
1641272104.999760151 0.11537 0.14132 0.08780 -0.72217 -0.10694 0.27758 0.62449
1641272105.086442232 0.11734 0.15177 0.12540 -0.70971 -0.10291 0.28568 0.63569
1641272105.173124075 0.12606 0.17138 0.15989 -0.71233 -0.09729 0.28598 0.63351
1641272105.259806156 0.14565 0.18300 0.18730 -0.71304 -0.08750 0.27450 0.63919
1641272105.346488237 0.17351 0.19475 0.20497 -0.71608 -0.07600 0.26311 0.64205
1641272105.476512194 0.22818 0.19808 0.21572 -0.72310 -0.05303 0.25189 0.64099
1641272105.563194036 0.26743 0.19505 0.21397 -0.72701 -0.03369 0.23663 0.64369
1641272105.649877071 0.30769 0.19052 0.20813 -0.73378 -0.01674 0.22494 0.64084
1641272105.736559153 0.35017 0.18440 0.20042 -0.74471 -0.00770 0.21395 0.63212
1641272105.823240042 0.39273 0.17491 0.19346 -0.75273 -0.00115 0.19197 0.62972
1641272105.953264236 0.45167 0.15316 0.19281 -0.75620 0.01090 0.14328 0.63837
1641272106.039947033 0.48361 0.13614 0.20217 -0.75486 0.01365 0.10164 0.64782
1641272106.126628160 0.50877 0.12030 0.21997 -0.75215 0.01031 0.06595 0.65561
1641272106.213310242 0.52771 0.10219 0.24455 -0.74755 0.00915 0.03519 0.66321
1641272106.299993038 0.53575 0.08394 0.27152 -0.74066 0.00287 0.00398 0.67186
1641272106.430016041 0.53059 0.05224 0.30585 -0.73191 -0.00821 -0.03234 0.68059
1641272106.516698122 0.51765 0.02956 0.31742 -0.72747 -0.01890 -0.03804 0.68482
1641272106.603380203 0.49875 0.01491 0.31442 -0.72872 -0.03337 -0.04744 0.68235
1641272106.690062046 0.47721 0.00685 0.29855 -0.73535 -0.03992 -0.04802 0.67480
1641272106.776745081 0.45513 0.00135 0.27335 -0.74208 -0.04663 -0.03038 0.66799
1641272106.906768084 0.42561 -0.00246 0.22390 -0.75038 -0.03568 -0.00371 0.66003
1641272106.993450165 0.40600 -0.00431 0.18902 -0.75625 -0.03186 0.01496 0.65334
1641272107.080132246 0.38526 -0.01028 0.15521 -0.75712 -0.03179 0.03628 0.65149
1641272107.166814089 0.36431 -0.01577 0.12174 -0.76096 -0.03320 0.04682 0.64625
1641272107.253497124 0.33986 -0.02529 0.09149 -0.76467 -0.03369 0.06725 0.64002
1641272107.383520126 0.29864 -0.03426 0.05663 -0.79178 -0.03131 0.11992 0.59810
1641272107.470202208 0.27029 -0.04279 0.03455 -0.80107 -0.03742 0.12878 0.58336
1641272107.556884050 0.24115 -0.05938 0.01764 -0.80029 -0.05277 0.12956 0.58307
1641272107.643566132 0.20863 -0.07765 0.00655 -0.79948 -0.07745 0.12792 0.58179
1641272107.730248213 0.17257 -0.09566 0.00224 -0.79815 -0.09843 0.14246 0.57704
1641272107.860272169 0.11086 -0.11578 0.01017 -0.79800 -0.14782 0.17837 0.55635
1641272107.946954012 0.07034 -0.12959 0.02241 -0.79003 -0.19638 0.18138 0.55172
1641272108.033636093 0.03440 -0.14225 0.03827 -0.78026 -0.24048 0.18176 0.54802
1641272108.120318174 0.00406 -0.15584 0.05613 -0.76710 -0.27921 0.18642 0.54667
1641272108.207000017 -0.02105 -0.16694 0.07768 -0.75474 -0.30789 0.18134 0.55018
1641272108.337024212 -0.03643 -0.17161 0.12038 -0.73375 -0.32863 0.17087 0.56957
1641272108.423706055 -0.03150 -0.16830 0.15599 -0.72325 -0.32694 0.18014 0.58101
1641272108.510388136 -0.01772 -0.15940 0.19286 -0.70846 -0.32264 0.18692 0.59921
1641272108.597070217 0.00354 -0.15175 0.22775 -0.69414 -0.31772 0.18228 0.61968
1641272108.683752060 0.03262 -0.13787 0.25845 -0.68124 -0.30883 0.17636 0.63987
1641272108.813776016 0.08056 -0.10928 0.29764 -0.66493 -0.29507 0.16574 0.66583
1641272108.900458097 0.11629 -0.08640 0.32613 -0.66785 -0.26427 0.18560 0.67058
1641272108.987140179 0.15406 -0.06244 0.36151 -0.68175 -0.23082 0.23045 0.65486
1641272109.073823214 0.19029 -0.04842 0.39055 -0.69179 -0.19515 0.22066 0.65928
1641272109.160504103 0.21902 -0.03880 0.40848 -0.70280 -0.17335 0.18702 0.66412
1641272109.247187138 0.24404 -0.02982 0.41583 -0.71842 -0.14748 0.17436 0.65705
1641272109.377210140 0.27056 -0.02354 0.40968 -0.74303 -0.09927 0.19270 0.63318
1641272109.463893175 0.28141 -0.02896 0.39204 -0.74028 -0.07313 0.16332 0.64805
1641272109.550574064 0.29173 -0.03507 0.37085 -0.73528 -0.04894 0.14225 0.66086
1641272109.637256145 0.29693 -0.03996 0.34489 -0.73949 -0.03162 0.11923 0.66177
1641272109.723939180 0.29836 -0.04602 0.31546 -0.74909 -0.02448 0.08541 0.65648
1641272109.853962183 0.30267 -0.06316 0.27764 -0.70532 0.00065 0.15317 0.69214
1641272109.940645218 0.29657 -0.06857 0.23716 -0.72035 0.02745 0.12361 0.68195
1641272110.027326107 0.28889 -0.07640 0.19626 -0.73807 0.03803 0.09593 0.66678
1641272110.114008188 0.28241 -0.09328 0.16610 -0.73143 0.05547 0.11719 0.66948
1641272110.200691223 0.26968 -0.10896 0.14346 -0.73798 0.07323 0.12219 0.65962
1641272110.330714226 0.24842 -0.12088 0.13223 -0.71839 0.09152 0.16539 0.66947
1641272110.417396069 0.24222 -0.10926 0.14172 -0.71315 0.09518 0.17705 0.67157
1641272110.504078150 0.24812 -0.09010 0.16267 -0.70340 0.09926 0.17921 0.68063
1641272110.590760231 0.26746 -0.06722 0.18886 -0.69128 0.10743 0.17733 0.69220
1641272110.677443027 0.29555 -0.04617 0.21137 -0.68097 0.12462 0.15765 0.70420
1641272110.807466030 0.34622 -0.02729 0.23293 -0.66276 0.14447 0.14062 0.72118
1641272110.894148111 0.38174 -0.02058 0.23997 -0.65737 0.15154 0.12669 0.72723
1641272110.980830193 0.41278 -0.01881 0.24811 -0.65773 0.16025 0.10964 0.72780
1641272111.067512035 0.44421 -0.02475 0.25104 -0.65462 0.16658 0.09355 0.73142
1641272111.154195070 0.47406 -0.03397 0.25183 -0.65925 0.18173 0.06659 0.72659
1641272111.284218073 0.51456 -0.05326 0.24974 -0.66633 0.20336 0.02977 0.71677
1641272111.370901108 0.53955 -0.06955 0.24765 -0.66318 0.22197 0.00765 0.71475
1641272111.457582235 0.56338 -0.08341 0.24742 -0.66407 0.24321 -0.01689 0.70680
1641272111.544264078 0.58781 -0.09589 0.25143 -0.65707 0.26693 -0.04391 0.70362
1641272111.630947113 0.61120 -0.10826 0.25559 -0.64794 0.28893 -0.07347 0.70092
1641272111.760970116 0.64176 -0.12593 0.25511 -0.64052 0.31041 -0.11154 0.69350
1641272111.847652197 0.65946 -0.13578 0.25189 -0.63667 0.32483 -0.13567 0.68610
1641272111.934334040 0.67435 -0.14746 0.24895 -0.63186 0.33945 -0.15707 0.67887
1641272112.021016121 0.68377 -0.16196 0.24503 -0.62435 0.34955 -0.17608 0.67601
1641272112.107699156 0.69040 -0.17422 0.24101 -0.62402 0.36142 -0.19584 0.66455
1641272112.237722158 0.69849 -0.19846 0.23727 -0.61803 0.37382 -0.22059 0.65547
1641272112.324404240 0.70507 -0.21695 0.23832 -0.61671 0.37945 -0.23803 0.64732
1641272112.411086082 0.70897 -0.23772 0.24220 -0.61302 0.38193 -0.25491 0.64293
1641272112.497768164 0.71288 -0.25849 0.24432 -0.61342 0.38350 -0.27336 0.63397
1641272112.584450245 0.71751 -0.27837 0.24491 -0.61709 0.38747 -0.29248 0.61929
1641272112.714474201 0.72070 -0.30842 0.23953 -0.61731 0.38904 -0.31130 0.60882
1641272112.801157236 0.72291 -0.32636 0.23088 -0.61885 0.39842 -0.32728 0.59260
1641272112.887838125 0.72108 -0.34483 0.21823 -0.61425 0.40501 -0.33708 0.58740
1641272112.974520206 0.71768 -0.36031 0.20078 -0.60375 0.41249 -0.34417 0.58897
1641272113.061202049 0.71355 -0.37360 0.17847 -0.60181 0.42329 -0.34185 0.58463
1641272113.191226244 0.69998 -0.38530 0.13964 -0.60050 0.42875 -0.32743 0.59022
1641272113.277908087 0.68918 -0.38726 0.11306 -0.60427 0.42843 -0.31062 0.59567
1641272113.364590168 0.68030 -0.37913 0.09096 -0.61188 0.42910 -0.29622 0.59475
1641272113.451272011 0.67065 -0.36416 0.07703 -0.61817 0.42229 -0.27825 0.60176
1641272113.537954092 0.66382 -0.34093 0.07252 -0.62725 0.41252 -0.26027 0.60716
1641272113.667978048 0.66099 -0.29342 0.08452 -0.64430 0.39230 -0.23442 0.61321
1641272113.754660130 0.66260 -0.25900 0.10526 -0.65947 0.37224 -0.23197 0.61052
1641272113.841342211 0.66686 -0.22699 0.13490 -0.66648 0.35016 -0.23134 0.61618
1641272113.928024054 0.67495 -0.20022 0.16929 -0.66584 0.33109 -0.23884 0.62449
1641272114.014707088 0.68726 -0.17877 0.20670 -0.66214 0.32193 -0.24788 0.62967
1641272114.144730091 0.70438 -0.15332 0.26466 -0.65602 0.30768 -0.26424 0.63651
1641272114.231413126 0.71346 -0.13789 0.30651 -0.64689 0.29844 -0.27007 0.64771
1641272114.318094015 0.72417 -0.12216 0.34822 -0.64516 0.29072 -0.27977 0.64883
1641272114.404776096 0.73089 -0.10335 0.38907 -0.64640 0.28297 -0.28877 0.64708
1641272114.491459131 0.73553 -0.08441 0.42871 -0.64137 0.26949 -0.29071 0.65689
1641272114.621482134 0.73529 -0.06040 0.48368 -0.63647 0.24710 -0.28891 0.67110
1641272114.708164215 0.73523 -0.03994 0.51740 -0.63747 0.22924 -0.28031 0.68009
1641272114.794847012 0.72795 -0.01851 0.54536 -0.62521 0.20544 -0.26019 0.70654
1641272114.881528139 0.71681 0.00468 0.56722 -0.62183 0.18124 -0.24121 0.72270
1641272114.968211174 0.70077 0.02549 0.58273 -0.61717 0.16045 -0.21900 0.73851
1641272115.098234177 0.67085 0.04964 0.59267 -0.61479 0.12897 -0.17112 0.75902
1641272115.184916019 0.64549 0.06084 0.58758 -0.62087 0.11158 -0.14258 0.76272
1641272115.271599054 0.61531 0.07171 0.57565 -0.62127 0.08956 -0.10644 0.77115
1641272115.358281136 0.57956 0.08144 0.55889 -0.61774 0.07239 -0.06148 0.78062
1641272115.444963217 0.54174 0.08742 0.53633 -0.62685 0.05282 -0.02525 0.77694
1641272115.574986219 0.49020 0.08453 0.50003 -0.63784 0.02484 0.02440 0.76938
1641272115.661668062 0.45838 0.07376 0.47582 -0.64586 0.00263 0.05996 0.76110
1641272115.748350143 0.42846 0.05620 0.44905 -0.65729 -0.01905 0.08468 0.74862
1641272115.835032225 0.40135 0.03685 0.42489 -0.65512 -0.03618 0.11980 0.74509
1641272115.921714067 0.38316 0.01410 0.39943 -0.65978 -0.05204 0.14040 0.73639
1641272116.051738024 0.35937 -0.01853 0.36042 -0.66319 -0.05326 0.16510 0.72807
1641272116.138420105 0.35208 -0.04148 0.33350 -0.67068 -0.04734 0.17700 0.71876
1641272116.225102186 0.35511 -0.06948 0.30536 -0.67556 -0.04335 0.17856 0.71404
1641272116.311784029 0.35717 -0.09758 0.28053 -0.67576 -0.03307 0.18343 0.71317
1641272116.398466110 0.36270 -0.12347 0.25696 -0.68528 -0.03251 0.17656 0.70581
1641272116.485149145 0.37271 -0.15255 0.23576 -0.69303 -0.03645 0.17207 0.69913
1641272116.615172148 0.39005 -0.19257 0.20808 -0.71848 -0.03873 0.15575 0.67678
1641272116.701854229 0.40094 -0.21866 0.19034 -0.73774 -0.03343 0.14242 0.65904
1641272116.788536072 0.40958 -0.24585 0.17794 -0.74631 -0.02555 0.12802 0.65267
1641272116.875218153 0.42212 -0.26978 0.16628 -0.75707 -0.01537 0.10497 0.64466
1641272116.961901188 0.43368 -0.29078 0.15497 -0.76632 -0.00157 0.08944 0.63620
1641272117.091924191 0.44020 -0.31950 0.13432 -0.76472 0.00508 0.06816 0.64072
1641272117.178606033 0.43579 -0.33384 0.11467 -0.75976 0.00716 0.05769 0.64760
1641272117.265288115 0.42458 -0.34063 0.08901 -0.75496 0.01559 0.05549 0.65323
1641272117.351970196 0.41207 -0.34593 0.05757 -0.75385 0.01606 0.05334 0.65469
1641272117.438653231 0.39070 -0.33307 0.02801 -0.75451 0.01493 0.05916 0.65345
1641272117.568676233 0.35709 -0.31040 -0.02113 -0.75629 0.00689 0.07576 0.64980
1641272117.655358076 0.33226 -0.28778 -0.05020 -0.76185 -0.00353 0.09587 0.64061
1641272117.742040157 0.30513 -0.26083 -0.07250 -0.76222 -0.02169 0.11544 0.63657
1641272117.828722239 0.27816 -0.22794 -0.08743 -0.76032 -0.03346 0.12898 0.63574
1641272117.915405035 0.25251 -0.19234 -0.09679 -0.75318 -0.04161 0.13956 0.64150
1641272118.045428038 0.21665 -0.13854 -0.10592 -0.72836 -0.04276 0.16647 0.66329
1641272118.132110119 0.19143 -0.10093 -0.10531 -0.72450 -0.05213 0.17995 0.66332
1641272118.218792200 0.16648 -0.06506 -0.09483 -0.71601 -0.06602 0.19643 0.66662
1641272118.305474043 0.14298 -0.02561 -0.07304 -0.71657 -0.07732 0.20080 0.66350
1641272118.392157078 0.12568 0.01050 -0.03999 -0.70832 -0.08479 0.20503 0.67012
1641272118.522180080 0.11074 0.06537 0.02477 -0.70454 -0.08286 0.19310 0.67784
1641272118.608862162 0.10942 0.09820 0.07611 -0.69026 -0.08276 0.18790 0.69382
1641272118.695544243 0.11325 0.12463 0.13180 -0.68237 -0.07713 0.16975 0.70683
1641272118.782226086 0.11984 0.14319 0.19020 -0.67180 -0.07596 0.16308 0.71855
1641272118.868909121 0.12915 0.15763 0.24779 -0.65673 -0.07588 0.15461 0.73420
1641272118.998932123 0.14951 0.16161 0.33029 -0.64674 -0.08014 0.14863 0.74378
1641272119.085614204 0.16895 0.15217 0.37855 -0.62723 -0.09022 0.15067 0.75877
1641272119.172296047 0.19169 0.13457 0.41730 -0.62182 -0.09783 0.14727 0.76294
1641272119.258978128 0.21857 0.11164 0.44662 -0.61990 -0.10882 0.15372 0.76174
1641272119.345660210 0.24920 0.08338 0.46558 -0.61219 -0.12041 0.16261 0.76438
1641272119.475684166 0.30064 0.04383 0.47999 -0.61129 -0.11405 0.17306 0.76378
1641272119.562366247 0.33582 0.02167 0.48528 -0.61789 -0.10192 0.16926 0.76103
1641272119.649048090 0.37237 0.00354 0.48850 -0.63623 -0.08971 0.16281 0.74877
1641272119.735730171 0.40803 -0.01702 0.49214 -0.63763 -0.07500 0.14985 0.75189
1641272119.822413206 0.44292 -0.04063 0.49457 -0.64715 -0.06162 0.13555 0.74768
1641272119.952436209 0.48206 -0.07349 0.48948 -0.64654 -0.05309 0.12137 0.75129
1641272120.039118052 0.51025 -0.09577 0.48368 -0.64485 -0.03924 0.11829 0.75408
1641272120.125800133 0.53742 -0.11176 0.47917 -0.65714 -0.02665 0.11061 0.74513
1641272120.212483168 0.56752 -0.12152 0.47589 -0.67004 -0.01254 0.08745 0.73705
1641272120.299165010 0.59900 -0.12851 0.47463 -0.68352 0.01190 0.05498 0.72776
1641272120.429188013 0.64185 -0.14294 0.47259 -0.69146 0.05084 0.00124 0.72062
1641272120.515871048 0.66576 -0.15409 0.47150 -0.69106 0.07912 -0.03329 0.71769
1641272120.602553129 0.68947 -0.16820 0.47115 -0.69416 0.10711 -0.07230 0.70812
1641272120.689235210 0.71342 -0.18260 0.47246 -0.69317 0.14124 -0.11087 0.69805
1641272120.775916100 0.73445 -0.20244 0.47262 -0.67996 0.16351 -0.13753 0.70143
1641272120.905940056 0.76322 -0.23412 0.46715 -0.67747 0.20071 -0.17390 0.68594
1641272120.992622137 0.77233 -0.25714 0.46182 -0.67246 0.22421 -0.20263 0.67563
1641272121.079305172 0.77686 -0.27915 0.45620 -0.66625 0.25065 -0.23057 0.66341
1641272121.165987015 0.78386 -0.30122 0.45212 -0.65998 0.27899 -0.26299 0.64608
1641272121.252669096 0.78966 -0.32243 0.45237 -0.64142 0.30569 -0.28728 0.64234
1641272121.382693052 0.78844 -0.34657 0.45859 -0.61739 0.35201 -0.32629 0.62326
1641272121.469374180 0.78095 -0.35929 0.46213 -0.59942 0.36756 -0.34563 0.62140
1641272121.556056023 0.77394 -0.37297 0.46198 -0.58115 0.38633 -0.36717 0.61498
1641272121.642738104 0.76737 -0.38742 0.45780 -0.56697 0.40995 -0.38805 0.59992
1641272121.729420185 0.75783 -0.40219 0.44884 -0.55797 0.42508 -0.39326 0.59440
1641272121.859444141 0.73759 -0.41350 0.42384 -0.55685 0.43769 -0.39659 0.58400
1641272121.946126223 0.72149 -0.41457 0.40191 -0.55755 0.43882 -0.38679 0.58904
1641272122.032808065 0.70530 -0.40896 0.37869 -0.56646 0.43900 -0.36999 0.59120
1641272122.119491100 0.69194 -0.39418 0.35905 -0.57922 0.43522 -0.35823 0.58886
1641272122.206173182 0.68209 -0.36890 0.35076 -0.59069 0.42444 -0.34247 0.59469
1641272122.336197138 0.66857 -0.31075 0.36540 -0.60387 0.39835 -0.32932 0.60680
1641272122.422879219 0.65721 -0.26362 0.38636 -0.60453 0.37420 -0.32494 0.62364
1641272122.509561062 0.64545 -0.21513 0.40821 -0.61065 0.35346 -0.31733 0.63361
1641272122.596243143 0.62837 -0.16558 0.42815 -0.61412 0.33205 -0.29905 0.65051
1641272122.682925224 0.61214 -0.11927 0.44547 -0.62137 0.30744 -0.28059 0.66381
1641272122.812948227 0.59249 -0.05462 0.46940 -0.63352 0.27009 -0.25439 0.67896
1641272122.899631023 0.58517 -0.01278 0.48445 -0.64247 0.24469 -0.23851 0.68591
1641272122.986312151 0.57711 0.02723 0.49764 -0.65533 0.22393 -0.21440 0.68879
1641272123.072994232 0.56943 0.06414 0.51559 -0.65736 0.20896 -0.19188 0.69813
1641272123.159677029 0.56204 0.10156 0.53402 -0.65144 0.20398 -0.16903 0.71095
1641272123.289700031 0.54484 0.15159 0.55599 -0.65202 0.17242 -0.12398 0.72786
1641272123.376383066 0.53137 0.17867 0.56332 -0.65184 0.14187 -0.09873 0.73839
1641272123.463065147 0.51193 0.19683 0.56717 -0.65904 0.09951 -0.05732 0.74329
1641272123.549747229 0.48836 0.21590 0.56950 -0.66044 0.07278 -0.02744 0.74684
1641272123.636429071 0.46699 0.22814 0.57380 -0.66427 0.05478 0.00210 0.74548
1641272123.766452074 0.42931 0.23301 0.57907 -0.66093 0.02520 0.03554 0.74918
1641272123.853134155 0.39724 0.23116 0.57833 -0.65244 0.00854 0.05992 0.75542
1641272123.939816236 0.36686 0.22478 0.57345 -0.66042 -0.01147 0.07200 0.74735
1641272124.026499033 0.33588 0.21101 0.56735 -0.65468 -0.03630 0.10814 0.74725
1641272124.113180161 0.30486 0.19767 0.56191 -0.65155 -0.04642 0.13264 0.74548
1641272124.199863195 0.27646 0.17783 0.55631 -0.65567 -0.05209 0.14302 0.73954
1641272124.329886198 0.23842 0.13831 0.54315 -0.63946 -0.06300 0.18536 0.74348
1641272124.416568041 0.22116 0.11250 0.53046 -0.64402 -0.06732 0.20165 0.73488
1641272124.503250122 0.20632 0.08698 0.51514 -0.64846 -0.08645 0.21068 0.72639
1641272124.589932203 0.19834 0.05763 0.49836 -0.64509 -0.09964 0.22471 0.72348
1641272124.676615238 0.19551 0.02605 0.47975 -0.64683 -0.10936 0.24006 0.71555
1641272124.806638241 0.19749 -0.02500 0.44863 -0.64440 -0.12460 0.26829 0.70515
1641272124.893320084 0.21357 -0.05802 0.42776 -0.65275 -0.13417 0.28057 0.69079
1641272124.980002165 0.23001 -0.09203 0.40565 -0.65415 -0.14991 0.30009 0.67791
1641272125.066684246 0.24009 -0.12869 0.38467 -0.65810 -0.16018 0.31148 0.66651
1641272125.153367043 0.25156 -0.16634 0.36330 -0.66245 -0.17102 0.32107 0.65485
1641272125.283390045 0.27362 -0.21941 0.33090 -0.67001 -0.17230 0.32160 0.64650
1641272125.370072126 0.29201 -0.24825 0.30984 -0.67089 -0.16393 0.32201 0.64756
1641272125.456754208 0.31036 -0.26902 0.28595 -0.67876 -0.15877 0.31039 0.64632
1641272125.543436050 0.32879 -0.28701 0.25797 -0.68567 -0.15005 0.29741 0.64722
1641272125.630118132 0.34992 -0.29886 0.22666 -0.68900 -0.13690 0.28226 0.65336
1641272125.760142088 0.37853 -0.31098 0.17386 -0.69685 -0.11364 0.25255 0.66159
1641272125.846824169 0.39419 -0.30493 0.13971 -0.70542 -0.09494 0.23925 0.66041
1641272125.933506012 0.39922 -0.29454 0.10426 -0.71347 -0.09544 0.23842 0.65192
1641272126.020188093 0.39076 -0.26670 0.07754 -0.72319 -0.08925 0.23476 0.64336
1641272126.106870174 0.37730 -0.23588 0.06078 -0.73151 -0.07943 0.25043 0.62918
1641272126.236894131 0.34886 -0.18769 0.05769 -0.72733 -0.07622 0.26275 0.62940
1641272126.323576212 0.33395 -0.15642 0.06377 -0.72773 -0.08345 0.27580 0.62240
1641272126.410258055 0.32317 -0.13024 0.07768 -0.71161 -0.08883 0.29096 0.63329
1641272126.496940136 0.31547 -0.10325 0.10017 -0.70130 -0.09285 0.29864 0.64060
1641272126.583623171 0.31335 -0.07568 0.12885 -0.68742 -0.09515 0.30888 0.65038
1641272126.713646173 0.32128 -0.03725 0.17304 -0.67717 -0.09070 0.30390 0.66397
1641272126.800328016 0.33468 -0.01523 0.19855 -0.67231 -0.08476 0.30359 0.66982
1641272126.887010098 0.35350 0.00225 0.21835 -0.66818 -0.07798 0.30029 0.67623
1641272126.973692179 0.37862 0.01732 0.23148 -0.67207 -0.07341 0.28852 0.67800
1641272127.060374022 0.40923 0.02813 0.23769 -0.67394 -0.06918 0.28016 0.68010
1641272127.190398216 0.46191 0.04033 0.23339 -0.67999 -0.06968 0.26898 0.67854
1641272127.277080059 0.49750 0.05057 0.22913 -0.68741 -0.06875 0.26266 0.67361
1641272127.363762140 0.53241 0.06144 0.22571 -0.68703 -0.07017 0.26093 0.67453
1641272127.450444221 0.56608 0.07514 0.22422 -0.68579 -0.07172 0.25986 0.67603
1641272127.537126064 0.59767 0.09155 0.22565 -0.68656 -0.07544 0.26299 0.67363
1641272127.667150021 0.63783 0.11878 0.23236 -0.67956 -0.08292 0.27216 0.67620
1641272127.753832102 0.66248 0.13744 0.23704 -0.66778 -0.08383 0.28079 0.68425
1641272127.840514183 0.68714 0.15451 0.24333 -0.65848 -0.08856 0.28682 0.69014
1641272127.927196026 0.70989 0.17286 0.25014 -0.64427 -0.09731 0.29511 0.69882
1641272128.013878107 0.73259 0.19223 0.25666 -0.63312 -0.10651 0.30580 0.70306
1641272128.143902063 0.76128 0.22171 0.26570 -0.62457 -0.11124 0.31347 0.70660
1641272128.230584145 0.77655 0.23736 0.27166 -0.61364 -0.12393 0.32781 0.70755
1641272128.317266226 0.78883 0.25259 0.27728 -0.61368 -0.13031 0.33410 0.70342
1641272128.403948069 0.80004 0.26776 0.28397 -0.60895 -0.13152 0.34297 0.70304
1641272128.490630150 0.80990 0.28375 0.29068 -0.59629 -0.13514 0.35582 0.70680
1641272128.620654106 0.82427 0.30482 0.30118 -0.60159 -0.14425 0.35981 0.69844
1641272128.707336187 0.83513 0.31316 0.30749 -0.59091 -0.15380 0.37016 0.70011
1641272128.794018030 0.84281 0.32208 0.31326 -0.58773 -0.15591 0.37297 0.70082
1641272128.880700111 0.84932 0.32577 0.31837 -0.59103 -0.16038 0.37310 0.69696
1641272128.967382193 0.84979 0.32532 0.32058 -0.59655 -0.16466 0.36716 0.69441
1641272129.097406149 0.84286 0.30957 0.31586 -0.60658 -0.15850 0.35416 0.69391
1641272129.184088230 0.83193 0.29103 0.31027 -0.60797 -0.14422 0.34741 0.69920
1641272129.270770073 0.81404 0.26757 0.30447 -0.61379 -0.13227 0.33672 0.70170
1641272129.357452154 0.79010 0.24406 0.29944 -0.61815 -0.12602 0.32784 0.70323
1641272129.444134235 0.75993 0.21500 0.29518 -0.62609 -0.12200 0.31656 0.70208
1641272129.574158192 0.70691 0.16774 0.28784 -0.63160 -0.10991 0.30657 0.70357
1641272129.660840034 0.66566 0.13290 0.28491 -0.63502 -0.10450 0.29333 0.70696
1641272129.747522116 0.62811 0.10139 0.28167 -0.63857 -0.10346 0.28520 0.70724
1641272129.834204197 0.59340 0.07087 0.27701 -0.64957 -0.10229 0.27693 0.70064
1641272129.920886040 0.56473 0.04028 0.26818 -0.65915 -0.09842 0.26453 0.69704
1641272130.050910234 0.52849 -0.00235 0.24786 -0.68330 -0.06920 0.23444 0.68801
1641272130.137592077 0.50561 -0.03359 0.23215 -0.68601 -0.06117 0.22543 0.68908
1641272130.224274158 0.48192 -0.06424 0.21657 -0.68704 -0.05776 0.22364 0.68893
1641272130.310956240 0.45526 -0.09592 0.20501 -0.68585 -0.05366 0.22399 0.69033
1641272130.397638083 0.42630 -0.12577 0.20200 -0.68039 -0.05636 0.22504 0.69516
1641272130.527662039 0.38366 -0.16773 0.20879 -0.67639 -0.05390 0.21542 0.70227
1641272130.614344120 0.35908 -0.18782 0.21806 -0.66743 -0.04439 0.20105 0.71565
1641272130.701026201 0.33717 -0.20456 0.22546 -0.66327 -0.04626 0.19567 0.72086
1641272130.787708044 0.31562 -0.21339 0.23097 -0.67257 -0.04907 0.18676 0.71440
1641272130.874390125 0.29413 -0.21545 0.23575 -0.67831 -0.05383 0.18943 0.70789
1641272131.004414082 0.26037 -0.21661 0.23996 -0.68577 -0.05697 0.18645 0.70122
1641272131.091096163 0.23990 -0.21284 0.24261 -0.67915 -0.05649 0.18871 0.70708
1641272131.177778244 0.22179 -0.20654 0.24408 -0.68064 -0.05259 0.18544 0.70681
1641272131.264460087 0.20582 -0.19800 0.24566 -0.67455 -0.04424 0.18131 0.71425
1641272131.351142168 0.19022 -0.18733 0.24987 -0.67557 -0.03282 0.17851 0.71461
1641272131.437825203 0.17406 -0.17268 0.25500 -0.67270 -0.02625 0.16725 0.72028
1641272131.567848206 0.15898 -0.14128 0.26963 -0.67370 -0.01129 0.14646 0.72426
1641272131.654530048 0.15123 -0.11951 0.28133 -0.67736 -0.01247 0.14216 0.72168
1641272131.741212130 0.14673 -0.10120 0.29659 -0.66991 -0.00529 0.13160 0.73067
1641272131.827894211 0.15150 -0.08836 0.31792 -0.66841 0.00671 0.13150 0.73205
1641272131.914577246 0.16194 -0.07673 0.34101 -0.67073 0.00384 0.12377 0.73129
1641272132.044600010 0.19080 -0.06507 0.37873 -0.66600 0.00717 0.11139 0.73755
1641272132.131282091 0.21737 -0.05825 0.39523 -0.66850 0.01651 0.10990 0.73536
1641272132.217964172 0.24465 -0.05584 0.40182 -0.66224 0.02193 0.11314 0.74037
1641272132.304646015 0.27144 -0.05786 0.39902 -0.65997 0.02597 0.12146 0.74095
1641272132.391328096 0.29802 -0.06099 0.39208 -0.66455 0.02867 0.12876 0.73551
1641272132.521352053 0.33608 -0.06944 0.36801 -0.66622 0.02530 0.14469 0.73115
1641272132.608034134 0.35895 -0.07186 0.34898 -0.66519 0.01970 0.15155 0.73086
1641272132.694716215 0.37819 -0.07533 0.32779 -0.66918 0.00894 0.16110 0.72537
1641272132.781398058 0.39682 -0.07977 0.30827 -0.67485 -0.00492 0.17005 0.71808
1641272132.868080139 0.41516 -0.07507 0.29196 -0.67338 0.00337 0.17154 0.71911
1641272132.998104095 0.44521 -0.06396 0.26566 -0.68523 0.00731 0.17570 0.70678
1641272133.084786177 0.46551 -0.05459 0.24735 -0.68555 0.00769 0.17835 0.70580
1641272133.171468019 0.48808 -0.04111 0.22994 -0.69060 0.00674 0.18216 0.69989
1641272133.258150101 0.51548 -0.02400 0.21018 -0.69917 0.00236 0.18416 0.69083
1641272133.344833136 0.54488 -0.00655 0.19015 -0.71353 -0.00887 0.19358 0.67330
1641272133.474856138 0.59026 0.02051 0.15872 -0.71586 -0.02461 0.19452 0.67014
1641272133.561538219 0.62386 0.04017 0.13933 -0.71382 -0.02177 0.20363 0.66972
1641272133.648220062 0.65371 0.05995 0.12548 -0.71179 -0.02148 0.20570 0.67126
1641272133.734902143 0.68142 0.07845 0.11879 -0.70043 -0.02921 0.21845 0.67884
1641272133.821584225 0.70524 0.09789 0.11654 -0.70078 -0.03873 0.21897 0.67784
1641272133.951608181 0.73871 0.12375 0.11891 -0.68661 -0.05580 0.23393 0.68610
1641272134.038290024 0.75989 0.13964 0.12629 -0.68125 -0.06367 0.24028 0.68855
1641272134.124972105 0.77379 0.15858 0.14132 -0.67503 -0.06618 0.23814 0.69516
1641272134.211654186 0.78790 0.17144 0.15784 -0.66169 -0.07626 0.24353 0.70502
1641272134.298336029 0.79843 0.17864 0.17682 -0.66266 -0.08629 0.24035 0.70404
1641272134.428360224 0.80626 0.17817 0.20973 -0.65855 -0.09730 0.23155 0.70939
1641272134.515042067 0.80274 0.17142 0.22996 -0.65689 -0.09713 0.22116 0.71424
1641272134.601724148 0.79247 0.15925 0.24689 -0.65525 -0.08353 0.21418 0.71958
1641272134.688406229 0.77843 0.14378 0.25789 -0.64908 -0.06868 0.21388 0.72680
1641272134.775088072 0.75927 0.12764 0.26119 -0.64783 -0.05396 0.21264 0.72951
1641272134.905112028 0.72008 0.10218 0.25389 -0.67303 -0.04284 0.19679 0.71167
1641272134.991794109 0.68603 0.08064 0.24136 -0.68987 -0.04032 0.17884 0.70033
1641272135.078476191 0.64885 0.05488 0.22645 -0.69928 -0.03472 0.16921 0.69366
1641272135.165158033 0.60756 0.02645 0.21082 -0.71331 -0.02617 0.15048 0.68400
1641272135.251840115 0.56414 -0.00317 0.19422 -0.71688 -0.02875 0.13383 0.68363
1641272135.381864071 0.50104 -0.04123 0.17205 -0.72826 -0.03084 0.12273 0.67351
1641272135.468546152 0.46267 -0.06310 0.16305 -0.72024 -0.02613 0.12407 0.68204
1641272135.555228233 0.42981 -0.08209 0.15300 -0.72117 -0.01348 0.13112 0.68010
1641272135.641910076 0.40028 -0.09687 0.14082 -0.71407 -0.00980 0.14097 0.68567
1641272135.728593111 0.37548 -0.10639 0.12264 -0.72565 -0.01301 0.15096 0.67117
1641272135.858616114 0.34715 -0.10890 0.09263 -0.72062 -0.01234 0.17617 0.67047
1641272135.945298195 0.33051 -0.10548 0.06743 -0.72006 -0.02457 0.18389 0.66865
1641272136.031980038 0.31258 -0.09728 0.03826 -0.72375 -0.03139 0.18429 0.66426
1641272136.118662119 0.29183 -0.09201 0.01138 -0.72099 -0.03695 0.19045 0.66524
1641272136.205345154 0.26975 -0.08814 -0.00531 -0.69829 -0.03215 0.19452 0.68813
1641272136.335368156 0.23489 -0.08704 -0.00945 -0.67977 -0.03081 0.19717 0.70576
1641272136.422050238 0.21757 -0.08509 0.00365 -0.65886 -0.03098 0.20933 0.72189
1641272136.508732080 0.20848 -0.07932 0.02734 -0.66915 -0.01773 0.20917 0.71286
1641272136.595415115 0.21068 -0.07075 0.05618 -0.66304 -0.00047 0.19963 0.72147
1641272136.682097197 0.22915 -0.06552 0.08725 -0.61700 0.01925 0.21256 0.75747
1641272136.812120199 0.26828 -0.05307 0.11783 -0.62706 0.06719 0.16871 0.75751
1641272136.898802042 0.29791 -0.05330 0.12051 -0.61707 0.07312 0.13359 0.77203
1641272136.985484123 0.33379 -0.05621 0.11097 -0.61422 0.09204 0.11608 0.77510
1641272137.072167158 0.37049 -0.05988 0.08837 -0.61753 0.11124 0.09703 0.77257
1641272137.158849239 0.40515 -0.06171 0.05703 -0.62364 0.13163 0.08398 0.76596
1641272137.288872242 0.44663 -0.06530 -0.00236 -0.64592 0.15929 0.05546 0.74454
1641272137.375555038 0.46522 -0.07584 -0.04299 -0.65946 0.17060 0.04480 0.73075
1641272137.462237120 0.47776 -0.08807 -0.07842 -0.67822 0.17262 0.02564 0.71384
1641272137.548918247 0.48471 -0.10194 -0.10380 -0.70809 0.15867 -0.00316 0.68806
1641272137.635600090 0.48459 -0.11868 -0.11131 -0.71920 0.13601 -0.02958 0.68072
1641272137.765624046 0.46757 -0.15030 -0.09782 -0.72418 0.09025 -0.06756 0.68033
1641272137.852307081 0.44688 -0.17037 -0.08136 -0.72320 0.05535 -0.08378 0.68330
1641272137.938988209 0.42265 -0.18485 -0.06563 -0.71604 0.02453 -0.07844 0.69320
1641272138.025670052 0.39858 -0.19688 -0.06110 -0.70713 0.00914 -0.06152 0.70434
1641272138.112353086 0.37541 -0.20260 -0.07176 -0.71675 0.00521 -0.03397 0.69648
1641272138.242376089 0.33990 -0.20379 -0.10601 -0.72389 -0.00046 -0.00069 0.68991
1641272138.329058170 0.31441 -0.20645 -0.12954 -0.73461 0.00109 0.02573 0.67800
1641272138.415740013 0.28745 -0.20523 -0.15066 -0.74976 -0.00477 0.05060 0.65975
1641272138.502422094 0.25738 -0.20310 -0.16737 -0.75830 -0.02103 0.07180 0.64759
1641272138.589104176 0.22639 -0.20185 -0.17808 -0.76200 -0.03848 0.09838 0.63891
1641272138.675787210 0.19617 -0.20021 -0.18153 -0.76549 -0.05888 0.12076 0.62927
1641272138.805810213 0.15761 -0.19474 -0.16992 -0.75588 -0.08230 0.14728 0.63260
1641272138.892493248 0.14148 -0.18443 -0.14984 -0.74375 -0.08558 0.16371 0.64243
1641272138.979174137 0.13334 -0.17392 -0.12185 -0.72957 -0.08911 0.16964 0.65651
1641272139.065857172 0.13189 -0.15786 -0.08918 -0.71961 -0.08186 0.16855 0.66862
1641272139.152539015 0.13617 -0.14119 -0.05461 -0.70364 -0.07913 0.16669 0.68618
1641272139.282562017 0.15159 -0.11443 -0.00725 -0.69359 -0.06982 0.15249 0.70057
1641272139.369244099 0.16623 -0.09650 0.01958 -0.67636 -0.05702 0.15115 0.71864
1641272139.455926180 0.18285 -0.08274 0.04025 -0.66737 -0.03528 0.14407 0.72980
1641272139.542608023 0.20388 -0.07457 0.05109 -0.66762 -0.01862 0.13348 0.73220
1641272139.629290104 0.22818 -0.07106 0.05107 -0.66259 0.00621 0.12500 0.73845
1641272139.759314060 0.26511 -0.07386 0.02875 -0.67324 0.02625 0.11261 0.73033
1641272139.845996141 0.29053 -0.08149 0.00210 -0.68109 0.03961 0.10127 0.72408
1641272139.932679176 0.31728 -0.09358 -0.02951 -0.68623 0.05425 0.09000 0.71975
1641272140.019361019 0.34565 -0.10507 -0.06177 -0.70263 0.06773 0.06995 0.70486
1641272140.106042147 0.37312 -0.11948 -0.08979 -0.72014 0.06683 0.04768 0.68896
1641272140.236066103 0.41072 -0.14568 -0.11074 -0.72040 0.05891 0.02642 0.69055
1641272140.322748184 0.42805 -0.16004 -0.10837 -0.72664 0.05159 -0.00501 0.68506
1641272140.409430027 0.44002 -0.17596 -0.09017 -0.72407 0.04281 -0.02622 0.68790
1641272140.496113062 0.44612 -0.19169 -0.05957 -0.71150 0.03323 -0.04541 0.70043
1641272140.582795143 0.44483 -0.20507 -0.02268 -0.70535 0.02076 -0.06060 0.70596
1641272140.712818146 0.43209 -0.22043 0.03187 -0.69672 -0.01041 -0.07316 0.71353
1641272140.799501181 0.41769 -0.22611 0.06318 -0.67688 -0.03544 -0.06884 0.73201
1641272140.886182070 0.40284 -0.22811 0.08705 -0.66828 -0.05477 -0.07034 0.73855
1641272140.972864151 0.38803 -0.22630 0.10293 -0.66199 -0.06408 -0.06530 0.74391
1641272141.059546232 0.37559 -0.22179 0.10818 -0.65374 -0.06924 -0.05597 0.75146
1641272141.189570189 0.35769 -0.20587 0.08808 -0.67130 -0.06537 -0.06301 0.73560
1641272141.276252031 0.34823 -0.19790 0.06121 -0.68161 -0.06008 -0.04754 0.72770
1641272141.362934113 0.33698 -0.19015 0.02635 -0.69406 -0.05124 -0.03359 0.71731
1641272141.449617147 0.32284 -0.18608 -0.00965 -0.69903 -0.05377 -0.00981 0.71300
1641272141.536299229 0.30581 -0.18151 -0.04116 -0.71588 -0.04712 0.02051 0.69633
1641272141.666322231 0.27724 -0.17295 -0.08391 -0.74329 -0.03532 0.03992 0.66684
1641272141.753004074 0.25578 -0.16942 -0.10203 -0.74916 -0.02586 0.05713 0.65941
1641272141.839687109 0.23170 -0.16770 -0.11189 -0.76458 -0.03612 0.08489 0.63789
1641272141.926368237 0.20366 -0.17042 -0.11454 -0.76811 -0.08118 0.10711 0.62606
1641272142.013050079 0.18118 -0.17403 -0.10468 -0.75836 -0.11281 0.13050 0.62860
1641272142.143074036 0.16767 -0.17529 -0.06778 -0.75225 -0.10215 0.18212 0.62492
1641272142.229756117 0.16996 -0.17861 -0.03778 -0.73746 -0.10766 0.21011 0.63278
1641272142.316439152 0.17992 -0.18686 -0.00793 -0.71436 -0.12336 0.21702 0.65374
1641272142.403120041 0.19491 -0.19761 0.02196 -0.69124 -0.12175 0.21738 0.67831
1641272142.489803076 0.21478 -0.21035 0.04777 -0.67216 -0.10520 0.22032 0.69899
1641272142.619826078 0.24810 -0.22081 0.06728 -0.68188 -0.05900 0.22383 0.69387
1641272142.706508160 0.27134 -0.21966 0.06345 -0.69747 -0.01753 0.23263 0.67758
1641272142.793190241 0.29313 -0.22498 0.04540 -0.70685 0.01341 0.23882 0.66569
1641272142.879873037 0.31525 -0.23062 0.01825 -0.72338 0.04551 0.21589 0.65425
1641272142.966555119 0.33820 -0.23818 -0.00920 -0.74080 0.06419 0.17789 0.64455
1641272143.096578121 0.36233 -0.25411 -0.03464 -0.75802 0.06189 0.12597 0.63695
1641272143.183260202 0.37611 -0.26511 -0.03214 -0.77027 0.05150 0.09329 0.62875
1641272143.269942045 0.38576 -0.27192 -0.01439 -0.77292 0.03347 0.05264 0.63143
1641272143.356624126 0.38917 -0.27559 0.01657 -0.77037 0.01302 0.01133 0.63737
1641272143.443306208 0.38652 -0.27298 0.05104 -0.76473 -0.00572 -0.02179 0.64396
1641272143.573330164 0.37494 -0.26720 0.09582 -0.76246 -0.03598 -0.05506 0.64368
1641272143.660012245 0.36239 -0.25940 0.11420 -0.76207 -0.05812 -0.07091 0.64097
1641272143.746694088 0.34813 -0.25283 0.11920 -0.76291 -0.07358 -0.08254 0.63698
1641272143.833376169 0.33289 -0.24336 0.10737 -0.76528 -0.08827 -0.09112 0.63107
1641272143.920058012 0.31535 -0.22617 0.08290 -0.77561 -0.09362 -0.09393 0.61713
1641272144.050082207 0.28505 -0.19964 0.03180 -0.79328 -0.11304 -0.07329 0.59376
1641272144.136764050 0.26207 -0.18450 -0.00363 -0.80319 -0.12450 -0.05504 0.57996
1641272144.223446131 0.23563 -0.16835 -0.03616 -0.81456 -0.14454 -0.02998 0.56099
1641272144.310128212 0.20742 -0.15432 -0.06105 -0.82087 -0.16573 -0.00090 0.54654
1641272144.396810055 0.17930 -0.14274 -0.07428 -0.81943 -0.18623 0.02596 0.54146
1641272144.526834011 0.14480 -0.12316 -0.07016 -0.80938 -0.20711 0.05566 0.54673
1641272144.613516092 0.13071 -0.11399 -0.05186 -0.79753 -0.21312 0.07069 0.55994
1641272144.700198174 0.12496 -0.10362 -0.02225 -0.78412 -0.20858 0.08103 0.57887
1641272144.786880016 0.12598 -0.09561 0.01327 -0.76787 -0.20158 0.08761 0.60172
1641272144.873563051 0.13216 -0.08938 0.05009 -0.75276 -0.18701 0.08421 0.62553
1641272145.003586054 0.15300 -0.08752 0.09806 -0.73652 -0.16229 0.07549 0.65231
1641272145.090268135 0.17484 -0.09105 0.12211 -0.73260 -0.13327 0.07628 0.66311
1641272145.176950216 0.20125 -0.09981 0.13344 -0.73563 -0.10290 0.07900 0.66485
1641272145.263632059 0.22833 -0.11411 0.13252 -0.74078 -0.07932 0.08171 0.66202
1641272145.350314140 0.25413 -0.13433 0.12366 -0.74735 -0.06768 0.08450 0.65555
1641272145.480338097 0.28567 -0.16976 0.10505 -0.75627 -0.05472 0.07127 0.64806
1641272145.567020178 0.30534 -0.19690 0.09324 -0.76459 -0.05093 0.06073 0.63962
1641272145.653702021 0.32311 -0.22588 0.08537 -0.77084 -0.04886 0.05086 0.63311
1641272145.740384102 0.33884 -0.25277 0.08322 -0.77730 -0.05589 0.03972 0.62538
1641272145.827066183 0.35162 -0.27401 0.08828 -0.78207 -0.06570 0.01976 0.61940
1641272145.913748026 0.36130 -0.28810 0.10145 -0.78433 -0.07988 -0.00512 0.61516
1641272146.043772221 0.36876 -0.29517 0.13103 -0.77905 -0.11350 -0.04406 0.61503
1641272146.130454063 0.37006 -0.29261 0.14935 -0.77427 -0.12437 -0.05601 0.61799
1641272146.217136145 0.36739 -0.28774 0.15579 -0.77664 -0.13681 -0.05634 0.61232
1641272146.303818226 0.36246 -0.27814 0.14679 -0.78006 -0.14572 -0.05264 0.60622
1641272146.390500069 0.35354 -0.26329 0.12257 -0.78660 -0.15089 -0.04947 0.59670
1641272146.520524025 0.33172 -0.23743 0.07611 -0.79332 -0.15503 -0.02620 0.58816
1641272146.607206106 0.31174 -0.21889 0.04734 -0.79985 -0.15062 0.01039 0.58089
1641272146.693888187 0.29044 -0.20031 0.02285 -0.80302 -0.15143 0.04727 0.57445
1641272146.780570030 0.26905 -0.18141 0.00534 -0.80271 -0.15586 0.07203 0.57111
1641272146.867252111 0.24955 -0.16123 -0.00235 -0.79895 -0.16313 0.09840 0.57043
1641272146.997276068 0.22838 -0.13225 0.00883 -0.78505 -0.15804 0.14495 0.58113
1641272147.083958149 0.22004 -0.11678 0.03015 -0.77017 -0.15776 0.17740 0.59201
1641272147.170641184 0.21753 -0.10627 0.05977 -0.75171 -0.16056 0.20190 0.60695
1641272147.257322073 0.22151 -0.10163 0.09365 -0.72947 -0.16077 0.21375 0.62956
1641272147.344004154 0.23314 -0.10307 0.12782 -0.70998 -0.15884 0.22386 0.64853
1641272147.474028111 0.26296 -0.11564 0.16700 -0.68898 -0.15539 0.23244 0.66868
1641272147.560710192 0.28700 -0.12650 0.18263 -0.68734 -0.14617 0.23238 0.67245
1641272147.647392035 0.31324 -0.14057 0.18900 -0.69269 -0.13784 0.24117 0.66559
1641272147.734074116 0.34097 -0.15329 0.18679 -0.70019 -0.12819 0.24689 0.65753
1641272147.820757151 0.36787 -0.16664 0.17661 -0.71107 -0.11076 0.24066 0.65130
1641272147.950780153 0.40746 -0.18636 0.14833 -0.73282 -0.09372 0.22632 0.63480
1641272148.037462234 0.43103 -0.20134 0.12465 -0.74891 -0.08594 0.20428 0.62451
1641272148.124144077 0.45337 -0.21793 0.10096 -0.76078 -0.07025 0.17562 0.62084
1641272148.210826159 0.47149 -0.23738 0.07814 -0.77531 -0.06049 0.15408 0.60951
1641272148.297508240 0.48528 -0.26167 0.05718 -0.78616 -0.05359 0.13048 0.60172
1641272148.427532196 0.50156 -0.29991 0.03612 -0.79951 -0.06013 0.10171 0.58891
1641272148.514214039 0.50933 -0.32558 0.03215 -0.80305 -0.07249 0.08973 0.58465
1641272148.600896120 0.51482 -0.35096 0.03681 -0.80470 -0.10149 0.08167 0.57921
1641272148.687578201 0.51724 -0.37200 0.04935 -0.80886 -0.12942 0.07029 0.56925
1641272148.774260044 0.51756 -0.38721 0.06609 -0.81335 -0.15210 0.05763 0.55857
1641272148.904284239 0.51231 -0.39414 0.07949 -0.80968 -0.17174 0.04027 0.55974
1641272148.990966082 0.50414 -0.38610 0.06803 -0.81231 -0.17635 0.03151 0.55503
1641272149.077648163 0.48827 -0.37140 0.04336 -0.82290 -0.18485 0.03082 0.53640
1641272149.164330244 0.46862 -0.35364 0.01451 -0.82745 -0.18995 0.03790 0.52708
1641272149.251012087 0.44617 -0.33485 -0.01122 -0.82696 -0.19591 0.05663 0.52397
1641272149.381036043 0.40943 -0.30558 -0.03728 -0.81700 -0.20874 0.10194 0.52777
1641272149.467718124 0.38230 -0.28784 -0.04604 -0.80667 -0.21970 0.13996 0.53049
1641272149.554400206 0.35391 -0.27228 -0.04678 -0.79597 -0.23465 0.17502 0.52985
1641272149.641047239 0.32723 -0.25704 -0.03886 -0.78208 -0.25182 0.20579 0.53158
1641272149.727623224 0.30418 -0.24056 -0.02075 -0.76345 -0.26446 0.22958 0.54268
1641272149.857647181 0.27976 -0.21913 0.02459 -0.73327 -0.28206 0.25869 0.56200
1641272149.944330215 0.26954 -0.20818 0.06206 -0.71242 -0.29050 0.26333 0.58200
1641272150.031011105 0.26480 -0.19716 0.10176 -0.69459 -0.29547 0.25757 0.60324
1641272150.117693186 0.26769 -0.19325 0.14091 -0.67459 -0.29449 0.24985 0.62912
1641272150.204375029 0.27538 -0.18559 0.17636 -0.66637 -0.28288 0.24339 0.64552
1641272150.334399223 0.29782 -0.17201 0.21382 -0.66505 -0.25083 0.23296 0.66372
1641272150.421081066 0.32104 -0.16207 0.22413 -0.67275 -0.22448 0.22762 0.66724
1641272150.507763147 0.34757 -0.15388 0.22013 -0.68344 -0.19780 0.22015 0.66733
1641272150.594446182 0.37838 -0.15232 0.20109 -0.69799 -0.17395 0.20949 0.66231
1641272150.681128025 0.41230 -0.15465 0.17418 -0.71447 -0.14811 0.20283 0.65304
1641272150.811151028 0.46309 -0.15948 0.12795 -0.73825 -0.10873 0.19419 0.63675
1641272150.897833109 0.50211 -0.16739 0.10030 -0.75039 -0.08360 0.18593 0.62877
1641272150.984515190 0.54088 -0.17864 0.08201 -0.76379 -0.05963 0.16768 0.62045
1641272151.071198225 0.57707 -0.19535 0.07690 -0.77092 -0.03465 0.14552 0.61912
1641272151.157879114 0.60838 -0.21607 0.08394 -0.77232 -0.02111 0.12655 0.62214
1641272151.287903070 0.64264 -0.24755 0.11385 -0.76590 -0.00713 0.08288 0.63756
1641272151.374585152 0.65613 -0.26512 0.14406 -0.75347 -0.00304 0.05795 0.65492
1641272151.461267233 0.66374 -0.27806 0.17442 -0.74327 -0.00283 0.04055 0.66776
1641272151.547949076 0.66152 -0.28661 0.19552 -0.73482 -0.00390 0.02805 0.67767
1641272151.634631157 0.65038 -0.29056 0.19769 -0.73248 -0.00882 0.02287 0.68035
1641272151.764655113 0.61946 -0.28288 0.16799 -0.74874 -0.02176 0.02299 0.66211
1641272151.851338148 0.58967 -0.27046 0.13586 -0.76137 -0.03160 0.02455 0.64708
1641272151.938020229 0.55822 -0.25668 0.09819 -0.77851 -0.04927 0.03271 0.62485
1641272152.024701118 0.52357 -0.24569 0.06133 -0.79156 -0.06342 0.05023 0.60571
1641272152.111384153 0.48579 -0.23510 0.02871 -0.80040 -0.07591 0.08005 0.58923
1641272152.241407156 0.42821 -0.22034 -0.00853 -0.81031 -0.09975 0.13520 0.56140
1641272152.328089237 0.39146 -0.21211 -0.02149 -0.80967 -0.11917 0.16838 0.54944
1641272152.414771080 0.35874 -0.20633 -0.02236 -0.80358 -0.13700 0.19931 0.54384
1641272152.501453161 0.33273 -0.20353 -0.01265 -0.79378 -0.16065 0.22898 0.54006
1641272152.588136196 0.31283 -0.20387 0.00587 -0.77906 -0.18229 0.24398 0.54801
1641272152.718159199 0.29403 -0.20299 0.05166 -0.75130 -0.20934 0.26711 0.56602
1641272152.804841042 0.28735 -0.20138 0.08933 -0.72906 -0.22217 0.27781 0.58475
1641272152.891523123 0.28522 -0.19989 0.12722 -0.71004 -0.23022 0.27309 0.60685
1641272152.978205204 0.28629 -0.19313 0.16347 -0.69642 -0.22996 0.26531 0.62588
1641272153.064887047 0.29500 -0.18742 0.19507 -0.68391 -0.21891 0.27174 0.64070
1641272153.194911242 0.32460 -0.18078 0.22476 -0.67799 -0.19087 0.29897 0.64383
1641272153.281593084 0.35210 -0.17781 0.22517 -0.67943 -0.17401 0.30540 0.64407
1641272153.368275166 0.38039 -0.17420 0.21271 -0.68509 -0.15382 0.31010 0.64096
1641272153.454957247 0.40568 -0.16843 0.19118 -0.69749 -0.13012 0.31068 0.63250
1641272153.541639090 0.43243 -0.16506 0.16526 -0.71107 -0.10971 0.30806 0.62245
1641272153.628322124 0.45704 -0.16436 0.13714 -0.72597 -0.08959 0.30629 0.60920
1641272153.758345127 0.49320 -0.17225 0.09732 -0.74976 -0.06692 0.29461 0.58871
1641272153.845027208 0.51774 -0.18415 0.07510 -0.76527 -0.05421 0.27327 0.58030
1641272153.931709051 0.54387 -0.19790 0.06093 -0.77914 -0.04638 0.24349 0.57576
1641272154.018391132 0.56865 -0.21261 0.05673 -0.78762 -0.03743 0.21534 0.57610
1641272154.105073214 0.58955 -0.22974 0.06179 -0.79039 -0.03336 0.18748 0.58225
1641272154.235097170 0.61312 -0.25493 0.08379 -0.79007 -0.03124 0.14525 0.59475
1641272154.321779013 0.62164 -0.27040 0.10579 -0.78402 -0.03753 0.11909 0.60805
1641272154.408461094 0.62370 -0.28159 0.12749 -0.78057 -0.04944 0.09406 0.61597
1641272154.495143175 0.61944 -0.28846 0.14490 -0.77364 -0.06854 0.07562 0.62536
1641272154.581825018 0.60826 -0.29169 0.15172 -0.76689 -0.08556 0.06319 0.63290
1641272154.711849213 0.58824 -0.28836 0.13325 -0.77182 -0.09959 0.05430 0.62564
1641272154.798531055 0.57391 -0.28205 0.10413 -0.78619 -0.10263 0.05712 0.60672
1641272154.885213137 0.55608 -0.27706 0.06959 -0.79588 -0.10733 0.04939 0.59382
1641272154.971895218 0.53372 -0.27314 0.03496 -0.80490 -0.12019 0.04934 0.57902
1641272155.058578014 0.50932 -0.26951 0.00367 -0.81051 -0.13286 0.06555 0.56667
1641272155.188601017 0.47471 -0.26308 -0.03553 -0.81418 -0.15345 0.11112 0.54883
1641272155.275283098 0.45295 -0.25974 -0.05371 -0.81338 -0.17117 0.14600 0.53646
1641272155.361965179 0.43294 -0.25597 -0.06363 -0.80606 -0.18555 0.17464 0.53418
1641272155.448647022 0.41708 -0.25182 -0.06366 -0.79538 -0.19721 0.20726 0.53435
1641272155.535329103 0.40534 -0.24689 -0.05333 -0.78228 -0.20351 0.23975 0.53772
1641272155.665353060 0.39741 -0.23498 -0.02023 -0.76024 -0.21164 0.27268 0.55035
1641272155.752035141 0.39339 -0.22556 0.00861 -0.74316 -0.21874 0.28224 0.56586
1641272155.838717222 0.39268 -0.22080 0.03974 -0.72620 -0.22209 0.28860 0.58311
1641272155.925399065 0.39341 -0.21898 0.06815 -0.71113 -0.22903 0.28762 0.59927
1641272156.012081146 0.39649 -0.22051 0.08620 -0.70468 -0.23289 0.27534 0.61104
1641272156.142105103 0.40474 -0.22089 0.08566 -0.71595 -0.22406 0.24944 0.61237
1641272156.228787184 0.41689 -0.21982 0.07133 -0.73295 -0.21294 0.23473 0.60195
1641272156.315470219 0.43379 -0.21498 0.05200 -0.74825 -0.19079 0.22914 0.59263
1641272156.402152061 0.45577 -0.21103 0.03007 -0.76559 -0.16666 0.21670 0.58236
1641272156.488833189 0.48297 -0.20860 0.00972 -0.78095 -0.13484 0.19998 0.57615
1641272156.618857145 0.53042 -0.21327 -0.01045 -0.79484 -0.08507 0.17541 0.57465
1641272156.705539227 0.56157 -0.22127 -0.01521 -0.79697 -0.05970 0.14653 0.58293
1641272156.792221069 0.59001 -0.23185 -0.01199 -0.79641 -0.03252 0.11154 0.59349
1641272156.878903151 0.61050 -0.24460 -0.00162 -0.79008 -0.01217 0.08264 0.60728
1641272156.965585232 0.62195 -0.25569 0.01263 -0.78261 -0.00240 0.05240 0.62030
1641272157.095609188 0.61433 -0.26282 0.03553 -0.77176 0.01032 0.00351 0.63583
1641272157.182291031 0.59227 -0.25879 0.04658 -0.76653 0.00570 -0.01546 0.64199
1641272157.268973112 0.56039 -0.24774 0.04966 -0.76173 -0.00193 -0.03213 0.64709
1641272157.355655193 0.52360 -0.23363 0.04294 -0.76059 -0.01631 -0.04171 0.64769
1641272157.442338228 0.48506 -0.21835 0.02854 -0.76146 -0.02788 -0.04606 0.64597
1641272157.572361231 0.42767 -0.19423 0.00131 -0.76612 -0.04518 -0.04627 0.63944
1641272157.659043074 0.38909 -0.18064 -0.01954 -0.77356 -0.06167 -0.03107 0.62995
1641272157.745726109 0.35073 -0.16894 -0.04239 -0.78487 -0.08929 -0.01237 0.61307
1641272157.832408190 0.31386 -0.15875 -0.06354 -0.79404 -0.12515 0.00504 0.59482
1641272157.919089079 0.27955 -0.15317 -0.07896 -0.80388 -0.14519 0.02999 0.57601
1641272158.049113035 0.23488 -0.14755 -0.08487 -0.80476 -0.16541 0.07785 0.56475
1641272158.135795116 0.20963 -0.14505 -0.07409 -0.80061 -0.17699 0.10275 0.56316
1641272158.222477198 0.19253 -0.14344 -0.04998 -0.78637 -0.18164 0.12502 0.57706
1641272158.309159040 0.18630 -0.14311 -0.01437 -0.77009 -0.17817 0.14555 0.59501
1641272158.395841122 0.18999 -0.13951 0.02306 -0.75820 -0.17279 0.15615 0.60901
1641272158.525865078 0.20970 -0.13262 0.07023 -0.73925 -0.15421 0.16136 0.63536
1641272158.612547159 0.23246 -0.12843 0.08874 -0.73600 -0.13418 0.15985 0.64401
1641272158.699229240 0.26106 -0.12175 0.09410 -0.73864 -0.11132 0.16435 0.64421
1641272158.785911083 0.29485 -0.11307 0.08862 -0.74700 -0.08208 0.17059 0.63730
1641272158.872594118 0.33190 -0.10544 0.07571 -0.75827 -0.04695 0.16952 0.62776
1641272159.002617121 0.38832 -0.10189 0.05238 -0.77029 -0.00180 0.15671 0.61813
1641272159.089299202 0.42707 -0.10661 0.03738 -0.77458 0.02260 0.13289 0.61794
1641272159.175981045 0.46694 -0.11445 0.02750 -0.78174 0.04748 0.09499 0.61450
1641272159.262664080 0.50670 -0.12608 0.02682 -0.78096 0.07037 0.05991 0.61771
1641272159.349346161 0.54070 -0.13831 0.03687 -0.77582 0.08290 0.02390 0.62502
1641272159.479369164 0.57822 -0.15569 0.07101 -0.75918 0.09335 -0.03260 0.64333
1641272159.566051245 0.59893 -0.17033 0.10297 -0.74257 0.09822 -0.05789 0.65999
1641272159.652733088 0.61126 -0.18146 0.13788 -0.72772 0.09981 -0.08173 0.67363
1641272159.739415169 0.61671 -0.19314 0.17149 -0.71315 0.09231 -0.09320 0.68863
1641272159.826097012 0.61553 -0.20097 0.20141 -0.69698 0.08695 -0.10840 0.70350
1641272159.956121206 0.60361 -0.20628 0.23428 -0.68018 0.07521 -0.12088 0.71909
1641272160.042803049 0.59161 -0.20856 0.24270 -0.67517 0.06240 -0.11994 0.72517
1641272160.129485130 0.57970 -0.20330 0.23840 -0.67423 0.05671 -0.11523 0.72727
1641272160.216167212 0.56722 -0.19127 0.22188 -0.68271 0.05177 -0.10707 0.72094
1641272160.302850246 0.55218 -0.17434 0.19318 -0.70551 0.04675 -0.09423 0.70085
1641272160.432873011 0.52506 -0.14679 0.13657 -0.74125 0.03247 -0.06755 0.66703
1641272160.519555092 0.50383 -0.13081 0.09822 -0.76216 0.01957 -0.04285 0.64567
1641272160.606238127 0.47974 -0.11840 0.06401 -0.78135 0.00399 -0.01603 0.62388
1641272160.692919016 0.45488 -0.10881 0.03274 -0.79495 -0.01730 0.00726 0.60638
1641272160.779601097 0.42301 -0.10571 0.00484 -0.80725 -0.04117 0.03285 0.58785
1641272160.866284132 0.38981 -0.10773 -0.01982 -0.81729 -0.07065 0.06244 0.56846
1641272160.996307135 0.34072 -0.11039 -0.04173 -0.82255 -0.11261 0.10557 0.54734
1641272161.082989216 0.31026 -0.11653 -0.04489 -0.82050 -0.14520 0.14762 0.53282
1641272161.169672012 0.28316 -0.12534 -0.03855 -0.80900 -0.17332 0.17258 0.53451
1641272161.256354094 0.26188 -0.13266 -0.01695 -0.79226 -0.19810 0.19270 0.54401
1641272161.343036175 0.24977 -0.13806 0.01716 -0.77228 -0.21330 0.21423 0.55874
1641272161.473059177 0.24694 -0.14157 0.07740 -0.73950 -0.22262 0.23399 0.59061
1641272161.559741020 0.25406 -0.13924 0.11901 -0.72129 -0.21681 0.23422 0.61472
1641272161.646423101 0.26958 -0.13750 0.15859 -0.70439 -0.20728 0.23419 0.63720
1641272161.733105183 0.29090 -0.13581 0.19456 -0.69060 -0.20034 0.23672 0.65338
1641272161.819788218 0.31764 -0.13282 0.22390 -0.67954 -0.17962 0.23565 0.67114
1641272161.949811220 0.36527 -0.12840 0.24690 -0.67064 -0.14336 0.23963 0.68722
1641272162.036493063 0.40317 -0.12908 0.24338 -0.67442 -0.10966 0.23795 0.69030
1641272162.123175144 0.43924 -0.12939 0.22546 -0.68462 -0.07641 0.23526 0.68564
1641272162.209854126 0.47247 -0.13133 0.19702 -0.70300 -0.05133 0.23044 0.67086
1641272162.296537161 0.50272 -0.13549 0.16120 -0.72649 -0.02745 0.22083 0.65015
1641272162.426561117 0.54055 -0.14518 0.10208 -0.75620 0.00419 0.21135 0.61925
1641272162.513242245 0.56271 -0.15233 0.06309 -0.77501 0.02905 0.19941 0.59895
1641272162.599924088 0.58304 -0.16121 0.02885 -0.78903 0.05025 0.19353 0.58091
1641272162.686606169 0.60026 -0.16722 0.00570 -0.80310 0.06603 0.18520 0.56247
1641272162.773288012 0.61374 -0.17443 -0.00228 -0.80907 0.06958 0.16049 0.56107
1641272162.903312206 0.62684 -0.18724 0.01644 -0.80623 0.05319 0.09555 0.58141
1641272162.989994049 0.63156 -0.19426 0.04524 -0.79854 0.03672 0.05170 0.59859
1641272163.076676130 0.63198 -0.20248 0.08304 -0.78155 0.01804 0.01836 0.62331
1641272163.163358212 0.62842 -0.20970 0.12425 -0.75977 0.00470 -0.00969 0.65010
1641272163.250041246 0.61950 -0.21325 0.16356 -0.74158 -0.01088 -0.03398 0.66991
1641272163.378302097 0.59518 -0.21336 0.20829 -0.72414 -0.03864 -0.06547 0.68545
1641272163.464631081 0.57314 -0.21392 0.22776 -0.71469 -0.05919 -0.07969 0.69236
1641272163.551314116 0.54786 -0.21179 0.24099 -0.70829 -0.07821 -0.07790 0.69723
1641272163.637996197 0.52222 -0.20716 0.24341 -0.70695 -0.09799 -0.07140 0.69679
1641272163.724678040 0.49670 -0.20073 0.23449 -0.70879 -0.10947 -0.06697 0.69365
1641272163.854702234 0.46314 -0.18313 0.20319 -0.72785 -0.12891 -0.04420 0.67206
1641272163.941383123 0.44624 -0.16672 0.17760 -0.74136 -0.12830 -0.02535 0.65824
1641272164.028066158 0.43146 -0.15025 0.14816 -0.75542 -0.12767 -0.00022 0.64269
1641272164.114748240 0.41658 -0.13839 0.11914 -0.76963 -0.13118 0.03511 0.62388
1641272164.201430082 0.39793 -0.12713 0.09047 -0.78299 -0.13133 0.07551 0.60330
1641272164.331453085 0.36359 -0.11364 0.04997 -0.79572 -0.14215 0.11928 0.57654
1641272164.418136120 0.33773 -0.10733 0.02751 -0.80043 -0.15686 0.15021 0.55870
1641272164.504818201 0.31002 -0.10318 0.01168 -0.80088 -0.17823 0.18965 0.53932
1641272164.591500044 0.28359 -0.10271 0.00211 -0.79774 -0.20414 0.22726 0.51989
1641272164.678182125 0.26064 -0.10547 0.00295 -0.78843 -0.23122 0.25567 0.50946
1641272164.808206081 0.23767 -0.10968 0.02840 -0.76155 -0.26051 0.28885 0.51840
1641272164.894888163 0.23368 -0.11435 0.06004 -0.73741 -0.27058 0.31301 0.53389
1641272164.981570244 0.23666 -0.11559 0.09795 -0.71145 -0.27382 0.33289 0.55503
1641272165.068252087 0.24544 -0.11383 0.13806 -0.68897 -0.26803 0.34179 0.58023
1641272165.154934168 0.25975 -0.10954 0.17657 -0.67149 -0.25908 0.35045 0.59931
1641272165.284957170 0.29383 -0.10725 0.22395 -0.65037 -0.24366 0.35564 0.62544
1641272165.371639013 0.32195 -0.10362 0.24548 -0.64593 -0.22639 0.34987 0.63961
1641272165.458321095 0.35406 -0.09884 0.25582 -0.64910 -0.20734 0.34460 0.64570
1641272165.545004129 0.38693 -0.09599 0.25469 -0.65460 -0.18493 0.34011 0.64932
1641272165.631686211 0.41858 -0.09202 0.24158 -0.67320 -0.16156 0.33639 0.63840
1641272165.761709213 0.46055 -0.09204 0.20966 -0.69905 -0.12935 0.31153 0.63052
1641272165.848391056 0.48821 -0.09390 0.18646 -0.71351 -0.10361 0.30177 0.62378
1641272165.935074091 0.51698 -0.10013 0.16175 -0.72716 -0.07927 0.29585 0.61435
1641272166.021756172 0.54429 -0.10853 0.13671 -0.73934 -0.05394 0.28921 0.60566
1641272166.108438015 0.56609 -0.11893 0.11185 -0.74998 -0.03639 0.28557 0.59553
1641272166.238461018 0.58754 -0.13728 0.07524 -0.76370 -0.02428 0.27519 0.58347
1641272166.325143099 0.59947 -0.15306 0.05381 -0.77041 -0.02189 0.27297 0.57575
1641272166.411825180 0.61046 -0.16858 0.04005 -0.77360 -0.01836 0.26347 0.57601
1641272166.498508215 0.62246 -0.18656 0.03771 -0.77362 -0.01719 0.24751 0.58305
1641272166.585190058 0.63511 -0.20626 0.04785 -0.77102 -0.01915 0.23091 0.59317
1641272166.715213060 0.64577 -0.23544 0.07617 -0.77385 -0.03302 0.19692 0.60107
1641272166.801895142 0.64856 -0.24926 0.09526 -0.77346 -0.04534 0.16517 0.61027
1641272166.888577223 0.64756 -0.25648 0.11616 -0.78166 -0.04843 0.13142 0.60778
1641272166.975260019 0.64263 -0.26017 0.13921 -0.78194 -0.05815 0.11301 0.61026
1641272167.061942101 0.63511 -0.26096 0.16074 -0.78145 -0.06688 0.10806 0.61089
1641272167.191965103 0.62015 -0.26078 0.18086 -0.77693 -0.08268 0.09822 0.61636
1641272167.278647184 0.60951 -0.25633 0.17935 -0.78259 -0.08812 0.08880 0.60983
1641272167.365329027 0.59630 -0.25103 0.16684 -0.78701 -0.09233 0.08225 0.60443
1641272167.452012062 0.57628 -0.24111 0.14752 -0.79639 -0.10234 0.08178 0.59042
1641272167.538694143 0.54923 -0.22663 0.12584 -0.80289 -0.11056 0.08348 0.57981
1641272167.668717146 0.49512 -0.20494 0.09253 -0.80443 -0.13631 0.11798 0.56603
1641272167.755399227 0.45380 -0.19075 0.07355 -0.80384 -0.15278 0.16162 0.55171
1641272167.842082024 0.41043 -0.17977 0.05949 -0.80260 -0.17375 0.20938 0.53085
1641272167.928764105 0.36935 -0.17509 0.05567 -0.79122 -0.19314 0.25735 0.52004
1641272168.015446186 0.33089 -0.17376 0.06424 -0.77777 -0.21779 0.29578 0.51005
1641272168.145469189 0.28759 -0.17283 0.10154 -0.74564 -0.24432 0.33883 0.51916
1641272168.232151031 0.26852 -0.17052 0.13716 -0.72485 -0.26033 0.35647 0.52891
1641272168.318833113 0.25696 -0.16884 0.17425 -0.70421 -0.27468 0.36160 0.54579
1641272168.405516148 0.25356 -0.16805 0.21010 -0.68714 -0.28234 0.35319 0.56866
1641272168.492198229 0.25604 -0.16381 0.24205 -0.67997 -0.28089 0.33485 0.58874
1641272168.622221231 0.27472 -0.15376 0.27946 -0.67681 -0.27485 0.30380 0.61163
1641272168.708903074 0.29521 -0.14588 0.29473 -0.68020 -0.26406 0.27624 0.62553
1641272168.795585155 0.32371 -0.14403 0.30158 -0.68972 -0.24200 0.24549 0.63676
1641272168.882268190 0.35546 -0.13723 0.29372 -0.70418 -0.22237 0.20692 0.64177
1641272168.968950033 0.39278 -0.13409 0.27912 -0.71537 -0.19562 0.17197 0.64839
1641272169.098973036 0.45430 -0.13749 0.26948 -0.72365 -0.15016 0.15723 0.65502
1641272169.185655117 0.49619 -0.14472 0.27146 -0.72208 -0.12340 0.14134 0.66588
1641272169.272337198 0.53529 -0.15368 0.27566 -0.71857 -0.10387 0.11058 0.67870
1641272169.359020233 0.56858 -0.16197 0.28042 -0.71719 -0.08380 0.07881 0.68732
1641272169.445702076 0.59963 -0.16998 0.28554 -0.71611 -0.06327 0.05824 0.69267
1641272169.575725079 0.64226 -0.18021 0.29163 -0.71286 -0.02809 0.02487 0.70031
1641272169.662407160 0.66691 -0.18807 0.29606 -0.71081 -0.00857 0.00817 0.70328
1641272169.749089241 0.68793 -0.19813 0.30007 -0.70999 0.00804 -0.01696 0.70396
1641272169.835772038 0.70590 -0.21097 0.30267 -0.70602 0.02705 -0.04603 0.70617
1641272169.922454119 0.72452 -0.22329 0.30171 -0.70858 0.04699 -0.07032 0.70055
1641272170.009136200 0.74541 -0.23688 0.29740 -0.70976 0.07408 -0.09824 0.69361
1641272170.139159203 0.77464 -0.25688 0.28354 -0.71361 0.11084 -0.14897 0.67549
1641272170.225841045 0.79445 -0.27403 0.27138 -0.71216 0.13765 -0.18281 0.66367
1641272170.312524080 0.81744 -0.29262 0.25866 -0.71152 0.16438 -0.19922 0.65347
1641272170.399206161 0.83988 -0.31357 0.24545 -0.70792 0.19221 -0.20538 0.64787
1641272170.485889196 0.85989 -0.33529 0.23028 -0.70180 0.21977 -0.21883 0.64131
1641272170.615911245 0.88094 -0.36420 0.19753 -0.69632 0.25229 -0.23557 0.62928
1641272170.702593088 0.89358 -0.38234 0.16875 -0.69877 0.27157 -0.23873 0.61723
1641272170.789276123 0.90328 -0.39818 0.13652 -0.69927 0.29283 -0.23919 0.60668
1641272170.875958204 0.90779 -0.40630 0.10452 -0.69881 0.31331 -0.23285 0.59940
1641272170.962640047 0.91077 -0.41069 0.07104 -0.70124 0.33210 -0.21950 0.59142
1641272171.092663050 0.90363 -0.41170 0.02180 -0.70342 0.35405 -0.19894 0.58333
1641272171.179345131 0.89332 -0.40731 -0.00605 -0.70567 0.36715 -0.17771 0.57936
1641272171.266029119 0.87801 -0.39750 -0.02818 -0.70859 0.36904 -0.16321 0.57886
1641272171.352710247 0.86155 -0.38083 -0.04606 -0.71731 0.36382 -0.15715 0.57307
1641272171.439392090 0.84019 -0.36229 -0.05994 -0.72558 0.35056 -0.15089 0.57260
1641272171.569415092 0.80960 -0.32655 -0.06293 -0.73508 0.32842 -0.12850 0.57904
1641272171.656098127 0.78888 -0.30052 -0.05306 -0.73858 0.30844 -0.11392 0.58855
1641272171.742780209 0.77424 -0.27354 -0.03396 -0.73776 0.28430 -0.10427 0.60333
1641272171.829462051 0.75514 -0.25449 -0.00944 -0.73456 0.25765 -0.09854 0.61994
1641272171.916144133 0.73961 -0.24173 0.01985 -0.72927 0.23099 -0.09926 0.63636
1641272172.046167135 0.72645 -0.23583 0.06839 -0.71531 0.19933 -0.11277 0.66021
1641272172.132849216 0.72388 -0.24121 0.09674 -0.70713 0.18897 -0.12438 0.66992
1641272172.219531059 0.73221 -0.24823 0.12048 -0.69996 0.18664 -0.14057 0.67488
1641272172.306214094 0.74584 -0.25750 0.13627 -0.69729 0.18951 -0.15395 0.67393
1641272172.392896175 0.76091 -0.27403 0.14280 -0.69486 0.20199 -0.16369 0.67051
1641272172.522919178 0.79029 -0.30808 0.12894 -0.70062 0.22287 -0.16637 0.65711
1641272172.609602213 0.81217 -0.32852 0.10914 -0.70638 0.23520 -0.16290 0.64744
1641272172.696284056 0.83802 -0.34481 0.07855 -0.71792 0.26017 -0.15569 0.62663
1641272172.782966137 0.86048 -0.36444 0.04487 -0.72526 0.28440 -0.13946 0.61128
1641272172.869648218 0.87877 -0.38232 0.01391 -0.72580 0.30736 -0.13162 0.60118
1641272172.999671221 0.90974 -0.41065 -0.01892 -0.72146 0.34483 -0.14221 0.58341
1641272173.086353064 0.92847 -0.42655 -0.02468 -0.71323 0.36478 -0.15984 0.57679
1641272173.173036098 0.94309 -0.44152 -0.01462 -0.70237 0.37435 -0.18090 0.57776
1641272173.259718180 0.95114 -0.45585 0.00950 -0.69082 0.37090 -0.20047 0.58738
1641272173.346400023 0.95149 -0.46209 0.04528 -0.67768 0.35388 -0.22579 0.60377
1641272173.476424217 0.93959 -0.45747 0.10395 -0.66631 0.31299 -0.26112 0.62441
1641272173.563106060 0.92830 -0.44430 0.13565 -0.67024 0.28200 -0.27437 0.62927
1641272173.649788141 0.91674 -0.42446 0.15385 -0.68163 0.25278 -0.28678 0.62389
1641272173.736470222 0.90280 -0.39954 0.15816 -0.69535 0.22447 -0.29075 0.61771
1641272173.823152065 0.88521 -0.37156 0.14823 -0.71463 0.20026 -0.27951 0.60916
1641272173.953175068 0.85089 -0.32508 0.11293 -0.74795 0.16453 -0.24768 0.59342
1641272174.039858103 0.82120 -0.29472 0.08631 -0.76886 0.14455 -0.21608 0.58418
1641272174.126540184 0.78542 -0.26683 0.06331 -0.78451 0.12434 -0.17841 0.58073
1641272174.213222027 0.74711 -0.23984 0.04304 -0.79769 0.10030 -0.14243 0.57735
1641272174.299904108 0.70490 -0.21426 0.02651 -0.80923 0.06916 -0.11035 0.57288
1641272174.429927111 0.63711 -0.18181 0.00467 -0.82298 0.01144 -0.07484 0.56300
1641272174.516610146 0.59241 -0.16592 -0.00965 -0.82952 -0.02455 -0.05547 0.55517
1641272174.603292227 0.54812 -0.14881 -0.01999 -0.83390 -0.05204 -0.02284 0.54898
1641272174.689974070 0.50536 -0.13591 -0.02974 -0.83449 -0.08010 0.01766 0.54488
1641272174.776656151 0.46316 -0.12558 -0.03818 -0.83330 -0.11064 0.05413 0.53893
1641272174.906679153 0.40015 -0.11473 -0.03958 -0.82284 -0.15027 0.10867 0.53717
1641272174.993361235 0.36309 -0.10072 -0.03573 -0.81518 -0.16877 0.14415 0.53500
1641272175.080043077 0.33303 -0.08956 -0.02239 -0.80471 -0.18263 0.17431 0.53731
1641272175.166726112 0.32118 -0.07653 -0.00095 -0.79140 -0.19484 0.19732 0.54478
1641272175.253408194 0.31038 -0.06227 0.02514 -0.77605 -0.20319 0.21602 0.55659
1641272175.383431196 0.30156 -0.04843 0.07116 -0.75085 -0.21688 0.22840 0.58053
1641272175.470113039 0.30102 -0.03887 0.10783 -0.73676 -0.21673 0.23158 0.59714
1641272175.556796074 0.30812 -0.03363 0.14539 -0.72041 -0.21805 0.23490 0.61504
1641272175.643478155 0.31981 -0.02787 0.18110 -0.70900 -0.21514 0.22843 0.63155
1641272175.730160236 0.33814 -0.02404 0.21072 -0.70314 -0.20818 0.22022 0.64324
1641272175.860183239 0.37027 -0.02482 0.24169 -0.69541 -0.19629 0.19775 0.66239
1641272175.946865082 0.39343 -0.02444 0.25675 -0.69389 -0.18407 0.19301 0.66886
1641272176.033547163 0.41787 -0.02581 0.26749 -0.69410 -0.18160 0.18396 0.67187
1641272176.120230198 0.44235 -0.02849 0.27362 -0.69372 -0.17535 0.16371 0.67912
1641272176.206912041 0.47003 -0.03458 0.27594 -0.69517 -0.16919 0.15459 0.68133
1641272176.336935043 0.51462 -0.04550 0.27308 -0.70449 -0.15380 0.13098 0.68036
1641272176.423617125 0.54803 -0.05440 0.26540 -0.71065 -0.14298 0.10806 0.68034
1641272176.510300159 0.58272 -0.06319 0.25514 -0.71854 -0.12654 0.09071 0.67783
1641272176.596982241 0.61763 -0.07400 0.24296 -0.72616 -0.10793 0.07637 0.67469
1641272176.683664083 0.65009 -0.08877 0.23006 -0.73329 -0.09152 0.05799 0.67123
1641272176.813687086 0.68799 -0.11237 0.20626 -0.74019 -0.06521 0.03360 0.66839
1641272176.900369167 0.70462 -0.12531 0.18199 -0.75120 -0.04751 0.03114 0.65763
1641272176.987052202 0.71455 -0.13726 0.15084 -0.76396 -0.03455 0.03151 0.64357
1641272177.073734045 0.71625 -0.14756 0.11423 -0.77748 -0.02363 0.02852 0.62782
1641272177.160416126 0.71027 -0.15891 0.07646 -0.78941 -0.01727 0.03347 0.61271
1641272177.247098207 0.69944 -0.17200 0.03908 -0.79876 -0.00986 0.04291 0.60004
1641272177.377121210 0.68097 -0.19588 -0.01753 -0.82008 -0.01162 0.05095 0.56986
1641272177.463803053 0.66554 -0.20774 -0.05065 -0.82847 -0.01490 0.05563 0.55706
1641272177.550486088 0.64329 -0.21078 -0.07371 -0.83102 -0.02204 0.07517 0.55070
1641272177.637168169 0.61708 -0.20541 -0.08995 -0.83479 -0.03066 0.09247 0.54188
1641272177.723850012 0.58570 -0.19583 -0.09934 -0.83433 -0.04299 0.10625 0.53921
1641272177.853873014 0.53416 -0.17760 -0.09930 -0.82680 -0.05338 0.13587 0.54322
1641272177.983897209 0.48641 -0.15930 -0.08193 -0.81271 -0.07062 0.17409 0.55155
1641272178.027238131 0.47146 -0.15232 -0.07348 -0.80844 -0.07936 0.18161 0.55420
1641272178.113920212 0.45044 -0.13836 -0.04976 -0.79572 -0.09597 0.18642 0.56821
1641272178.200602055 0.43711 -0.12565 -0.02273 -0.78392 -0.10785 0.18886 0.58153
1641272178.330625057 0.43684 -0.10877 0.02149 -0.76635 -0.12302 0.17672 0.60526
1641272178.417308092 0.44653 -0.10062 0.05292 -0.75072 -0.12718 0.14662 0.63146
1641272178.503990173 0.46600 -0.09474 0.08540 -0.73664 -0.11895 0.11896 0.65502
1641272178.590672016 0.49111 -0.09174 0.11601 -0.72978 -0.10356 0.09254 0.66943
1641272178.677354097 0.52149 -0.09713 0.13968 -0.71956 -0.08906 0.05843 0.68621
1641272178.807377100 0.56784 -0.11525 0.16418 -0.70937 -0.06254 0.00630 0.70203
1641272178.894060135 0.60079 -0.13197 0.17396 -0.70435 -0.04615 -0.03226 0.70761
1641272178.980742216 0.63336 -0.14676 0.18024 -0.70272 -0.03091 -0.06520 0.70779
1641272179.067424059 0.66705 -0.16135 0.18368 -0.70189 -0.00826 -0.09162 0.70632
1641272179.154106140 0.70182 -0.17795 0.18483 -0.70309 0.01506 -0.11289 0.70192
1641272179.284129143 0.75425 -0.20710 0.18466 -0.70421 0.05841 -0.13394 0.69480
1641272179.370812178 0.78736 -0.22756 0.18221 -0.70226 0.08535 -0.15512 0.68955
1641272179.457493067 0.81891 -0.24616 0.17904 -0.70275 0.11170 -0.17817 0.67964
1641272179.544176102 0.84831 -0.26733 0.17563 -0.70007 0.14394 -0.19335 0.67216
1641272179.630858183 0.87595 -0.29079 0.17060 -0.69670 0.17645 -0.20409 0.66470
1641272179.760881186 0.91312 -0.32773 0.15365 -0.69397 0.21434 -0.22921 0.64801
1641272179.847563028 0.93445 -0.34942 0.13347 -0.69729 0.23927 -0.24529 0.62957
1641272179.934246063 0.95624 -0.36855 0.10871 -0.70004 0.26703 -0.24575 0.61502
1641272180.020928144 0.97748 -0.38419 0.08219 -0.69844 0.29975 -0.23803 0.60472
1641272180.107610226 0.99640 -0.39865 0.05590 -0.69408 0.32563 -0.22485 0.60138
1641272180.237633228 1.00305 -0.40736 0.01422 -0.69185 0.35448 -0.21414 0.59147
1641272180.324316025 0.99488 -0.41697 -0.01552 -0.69852 0.36427 -0.21206 0.57828
1641272180.410997152 0.98502 -0.42196 -0.04057 -0.70433 0.36784 -0.21509 0.56776
1641272180.497680187 0.97669 -0.41764 -0.05839 -0.71111 0.36975 -0.20817 0.56060
1641272180.584362030 0.96724 -0.41070 -0.07226 -0.71502 0.37451 -0.19346 0.55773
1641272180.714385033 0.95638 -0.40232 -0.07754 -0.71665 0.37817 -0.17474 0.55935
1641272180.801067114 0.95297 -0.39809 -0.06210 -0.70922 0.37202 -0.18181 0.57057
1641272180.887750149 0.94922 -0.39499 -0.03448 -0.69789 0.36269 -0.19511 0.58595
1641272180.974432230 0.94314 -0.39409 0.00078 -0.68830 0.35302 -0.20989 0.59797
1641272181.061114073 0.93896 -0.39501 0.03611 -0.67949 0.34218 -0.22344 0.60933
1641272181.191137075 0.93716 -0.39835 0.07752 -0.67134 0.32580 -0.23889 0.62136
1641272181.277819157 0.94126 -0.40283 0.09921 -0.66910 0.31581 -0.25076 0.62425
1641272181.364501238 0.94545 -0.40921 0.11769 -0.66854 0.30832 -0.26657 0.62203
1641272181.451184034 0.94891 -0.41636 0.13855 -0.66762 0.30239 -0.27927 0.62036
1641272181.537866116 0.94866 -0.41915 0.15950 -0.66451 0.29306 -0.28783 0.62426
1641272181.667889118 0.94012 -0.41326 0.18158 -0.66290 0.27588 -0.30160 0.62729
1641272181.754571199 0.93093 -0.40157 0.18655 -0.66943 0.26219 -0.29680 0.62852
1641272181.841254234 0.91640 -0.38155 0.18346 -0.68035 0.24375 -0.28285 0.63064
1641272181.927936077 0.89860 -0.35470 0.17628 -0.69327 0.22181 -0.26658 0.63175
1641272182.014618158 0.87741 -0.32388 0.16945 -0.70432 0.20243 -0.24508 0.63474
1641272182.144641161 0.84157 -0.27608 0.16463 -0.71737 0.17423 -0.20540 0.64253
1641272182.231323242 0.81300 -0.24481 0.16409 -0.72400 0.15114 -0.18223 0.64790
1641272182.318005085 0.78204 -0.21493 0.16221 -0.73094 0.12893 -0.16447 0.64966
1641272182.404688120 0.75090 -0.18759 0.15729 -0.73883 0.10405 -0.15523 0.64746
1641272182.491370201 0.71969 -0.16291 0.14779 -0.74749 0.07890 -0.15810 0.64035
1641272182.621393204 0.67426 -0.13636 0.12960 -0.75691 0.06201 -0.14315 0.63463
1641272182.708075047 0.64904 -0.12331 0.12019 -0.76252 0.06013 -0.12072 0.63275
1641272182.794757128 0.62712 -0.11415 0.11423 -0.76782 0.05250 -0.09865 0.63084
1641272182.881440163 0.61185 -0.11134 0.11459 -0.76699 0.04024 -0.08991 0.63405
1641272182.968122244 0.61000 -0.11144 0.12317 -0.75980 0.03725 -0.09706 0.64179
1641272183.098004103 0.63130 -0.12624 0.14532 -0.74605 0.05317 -0.09970 0.65623
1641272183.184686184 0.65515 -0.14098 0.15854 -0.73718 0.07522 -0.10817 0.66273
1641272183.271368027 0.68358 -0.15731 0.16775 -0.73137 0.09103 -0.12157 0.66486
1641272183.358051062 0.71321 -0.17663 0.17183 -0.72677 0.10953 -0.13938 0.66361
1641272183.444733143 0.74485 -0.19990 0.17443 -0.72178 0.13310 -0.14985 0.66247
1641272183.574756145 0.79307 -0.23915 0.17584 -0.71177 0.17014 -0.16656 0.66083
1641272183.661439180 0.82551 -0.26660 0.17384 -0.70602 0.19487 -0.18587 0.65500
1641272183.748121023 0.85678 -0.29438 0.16945 -0.69765 0.21997 -0.20714 0.64961
1641272183.834803104 0.88585 -0.32263 0.16099 -0.69171 0.24728 -0.22402 0.64048
1641272183.921485186 0.91182 -0.34877 0.14943 -0.68670 0.27147 -0.23419 0.63238
1641272184.051508188 0.94419 -0.37950 0.12228 -0.68385 0.30181 -0.24743 0.61647
1641272184.138190031 0.96062 -0.39475 0.09942 -0.68632 0.32125 -0.24784 0.60360
1641272184.224873066 0.97510 -0.40761 0.07219 -0.69183 0.33975 -0.24522 0.58806
1641272184.311554193 0.98662 -0.41841 0.04252 -0.69648 0.36001 -0.23795 0.57332
1641272184.398238182 0.99072 -0.42478 0.01289 -0.70110 0.37633 -0.22163 0.56366
1641272184.528260231 0.98961 -0.42029 -0.02481 -0.71661 0.38519 -0.20339 0.54472
1641272184.614942074 0.98376 -0.41177 -0.04432 -0.72608 0.38488 -0.19505 0.53538
1641272184.701624155 0.97233 -0.40187 -0.05814 -0.73615 0.37945 -0.17680 0.53183
1641272184.788306236 0.95739 -0.38714 -0.06650 -0.74640 0.36411 -0.16277 0.53275
1641272184.874989033 0.93802 -0.36784 -0.07248 -0.75936 0.34044 -0.15744 0.53168
1641272184.961671114 0.91496 -0.34661 -0.07558 -0.77365 0.31072 -0.14789 0.53203
1641272185.091694117 0.86780 -0.31642 -0.07543 -0.79602 0.24766 -0.11946 0.53920
1641272185.178377151 0.83483 -0.29350 -0.07176 -0.80655 0.20751 -0.10137 0.54419
1641272185.265059233 0.80279 -0.26884 -0.06779 -0.81558 0.16666 -0.07866 0.54852
1641272185.351741076 0.76940 -0.24591 -0.06205 -0.82097 0.13200 -0.05776 0.55250
1641272185.438423157 0.73608 -0.22375 -0.05719 -0.82629 0.09552 -0.03249 0.55414
1641272185.568446159 0.68301 -0.19454 -0.05132 -0.83100 0.03861 -0.00721 0.55488
1641272185.655128241 0.64727 -0.17655 -0.05064 -0.83357 -0.00021 0.00926 0.55234
1641272185.741810083 0.61193 -0.15788 -0.05447 -0.83613 -0.03820 0.02589 0.54659
1641272185.828493118 0.57230 -0.14409 -0.05795 -0.83546 -0.07895 0.04344 0.54212
1641272185.915175200 0.53576 -0.13475 -0.06367 -0.83371 -0.11362 0.06826 0.53606
1641272186.045198202 0.48313 -0.12188 -0.06529 -0.82406 -0.16087 0.11905 0.52998
1641272186.131880045 0.45319 -0.11591 -0.05968 -0.81485 -0.18518 0.14270 0.53044
1641272186.218562126 0.42922 -0.10158 -0.04602 -0.80448 -0.20205 0.17157 0.53155
1641272186.305245161 0.41547 -0.08569 -0.02372 -0.79165 -0.20990 0.19886 0.53823
1641272186.391927242 0.41344 -0.07421 0.00398 -0.77593 -0.21876 0.21103 0.55275
1641272186.521950245 0.41857 -0.06187 0.04921 -0.75332 -0.23508 0.20632 0.57852
1641272186.608632088 0.43747 -0.05440 0.07443 -0.74314 -0.23491 0.19992 0.59379
1641272186.695314169 0.46328 -0.04539 0.09181 -0.74199 -0.22562 0.19801 0.59945
1641272186.781997204 0.49383 -0.03724 0.10024 -0.74460 -0.21062 0.18862 0.60467
1641272186.868679047 0.52632 -0.03033 0.10257 -0.74822 -0.19248 0.16692 0.61258
1641272186.998702049 0.57826 -0.01998 0.10197 -0.75648 -0.16591 0.14799 0.61507
1641272187.085385084 0.61171 -0.01240 0.10053 -0.76232 -0.14725 0.13428 0.61576
1641272187.172066212 0.64471 -0.00571 0.09963 -0.76657 -0.13274 0.12260 0.61621
1641272187.258749247 0.67680 -0.00233 0.09941 -0.76933 -0.11976 0.10352 0.61893
1641272187.345431089 0.70888 -0.00183 0.10190 -0.77061 -0.10328 0.08890 0.62257
1641272187.475454092 0.75291 -0.00106 0.10694 -0.77176 -0.08062 0.06944 0.62695
1641272187.562136173 0.77919 -0.00370 0.11198 -0.77118 -0.06679 0.05517 0.63069
1641272187.648818016 0.80340 -0.00811 0.11909 -0.76987 -0.05555 0.04104 0.63445
1641272187.735501051 0.82301 -0.01271 0.12942 -0.76705 -0.04396 0.02740 0.63950
1641272187.822183132 0.83954 -0.02295 0.14403 -0.76150 -0.03483 0.01964 0.64693
1641272187.952206135 0.84736 -0.04372 0.16698 -0.75064 -0.02871 0.00517 0.66006
1641272188.038888216 0.84147 -0.06193 0.17925 -0.74522 -0.02948 0.00100 0.66616
1641272188.125570059 0.83007 -0.08046 0.18388 -0.74034 -0.02855 0.00230 0.67163
1641272188.212253094 0.81470 -0.09344 0.17753 -0.74567 -0.02822 0.01082 0.66563
1641272188.298935175 0.79493 -0.10302 0.16256 -0.75447 -0.03359 0.02175 0.65512
1641272188.428958178 0.75751 -0.11289 0.13288 -0.76533 -0.03884 0.04323 0.64101
1641272188.515640020 0.72728 -0.11634 0.11191 -0.77493 -0.05161 0.06519 0.62656
1641272188.602322102 0.69482 -0.11768 0.09295 -0.77759 -0.05736 0.07744 0.62135
1641272188.689005136 0.66170 -0.11761 0.07453 -0.78182 -0.06503 0.09995 0.61200
1641272188.775687218 0.62696 -0.11655 0.05686 -0.78690 -0.07605 0.12625 0.59922
1641272188.905710220 0.56912 -0.11519 0.03684 -0.79263 -0.10572 0.15365 0.58047
1641272188.992392063 0.53040 -0.11621 0.03465 -0.78998 -0.12937 0.17170 0.57420
1641272189.079074144 0.49589 -0.11795 0.04305 -0.78156 -0.15148 0.19566 0.57266
1641272189.165757179 0.46920 -0.11789 0.06121 -0.76739 -0.16904 0.22951 0.57434
1641272189.252439022 0.44739 -0.11431 0.08154 -0.75683 -0.18490 0.24760 0.57594
1641272189.382462025 0.42749 -0.10764 0.11204 -0.73967 -0.20997 0.24854 0.58910
1641272189.469144106 0.42319 -0.10415 0.13190 -0.72950 -0.22242 0.23830 0.60132
1641272189.555826187 0.42599 -0.10016 0.15259 -0.72126 -0.22748 0.23512 0.61054
1641272189.642509222 0.43616 -0.09592 0.16988 -0.71386 -0.22989 0.23148 0.61966
1641272189.729191065 0.45124 -0.09363 0.18606 -0.70723 -0.22867 0.21612 0.63311
1641272189.859214067 0.48026 -0.08892 0.21016 -0.69847 -0.21602 0.20416 0.65099
1641272189.945896149 0.50532 -0.08343 0.22569 -0.69672 -0.20085 0.20437 0.65763
1641272190.032578230 0.53540 -0.07806 0.23580 -0.69592 -0.18396 0.19295 0.66680
1641272190.119261026 0.56648 -0.07307 0.23585 -0.69815 -0.16871 0.16873 0.67502
1641272190.205943108 0.59838 -0.06546 0.22686 -0.70476 -0.15174 0.13388 0.67998
1641272190.335966110 0.64785 -0.05243 0.19939 -0.72223 -0.12477 0.08898 0.67446
1641272190.422649145 0.68127 -0.04476 0.17504 -0.73667 -0.11078 0.06725 0.66372
1641272190.509331226 0.71220 -0.03798 0.14907 -0.75239 -0.09851 0.05238 0.64920
1641272190.596013069 0.73993 -0.03074 0.12576 -0.76465 -0.08746 0.05164 0.63640
1641272190.682696104 0.76690 -0.02627 0.10542 -0.77465 -0.07760 0.05288 0.62538
1641272190.812718153 0.79882 -0.01950 0.07955 -0.78231 -0.06330 0.04359 0.61813
1641272190.899400234 0.81695 -0.01471 0.06888 -0.78772 -0.05990 0.03075 0.61234
1641272190.986082077 0.83227 -0.01029 0.06852 -0.79153 -0.05667 0.01013 0.60842
1641272191.072765112 0.84702 -0.01001 0.07998 -0.78811 -0.05452 -0.00360 0.61311
1641272191.159447193 0.85760 -0.01108 0.09984 -0.78006 -0.05280 -0.01413 0.62331
1641272191.289470196 0.86238 -0.01478 0.13070 -0.76557 -0.05784 -0.03160 0.63997
1641272191.376152039 0.85742 -0.01597 0.14264 -0.76211 -0.06563 -0.04210 0.64274
1641272191.462834120 0.84883 -0.01795 0.14293 -0.76221 -0.07507 -0.04193 0.64159
1641272191.549516201 0.83473 -0.02176 0.13545 -0.76569 -0.07982 -0.03117 0.63748
1641272191.636199236 0.81680 -0.02122 0.12035 -0.77515 -0.08497 -0.00737 0.62599
1641272191.766222239 0.78495 -0.02121 0.09283 -0.78749 -0.09464 0.02091 0.60866
1641272191.852904081 0.76200 -0.02200 0.07521 -0.79248 -0.10213 0.03927 0.60000
1641272191.939586163 0.73765 -0.02247 0.05790 -0.79747 -0.10979 0.05860 0.59039
1641272192.026269197 0.70965 -0.02545 0.04004 -0.80217 -0.11769 0.07721 0.58027
1641272192.112951040 0.67953 -0.02919 0.02022 -0.80678 -0.12699 0.09951 0.56840
1641272192.199633121 0.64524 -0.03216 0.00146 -0.81209 -0.14586 0.11997 0.55213
1641272192.329656124 0.59124 -0.03272 -0.01439 -0.81338 -0.16974 0.15091 0.53557
1641272192.416338205 0.55422 -0.03120 -0.01326 -0.80845 -0.18472 0.18059 0.52884
1641272192.503021240 0.51881 -0.02804 -0.00396 -0.79869 -0.19690 0.20953 0.52860
1641272192.589704037 0.48798 -0.02557 0.01291 -0.78569 -0.20838 0.23721 0.53197
1641272192.676385164 0.46342 -0.02398 0.03447 -0.77138 -0.22022 0.26185 0.53657
1641272192.806408167 0.43744 -0.02353 0.07139 -0.74788 -0.23323 0.28631 0.55164
1641272192.893090248 0.42679 -0.01982 0.09589 -0.73520 -0.23455 0.29776 0.56196
1641272192.979773045 0.42697 -0.01432 0.12008 -0.72603 -0.23424 0.30522 0.56996
1641272193.066455126 0.43511 -0.00363 0.13910 -0.72314 -0.22605 0.30583 0.57658
1641272193.153137207 0.45415 0.00303 0.15224 -0.71919 -0.21456 0.29879 0.58946
1641272193.283160210 0.49517 0.01333 0.16313 -0.71912 -0.18942 0.27752 0.60825
1641272193.369842052 0.52788 0.02012 0.16364 -0.72286 -0.16930 0.26545 0.61510
1641272193.456524134 0.56277 0.02493 0.15953 -0.72693 -0.14572 0.24815 0.62350
1641272193.543207169 0.59719 0.02691 0.14980 -0.73190 -0.12328 0.22226 0.63224
1641272193.629889011 0.63205 0.02695 0.13685 -0.74067 -0.10714 0.20896 0.62949
1641272193.759912014 0.68130 0.02306 0.11238 -0.75418 -0.08010 0.19986 0.62036
1641272193.846594095 0.71203 0.01706 0.09405 -0.76418 -0.06598 0.18969 0.61294
1641272193.933276176 0.74077 0.00848 0.07612 -0.77434 -0.05415 0.17758 0.60492
1641272194.019959211 0.76766 -0.00036 0.06018 -0.78417 -0.03900 0.16078 0.59809
1641272194.106641054 0.79365 -0.01035 0.04866 -0.79178 -0.02349 0.14847 0.59203
1641272194.236664057 0.83225 -0.02432 0.04536 -0.79540 0.00309 0.12557 0.59292
1641272194.323346138 0.85230 -0.03488 0.05472 -0.79199 0.01235 0.11252 0.59996
1641272194.410029173 0.86444 -0.04943 0.07037 -0.78457 0.01286 0.09471 0.61263
1641272194.496711016 0.86892 -0.06459 0.08956 -0.77463 0.00488 0.07206 0.62828
1641272194.583393097 0.86348 -0.07654 0.10899 -0.76663 -0.00544 0.05015 0.64010
1641272194.713416100 0.84880 -0.09084 0.12763 -0.75944 -0.03213 0.03721 0.64872
1641272194.800098181 0.83404 -0.09149 0.12972 -0.76208 -0.04604 0.04042 0.64458
1641272194.886781216 0.81361 -0.08913 0.11901 -0.76748 -0.06158 0.05278 0.63592
1641272194.973463058 0.79500 -0.08732 0.09747 -0.77670 -0.07333 0.06233 0.62248
1641272195.060145140 0.77331 -0.08343 0.06977 -0.78747 -0.08114 0.07273 0.60664
1641272195.190169096 0.73710 -0.07495 0.02572 -0.80436 -0.08800 0.10152 0.57875
1641272195.276851177 0.71315 -0.06865 -0.00113 -0.81674 -0.09102 0.12510 0.55588
1641272195.363532066 0.68853 -0.06631 -0.02197 -0.82037 -0.10247 0.14985 0.54225
1641272195.450215101 0.66310 -0.06443 -0.03401 -0.82074 -0.11587 0.17160 0.53246
1641272195.536897182 0.63622 -0.06217 -0.03599 -0.81619 -0.12882 0.19827 0.52719
1641272195.666920185 0.59442 -0.06093 -0.02699 -0.80209 -0.15005 0.24019 0.52577
1641272195.753602028 0.56819 -0.06221 -0.01479 -0.78974 -0.16810 0.26220 0.52850
1641272195.840284109 0.54584 -0.06425 0.00301 -0.77528 -0.18410 0.28283 0.53391
1641272195.926967144 0.52926 -0.06628 0.02610 -0.75739 -0.19988 0.30009 0.54438
1641272196.013649225 0.52012 -0.06766 0.05346 -0.73969 -0.20422 0.31272 0.55979
1641272196.143672228 0.52469 -0.06586 0.09286 -0.71811 -0.20216 0.32671 0.58026
1641272196.230354071 0.53680 -0.05924 0.11070 -0.71513 -0.19206 0.31673 0.59277
1641272196.317037106 0.55481 -0.05109 0.11967 -0.71593 -0.17674 0.30075 0.60477
1641272196.403719187 0.57979 -0.04329 0.12119 -0.72267 -0.15175 0.28627 0.61055
1641272196.490401030 0.61128 -0.03738 0.11704 -0.73155 -0.12394 0.27624 0.61087
1641272196.620424032 0.66222 -0.03207 0.10046 -0.74529 -0.07684 0.25311 0.61203
1641272196.707106113 0.69310 -0.03048 0.08328 -0.75382 -0.05078 0.24298 0.60839
1641272196.793789148 0.72022 -0.03125 0.06262 -0.76536 -0.02986 0.23260 0.59936
1641272196.880471230 0.74618 -0.03559 0.04094 -0.77641 -0.00756 0.22118 0.59009
1641272196.967154026 0.76920 -0.04342 0.02006 -0.78799 0.00055 0.21202 0.57803
1641272197.097176075 0.79370 -0.05485 0.00202 -0.80314 0.00396 0.18588 0.56604
1641272197.183858156 0.80612 -0.06277 0.00566 -0.80551 0.00146 0.15761 0.57124
1641272197.270540237 0.81411 -0.07189 0.02072 -0.80261 -0.00839 0.13033 0.58203
1641272197.357223034 0.81546 -0.07986 0.04355 -0.79607 -0.02223 0.10240 0.59606
1641272197.443905115 0.80935 -0.08666 0.06813 -0.78719 -0.04148 0.07383 0.61086
1641272197.573928118 0.79371 -0.09389 0.09513 -0.77338 -0.05836 0.05338 0.62899
1641272197.660610199 0.78343 -0.09373 0.09844 -0.77051 -0.06788 0.05922 0.63103
1641272197.747292042 0.77265 -0.08939 0.08736 -0.77570 -0.07551 0.07303 0.62230
1641272197.833975077 0.75844 -0.08299 0.06632 -0.78675 -0.08137 0.08962 0.60529
1641272197.920657158 0.74083 -0.07962 0.04127 -0.79938 -0.08660 0.11537 0.58325
1641272198.050681114 0.70659 -0.07860 0.00453 -0.81091 -0.09789 0.15691 0.55518
1641272198.137362242 0.68062 -0.07942 -0.01973 -0.82253 -0.11606 0.17279 0.52926
1641272198.224044085 0.65076 -0.08083 -0.03688 -0.82829 -0.13595 0.18624 0.51065
1641272198.310726166 0.61980 -0.08550 -0.04697 0.82660 0.15800 -0.21164 -0.49696
1641272198.397409201 0.58971 -0.09284 -0.05039 0.81970 0.17946 -0.23932 -0.48847
1641272198.527432203 0.54956 -0.10416 -0.03970 0.80154 0.20408 -0.29188 -0.48030
1641272198.614114046 0.52508 -0.11160 -0.02453 0.78534 0.22173 -0.32216 -0.47988
1641272198.700796127 0.50071 -0.11533 -0.00517 0.76854 0.23893 -0.34309 -0.48431
1641272198.787478209 0.48354 -0.12051 0.01723 0.74940 0.25290 -0.36500 -0.49113
1641272198.874161243 0.47295 -0.12373 0.04268 -0.73105 -0.26074 0.38045 0.50284
1641272199.004184246 0.47669 -0.12301 0.08528 -0.71225 -0.25760 0.38657 0.52622
1641272199.090866089 0.48986 -0.11966 0.10923 -0.70139 -0.25164 0.38551 0.54416
1641272199.177548170 0.50894 -0.11683 0.12538 -0.70091 -0.24275 0.36446 0.56300
1641272199.264230013 0.53352 -0.11213 0.13187 -0.70677 -0.22628 0.33724 0.57926
1641272199.350913048 0.56115 -0.10534 0.13199 -0.71635 -0.20418 0.31812 0.58648
1641272199.437595129 0.58938 -0.09977 0.12599 -0.72806 -0.18181 0.29914 0.58940
1641272199.567618132 0.63102 -0.09495 0.10750 -0.74851 -0.14929 0.26516 0.58918
