# timestamp tx ty tz qx qy qz qw
1645455893.067282 3.179332588974461 3.274148326620992 1.2887522312291593 0.33856285875187236 0.7198797630413197 -0.566537076833388 -0.21490382157622545
1645455893.073897 3.1767642535401746 3.2734166211091513 1.2876670003983448 0.3358012366403277 0.7181114026107968 -0.5704306037700755 -0.21485361072817122
1645455893.080492 3.17366052482343 3.2720051351214896 1.285762141788072 0.33477258346770866 0.7122436515603382 -0.5746825448886436 -0.22444574720532348
1645455893.087088 3.174877495549252 3.2731688611193523 1.286973095837332 0.3353515087755441 0.7149377552856744 -0.5735127848155807 -0.2179129577512541
1645455893.093699 3.17426127700049 3.273380614890595 1.2869436657404922 0.335732418163632 0.7147852776327296 -0.5735281675743629 -0.21778615222925818
1645455893.1002991 3.1727268217996447 3.2730971242803073 1.2863213877430781 0.3372861052495511 0.7129680159595693 -0.5724713897214758 -0.22403297208111034
1645455893.10691 3.1729809822379047 3.2738065918076207 1.2868520064480766 0.3367718285358355 0.7145344599220245 -0.5728096948317539 -0.2188924674490191
1645455893.1134799 3.1727641107658897 3.2740148411305734 1.2869739099027435 0.3379699309078893 0.7146318531776583 -0.5720543014991388 -0.21870327345324397
1645455893.120111 3.1712757948418338 3.273702152537645 1.2864823707303394 0.33932932872989113 0.7130144149557132 -0.5713043237892277 -0.22377891390192337
1645455893.1267169 3.171502619953826 3.274456089280832 1.2870529380242623 0.33850873863091063 0.7148247605786096 -0.5715797985026745 -0.2184800374778295
1645455893.133277 3.1716846016036953 3.2750790803185663 1.2874510293122292 0.3397688105068609 0.7153989756379342 -0.5704569687368956 -0.21757738307840563
1645455893.139879 3.171152199455164 3.275363908250773 1.2876018351751206 0.33995613317021733 0.7157649030213424 -0.5699436879876123 -0.21742636739287657
1645455893.1465118 3.170240227971985 3.2755706206673545 1.2876198685492712 0.3394442604552422 0.715893916571501 -0.5701026584231149 -0.21738455856371147
1645455893.1531641 3.1711559626929486 3.276552248266062 1.2887639895200178 0.3419405606179148 0.719102838948293 -0.5659086438007807 -0.21381007901407978
1645455893.159677 3.1672803586417118 3.2746899460060157 1.2864740696487718 0.33717735793373343 0.7136320069268469 -0.5739823036105224 -0.21813923665049004
1645455893.166285 3.1667617749738532 3.275008898987667 1.286719990017155 0.33733036377650594 0.713937201873071 -0.5734055592518736 -0.2184206301214963
1645455893.179499 3.1671186442319628 3.2761539981001366 1.2877369770109872 0.3408372141427456 0.7149786474182923 -0.5677104427343911 -0.22436576084049115
1645455893.1860921 3.167144090595205 3.2765744024986927 1.288430833792962 0.33954136174683747 0.7164131633333501 -0.5685720050570722 -0.21952066068464335
1645455893.192727 3.166592990695171 3.27683941022189 1.2886429714727292 0.3395393876944353 0.7164197324042634 -0.5683090438182242 -0.2201821581726333
1645455893.19928 3.1663632488226283 3.2771242152373596 1.2889824970992168 0.34021261456778784 0.7164591295151862 -0.5676208657013002 -0.2207890869238363
1645455893.20589 3.1658424705688795 3.2774391530848996 1.2892540495681772 0.34025143146974246 0.7164969138078489 -0.5673123350116155 -0.22139888481957806
1645455893.212482 3.1652863033345766 3.2777843476778528 1.2895423352958189 0.3402238644567148 0.7165497585377705 -0.5670164157649894 -0.22202729857837658
1645455893.219094 3.1647721459807885 3.2781683389058887 1.2898726078452385 0.3402588105972931 0.7166450928072665 -0.5666229516003689 -0.22266968994721711
1645455893.225674 3.1638800284116892 3.278426839304211 1.2900678410527122 0.3397355069141673 0.7165635420488035 -0.5668761865826543 -0.22308622457400373
1645455893.232308 3.163733628913757 3.278875297577544 1.2905069471982642 0.3404598079836579 0.7166862468368136 -0.5660357086947588 -0.22372101554767376
1645455893.238925 3.1629186625470593 3.279146319713209 1.2907661971828228 0.34011033249358213 0.7166338742023556 -0.566214782735804 -0.2239671572517674
1645455893.245491 3.1621644392336803 3.2795235413029573 1.2910154678008114 0.3399972915625279 0.7165646056118447 -0.5659064104577447 -0.22513671951210018
1645455893.252079 3.1622502594543502 3.279934745325953 1.2916082145414667 0.34110253343864766 0.7166806863485016 -0.5651809954317245 -0.2249175497839092
1645455893.258677 3.1617753208658343 3.2804323756541427 1.292029341485873 0.34137751302300967 0.7166957677191703 -0.5647491146397178 -0.22553624429546626
1645455893.265273 3.161109246305238 3.2809082033745214 1.292385468378389 0.34145875383616187 0.7166623388798145 -0.5641132954073446 -0.2271052167784311
1645455893.271892 3.1592795608579083 3.280758672395742 1.2920580713571777 0.33953032112384546 0.7155164705912206 -0.5665097025052871 -0.22764374725603384
1645455893.278475 3.1576564565629295 3.280488784927513 1.2918682823788012 0.3402518140613975 0.7132821914614207 -0.5663372168050601 -0.23392087776645934
1645455893.285097 3.157257912704512 3.281007375970388 1.2924253735734035 0.3404508826242515 0.7135990929372625 -0.5656617579501778 -0.23429873978709775
1645455893.291712 3.158809449259584 3.282681793820486 1.29444969201649 0.3433203254012634 0.7163353715892017 -0.5604988971491844 -0.23416955803804504
1645455893.298291 3.1576143045438227 3.2830323117181637 1.2949401836430223 0.3425750595504022 0.7162338157729434 -0.5607127464587948 -0.23505802863149586
1645455893.3048809 3.1590003081632196 3.2844952228149986 1.296806642729087 0.34566285590379814 0.7196866669031763 -0.555615468088553 -0.23207621352065289
1645455893.311541 3.1579334298217003 3.284814543848642 1.2970061606286651 0.34248166344379927 0.7182758533836626 -0.5599565945644563 -0.2307256391332161
1645455893.3181078 3.157192314507703 3.28536910770043 1.2977163647615455 0.3422692330627702 0.7183539463724085 -0.5596689776831475 -0.23149432194402378
1645455893.324686 3.1565818394482825 3.2859649656608227 1.2984079626469995 0.3424553580180248 0.7181413797386806 -0.5593681811010544 -0.2326029019334931
1645455893.331284 3.1537129041423317 3.285476391833919 1.2978197910434728 0.34166684565502925 0.7149215029101521 -0.5608581926313613 -0.2399764921553052
1645455893.337898 3.1529114282316937 3.2860960490859847 1.2985588723033281 0.3414785809898111 0.7145881672074051 -0.5608480339490151 -0.24125760566582638
1645455893.344476 3.154392433950509 3.2879625545281166 1.30089056319823 0.34449887804679974 0.716956086120586 -0.5556665994323269 -0.24192706761720476
1645455893.3510861 3.153763788069435 3.2886067346772148 1.3018128790585188 0.34465799677625786 0.7166678587088147 -0.5553664111191199 -0.24324025688608394
1645455893.357685 3.1530549522647338 3.289376191578402 1.3027769033434098 0.3446843442639458 0.7164433137809424 -0.5549270847212867 -0.24486167377213322
1645455893.3642921 3.1522602549814063 3.2900555283829362 1.3037141141980932 0.3445240200256624 0.7160910881835454 -0.5548928709381225 -0.24619154194956155
1645455893.37088 3.15001933620101 3.290101066216691 1.303829169487427 0.34240295785883473 0.7142357916292877 -0.5578094851747866 -0.24794274914614436
1645455893.377494 3.150241763146607 3.2913065035998197 1.305384987591757 0.34106753153063135 0.7156293523123606 -0.5589977809626865 -0.24304038346725668
1645455893.384076 3.151384001911163 3.2931452798142438 1.3078329432870897 0.34407031543649363 0.7174155868859143 -0.5539074349511326 -0.24518693678999318
1645455893.3907242 3.150008639702665 3.293403765067377 1.3085392591580036 0.34535531949919396 0.7153453525854198 -0.5530149363177452 -0.25136589051918024
1645455893.3972852 3.147608501388304 3.2935083494126585 1.3088879106412947 0.3430075843341092 0.7134478511639745 -0.5559394095873392 -0.2535132126479098
1645455893.403914 3.1465168698846613 3.294114858317397 1.3099818325646844 0.34233916982744594 0.712660498379623 -0.5567019881282136 -0.2549536994971236
1645455893.410487 3.148249774864826 3.296195224842282 1.31279490613263 0.3456352438972853 0.714834144818704 -0.5516688208370497 -0.25536162549971697
1645455893.417115 3.1474120788995217 3.2968730996930584 1.314089097334857 0.3456755957712942 0.7142824028649523 -0.5516154522597927 -0.2569610926003302
1645455893.4236832 3.1466768869705506 3.297723714855114 1.315828753735373 0.3453909966812099 0.7143430892745533 -0.5510373643490986 -0.2584113240655763
1645455893.43028 3.1462666132140096 3.2988689795954658 1.3177770074094945 0.34519463271511897 0.715419846864789 -0.5494067652905565 -0.2591658285394123
1645455893.436878 3.145505540272976 3.2994949581237543 1.318963640144293 0.3454480230022704 0.7137338570693945 -0.5502722429510262 -0.26162898909348836
1645455893.443479 3.1431632277470802 3.2996421690988287 1.3195172609927672 0.3429112071458407 0.7115881383406933 -0.5536269545376805 -0.26372529747639395
1645455893.476646 3.1418049079129964 3.3044388803987683 1.3298024880822363 0.3440979851780274 0.7118678472158942 -0.548379055576368 -0.2722512899842797
1645455893.4830809 3.1385822959435963 3.304730599290534 1.3303193303522678 0.3397751694532594 0.708692975184234 -0.5544511281410304 -0.2736615230370311
1645455893.489681 3.1391135664370413 3.3058516704903496 1.3332985322847475 0.34134230529924253 0.7100079194404983 -0.5506494578446481 -0.2759690871961885
1645455893.4962811 3.138034656994016 3.306725552418012 1.3352362010014887 0.3401401034817268 0.7088916542611093 -0.5518143715314567 -0.27798885409406465
1645455893.502883 3.139366070987048 3.3077946245975216 1.338316923063144 0.3432523116751442 0.7093353544006197 -0.5480978883016816 -0.280373867422695
1645455893.5094771 3.136809316710767 3.30811529605583 1.3393358901508572 0.34029065183514784 0.7062289925095471 -0.5524429480135344 -0.28328299284271447
1645455893.516085 3.1353066919458117 3.308876926991234 1.3412568417571835 0.33757965395525863 0.7063055032044682 -0.5536899474168083 -0.2839006045082437
1645455893.522675 3.1370781867352915 3.31038970049775 1.3449080852776227 0.34207437694789045 0.7063183736751303 -0.5492693424982795 -0.2870579930027239
1645455893.529269 3.1391507662857876 3.3122982462529555 1.3488283605228326 0.3459861849778943 0.7081196496654244 -0.5435677806937294 -0.28877983258212986
1645455893.5358741 3.1365643719483622 3.3121559806506466 1.3501320781901711 0.34245192576085076 0.7062150861869322 -0.5478488109841128 -0.2895655187584632
1645455893.5425138 3.134094273513919 3.3117890992228696 1.3513022780390234 0.34101109922851924 0.7028279119002051 -0.5519189080964707 -0.29176958272509923
1645455893.549132 3.135551400992003 3.313363555306386 1.355208226142794 0.34336060814332386 0.7049221739730244 -0.5472468930510617 -0.29276045671746537
1645455893.55569 3.1315159728894586 3.3128195606503557 1.3555000676316213 0.3384918876589255 0.6996626711222061 -0.5554704601227841 -0.2955461865374457
1645455893.562285 3.1353105257172467 3.3147662936466924 1.3604298229100809 0.3457110866743258 0.7017602459602474 -0.546384480157227 -0.2991320719962482
1645455893.568885 3.1365804714119734 3.316226306380402 1.3642422718778429 0.34727234519085937 0.7036441507223912 -0.5429604383429566 -0.29913275778969417
1645455893.575514 3.1330944281338167 3.3151743188928817 1.3650786874900163 0.34307624816744864 0.6999904529677635 -0.5499007441203779 -0.29986801509846145
1645455893.5820758 3.1310048133844868 3.315191083844243 1.3670661990339643 0.34001962731794727 0.6989342698377429 -0.5525906154638923 -0.3008666253639046
1645455893.588681 3.1335945999230868 3.3169865321776344 1.3712966427630393 0.3446554519943649 0.6996101111392107 -0.5468685844319078 -0.3044547601289391
1645455893.595315 3.1337777794924593 3.317116451976073 1.3738056937654917 0.3462277063154966 0.6970344248381511 -0.5471016027138178 -0.3081376534302426
1645455893.6019142 3.1317315946241258 3.3170419397494557 1.376147370461484 0.3419873336495747 0.6984702789261356 -0.5499057674088308 -0.30460992204707127
1645455893.60848 3.130367171978814 3.3168081117467305 1.3781586804811892 0.34020807802067243 0.695499476153483 -0.552719103893255 -0.30828576678289565
1645455893.615076 3.1299729726061254 3.316947384508126 1.3809012424217404 0.33966133956406663 0.6949154443663724 -0.5529355584655152 -0.30981382536966007
1645455893.62168 3.129553788827198 3.3171303148399494 1.38353769882297 0.3388641140019436 0.6942395387577328 -0.5533826038359331 -0.3113998466621509
1645455893.628273 3.128637143291281 3.3169457311511628 1.385829203511889 0.33708137401277555 0.6924907447696783 -0.5552067841451908 -0.3139709175102353
1645455893.641509 3.128411402568964 3.317189576845908 1.3913711227751773 0.33640250122645016 0.6923276707925695 -0.5545362647739995 -0.31623549613921914
1645455893.6480799 3.1281460628858713 3.3171431389766317 1.3940020113192806 0.3356964186569728 0.6918547276703177 -0.5547678182445323 -0.31761173284457467
1645455893.654676 3.1292323647646003 3.3176620185157026 1.3972075349909856 0.3377863824085535 0.6916290651990438 -0.5518514002278901 -0.32095054942365203
1645455893.661279 3.1282428119999643 3.3163104291935372 1.3990170621531635 0.3364725645301436 0.6895405443646909 -0.5549610225692201 -0.3214621956416643
1645455893.667871 3.1276771883409817 3.3166713633516722 1.4016358478887823 0.3350484604943793 0.6896240283931427 -0.5545179834324603 -0.32352838887727337
1645455893.674512 3.1271955646077 3.3163242153762846 1.4041639920621034 0.3337106634996804 0.6898619302467535 -0.5545503962658018 -0.32434733132858523
1645455893.68112 3.1274688244062734 3.316340472425116 1.4068204450759074 0.3331692189914718 0.69004521959164 -0.554328406859583 -0.3248930564326643
1645455893.6876779 3.128315051051406 3.316525242809517 1.4099235920196134 0.3334058350993976 0.6912087723021532 -0.5522264348839652 -0.3257553802183641
1645455893.6942909 3.1278998586758684 3.316000885145839 1.4121597136649584 0.3318935887562743 0.6908162229988242 -0.5528620749184754 -0.3270515053039887
1645455893.700886 3.127809889130627 3.315567386211557 1.4145627823635054 0.33093712010979565 0.6909254685658751 -0.5527841585303029 -0.3279205529857698
1645455893.7074938 3.127788487407695 3.315011542323122 1.416920325214485 0.330013510065023 0.6912770830346233 -0.5528063936333076 -0.32807282048815456
1645455893.714106 3.127693815648838 3.314507119146276 1.4192466394585745 0.32903616063290936 0.6913563774197883 -0.5526992600273433 -0.32906635374828136
1645455893.720701 3.1274173694986365 3.3135465134940194 1.4213788879882046 0.3284445602422693 0.6913593632319276 -0.5522771721740779 -0.33035727174253654
1645455893.727299 3.1265761341723013 3.312262062371146 1.4232508626238987 0.32455939575250686 0.6924133984847162 -0.5551780451752584 -0.3271114020227478
1645455893.7338922 3.126651048949736 3.3116756102973617 1.4254860257750246 0.3246901632168325 0.6925744926627393 -0.5545141042471867 -0.3277660554138339
1645455893.7404852 3.1258896076389195 3.310664234418995 1.427221726903101 0.3224158753257943 0.6913630852071848 -0.5560808020056864 -0.32990725676041494
1645455893.7470841 3.125606612699843 3.309872095703455 1.4290755895865626 0.32041468451983923 0.6907745373349874 -0.5575742152902644 -0.33056852378468204
1645455893.753717 3.1254663095483877 3.3089477755888015 1.4310807018327745 0.31946013843242693 0.6906973141540736 -0.5575382858577651 -0.33171237825480204
1645455893.76031 3.125406850052372 3.3079764504114175 1.4330924595176135 0.31801850870368215 0.6907916675943536 -0.5583641589334774 -0.3315119030090097
1645455893.766892 3.1253348408849835 3.3069617228245707 1.4350050350650978 0.316919610273249 0.6908825831162366 -0.5586393082751437 -0.3319110817530766
1645455893.7734761 3.1252364777708252 3.3058910122328466 1.4368945148609111 0.3157477933058602 0.6908412868276184 -0.55898340907653 -0.332533954010146
1645455893.780075 3.125633146496548 3.3049652816384896 1.438937407532846 0.3151240719966591 0.6918538170015845 -0.5584157730234673 -0.3319737088518237
1645455893.78667 3.1256708898311665 3.3039564971181274 1.4408849739454794 0.3142874472813251 0.6923288039096251 -0.5578562762758507 -0.33271639587198
1645455893.799977 3.125743949052193 3.3014860360414446 1.4445028032295615 0.3118708584469983 0.6929834480321188 -0.5579370914941975 -0.3334910740840513
1645455893.813177 3.125856608831871 3.2990078836374686 1.4480919465242206 0.3092012558094287 0.6941183601433382 -0.5576088615977134 -0.334165004304208
1645455893.819699 3.1268226224903963 3.298213561986846 1.4501470359503341 0.3095522578246017 0.6943559531044636 -0.5554180288420831 -0.33698310378836666
1645455893.826333 3.126922684664463 3.2969615704500224 1.4519130238674811 0.30794890127364805 0.6950103120091672 -0.5552843182276741 -0.33732339182405496
1645455893.839485 3.1267218998859723 3.2954565638405446 1.4534731628108764 0.3060782790930316 0.6954278344231551 -0.5557673824038136 -0.33736981516239717
1645455893.846099 3.128513753630324 3.2946483451364155 1.4560422012391925 0.3073981623073826 0.6998860416379413 -0.5517597386702209 -0.33350664362407656
1645455893.852681 3.128476618502427 3.293170313493991 1.4576997368625193 0.30575992452154804 0.700582187717311 -0.5517440027235596 -0.3335770044328013
1645455893.859293 3.1274088444109776 3.291515677199352 1.458999764435605 0.30204183504465293 0.6998116735988736 -0.5533260046655082 -0.3359527959675418
1645455893.8659148 3.1284936958868887 3.2901601653557435 1.4609227312920001 0.3026269245888553 0.7021650650817759 -0.5516020682419082 -0.3333405966451326
1645455893.872488 3.127491957622969 3.2883835603395837 1.462205739643218 0.2989566069531665 0.7013721206688546 -0.5531948045871063 -0.3356742239977476
1645455893.879123 3.127089619476804 3.286508725835696 1.4633891633486265 0.2971700251405657 0.7007507458430361 -0.5545456838109502 -0.33632876414087076
1645455893.8856902 3.1259838537092093 3.284196157998476 1.46436813251423 0.29345645013992255 0.7012406694417044 -0.557219473790553 -0.33414200703115604
1645455893.8922932 3.125943732926104 3.2825062257627105 1.4659029016009295 0.29161584481491026 0.7020440125821384 -0.5574355902099272 -0.33370577087717157
1645455893.898898 3.125734581162047 3.2809209696566057 1.4673753633300113 0.2900206281526452 0.7026284041881076 -0.5570287213765713 -0.3345443773062408
1645455893.905497 3.125648597113307 3.2791487834107627 1.4688599250951577 0.2882639338359845 0.7033252185193991 -0.5572897142919849 -0.33416357505815963
1645455893.912108 3.126861873337185 3.2779434948229693 1.4712415575612425 0.2887659487594778 0.7073502057201919 -0.5540361586627858 -0.33062588535560244
1645455893.918704 3.126691320257582 3.27622129796963 1.4727645288261342 0.2870408633970614 0.7081082320333841 -0.5538033491286455 -0.33089530668175304
1645455893.925319 3.126947506861919 3.27463336472911 1.4744258862750883 0.28601938911446256 0.709647389234687 -0.5524211536445454 -0.33079297081630127
1645455893.931885 3.12679716470134 3.272831066316466 1.4759802670109912 0.28422933467070394 0.7105425482736714 -0.5520823910283352 -0.33097978815163615
1645455893.9384809 3.1268309237677814 3.271191928167118 1.4776633529228516 0.28258375783680373 0.7117871194240393 -0.5511910046926487 -0.33120020867769495
1645455893.945098 3.1252844107913065 3.2689207536957716 1.478624116380892 0.2781792143739997 0.7100664118027424 -0.5537150723879749 -0.3343968195598583
1645455893.951948 3.125144975068069 3.2671575990997908 1.4802176951243096 0.2760610627488655 0.7110795741605013 -0.5532914290630037 -0.33470039306575755
1645455893.958313 3.1251648625437776 3.265453037474639 1.4819440982591683 0.27414297148816696 0.7123148914132789 -0.5524411907748635 -0.3350543939454826
1645455893.964902 3.126603753739035 3.2641973648404217 1.4842721563728463 0.27477409327362634 0.7162889510792806 -0.5485727962401052 -0.3324106354861638
1645455893.971516 3.125071978596603 3.2619436407051965 1.4852423871694926 0.2701456957288815 0.7145252340366556 -0.551304079043873 -0.3354674615056562
1645455893.9780962 3.126567186698965 3.2607622839934405 1.4875864003115775 0.2710203674811476 0.7184939321945004 -0.5472754741850561 -0.3328717220322243
1645455893.984701 3.1248947297917136 3.258399954999886 1.4885453511394489 0.26623224537074897 0.7165358698642175 -0.5503706434465211 -0.3358399818823992
1645455893.9912992 3.1261929582427923 3.257119765046674 1.4908163348952628 0.2669085522798517 0.7204259829236044 -0.5468868172511784 -0.3326569593500407
1645455893.9978921 3.1246435240947648 3.254610482014769 1.4916870137117295 0.2626750055074617 0.7181800617368216 -0.5501700846493859 -0.33545750715061345
1645455894.004489 3.126385450494124 3.253431299295116 1.4942996252150564 0.26475769485019024 0.7225587577516845 -0.5448484623172668 -0.33309453866787087
1645455894.011086 3.1245436215856364 3.250993157754262 1.4949975372434265 0.2592210379542048 0.719690251065779 -0.5496383531345613 -0.3357792307400243
1645455894.0177212 3.124525463000023 3.2491629488726366 1.496672027506749 0.25757901294128643 0.7203638544501325 -0.549567690050982 -0.3357140575390399
1645455894.0242739 3.1245657638392346 3.247340251248778 1.4983456701543512 0.2560404400611794 0.7211204509749505 -0.5494016155986545 -0.3355384575216149
1645455894.030904 3.125230318346526 3.2456330529972113 1.5004732853429867 0.2562481935666725 0.7225314054715603 -0.5470344449694865 -0.3362114848928036
1645455894.037498 3.1251128026147517 3.243743715136189 1.501884478244678 0.25390762545273476 0.7223350488140245 -0.5484370545791827 -0.3361240647024256
1645455894.0440881 3.1264636751758395 3.2423868458333227 1.5044607717883522 0.25540409779958884 0.7261628011344867 -0.5440973830938125 -0.3337873343759521
1645455894.05071 3.1265096198279987 3.240432409312243 1.506022540618614 0.2540270717393515 0.7264611874229423 -0.5443789525005348 -0.33372975134162836
1645455894.057278 3.1262846799715596 3.23874266057914 1.5075899208060892 0.25148445041692 0.7264044011060486 -0.5453252143382022 -0.3342337970067882
1645455894.063908 3.1265649133573845 3.2371125612889404 1.5094569496450445 0.25011116944339024 0.7269358580211708 -0.5447242347746853 -0.3350876872193116
1645455894.070486 3.126281822420141 3.235043623467521 1.5110846458132803 0.24813689491364319 0.7270572163684861 -0.545045346856506 -0.335769317125532
1645455894.077124 3.126639719523575 3.2334047128599943 1.512850050338726 0.2470876023008199 0.7278943039946087 -0.5444347674332236 -0.33572007966720174
1645455894.08369 3.1273836487983155 3.2317626887142628 1.5147651592037557 0.2467156622495598 0.7284883973187235 -0.5431143934540152 -0.33684184185885957
1645455894.090284 3.125511954806988 3.229086618036632 1.5158354623866277 0.242243094122304 0.7262033475953666 -0.5462717687749395 -0.33990253130292736
1645455894.0968802 3.12557254597673 3.227348571984363 1.517449944003245 0.23992657574275467 0.7267120807809758 -0.5466880097647241 -0.33978905711924723
1645455894.1034749 3.1270641753277095 3.226087008014007 1.519871507205813 0.2408703436497966 0.7303106004584479 -0.5428946863162664 -0.33748019972181675
1645455894.110076 3.125672628947085 3.223602252308756 1.521060586209927 0.23724795425041428 0.728278269822423 -0.5451749773742456 -0.34074623051677627
1645455894.116724 3.127271813414138 3.222355862490442 1.5234701849296366 0.238280375868781 0.7319722855833684 -0.5413261348990434 -0.3382376020810797
1645455894.1232798 3.125812508883581 3.219824747403683 1.524447887652361 0.234019909092643 0.7294090034754703 -0.544625049221356 -0.3414386284623085
1645455894.129895 3.127486596665165 3.2186443446852886 1.5268980078347576 0.2352942208940014 0.7331778940222005 -0.5404767187137232 -0.33907420482639467
1645455894.1364758 3.126023272341895 3.2161809748668584 1.527859260458046 0.23090291427324844 0.7306978266296311 -0.5437547141695825 -0.3421913304249307
1645455894.143112 3.127802251332791 3.2149559243311754 1.53027968808868 0.23232047068442777 0.7344767015873856 -0.5396673461420137 -0.33960263617631403
1645455894.149678 3.126305564407908 3.2123904022670104 1.5311743738740418 0.2277455460523745 0.7319453124285483 -0.5432661339432808 -0.3424171867849909
1645455894.156311 3.1277450006255116 3.210956424757799 1.5334352392753194 0.2284962219069611 0.7354405788299412 -0.5397464395110084 -0.3399853429251931
1645455894.162883 3.1282863312889857 3.2093079334071626 1.5351890781879094 0.22744438247253196 0.7365230492680012 -0.5387588797590938 -0.33991367260745015
1645455894.1694999 3.1258609761585574 3.2061914524275834 1.5355781883730557 0.22155174423653162 0.7348594276679984 -0.5438375988763576 -0.33931803229161067
1645455894.176079 3.126052713150138 3.2042174016462197 1.5371487921716969 0.21972330294401224 0.7354023818629237 -0.5438108316516262 -0.33937349688792146
1645455894.182676 3.1255721673428045 3.201707278200517 1.5380560702121244 0.21690581958568758 0.7327851051940022 -0.5466172267585884 -0.34232596270716537
1645455894.189271 3.125034476080317 3.199767653990062 1.5395740319658775 0.21336639083724065 0.7334660577188015 -0.5470652938110407 -0.34237622677201
1645455894.195905 3.1273774376595025 3.1986508534369573 1.5417980932745934 0.21542396295375668 0.7371190713802839 -0.5427656524845399 -0.3400779985088199
1645455894.202523 3.125509277657184 3.1958656304223796 1.5425403144900445 0.20968913764413807 0.734270526749051 -0.5472060509615638 -0.34269867162211276
1645455894.209122 3.126387842694537 3.1940298626288306 1.543962377326546 0.20931523438685196 0.7344908687742341 -0.5465850046724183 -0.3434453928940329
1645455894.215725 3.127569178352424 3.192480144387083 1.5459781060084787 0.20909048366300115 0.737998096726332 -0.5438738844764119 -0.3403538925995396
1645455894.222323 3.1279671551774246 3.190530070568228 1.5474147034000891 0.20776025435706735 0.7386133845274055 -0.5433840965240635 -0.3406159584691118
1645455894.228883 3.1276390193990733 3.187988823047408 1.5481390018203465 0.2050648611315777 0.7358054421092174 -0.546355724018215 -0.34356040473481764
1645455894.235496 3.127032749066098 3.185860522494768 1.5492998208858484 0.2015545803466627 0.7359921349303588 -0.5473920070461528 -0.34358826269770165
1645455894.2421231 3.128054975156635 3.184088494838376 1.5506200739509592 0.20144647319654127 0.736570212952489 -0.5463574082677547 -0.3440593386751895
1645455894.248725 3.12920044817075 3.182526530531012 1.5525061642626192 0.20130602970712222 0.7403963921116816 -0.5432807176961585 -0.34078546548601585
1645455894.255292 3.1289782573948517 3.1801365893142646 1.552985940919475 0.19900137163597725 0.7377848867861142 -0.5458544347108765 -0.3436777825946685
1645455894.261889 3.130497535095406 3.178385297408626 1.5546793895403666 0.19944206242590168 0.7414595540061258 -0.5431659747090719 -0.3397512819690405
1645455894.26849 3.1307920421196327 3.1764604214627568 1.5557425068600164 0.1977384855611306 0.7421650474758228 -0.5429027645363323 -0.33962729746589193
1645455894.27512 3.129876667903826 3.1737725525979843 1.5561245122142822 0.19364282118026863 0.7395570394369757 -0.5464231708651142 -0.3420221664916041
1645455894.281687 3.131773539471171 3.172361280400893 1.5577036341128092 0.1950654461308954 0.7435033496342555 -0.5426649524504341 -0.33862453217823424
1645455894.2882838 3.132407238356899 3.17017250980164 1.558557478941326 0.1939492928090341 0.7440220319564002 -0.5429649988572668 -0.3376440424814489
1645455894.29488 3.1329662722005587 3.168241888161071 1.5595660496720796 0.19250944579239995 0.7449458728157127 -0.5421411163037526 -0.33775490117343443
1645455894.3014872 3.1333288945679567 3.1661132299328902 1.5602688079318972 0.19069263036790776 0.7454354405819248 -0.542417354358623 -0.3372615089341195
1645455894.308088 3.135171863662581 3.1644237970260076 1.5613594450049277 0.19163811774185016 0.7466338980757526 -0.5405569237689204 -0.33706151194662937
1645455894.314688 3.13450569416399 3.1619104961629274 1.5617485272224307 0.18762709378553052 0.7467577957038385 -0.5422514572441132 -0.33632101532081504
1645455894.321279 3.1353675665504412 3.160026830799245 1.562629986404707 0.18641974554895438 0.7477464406163734 -0.5414562800473057 -0.3360768619041776
1645455894.327907 3.1356832046018335 3.1577699691432466 1.5631206277830079 0.18441140150547863 0.7481910386218753 -0.5418945699826381 -0.3354884583760504
1645455894.334481 3.134975446932963 3.155055206696498 1.5631488921454602 0.1804333737831677 0.7457907720209734 -0.545074433509717 -0.3378363374254916
1645455894.34109 3.137353612585165 3.1536466184142125 1.564453228003342 0.1821655382002806 0.7498686752405929 -0.5412113700356537 -0.334069616873813
1645455894.34768 3.1379391229014293 3.151614783541899 1.5650119136762501 0.1807228568715157 0.750606606093804 -0.5407554069147948 -0.3339343258451141
1645455894.35428 3.139544257854905 3.149739034984583 1.5656585643285976 0.1813128607858286 0.7515298094837565 -0.5395638843846055 -0.33346513651874393
1645455894.360883 3.1389582204854167 3.1469495280479416 1.5654738371010914 0.17775889857448604 0.749080091368164 -0.5426731602345913 -0.3358365989588704
1645455894.374155 3.140785925787559 3.143040317058333 1.566814027777198 0.17534246023270655 0.7537539000838399 -0.5399743194484539 -0.33096435515984296
1645455894.3806798 3.142210616449019 3.141268405160586 1.5673220122426235 0.1752207112584019 0.7548790993350752 -0.5386233697178188 -0.33066553584789177
1645455894.387278 3.140383569890149 3.1379744415441375 1.5667155547692238 0.1687424684673516 0.7520868400556284 -0.5438245798156524 -0.3318821540577653
1645455894.393878 3.1433261986564096 3.1371444922036518 1.5680029340764412 0.17111729081013874 0.7567272754683264 -0.538099456314954 -0.3294408854190448
1645455894.400478 3.143954337784109 3.1349309032550363 1.5681899573729656 0.1693573247127075 0.7574969736576427 -0.5381063712589593 -0.3285689811268016
1645455894.4070778 3.1450088423132496 3.13292366451883 1.5685811662259719 0.1681732128929707 0.7588703033567106 -0.537398085348103 -0.3271643859225748
1645455894.413675 3.1455916018978427 3.1307290998838626 1.5687195669569118 0.16635006648809172 0.7596492707572035 -0.5374190347940343 -0.3262529592890025
1645455894.4202821 3.1465633950747143 3.1288073781818975 1.569140831348552 0.16515964554332263 0.7608741523117618 -0.5363689116058152 -0.32573119283604807
1645455894.42691 3.147028044671804 3.126571038256757 1.569210325635048 0.16326336878347253 0.7615034141911373 -0.5364488294912431 -0.32508441907891794
1645455894.433501 3.148118835170235 3.1247082657501495 1.56964907708249 0.1622445099630931 0.7627486899087679 -0.5351793884742323 -0.32476722876617603
1645455894.440077 3.1486161755376294 3.1224635732912582 1.5696910100601686 0.16026528306776208 0.7633362492743639 -0.5353658462453651 -0.32406143170835855
1645455894.4466822 3.1493549597553074 3.1203635306371624 1.5698769646559576 0.15878053079843965 0.7639912590535588 -0.5348688984061267 -0.32406935458279373
1645455894.453275 3.1496679392927858 3.1181036465344345 1.5700114786424748 0.15619608527146633 0.7646173649554717 -0.535101181091023 -0.32346465689232334
1645455894.459884 3.150992186158204 3.1163677263525944 1.5702943097782407 0.15560220012884998 0.7657103217066731 -0.5335538739159241 -0.3237213600473554
1645455894.466484 3.152015330678848 3.1145195898772355 1.570654100943741 0.15417138454316962 0.766857244260557 -0.532512189198742 -0.3234060868927804
1645455894.47311 3.152667118590402 3.1122657994153418 1.5706257284637362 0.15220026896790614 0.7673391312107407 -0.5327819808377559 -0.3227517587009115
1645455894.479676 3.1534814542754597 3.1101040592535054 1.5707035057256926 0.15047041972793143 0.7679195103750024 -0.5327623297543093 -0.32221448806674047
1645455894.4929159 3.155308924166168 3.106006726498724 1.570975472325734 0.14731570945323494 0.7693960911463873 -0.532322811538844 -0.3208733922306033
1645455894.5061069 3.1564241986053228 3.1037833229227547 1.5710220945488587 0.14627753438728194 0.7698589161261286 -0.5325885041526287 -0.3197955961978084
1645455894.512681 3.157338880777964 3.101721150587584 1.5710832739164238 0.14464961450657185 0.7705037797891703 -0.5325903092762452 -0.3189789769853159
1645455894.519273 3.158321266685515 3.099675904483151 1.5711893310423064 0.14322775622197273 0.771092358870167 -0.5325970747989848 -0.3181860039928842
1645455894.52588 3.159252540572362 3.097622994949307 1.5712610790984152 0.14179524182522577 0.7715375604723527 -0.5327479713544924 -0.3174950401652197
1645455894.532474 3.159993140530594 3.0955411674809103 1.5712630216393833 0.14006180694046955 0.7716897486877179 -0.5329243216644192 -0.3175986143365054
1645455894.539077 3.161031657644611 3.0935149204506533 1.5713319561649655 0.1385099255603751 0.7722542657423355 -0.5330906363139579 -0.316626457845369
1645455894.545704 3.161976549408504 3.091289801470288 1.5712414393353742 0.13718892335783356 0.7722453656307053 -0.5335441039931051 -0.31645941195804755
1645455894.5522811 3.1630689671763497 3.089220396697935 1.5712303858327539 0.13581716423679166 0.7726135549919153 -0.5337888706538514 -0.3157388747242786
1645455894.55888 3.1627514411333535 3.0868388069061616 1.5710921343401607 0.13228587799545743 0.7724119610765534 -0.5355357982669601 -0.3147716896620339
1645455894.565495 3.1653810971796985 3.084906076623658 1.571052101684878 0.13348190447094002 0.773139227432454 -0.5345919276213215 -0.31408497843876926
1645455894.572085 3.166560250145528 3.0829279583826055 1.5709958720189505 0.132221027506137 0.7736064360587706 -0.5347896925441123 -0.3131297527255517
1645455894.57872 3.1677597909830273 3.0807320542725734 1.570850298787048 0.13115520414904402 0.77385526435264 -0.5350009660875458 -0.3126018014396034
1645455894.585278 3.169060194020544 3.078816925343097 1.570772369164056 0.13013562666341943 0.7746173826185667 -0.5347188437379745 -0.3116215493568605
1645455894.591878 3.1700780122250762 3.076626721440557 1.5704781245523058 0.12871993161686776 0.7745723367038336 -0.5354526036879113 -0.31106102735137714
1645455894.598515 3.1701020915227263 3.074406107604329 1.5702103968646557 0.1260914474899303 0.7748668745881209 -0.5363697636427567 -0.3098214556800717
1645455894.605089 3.172452553823389 3.0725552313025224 1.5700449174230209 0.12658582016974948 0.7756737234212147 -0.5350861055413508 -0.30982051165839974
1645455894.6117098 3.172511091042325 3.0703142642481254 1.5696700760772948 0.12371451680974026 0.7758909481623244 -0.5362938165916926 -0.3083447675751979
1645455894.618285 3.1738453902966133 3.0681907389437506 1.569321405185114 0.12270206393781077 0.7765091219403188 -0.5362834800718362 -0.30720905363206547
1645455894.624877 3.175054264003238 3.0660598805788917 1.5689101650822166 0.12132644921326852 0.7769376129218373 -0.5366251140591416 -0.30607337661921985
1645455894.631487 3.176315158881485 3.0639208960401993 1.5684265019850574 0.11987545141189619 0.7778785878233292 -0.5366053326598877 -0.30428454922757625
1645455894.638077 3.177693045908951 3.0619751214079054 1.5680976617013718 0.11913695555219232 0.778425052935792 -0.5360533688686683 -0.30414992377033967
1645455894.6446831 3.179140053844451 3.0600779206228768 1.5677543269232652 0.11812844205135362 0.7793871667219826 -0.5354029404400072 -0.3032236567258667
1645455894.651276 3.18041776808213 3.057974136221902 1.5672453446827588 0.11700355119117684 0.7799973674734814 -0.5350495277039793 -0.30271414098264865
1645455894.6578848 3.183145841270668 3.056111245965539 1.5668324110326168 0.1178578766287364 0.781228835231514 -0.533530145470771 -0.3018877449996523
1645455894.664512 3.183219431315206 3.0538040606958723 1.5661025461447802 0.1149380818161901 0.781509590386514 -0.534356558330937 -0.30082330657325684
1645455894.671082 3.1857880872733086 3.052109257350938 1.5656945612223567 0.11532934707012757 0.7829252471112425 -0.532398250458506 -0.3004644553771871
1645455894.67768 3.1853902000424026 3.049652049917614 1.5647097725949353 0.11158956954025694 0.7823176576954806 -0.5341454956800512 -0.30035816820816685
1645455894.684319 3.187180585601771 3.047891861175894 1.5642260485931412 0.1108466050194954 0.7842841163011787 -0.532371729845485 -0.2986492775047361
1645455894.690878 3.189393631654442 3.045926888079416 1.5634750574478016 0.11094605096590883 0.7847449548746541 -0.5314547025962144 -0.29903482019969535
1645455894.6974761 3.1899330572489273 3.043859837518365 1.5627206784199452 0.10852876279989496 0.7861588474008655 -0.5310992754198061 -0.2968314612766607
1645455894.704077 3.191262547231783 3.0418038460420536 1.5618605821930551 0.10720588451120062 0.7871739719485605 -0.5306409241047184 -0.29543834579809747
1645455894.7106729 3.1928365981839493 3.0398952989033017 1.5610694804808856 0.10671757655722448 0.7880318382468477 -0.5299645610882758 -0.2945408530051134
1645455894.717279 3.1953327531870954 3.038170298911382 1.5602649224981562 0.10713383179247113 0.7892727954958094 -0.5284700857205513 -0.2937511905302632
1645455894.723893 3.1964345543505295 3.036120571887227 1.5591884105503722 0.1055055884755256 0.7895475733943766 -0.5289456538049551 -0.2927444107969771
1645455894.730484 3.198006977468904 3.034470023382297 1.5583160460100138 0.1049293449499929 0.7910681905551256 -0.527543906870118 -0.2913725876223945
1645455894.73709 3.1982038338926553 3.032135250836906 1.5570291639845057 0.10280558200343738 0.7909338852931121 -0.528656242721529 -0.2904767560876879
1645455894.743737 3.200870404943318 3.0305888620964607 1.556106663397965 0.10388067077851572 0.7923097194311798 -0.5272029925825041 -0.2889821634633414
1645455894.750286 3.2021877396537417 3.028745608232984 1.5549657726767456 0.10303887976303307 0.7929041202974669 -0.5271785311402984 -0.2876950570890222
1645455894.756879 3.2035880050209986 3.026900516262496 1.5537504568562328 0.10253603051210741 0.7935426424397435 -0.5270176599992129 -0.2864060071326721
1645455894.763485 3.203765784108129 3.0247070472617064 1.5523151653168048 0.1000294521668247 0.793560375187949 -0.5284379657436775 -0.28462068752458114
1645455894.770077 3.205093140551259 3.0229339334151737 1.5510477761882684 0.0996249868571936 0.7940782882524859 -0.5283202398224394 -0.2835345862435677
1645455894.776684 3.207512388569903 3.0213400793775804 1.549819683907526 0.10026460952351032 0.7951059772879713 -0.5274361714044057 -0.2820711861286719
1645455894.783284 3.208781877208868 3.019538507424798 1.5484609900564403 0.09946177653066411 0.7957145454157184 -0.5276286306902074 -0.2802737169298177
1645455894.7898822 3.2089602484308517 3.01737631257358 1.5467934702915116 0.09710764100401321 0.7956553097338783 -0.529224147373755 -0.27825187895761266
1645455894.796483 3.21135288640762 3.0157858870748644 1.5453529547479266 0.0983066206664101 0.7963674770801948 -0.5284863424215369 -0.27719382071319465
1645455894.803097 3.21256582738889 3.0140697945856143 1.5438358229468498 0.09739191066742105 0.7969158042257128 -0.5288369554911376 -0.2752654855296299
1645455894.80968 3.213678452092336 3.0121525327193783 1.5421150730481492 0.09643035165724166 0.7972014901483836 -0.5296645289038924 -0.27317768289673117
1645455894.816281 3.2148951134019605 3.0103561268737975 1.5403433285195396 0.0961223901232399 0.7974108495461311 -0.5301534787527008 -0.2717228527227665
1645455894.822877 3.216114460349877 3.009245768604251 1.539072937722981 0.09436098144596146 0.7991005309117339 -0.52967528015678 -0.26828721204814765
1645455894.829476 3.2176860554088695 3.0076328513730095 1.5373675422511253 0.09440148060836495 0.79980505072014 -0.5296934457693754 -0.2661290776005868
1645455894.8360739 3.219549244206776 3.0063985320224447 1.5359613197088784 0.094683962352358 0.8011336991318363 -0.5286558547575124 -0.2640877328772402
1645455894.8427122 3.219637822639456 3.0042118527922455 1.533595214129716 0.09211516528888682 0.8008896319045867 -0.5311152479926625 -0.2607810888080454
1645455894.849278 3.220964836539478 3.0026660899040714 1.5319594121540592 0.09155486060189336 0.8016590667592841 -0.5309791367669183 -0.25888450547092634
1645455894.855907 3.222162662365023 3.0013835147994343 1.5301621437166109 0.09113710025918544 0.8021221647872571 -0.5310044645225057 -0.2575420385438688
1645455894.862474 3.2245705753547993 3.000742787727244 1.528793364293854 0.09295291239392679 0.8042494311410276 -0.5283026750549614 -0.25580949619516186
1645455894.869133 3.2246416410698284 2.998470546367617 1.5264157821045803 0.09070169925784229 0.804009522077857 -0.5301820841929142 -0.25347275723316925
1645455894.875679 3.2248944633562413 2.996610024149534 1.5239192540858166 0.08866298464553005 0.8035035916443866 -0.5321777418827163 -0.2516093873058255
1645455894.882308 3.226399494161712 2.9954787726575263 1.5221023970700096 0.08916577709867843 0.8051247498608834 -0.5306344528238001 -0.24950001063447336
1645455894.888903 3.228327261226746 2.994535547216429 1.520545111425725 0.08994917789612535 0.8066396849051619 -0.5286333941834497 -0.2485717203990018
1645455894.895479 3.2288398534925253 2.99308292977993 1.5183729171079408 0.0885406871545929 0.8076380031994939 -0.5287174941758883 -0.2456395794897652
1645455894.902087 3.2302836743918 2.9919156188283282 1.5163984423986547 0.08875829295460581 0.8087337077220992 -0.5276216589440753 -0.24430867538766668
1645455894.908673 3.230883032480896 2.9903863324218958 1.5142699807931639 0.08743246451487993 0.809472736313765 -0.5276788570733991 -0.2422066704966577
1645455894.915275 3.2311623145251644 2.9887500797205564 1.511538411496673 0.08595850826936596 0.8094934448748378 -0.5287908962007112 -0.24023173693342062
1645455894.921897 3.2325952733929832 2.9877710840701432 1.5098719306927568 0.08625368628069384 0.8108959426682568 -0.5269085804695436 -0.23953079185083606
1645455894.928482 3.233312685152285 2.986313912983729 1.5074387072028144 0.0858859534057262 0.8113082248451429 -0.5268051640851521 -0.23849207270520947
1645455894.935074 3.2344806566197706 2.985700240169306 1.5055549567187203 0.08584363011050371 0.8127049339596079 -0.5250029729735449 -0.23772469952952005
1645455894.941683 3.2361698798426533 2.9848604657879236 1.5037260707318074 0.08723068924054514 0.813569568348722 -0.5226427054572402 -0.23945676657960918
1645455894.948276 3.235720651116394 2.9831775644272445 1.5008589087183415 0.08398793808081453 0.8138789867481356 -0.5243119336730729 -0.2358889714586815
1645455894.954926 3.2364328987126276 2.9817792700267733 1.4984230288345832 0.08369744128172515 0.8140090164890187 -0.5238426254165787 -0.23658516356634698
1645455894.961504 3.237397953900382 2.981074945688863 1.4963908443542218 0.0827184477085908 0.8155691995943928 -0.5226091395384329 -0.2342729717575585
1645455894.968082 3.2382800689516515 2.9803013389659934 1.4942730030639204 0.08191532852069765 0.8168884994988398 -0.5213362029024324 -0.2327900633666528
1645455894.9746718 3.239371782432661 2.9792438550009237 1.4920158141342599 0.08151761326236535 0.8178069316258305 -0.5204301498062401 -0.23172990511940747
1645455894.981277 3.2402122391122044 2.9784490032601276 1.4896820643315882 0.08106606810890511 0.8187279408702303 -0.5194681705963076 -0.2307926908069667
1645455894.987901 3.2410484301051774 2.9776889972211804 1.4875088408039683 0.08046750099187402 0.8196794148254921 -0.5182720490256901 -0.23031351784215914
1645455894.9945228 3.2419841915108396 2.976822988949988 1.4850974337662968 0.08052582207766386 0.8203143644439138 -0.5174086726156469 -0.22997344422912577
1645455895.001127 3.242870736878218 2.9761818411617655 1.4828366930427055 0.08011684508325957 0.8213130355896037 -0.5162061484978654 -0.22925313328471764
1645455895.0076869 3.2434270305080775 2.975053012933594 1.48018392116526 0.0799125580536962 0.8212432745638732 -0.5157532754702007 -0.2305897394658197
1645455895.014312 3.244351438330553 2.9745517841042726 1.4779567591266185 0.07932112208817581 0.8225664253455022 -0.5145053131222971 -0.22885913902537958
1645455895.020917 3.2451305837645386 2.973538942967299 1.475351068425791 0.07934040104609989 0.8227005227600355 -0.5138322779375666 -0.22988021772798586
1645455895.027437 3.246070596720276 2.973219940001413 1.47314239214214 0.07862634287962639 0.8242587908204466 -0.5122936609750863 -0.22796960669295044
1645455895.034078 3.2469159768614766 2.9725349237096044 1.4706746119177214 0.07815224885094484 0.825112598565177 -0.5113270139628681 -0.22721286638968965
1645455895.040672 3.2474220098340356 2.9717452757014744 1.4680027130026514 0.07746277275277197 0.825300477901328 -0.5106136098381183 -0.22836806063425213
1645455895.0472739 3.2482050743041704 2.971363051385236 1.4655287305057585 0.07695466320258884 0.826308351297191 -0.5094324053019915 -0.2275317710673254
1645455895.053889 3.2491856845288636 2.971067094348356 1.4631562720748985 0.07600443585486134 0.8278324454188413 -0.5082221661099285 -0.22500350682349446
1645455895.060491 3.249977822829976 2.9705597965905755 1.460620819621665 0.07534075032618424 0.8286595788462526 -0.507339526930575 -0.22417238419930768
1645455895.0670762 3.250598283710184 2.9699883301078067 1.4578372432949878 0.07520860414085975 0.828933150250575 -0.506698998175352 -0.22465353709135136
1645455895.0736902 3.25142220471928 2.9699075583772365 1.4555322710965153 0.07420314370198525 0.8303112954599472 -0.5055883213628797 -0.22238947149572372
1645455895.080278 3.254269486165248 2.9702555401996937 1.4540350222403062 0.07786681127270835 0.8325426629556221 -0.5007070986586042 -0.22383354722104967
1645455895.086981 3.2546488431229257 2.969942110295177 1.4514125676133907 0.07689006705590927 0.8334566887909198 -0.49976005470953516 -0.22288415762495667
1645455895.093475 3.253808818209713 2.9687192208826003 1.447566207790662 0.0748574522101886 0.832160215757854 -0.5026464381099361 -0.2219276304464433
1645455895.1001 3.255780946404047 2.9691035289831835 1.4459172454247777 0.07655437145255886 0.8339974724914709 -0.4986593398910767 -0.2234415019306298
1645455895.106671 3.2551190803372716 2.968466537794167 1.4425523451120243 0.07365880140723069 0.8339949798293947 -0.500749958684426 -0.2197175776194583
1645455895.113306 3.255667036170238 2.9682532483752495 1.439919461828706 0.07285939677831878 0.8345691628142198 -0.5000939490195678 -0.21929762279463924
1645455895.11987 3.256421122135708 2.9678307103497477 1.4370996816923791 0.07335518409792616 0.83458658603309 -0.4996212445996086 -0.22014186785468517
1645455895.13312 3.2568598645610107 2.967785342436683 1.434476492781775 0.07254586971098011 0.8350672863510683 -0.49896986827883427 -0.2200645136970507
1645455895.139702 3.257361175351188 2.967722486183361 1.4318902962769542 0.07211303280224782 0.8356099596439888 -0.49823018390649093 -0.21982261874206036
1645455895.146372 3.260024081748253 2.9690345808289935 1.4279360632668106 0.07448243647223879 0.8388076716486095 -0.49272170380796143 -0.2192691764698034
1645455895.15948 3.2605062244525485 2.9691447563711466 1.4253489340172962 0.07463416761956373 0.8394255342688127 -0.4917910522253616 -0.21894213426880865
1645455895.166118 3.261062694318587 2.9693092262045218 1.422728526585174 0.07545640008834252 0.8398031442500515 -0.49106923320034285 -0.21883237761323424
1645455895.172703 3.261448684203137 2.969207812070861 1.4199351808907736 0.07638826302103059 0.8398477743898276 -0.4903872899123208 -0.2198646358974871
1645455895.179277 3.261797002983139 2.9692877251033254 1.4172697668637706 0.07708750169150268 0.8400513149271857 -0.49004252337545656 -0.21961155487159556
1645455895.185916 3.2609121392538016 2.9690607827140356 1.4143517674140975 0.07496613423716846 0.8406717986422776 -0.49124679182488773 -0.21523747775929333
1645455895.1924832 3.2625335037618597 2.96999054832789 1.4123875765775067 0.07794229753265634 0.8417270679068416 -0.48813304893199255 -0.21713189131956598
1645455895.199083 3.261386067543968 2.9695899088742594 1.4085856054180044 0.07643888929246481 0.8406486518554368 -0.49144875300802876 -0.21434703827467563
1645455895.2056808 3.2615843118908123 2.9699988606478245 1.4060970173696792 0.07685088360326249 0.8412797723559716 -0.49055688030044 -0.2137658374294042
1645455895.212289 3.2618860976489334 2.970257042169193 1.4034514365202693 0.07771071268019059 0.8414761100285392 -0.4903971668068092 -0.2130474257919591
1645455895.2188768 3.2607365466117466 2.9702777862965313 1.4004720759626967 0.07628084152054607 0.8411758658074919 -0.4913386231423215 -0.2125802099589639
1645455895.225487 3.2611122828239423 2.9705422616712434 1.3977111657868482 0.07804832505187297 0.8410582468718402 -0.4913080239032168 -0.2124746840569014
1645455895.2321 3.2612783966372803 2.9710323051963856 1.3951086656847111 0.07895423316006164 0.8412656431641767 -0.49097004604663513 -0.21209983785274003
1645455895.238709 3.261459879337664 2.971597626460711 1.3925667813546654 0.08017628100305348 0.8415829421503832 -0.49044449468212953 -0.21159800063845896
1645455895.245282 3.2617747327992546 2.9722167423006294 1.3901257060189398 0.081364160673248 0.8421780347890637 -0.4897005843570586 -0.2104969419415613
1645455895.251911 3.2630999496510205 2.9733365809444514 1.3885198684014783 0.08431648383266654 0.8438851512858946 -0.48636948621957277 -0.2102210600800083
1645455895.258483 3.26196518413398 2.973481791352793 1.3851334169875076 0.08393124720617214 0.8429035754277439 -0.4883889431932827 -0.209630484180984
1645455895.265096 3.262294769523066 2.9739421112379807 1.3826243957445434 0.08527781957099781 0.8433614351695601 -0.48806477072719845 -0.20799410849131642
1645455895.2719748 3.2622514200344996 2.9746120940860328 1.3800648854318014 0.08626395914655019 0.8436005485058646 -0.48741968163873495 -0.20813043973951198
1645455895.278272 3.264637414937458 2.9757784901497653 1.378799508740098 0.09039985813507564 0.8461885354104447 -0.4844222979242315 -0.20279903479143108
1645455895.284877 3.2654187193239452 2.977133417733029 1.376664168618072 0.09372128210780463 0.845956021732275 -0.48114167791703094 -0.2099452251139092
1645455895.291509 3.263286460202794 2.976577372023067 1.3728007583163342 0.09008322495322188 0.8451489479935481 -0.4871664036003609 -0.2006907377943748
1645455895.298082 3.2624846659352085 2.977297277645246 1.3700439499107409 0.09085064269573731 0.8442182320084082 -0.48655235767122856 -0.20568941547300512
1645455895.3046741 3.2664947891260887 2.9795921683769615 1.3696854662562938 0.09784797247243246 0.8478145304690196 -0.4804051203048325 -0.2021059192438496
1645455895.311275 3.264170711790331 2.97928827126771 1.3659468384046516 0.09633957883021688 0.8453841399460952 -0.48339039686287255 -0.20585838784236624
1645455895.317874 3.2648932925252763 2.980342035997875 1.3638184687513355 0.09811292063984169 0.846713759617352 -0.48316083057933884 -0.200012155634579
1645455895.324508 3.263901620654332 2.9811183666472116 1.3607540341183075 0.09714160718232209 0.8464674276843753 -0.48515447819721935 -0.1966751828143235
1645455895.3310862 3.262997437096853 2.9812445465852635 1.3576013439189973 0.09932629818531198 0.844303461268528 -0.4858288290604509 -0.2031154422003331
1645455895.3376782 3.2630916730402006 2.982131051635319 1.3551728924181097 0.1012905008540984 0.8444051092617124 -0.4854688344374243 -0.20258296360464143
1645455895.344286 3.2643464208247144 2.983307095183472 1.353168380210005 0.10493681503057527 0.8447027157290864 -0.4838948815540133 -0.20325086535315867
1645455895.350875 3.2644785133811998 2.9840748369589334 1.350892396702228 0.10580703473172058 0.845933469595003 -0.48462864621741697 -0.19579609943304366
1645455895.3574731 3.2645851344778745 2.985079055820713 1.3483765335778084 0.1085097954265822 0.844952105575919 -0.4834093898285385 -0.2014858088453644
1645455895.364104 3.264829913820311 2.9858975265307173 1.3460057808115953 0.11038946938927606 0.8450464538171613 -0.4832390229514215 -0.20047517993019923
1645455895.370704 3.2647552696314124 2.9871061343481915 1.3439446084868658 0.11000105070669727 0.8468347141203612 -0.48387041048050317 -0.19141516533361752
1645455895.37727 3.2651039456259983 2.9876307136172695 1.3414455247147132 0.11397326795466516 0.8455395023732395 -0.4825707038604978 -0.19798524525509423
1645455895.383901 3.26386571426476 2.9880339331652377 1.3381501171694046 0.11354403900585731 0.8444214943464547 -0.48571656858567486 -0.19529238629494775
1645455895.390474 3.2639728152373513 2.988994550068721 1.335786264360999 0.11548852779752997 0.8442695197154036 -0.4858984534546492 -0.19435446002347367
1645455895.397099 3.2641264259043594 2.9898868924738204 1.3334177209371931 0.11759666027751989 0.8440652318215518 -0.48615387659955034 -0.19333627643739823
1645455895.403677 3.26367309795268 2.9910994054174598 1.3310422352440734 0.1185407374399325 0.8438658682052166 -0.4861006583762872 -0.19376338408429136
1645455895.4102762 3.263949396864794 2.991900886731558 1.3285620921982542 0.12085628002702985 0.8434166308877465 -0.4867831086237205 -0.19257188864679614
1645455895.4168751 3.2640728098932477 2.9926265283027274 1.3260844677486665 0.1227964320884185 0.8428659604798246 -0.4875663696113182 -0.19177241039355308
1645455895.423509 3.2655401519076155 2.993929887488808 1.3241120919888119 0.12750534952206358 0.8427580478206051 -0.4860097767927926 -0.1931200448241485
1645455895.4301078 3.2643354348235856 2.9946399808752013 1.3213376419438538 0.12664963624822861 0.8423955146386727 -0.48794022510417157 -0.19037753242328287
1645455895.4366841 3.2660280438259357 2.99613354667259 1.3198187862991306 0.13100131717674604 0.8427004522057793 -0.48599595991262956 -0.19105530418462163
1645455895.4433112 3.2644452924453575 2.99662008127843 1.3165660640299068 0.1300466134626925 0.8418607428366719 -0.4886087148781719 -0.1887312543623621
1645455895.449874 3.2657270131955483 2.9981122133720883 1.3146371882490677 0.13393115864569682 0.8419912524605858 -0.4871913055444205 -0.18909628643048682
1645455895.456463 3.2649298096579074 2.999145204808135 1.312199162980721 0.13442675225642206 0.8419250458409763 -0.4877466247501153 -0.18760193670570682
1645455895.463109 3.2645525865220737 2.9996881776250475 1.3090215706895254 0.13583875713551655 0.8406485434156348 -0.48982564609631934 -0.18689115449467747
1645455895.46968 3.2646541137224263 3.0008865967008593 1.3066359735282345 0.13808297421961538 0.8405681020231277 -0.48963786563935424 -0.18609864783541546
1645455895.476306 3.2641625041686138 3.00185924136387 1.3043806575139978 0.13847135820162335 0.8398882808856184 -0.49035808625855654 -0.186980978194805
1645455895.4828732 3.2662785293977716 3.0042260453846676 1.3028981573631526 0.1447655404606429 0.8416176316343714 -0.48606535136839735 -0.18564149613693406
1645455895.4894998 3.2648151848318583 3.0043923091139186 1.2991153695451698 0.14431475763926419 0.8402700044507614 -0.48960629174685755 -0.18276996546867796
1645455895.496136 3.264764849597106 3.005668114853401 1.2966204657031517 0.14634580362036542 0.840201584997185 -0.4894257066197933 -0.1819512751458829
1645455895.5026822 3.2660755398796453 3.0073653010582415 1.294718431139987 0.15055929025100157 0.840676245941013 -0.48728406159727555 -0.18206921299249737
1645455895.509274 3.264684365597327 3.008171772058524 1.2915820413598702 0.15014140807471094 0.8400444497440626 -0.48915834927228563 -0.18029577767988222
1645455895.5158882 3.264547529896022 3.0094393517801317 1.289073346407183 0.15151383518294304 0.8398318711258083 -0.48917307937661464 -0.18009798585894807
1645455895.522474 3.26476556886581 3.0113383316509545 1.2872243322120875 0.15366191564244383 0.8407036431815694 -0.4871934798412468 -0.17957596217798732
1645455895.529092 3.2661377032349304 3.013321195578945 1.2853987070932889 0.15781910849538558 0.8410811997832608 -0.48485435730552695 -0.18053091436262322
1645455895.535687 3.2638091205327417 3.0135156844788757 1.281459143219117 0.1553898374772775 0.8389936805059067 -0.4894035732171782 -0.1800759459969887
1645455895.5422919 3.264014572569619 3.015291511794119 1.279297455583627 0.15761122198246086 0.8394868201632498 -0.48807856439603575 -0.17944216410455427
1645455895.548883 3.263899227743052 3.0169670110688513 1.2769367900812172 0.15945510094384416 0.8395234244324291 -0.48735250284442355 -0.17961524999912748
1645455895.55548 3.2634413388940513 3.0181546944160593 1.2740966751249565 0.16080072420574523 0.8389308282387896 -0.488009174583207 -0.17940132126613215
1645455895.562069 3.263170121138336 3.019652244614895 1.2716476500105425 0.16238334666387075 0.8388618888696118 -0.4876912011648441 -0.1791626853104255
1645455895.568681 3.2645111182039153 3.0214876818108696 1.270156020685167 0.16679600577218187 0.8398118393491326 -0.48431912732227167 -0.17980476913430968
1645455895.5819252 3.2653988690219506 3.0237419737065387 1.2651459719753413 0.17289250493756012 0.8393370492664491 -0.48435261928185513 -0.17613524088340918
1645455895.588473 3.2618909220537637 3.0262543129681627 1.2621530467864348 0.16883388981880088 0.839315102253991 -0.48568493829366083 -0.1765078404609285
1645455895.595098 3.2631102465232047 3.028609846075159 1.2604552021511561 0.17358794150146437 0.8400069494759705 -0.48266503562377694 -0.1768886995423686
1645455895.601682 3.2608935149416998 3.029430663230612 1.2571793079340932 0.17160014988117298 0.8389956652208244 -0.48574184983993646 -0.17519732918156927
1645455895.6082811 3.2603174242171966 3.030939943318001 1.2545773529497086 0.1729724536527162 0.838702584500785 -0.4858791684691064 -0.17487004185560173
1645455895.6148832 3.2599466125280223 3.032930842889917 1.2526076117675728 0.17463082977435268 0.8390425242152219 -0.4847247917078687 -0.17479475977028094
1645455895.621512 3.259463123527069 3.0347440597466493 1.2503411732951166 0.1760881597988696 0.8388435365875823 -0.4843277960839706 -0.17538721854458783
1645455895.628084 3.262749066059775 3.038034486955839 1.2503888424027165 0.18469813866351192 0.8406630911258507 -0.476322162913434 -0.1796913286316739
1645455895.634685 3.2572848330014628 3.037727982913933 1.2449439025936668 0.1760701126117054 0.8361814013673582 -0.48751580648472326 -0.1792425716592087
1645455895.641273 3.2577706479265034 3.0404738289376847 1.244093810979895 0.1793396966235402 0.8385038039228602 -0.4827071528661405 -0.17816295912060617
1645455895.6478899 3.259096716710387 3.0433085479601836 1.2429005404760205 0.18416058439025282 0.8391274523803979 -0.4789881358551899 -0.18033289529990604
1645455895.654468 3.2554069617819987 3.043831368372841 1.2390748847076685 0.17833429576226817 0.8360898912148815 -0.4856567280159928 -0.1824492386846641
1645455895.661133 3.2579218771519147 3.0472181503129523 1.2388544402168 0.1858448386826654 0.8388167942882715 -0.4782344405807494 -0.1820425866601996
1645455895.66767 3.257070443994517 3.049152022022814 1.2367317991143603 0.18632410591624618 0.8385412989082927 -0.47815590923965623 -0.18302550130368317
1645455895.674277 3.2548084684523846 3.0511669693493646 1.234550746508078 0.18452803569949608 0.8385490764819079 -0.4789434073603454 -0.1827502705855194
1645455895.680875 3.255039453242463 3.0531240799762926 1.2325785661677509 0.18698575699583847 0.8386831036247634 -0.4778418101980692 -0.1825206486065444
1645455895.6875148 3.2550296375995225 3.0555765277699405 1.2317509443875745 0.18884985605036136 0.8395709500294768 -0.4745188537165198 -0.18516964817723944
1645455895.6940758 3.2529993900049243 3.0577972327925425 1.229464551732468 0.18792573457560421 0.8388018512491592 -0.47569153137965525 -0.18658118327110107
1645455895.700723 3.2524228391762366 3.0600813052433478 1.227999551654386 0.18908943532439265 0.8392882467582036 -0.4740590471124819 -0.18737142850299499
1645455895.70727 3.2515636862445274 3.0619781063149567 1.225896310020913 0.18944212791650542 0.8393809687816695 -0.47405302976424457 -0.18661344760173076
1645455895.713886 3.2505373389869425 3.064429107186677 1.224429420834046 0.1894966730338889 0.8395504060045738 -0.4729392753449995 -0.18861117424140209
1645455895.720502 3.2484631661820487 3.0657665788256425 1.2212835376358084 0.18687908616671398 0.8370477778453721 -0.47735813146046285 -0.19119636237467683
1645455895.727089 3.2512205105829692 3.0698392999505795 1.2232923444561252 0.19401850040200727 0.8416513308920137 -0.4654082222555003 -0.19332520117543156
1645455895.733685 3.24836915666313 3.0722622120148477 1.2209039119222038 0.19023737309170977 0.8413209224618385 -0.46810444282856756 -0.19200694726819428
1645455895.740293 3.2456530497091594 3.072909658740261 1.2169577875225552 0.18665946117065568 0.8370390759544084 -0.4752189712465136 -0.19669865564279027
1645455895.7468858 3.2459633645722823 3.075973816205459 1.2169762882785626 0.1889727258264931 0.8401898025447904 -0.46961872272425387 -0.19449494197917142
1645455895.7534761 3.2467908192412636 3.0790681864321905 1.2166942944793024 0.19215339926347869 0.8410887565037567 -0.46541860277942965 -0.19756491733780285
1645455895.760111 3.2441623444911407 3.0810327014998355 1.2145568509492979 0.18960193472149398 0.8404914232956308 -0.46744863389836316 -0.19777933351282506
1645455895.766757 3.2430723893786086 3.08360457826835 1.2133536839678745 0.19003680184623573 0.8405148814122565 -0.4666351179373459 -0.19917833706591645
1645455895.7732759 3.2437171135792413 3.086642059474734 1.2130832504510907 0.19376610701165994 0.8411385106990238 -0.46263821449802905 -0.20225275169423762
1645455895.7798982 3.242708206605895 3.08940116276308 1.2121342423244585 0.1949349171606279 0.8412465872469027 -0.4611157766864696 -0.20414795179635667
1645455895.786481 3.241414641080407 3.091862612254719 1.2109130848278737 0.19578874516549027 0.8410821002641073 -0.4604425694074642 -0.205523541735255
1645455895.79313 3.239036268462214 3.0942579850943512 1.2094304814157522 0.19493906523828258 0.8409245513847445 -0.460962793311654 -0.2058094963926104
1645455895.7996778 3.238023930696479 3.096513424709515 1.2076225144892516 0.19611518943078524 0.8381216808304803 -0.4628884119907481 -0.21171869826516554
1645455895.806296 3.2386186909070256 3.1001501996250727 1.208604710269007 0.20080333794235966 0.8417256896592352 -0.455389865675458 -0.20927384745027058
1645455895.819479 3.237280237265955 3.102952968877242 1.2077563291839581 0.20173281311265204 0.8417570507871046 -0.4545493278723932 -0.21007957889583537
1645455895.826071 3.2362374535919898 3.105850166085905 1.2072373165127455 0.20318545829369314 0.8419111896080516 -0.45311255251853955 -0.21116308485689658
1645455895.832688 3.235052564511294 3.1088592664536803 1.2067810148696785 0.20468392822802686 0.8420466901924417 -0.45167485562643406 -0.2122528317345228
1645455895.8393118 3.2323192963681873 3.111513569571512 1.205709079851346 0.20342764088344667 0.8418000518053635 -0.45283801800560963 -0.21196040436343083
1645455895.8458838 3.232870107324695 3.114718336002388 1.2059998745058647 0.20788950270364853 0.8419195144468798 -0.4493514205200478 -0.2145609510958165
1645455895.852475 3.231566785587771 3.1177303773426033 1.205388623323987 0.2093187937839695 0.8417027295705467 -0.4489213523320659 -0.2149217637966861
1645455895.859148 3.2313868054432957 3.1215150269370686 1.2066786703582992 0.21259925279779304 0.8428762654026064 -0.44405902200972197 -0.21719190850962303
1645455895.865673 3.2294529137741432 3.123687667488604 1.204930413704371 0.21328786882778797 0.8410376704845539 -0.4470371553649353 -0.21753462396273174
1645455895.872281 3.2287787695160657 3.1273944277844663 1.2058324111650487 0.21578731152058991 0.8419532205741103 -0.44357457211367607 -0.21861342035014608
1645455895.878913 3.227695019441331 3.1303790603929924 1.205731278060596 0.21752701790705506 0.8415033657882152 -0.4430126101843405 -0.21975786582651036
1645455895.8854752 3.226318709273768 3.1334693948168786 1.2055117258196597 0.21897305116444438 0.84083157976582 -0.44286189364919865 -0.22119226171880077
1645455895.892085 3.2246094244114754 3.1360792184035646 1.2046584143427013 0.2196877328071351 0.8393340473225364 -0.44465001027652196 -0.22257951522734068
1645455895.898687 3.2237608271033076 3.139645260483015 1.205655632198553 0.22158443843613249 0.8397206347994752 -0.44209517127202047 -0.22432353502795976
1645455895.905282 3.223139008468609 3.143136997740371 1.2063069489026983 0.22407040474173834 0.8395150796225751 -0.44002975475787304 -0.2266722663905391
1645455895.91201 3.2221325290845346 3.146197865247256 1.2065955047157007 0.22579956039465038 0.8388591752643282 -0.4391192028871834 -0.22913700103565204
1645455895.918489 3.2203492372150353 3.149037904234378 1.2063067080826286 0.22622565621449597 0.8375307763405202 -0.4407866924845297 -0.23037106259571663
1645455895.925108 3.219933956743882 3.153693682565542 1.2083031167908669 0.22610346686930854 0.8402760278095466 -0.43857329112368915 -0.22464742865823914
1645455895.931713 3.2179963717057976 3.1554995601349596 1.2073678308765174 0.22873114322432694 0.8363610517749838 -0.4399255877743147 -0.23376766803869134
1645455895.9382951 3.2173586255387483 3.1599928069478147 1.2093348649072644 0.22832815970434345 0.8389536955037704 -0.4382875224900571 -0.22787413809353918
1645455895.9448829 3.2147280126478326 3.1618037421571463 1.2081049958548589 0.23011084559133063 0.8347244114750005 -0.4411256648810443 -0.2359912761498266
1645455895.951484 3.214013678780401 3.1651433310294945 1.2093795264487568 0.23179097976398205 0.8345432674341932 -0.43944081067414864 -0.23812155570238325
1645455895.9581 3.213233084765788 3.1696081016641626 1.2114864491097075 0.23027253137891857 0.8371556062520137 -0.4385840112191688 -0.23192398820021157
1645455895.9646919 3.2109681772975796 3.171246190205499 1.2106625372122084 0.23230939331559192 0.8329686710738878 -0.4404225449078531 -0.24129463507201532
1645455895.9712799 3.2094256174180966 3.174390493860134 1.21141980731746 0.23257519056811315 0.8320509587936415 -0.4409198391748879 -0.24328843271286454
1645455895.977875 3.208116983767219 3.177572863103716 1.212438122559963 0.23341667064867644 0.831484371034564 -0.44034476743417633 -0.24545165760231452
1645455895.9844842 3.2057534565262014 3.1804319987575274 1.2126491948501101 0.2321447438719563 0.8300489941467492 -0.4430325602757818 -0.24667634756397191
1645455895.991075 3.2034426272878402 3.1834325755770165 1.2131289796462383 0.23126130843050943 0.8289102853136737 -0.44502286950421915 -0.24775029093073594
1645455895.997685 3.202582156780541 3.186659124093199 1.214794436864881 0.2327034439388568 0.8285669870773616 -0.4435059829268657 -0.25025568651320695
1645455896.0043101 3.2022462543558476 3.191163785329047 1.2176806659258395 0.23212820383213967 0.8316447977307856 -0.4417219734846402 -0.24364881962419013
1645455896.0108879 3.1988245534201503 3.1924739062453313 1.2163719694523856 0.23216647825135983 0.8265345844680752 -0.4467881740763195 -0.25163316473977765
1645455896.017479 3.1961598825865982 3.19492702205486 1.2164229468361967 0.22990194637617967 0.8230568101451188 -0.4516258234409265 -0.2564299159192757
1645455896.024077 3.196750649295086 3.1986300046646665 1.219682266448968 0.2340344087544216 0.8257354535002511 -0.44551876712030475 -0.2547576638682847
1645455896.030686 3.1956248143444714 3.201579101496522 1.2213092192481643 0.2346287764537681 0.8250653199655772 -0.4455020585979086 -0.2564060725627198
1645455896.03728 3.194105976496682 3.204615436077091 1.2226868209480264 0.2347672422654504 0.8241812292085303 -0.4458929281521602 -0.25843515105595927
1645455896.0438771 3.192035464941889 3.207305864167213 1.223618464328386 0.2341688935883566 0.822651920288632 -0.448077134960408 -0.2600677675566872
1645455896.0504892 3.1897166493995237 3.210071400893526 1.2244273191986672 0.23292831330219887 0.8210855448329899 -0.4508323330230593 -0.26136704520031884
1645455896.057143 3.1888501141965246 3.2128081100127903 1.2258483672616114 0.23268660661136092 0.8202116101375682 -0.45190730521299954 -0.26246762537963353
1645455896.0637052 3.186668707018658 3.215792996932751 1.2277673417423347 0.23312070236364615 0.8200566378025633 -0.45114187670038325 -0.26387967510525234
1645455896.070287 3.1849917972253032 3.2185405416014237 1.2287430462588782 0.23350932403032046 0.8187803588287457 -0.45296422152775545 -0.26437684176469006
1645455896.076886 3.183301183605382 3.2222081439059096 1.2311056634284698 0.23124959358392502 0.8207288716708957 -0.4540290274672676 -0.25842786733831447
1645455896.083471 3.182028650064602 3.224165003106351 1.231677982119608 0.2333063534018482 0.8171188996877681 -0.45549148428886616 -0.26535252485084065
1645455896.0900989 3.1801501582316485 3.2267545047877135 1.2333249632840615 0.23503336618641132 0.8165116005311891 -0.455257511540887 -0.26609833728470117
1645455896.096689 3.1790650322976686 3.2294642080544205 1.234873468842716 0.23503779432325292 0.8157982502529835 -0.4565605314093614 -0.26604988757221937
1645455896.103283 3.1770448326835363 3.23215164262517 1.2364277584351435 0.23482219463046763 0.8150764118792566 -0.4575584654191216 -0.26673737017295285
1645455896.109882 3.175976258983879 3.234809217842544 1.2384265267254506 0.23591333985224258 0.8145995985581844 -0.4573341714973135 -0.26761435067387923
1645455896.116488 3.17340097367568 3.237358418575984 1.2398961822297219 0.23501730505899507 0.8143735984845333 -0.45790613835912286 -0.268112033339381
1645455896.123083 3.1725860707105547 3.2399881924423943 1.2417527946943738 0.23506325990804539 0.8135608980849058 -0.4588856941768292 -0.2688632141792108
1645455896.129689 3.1704293696505705 3.2425060026640553 1.2431847657663302 0.2334938280583248 0.8125787626289491 -0.46078077701859405 -0.26995750496224874
1645455896.136331 3.167964163743577 3.245248468122785 1.2446463581411027 0.23130810946788655 0.8114607202731031 -0.46299889039390174 -0.2714032250218253
1645455896.142891 3.1664036964744526 3.2476063840532765 1.2461701156355958 0.2312390140673267 0.8108557022520546 -0.46407601097722534 -0.271430664724587
1645455896.149477 3.1644709140813476 3.2502901474551655 1.2478998475840903 0.23027719341403177 0.8102638125858886 -0.4648184610943102 -0.2727423395072088
1645455896.1561332 3.162960231050638 3.2528660202441637 1.2497549465164868 0.23047389014356504 0.8096946221226796 -0.4647295432036163 -0.27441295998984716
1645455896.162688 3.1604353029874463 3.2553687376446288 1.2512867093450843 0.2300518889065515 0.8093408872290353 -0.4651768257524561 -0.27505192368144044
1645455896.169287 3.158923401519891 3.2578911568453672 1.2529624724715607 0.2295252614834534 0.8081448922145713 -0.46705545733932946 -0.27582381525578437
1645455896.175882 3.157158129866202 3.2603818883843054 1.2546857465321333 0.22952648546616236 0.8077943699201715 -0.46745923934988454 -0.27616539611138946
1645455896.1824791 3.1554522014780533 3.2625238347454317 1.2561499558934177 0.2297558321128382 0.8068846269724881 -0.46880610851235266 -0.27635100213959657
1645455896.189085 3.1532464422134407 3.265579256362589 1.2582696109143454 0.22818590273071365 0.8078468003090041 -0.46984498598684193 -0.27305683977457945
1645455896.195689 3.1514667113668975 3.2677630539823275 1.259696385953739 0.2283707859374594 0.8062680842968418 -0.46980632426892466 -0.2775971848113739
1645455896.202282 3.1480638019208094 3.269124653445062 1.2597729909633582 0.22512572902153696 0.8018255831756702 -0.47655239207168626 -0.2815875562881255
1645455896.2088819 3.1474490092619773 3.27221246898295 1.2625626658648033 0.22689118964891863 0.804638977362476 -0.4728724280017532 -0.2783303309423632
1645455896.2154849 3.145790826578783 3.274348150190129 1.2643412374596683 0.22790148593282994 0.8046744707429493 -0.4723811351933499 -0.2782365759884261
1645455896.2221131 3.143930677631133 3.2781712575464512 1.2669625767567156 0.22598621613448897 0.8052584136199774 -0.47123833566300805 -0.28004132068352894
1645455896.228676 3.141498029741369 3.2795867734105784 1.2675474544637644 0.22497968318460482 0.8036255026323803 -0.4756173405459365 -0.2781328957978789
1645455896.235313 3.139626574657534 3.2816245690141415 1.2692343726000344 0.22595406637413393 0.8032876600073973 -0.47553652040132627 -0.27845698549916187
1645455896.241898 3.137201523649415 3.284068901148744 1.2706061677825806 0.2250871909250354 0.8025914083919693 -0.47696135232169196 -0.27872975734566763
1645455896.248477 3.135036704782757 3.284972294624357 1.271429643630026 0.2250825863085366 0.8009457051797757 -0.48094160511851203 -0.2766199467864232
1645455896.255109 3.1342087581726794 3.2878733249238428 1.2735706050310522 0.22702516294583083 0.8011697399519404 -0.4791233838897466 -0.27753739361698454
1645455896.261703 3.132550305413709 3.289758518066429 1.2749791555206267 0.2270269040075113 0.8008054418774732 -0.4811074061758304 -0.27514485306176084
1645455896.268275 3.1301478478360654 3.2917454118595284 1.2761191684606112 0.22681255369595238 0.7996267294886046 -0.48248022391343665 -0.2763432466184059
1645455896.274902 3.128289088730112 3.295991491092237 1.2791500619101033 0.22343932688153986 0.8033583869737584 -0.4812432734815133 -0.2703602891315899
1645455896.281478 3.1245426879651945 3.2969494589837387 1.278778328038997 0.22016295145033596 0.7991401377244546 -0.48689384457781376 -0.2753857349618631
1645455896.288086 3.124046355476563 3.298571401041879 1.2808016757568297 0.22421511913595454 0.7999963320211617 -0.48443489783973337 -0.27396327593006353
1645455896.294674 3.1205034661737865 3.299846408012708 1.2809354520386291 0.2211983354365211 0.7962474450478011 -0.4892246889180602 -0.2787832211902335
1645455896.301282 3.118439740300082 3.302044448619396 1.282404225654281 0.2197316034589003 0.7966961248229282 -0.4906251876001259 -0.27618802085445526
1645455896.307872 3.115484300185575 3.304454591342491 1.283723530789103 0.21745020884829477 0.7962844292915313 -0.49093650622786983 -0.2786170452092583
1645455896.314476 3.1155324912625497 3.3069103615694657 1.2864519865852444 0.21985756603274892 0.799898728497374 -0.4877229875159251 -0.27193849187722074
1645455896.321107 3.112063146860135 3.3096827696363933 1.2879029259120562 0.21697992919335637 0.7995615457652466 -0.48758115138998115 -0.2754728110427464
1645455896.327771 3.1108000620653145 3.3109935381971507 1.2891910107489613 0.21790411841661425 0.7992050259333564 -0.4890595334403949 -0.2731473453996162
1645455896.334301 3.107555949658135 3.313834223783453 1.2907921043193902 0.21513409509251905 0.7994212662511824 -0.48847199594243274 -0.2757493100198448
1645455896.340884 3.105197768249951 3.3160621489556257 1.2923276739457386 0.21411619848854252 0.7995485471392219 -0.48857191814833056 -0.2759953958726766
1645455896.347509 3.1026808235469665 3.3181218797310335 1.2936850788611933 0.21283640140141755 0.7993461706756092 -0.48924092687725945 -0.27638610644930023
1645455896.3541162 3.100352196728429 3.3202070475264156 1.2952100470924965 0.2118020869025876 0.7994518507272185 -0.4892616021105936 -0.27683803594413325
1645455896.360668 3.099791032284294 3.3230755170453095 1.2978512170169072 0.2134360036430607 0.8007720868900664 -0.4855375627080944 -0.27832002119815175
1645455896.373913 3.094982608815831 3.3271943154175196 1.3009389005406011 0.21074225135419491 0.8013830869294245 -0.48549644564191297 -0.2786855743027523
1645455896.38048 3.0903704758786765 3.3283170389281524 1.3011127682730308 0.20507552886617716 0.7984429879020141 -0.49115080502550185 -0.2814308018333634
1645455896.38708 3.0898671441426147 3.3312571709172927 1.303890233277909 0.20752949105750806 0.801950217085825 -0.4858703018109511 -0.2788135771480303
1645455896.393701 3.0868624813669583 3.333111520070882 1.305274695192878 0.20483277474985345 0.8021591967095627 -0.48715235951222474 -0.2779682193861601
1645455896.400275 3.0847392734477435 3.335130195187316 1.3068159638067125 0.20461562968837785 0.8021077789597397 -0.4866713047135981 -0.2791167787590149
1645455896.4069152 3.0822936921323576 3.336986550950311 1.3083780592486385 0.20346302654548892 0.8023993275233949 -0.4869366717702092 -0.278658230807298
1645455896.420144 3.0766976975460003 3.340657388850582 1.3112285332103673 0.19956196207723725 0.8023456805586405 -0.48916164148379865 -0.2777353144649237
1645455896.426674 3.0742961432728295 3.3426661464837206 1.3128388879462332 0.19848365354251488 0.8024779585911278 -0.48940206924155333 -0.2777023231419309
1645455896.4332778 3.071758854036706 3.344500440588052 1.3143367119773732 0.19716894035227897 0.8023623750598505 -0.4902209682661235 -0.2775284245746858
1645455896.439869 3.068994595351133 3.3463019559349654 1.3158267953729523 0.19512754424409803 0.8023669000114961 -0.491110089364727 -0.27738616014619016
1645455896.446503 3.065760342868379 3.347812261350297 1.3173057910486508 0.19211188188175804 0.8022308341485286 -0.49271571266267356 -0.2770370613474397
1645455896.459719 3.060794982965205 3.3514536146541056 1.3205145521705153 0.18860448043932024 0.8024077460273867 -0.49375632314278084 -0.27708205063624064
1645455896.4729128 3.0549432693037764 3.3546440530542454 1.3236263758999687 0.18264920024603712 0.8029375131251617 -0.49645943231927775 -0.2746966332664816
1645455896.4861188 3.0502969438485485 3.3555022229631177 1.3241579151109426 0.17628716571550015 0.8002826975126028 -0.5020802171117335 -0.2763792180855427
1645455896.4926772 3.049045451481235 3.3578522283147736 1.3265858559100665 0.1771124208301007 0.8028969233268057 -0.4985911624346038 -0.2745800132599077
1645455896.499323 3.0464034565900424 3.3595642976812172 1.328312316662318 0.1745402593288175 0.8034771820567914 -0.49973116679958784 -0.2724490138778562
1645455896.505877 3.044092244266393 3.361318276431197 1.3299520179450648 0.17291259515462853 0.8038080994681311 -0.5003753908409034 -0.2713260593994885
1645455896.512481 3.0414737741301487 3.3630099154490063 1.3315389108479476 0.17066868101556268 0.8042430701534141 -0.5013299786616512 -0.26969080143957636
1645455896.519082 3.037151034972017 3.364458995274735 1.3328357881984292 0.16581000789246023 0.8040899394577521 -0.5041092657055093 -0.2679922253016215
1645455896.5256808 3.035561228766836 3.3659051614808932 1.3344353312505675 0.1654331022831968 0.8042963813281433 -0.5048207020341183 -0.26626095510416875
1645455896.532276 3.032664096143848 3.3676352546539188 1.3359672487528462 0.16298381168565573 0.8044307687462867 -0.5058672606060435 -0.26537772254464453
1645455896.538889 3.03010259807345 3.3689248682119315 1.3374158108745293 0.16128313766777816 0.8043769017366587 -0.5074321760536158 -0.2635862561190999
1645455896.545475 3.0275672422014304 3.370551256071629 1.3390631667582906 0.1596370385444069 0.8045865526326677 -0.5079366875116095 -0.26297604233328803
1645455896.552087 3.024920659595698 3.3720368170807418 1.340547862411562 0.1576279205258092 0.8046798782683403 -0.5087513333580059 -0.26232690536810555
1645455896.558676 3.021919207930539 3.373504572988095 1.342140442679125 0.1547169521242357 0.8048727647050035 -0.5097586925235935 -0.2615113087959982
1645455896.565286 3.0196502992461074 3.374959216756735 1.343653267859432 0.1527453416334821 0.8052344970360963 -0.5100684628854362 -0.26095217737283277
1645455896.571915 3.0168670378330273 3.3763256821047496 1.3451672728237434 0.1495828838281915 0.8056239083646977 -0.5108093399564237 -0.26013166144941974
1645455896.578484 3.014463136360174 3.377911329324747 1.3468652376769223 0.1469374536564642 0.8065018082662391 -0.5106406391478925 -0.25924882925991843
1645455896.585121 3.0114259396486283 3.379369857185296 1.3484593951160198 0.1428092612497015 0.8069582126639845 -0.511279316037154 -0.25887647192270646
1645455896.591677 3.008954655723005 3.3807421673445015 1.3500358737672085 0.13988094723165348 0.8077229100562012 -0.5114901108877867 -0.2576712939421001
1645455896.5982919 3.0063736546742375 3.3823044009138163 1.3516540361731872 0.13644689061366266 0.808500218487141 -0.5115666110484868 -0.2569218973140003
1645455896.604929 3.003336671356629 3.3834806681247453 1.3531098402790693 0.13299398787830619 0.8089326184960208 -0.5128407513820737 -0.25482261965846037
1645455896.6114812 2.999309618339155 3.3838159009818227 1.353636774410443 0.12685054908745347 0.8081021834971068 -0.516720188847554 -0.25274421997902574
1645455896.618078 2.9983879143011074 3.3860563926735385 1.3560843709136075 0.1266004559432364 0.8097473139511954 -0.5142524363802617 -0.2526373598432696
1645455896.624676 2.9958910825847243 3.3874344532764704 1.3575724898653396 0.12427910463361003 0.8103406758121797 -0.5145383627306185 -0.251301724324259
1645455896.631273 2.9938085664653893 3.3887479528213706 1.3590167154903048 0.12266691888844557 0.8105774187843273 -0.5150663968574758 -0.2502464351639436
1645455896.637877 2.9910025602327095 3.3900150308640424 1.3605453867092665 0.11971984440534066 0.8108026463978993 -0.5158673230843738 -0.249292463443325
1645455896.644489 2.9871635446436056 3.3906766732939144 1.3617300499053655 0.11511443982552552 0.8101534037498048 -0.5181626269737029 -0.2488115706140945
1645455896.651073 2.984069570505279 3.391175609537062 1.3621628125419254 0.11216836798392218 0.8100740687306566 -0.5212616435434998 -0.24389374574564257
1645455896.6577039 2.98281983888375 3.393184311253981 1.364283234121129 0.11218906378911775 0.8114775075250886 -0.5192209775311286 -0.24357143196385578
1645455896.664319 2.9791071395311013 3.393962637767653 1.365338550848014 0.10854498371162676 0.8113365206600551 -0.5213154633864016 -0.24120697996096452
1645455896.670912 2.9753602021785706 3.3943219151908313 1.3659018345871767 0.10449362519050301 0.810721027052936 -0.5245095165040613 -0.23812150454383924
1645455896.67748 2.9743386411688717 3.395936551530422 1.3676458899336847 0.10517859867087173 0.8114023785187965 -0.5230752365953435 -0.23865360629049623
1645455896.684086 2.970847347453526 3.39677087649822 1.3687108547023605 0.10214740849576054 0.8115671620114884 -0.5245475699335389 -0.23616537873449145
1645455896.690708 2.9688381945761746 3.398051616196124 1.3702805901820225 0.10141324175730167 0.8116927191380084 -0.5240744700686935 -0.23709876847970546
1645455896.697278 2.9649576891443816 3.398221368386149 1.3706634546809708 0.09769712956954693 0.8108774183005344 -0.5274794064719681 -0.23387634362203508
1645455896.7039008 2.9637195767525837 3.3997830275466265 1.3722361497664801 0.09861558612929665 0.8118443528959363 -0.525894569160121 -0.23370539386297814
1645455896.710484 2.9593103213773673 3.4000106518998785 1.373338086182816 0.09376332438119991 0.8120106403180127 -0.5281402748281175 -0.23003175484832722
1645455896.717108 2.9578363891453643 3.4012751124865326 1.3743162399196627 0.09414922923118431 0.8122445598444539 -0.5276906492033303 -0.23008012712063536
1645455896.723685 2.954450295067575 3.4019155910812997 1.3753198020840225 0.0911204066022405 0.8125284940257624 -0.528890407274611 -0.22752813986149467
1645455896.730284 2.951417365837618 3.40213266313282 1.3759945696172817 0.08809606717451117 0.8127384791226265 -0.5306351396607306 -0.2238775828987413
1645455896.736877 2.948380037686972 3.4030161063169158 1.3772859647993623 0.08512605029888255 0.8131531648419922 -0.5306764845694276 -0.2234223522925561
1645455896.743476 2.946921005822226 3.4040948512045857 1.3784084173691151 0.08407489728045098 0.8135397470558541 -0.5306242681710824 -0.22253531992326517
1645455896.750072 2.943088366858443 3.4043299770990796 1.3789628223439463 0.07989189515677184 0.8131913994455346 -0.5325193841783716 -0.22081605097106435
1645455896.756684 2.9400716411540264 3.4048068240208855 1.3799210036780822 0.0764852334912045 0.8136328085415209 -0.5331069358267153 -0.21897088528529787
1645455896.7633128 2.937584675477134 3.4052953953124563 1.3806836910535492 0.07408516008741887 0.8137325054103713 -0.5337295332359312 -0.2179063685784721
1645455896.7699041 2.935043320482308 3.406107555944593 1.3815042014516816 0.07171846983979391 0.8139198715516016 -0.534188669032485 -0.2168708496954351
1645455896.776475 2.9324259071476226 3.406788955512386 1.3824366236273318 0.06913071344243756 0.8143341263170492 -0.5342802467705847 -0.21592841919144226
1645455896.783079 2.9298572594656442 3.4070535210833968 1.3830011430313651 0.06666936647427513 0.8145399931089161 -0.5348845073473026 -0.21442470326094576
1645455896.7897139 2.9269501098437396 3.4075313588215312 1.3838321653468504 0.06379443685897673 0.8145798257054078 -0.5354178992037883 -0.21381590774103418
1645455896.796318 2.924565425545641 3.4083626428900167 1.3847946625844731 0.06182786142035289 0.8153599461516381 -0.5348288607142668 -0.2128923263705357
1645455896.802882 2.921828729530159 3.4088372352541194 1.3851518875353066 0.05951594044899015 0.8151919432362406 -0.5357891889393377 -0.21177694510898126
1645455896.809509 2.9194612273208795 3.409404327898952 1.3857964904324631 0.05789168914258645 0.8161368460295804 -0.5353527412135313 -0.2096812704869111
1645455896.816114 2.9167091925020183 3.4098540102102137 1.3863344041441263 0.055291627507428186 0.8163141115498673 -0.5358198817682739 -0.2084964248860036
1645455896.82269 2.9151701738801776 3.4106250618498133 1.3870527373239947 0.053510146264439125 0.8179717966873596 -0.5357793345509219 -0.20248185363934726
1645455896.8292851 2.912837701676668 3.411450817110507 1.387774454202054 0.05208303616179467 0.8186646733896307 -0.5352523494607249 -0.2014448289827461
1645455896.835876 2.909086095668368 3.4116327826762047 1.3879633884485636 0.04935174168427466 0.8174179341675872 -0.5362491309363654 -0.20452085981605445
1645455896.842505 2.9058329868911197 3.4117099287676704 1.3880528140902457 0.046122467772945645 0.8167949663028937 -0.5380448317211659 -0.20304200832914404
1645455896.849084 2.90354635180966 3.4126976103366284 1.3887728507471226 0.045377018091870516 0.817655802475202 -0.5372480095190219 -0.201851622546173
1645455896.855705 2.9007615903120385 3.413135626591108 1.3890140630572971 0.0435276295207778 0.8174936065759804 -0.538339568566907 -0.19999912799220063
1645455896.862278 2.8989498613641143 3.4139910965286657 1.3893909782303324 0.04250285657950224 0.8186904086247916 -0.5391000293889249 -0.1931586579948163
1645455896.8688772 2.8949679649413698 3.413960957932079 1.3892908210173525 0.040294135856207745 0.8166734735153669 -0.5410365222218445 -0.19672289376074975
1645455896.875513 2.8920949600587744 3.414647140358553 1.3896407725443893 0.03902996524388861 0.8163697153757512 -0.5418343406378889 -0.19604155591160938
1645455896.882082 2.8886304104871727 3.4142880977932726 1.3890659334599675 0.03632565770662047 0.8151287142649075 -0.545012861277037 -0.1928890962541437
1645455896.88868 2.8857468488237408 3.4149291061850304 1.3892655887787544 0.03555808396662876 0.8147322937936041 -0.545973958932118 -0.1919868312634578
1645455896.8952708 2.8827805197536747 3.415766148120592 1.389338089081872 0.03504300040798053 0.8147181756922081 -0.5465223985542704 -0.19057584133988853
1645455896.90188 2.8798129912038037 3.416715561961111 1.3897410565681918 0.034466941128007106 0.8144642852694022 -0.5468235473733146 -0.19090190899477663
1645455896.908483 2.8767435950944678 3.4169753559153735 1.3895967700302356 0.033233630888091274 0.8135848155394997 -0.5487354329647847 -0.18937867766373725
1645455896.9150798 2.8732461425165083 3.4169127772624726 1.388964037220865 0.03120726478677727 0.8130667239718794 -0.5508525369952425 -0.18576779688334052
1645455896.921677 2.869653541857122 3.4170881374081525 1.3886169344964563 0.029230204244835523 0.8121102831839969 -0.5530555372599315 -0.1837161755562978
1645455896.928278 2.8665033583112667 3.4183410398563203 1.3890189943845694 0.029100681817858576 0.812044027512755 -0.5529590324306929 -0.1843191068924316
1645455896.9348748 2.864375287409204 3.419043338134219 1.38860003034116 0.029789078159114638 0.8122328603062927 -0.5535246486162864 -0.18166021451928707
1645455896.941473 2.861189872198745 3.419038706627764 1.3880738181339103 0.027131002175040744 0.8130147262606576 -0.5558534575947018 -0.1711650969334486
1645455896.948113 2.8572440506900665 3.4190087592480127 1.3876988180175482 0.024610014191402633 0.8118210722107227 -0.5581541608617826 -0.16971862719776495
1645455896.9546812 2.8530970589527875 3.4198002299575982 1.3873535319999732 0.024757150593322865 0.8102762067286695 -0.5585358083834389 -0.1757182097308405
1645455896.9612749 2.8514577154711223 3.4210029581611585 1.3872252177673363 0.025512850588587745 0.8118233333005503 -0.5582614191253351 -0.16922096867296949
1645455896.9678779 2.846914102758988 3.420807408439946 1.3866669720524378 0.022510697085664555 0.810462824397135 -0.5609026558648855 -0.16742486577955146
1645455896.974472 2.8422450633372995 3.4209523132666826 1.3859271829469972 0.021151490925759877 0.8086337147223218 -0.5623176490421633 -0.17164668092170818
1645455896.9810848 2.8382650712339994 3.4207815968879083 1.3849166148768026 0.01928215756256101 0.8076565470210494 -0.5647196710175505 -0.16855380567605519
1645455896.987674 2.8346503022739573 3.421463496774849 1.3844800424700212 0.01847552863271674 0.8072072677250854 -0.5654651119828723 -0.1682969851061412
1645455896.994308 2.8323402397993345 3.4224136115642985 1.384057154954109 0.018477365791196302 0.808531488147815 -0.5654319638019086 -0.1619311642020186
1645455897.000909 2.8271791419718815 3.422232627498162 1.3830777788024982 0.016002988644710513 0.8063436963111753 -0.5676821203748115 -0.16519791791671767
1645455897.0075111 2.823452634522258 3.4227385255974343 1.3824036259866783 0.015004637774760342 0.8060426577458382 -0.5684633750428448 -0.16407033974433513
1645455897.014116 2.8198347457006188 3.4236174909577985 1.3819304713396077 0.014632193742313278 0.8058826655913368 -0.5687391908672914 -0.16393399512577772
1645455897.0206778 2.81726289377599 3.4246138716771846 1.3814132133023034 0.014164150950918619 0.8075276277208115 -0.5686779079011639 -0.1558958962405273
1645455897.027277 2.81318233536046 3.4247650424131586 1.3804891573424318 0.012675921344784865 0.8067289170373787 -0.5703346491597956 -0.15409656646304676
1645455897.033877 2.807690996277959 3.424650218749523 1.3793441739171035 0.010898407264274105 0.8046233380083921 -0.5719855864986644 -0.159042681487361
1645455897.0405078 2.8038422976115664 3.42532903106847 1.3785510296631416 0.010540148947398891 0.8048667221461 -0.5721600649725107 -0.15719702724528065
1645455897.047076 2.7997896181560074 3.4255834208219307 1.377523595069191 0.00951299616232616 0.8044969242090726 -0.5732780769312379 -0.15506784576066002
1645455897.053708 2.7955813823311138 3.4260842856955787 1.3766746318176135 0.008484065288890175 0.8043875955444654 -0.573841139756196 -0.15360516637002786
1645455897.060277 2.791097055830642 3.426340439293043 1.3756866119464009 0.006976989334963653 0.8040152690686488 -0.5748756912790978 -0.151750753891737
1645455897.066908 2.7871550488048324 3.427018112469832 1.3749927233849517 0.006470951523439697 0.8041457140565094 -0.5748303655166378 -0.15125286791187642
1645455897.073478 2.7828549363960957 3.4275528192905242 1.3741213820920941 0.005525753828508632 0.8041147798836581 -0.5751311368867923 -0.1503084970284479
1645455897.0800729 2.7795886494523736 3.428628638658378 1.3735994653703842 0.0032866477619590655 0.8062367151457962 -0.5745699536676302 -0.14085634634393873
1645455897.086675 2.7739415864618278 3.428776212552384 1.3723185837951117 0.0033341567791979167 0.8044077076045212 -0.5753044583300289 -0.14812662142375044
1645455897.099914 2.7649207441308117 3.4299672268263897 1.3707297967191676 0.0007822264374642243 0.8047896554928304 -0.5749590199005361 -0.1474269905450824
1645455897.1064682 2.760202628853217 3.430203310715365 1.3698475485302732 -0.0012695442792627389 0.8047038861424154 -0.5752872812365967 -0.14660890362069273
1645455897.113087 2.7557440563507747 3.4309663993161252 1.3691033832622466 -0.0023823859287761037 0.8054954954495209 -0.5744468869399447 -0.14553930546191593
1645455897.1196759 2.750917659543201 3.4314045877029473 1.3683659449703542 -0.004289356051134984 0.8056146153916511 -0.5743735506886163 -0.14512511324285035
1645455897.132952 2.7413454997115307 3.432709257175879 1.3670199295179564 -0.007164228229771357 0.8069257429547697 -0.5729995554475088 -0.14314543307626865
1645455897.146073 2.7361952621863384 3.4330814014612727 1.3664811250547537 -0.00938441401989127 0.8071083260739955 -0.5728429999713368 -0.14261333550775096
1645455897.15268 2.731380993195677 3.433903465170583 1.365934096361868 -0.009910881799112294 0.8080650937650389 -0.5717535317038591 -0.14152759999266779
1645455897.159272 2.725753076037364 3.4341464309182954 1.3654116095941666 -0.012547835379382699 0.8079677022088947 -0.5720255871385103 -0.14077309094508314
1645455897.165913 2.7206793371498117 3.434677757938887 1.3648675185402883 -0.013478922630076471 0.8082714105766727 -0.5717329403013186 -0.14013092495645935
1645455897.172472 2.7158593541424163 3.4354539482600184 1.3643885537803218 -0.013506302955025406 0.8088591646219035 -0.5710408978277313 -0.13955757553783613
1645455897.1791239 2.7106627455217063 3.435953263385194 1.363918639450163 -0.014380867656095968 0.8090766809937879 -0.5708330240385173 -0.13905882326427887
1645455897.18568 2.705321174684905 3.436515190876417 1.3637500334976926 -0.015659360180522965 0.8095355457932316 -0.5702260179752585 -0.1387402537508495
1645455897.19229 2.7001637686828346 3.437164155368889 1.3632698219569621 -0.016020678036512345 0.8097938009523946 -0.5699853140797083 -0.13817983021878416
1645455897.198893 2.6949181816824535 3.4377250826292807 1.3629725749599901 -0.016843718073820416 0.8100697781789691 -0.5696756269127115 -0.13774070736815938
1645455897.205485 2.689408220933699 3.43824087797708 1.3628099986716244 -0.0185735568228242 0.8104085639455839 -0.569240590629365 -0.13732343402736102
1645455897.212091 2.684239868522813 3.438853506503987 1.3624989826597653 -0.01921708432066085 0.8107294994788722 -0.5689827354807433 -0.1364060838132668
1645455897.2186859 2.679045494467092 3.4396573109832413 1.362420707783196 -0.02020466100756788 0.8115642541153931 -0.5680409014593581 -0.1352196326869876
1645455897.225287 2.6730653941875184 3.439492829385494 1.3619059924016184 -0.023023259216569066 0.8107609407112766 -0.5694435886361163 -0.13367949937242538
1645455897.231925 2.6680247955515974 3.440634673634297 1.3618604568827912 -0.023505250588694872 0.8116365033131631 -0.5684209955166303 -0.1326304982141897
1645455897.238486 2.662763659548914 3.44120862407785 1.3617101264821794 -0.024690928741275084 0.8115593747560187 -0.5686310992984257 -0.13198482535195066
1645455897.245107 2.657300666242469 3.441275357158359 1.361187311956639 -0.026311282928038218 0.8105089764341605 -0.570487677088958 -0.1301011296661589
1645455897.2517178 2.6519920966235695 3.4423006105099 1.3612352066925255 -0.02657435241722871 0.8114031254561364 -0.5694115756390501 -0.12918521779564623
1645455897.258275 2.6466913711160687 3.442451454767121 1.3608220346339026 -0.027968201489572925 0.8104486266724714 -0.5712577227255037 -0.1267083252191864
1645455897.264917 2.6410478401171256 3.443360854011088 1.36072187913989 -0.027735399348054766 0.8111704704146968 -0.5703499407206176 -0.12622897903507255
1645455897.2714932 2.6351547855754607 3.4430278699296686 1.3600453290961374 -0.030047939149203007 0.8098450789979159 -0.572832402452148 -0.12292556510375653
1645455897.2781131 2.630082035899143 3.444024531461057 1.3600161032359268 -0.029063598442757126 0.810311169452915 -0.5724864587613605 -0.12169617423824139
1645455897.284678 2.6247882891428884 3.444877886309071 1.359777038925302 -0.02861752049480619 0.8109863820025003 -0.5719576657677566 -0.11977534985924869
1645455897.2912772 2.6191709858234224 3.445378153801749 1.3594949394263365 -0.029012207476158167 0.811091834821166 -0.5721752521616084 -0.11791262331202534
1645455897.297868 2.6151193066323315 3.446168325839682 1.3593670406936713 -0.02820663667613982 0.8122459946550399 -0.5720259925453709 -0.11066471478608743
1645455897.304479 2.6078087472273044 3.4463465505582507 1.3589853470570752 -0.03007417241624865 0.8111853829867071 -0.5725357084988535 -0.11522267710603998
1645455897.311094 2.602391630423906 3.447073036111574 1.3588878567689329 -0.03001502739990286 0.8116294372586446 -0.5721607654061439 -0.11396663465022555
1645455897.3176808 2.5969963798684685 3.4479978327353233 1.358777426935346 -0.02985063951725553 0.8126754042062749 -0.5708839994199398 -0.11295430967396033
1645455897.324307 2.5908708759349586 3.448227435729214 1.3585487553249052 -0.03155812422773954 0.8125533542092764 -0.5711358872113916 -0.11209151629571391
1645455897.330883 2.587431935761587 3.449703080785431 1.3588346218553553 -0.029159029046316162 0.815228628947155 -0.5685410043275331 -0.10636135987956273
1645455897.337505 2.580235503706816 3.449977880680051 1.3586490075388982 -0.03202349272783049 0.814549965009508 -0.5684351814239045 -0.11119297977666627
1645455897.344081 2.574649380081167 3.450578022506159 1.3586679866665468 -0.03323744382508325 0.8152910614689018 -0.5674994560383703 -0.11018038162784591
1645455897.350682 2.5687074415034696 3.4511564119755795 1.3587325148801237 -0.03454688464316832 0.815857342878815 -0.5666725187973277 -0.10984145798137022
1645455897.357279 2.5647128896071565 3.4528518896810345 1.3598955266217934 -0.03380012244485157 0.8184420456738305 -0.5637191905562238 -0.10597371264450534
1645455897.363904 2.5602923923026215 3.453124017210532 1.3592067596656605 -0.03319457616525037 0.8196584508687769 -0.5625811484971849 -0.10276275887283466
1645455897.370477 2.5523620067410877 3.4533330416893557 1.3594748365196598 -0.03921058740466142 0.8191216356877744 -0.5620321512535793 -0.10780409605002567
1645455897.377085 2.5491136343663316 3.4541277113802553 1.3597192776129383 -0.039180172668460064 0.8213591544619406 -0.5602220964244324 -0.09992421815819087
1645455897.383714 2.540981450982725 3.4544285264051524 1.3599377949592426 -0.043908425467052814 0.8203805583177902 -0.5601282959244359 -0.10631873314511327
1645455897.39028 2.5357420052804853 3.4553651608951794 1.3604132982802883 -0.04614547554974471 0.8217568114509217 -0.5579473920421338 -0.1062102963629746
1645455897.396914 2.531536241926813 3.456108779936252 1.3605437023256455 -0.04662564909298841 0.8223092447946472 -0.5582413580814045 -0.09999866158332978
1645455897.403511 2.5255125592028422 3.4575243236451962 1.361744466238929 -0.049651168235254485 0.8234768503772402 -0.5558802650968615 -0.10206544920885512
1645455897.410105 2.5201734626265804 3.4570126835331267 1.3612219270303605 -0.05254822638031435 0.8226915676089952 -0.5574515916388252 -0.09830856111835821
1645455897.416706 2.512836171259238 3.4573102977091916 1.3612391644028259 -0.05586365301204148 0.8213626800405576 -0.5580650607167769 -0.10394989519341756
1645455897.423279 2.506707966822598 3.4567698520264534 1.3607051062890503 -0.05911728857214347 0.8196182797744151 -0.5606129299527927 -0.10219463037881012
1645455897.429877 2.5036640254379297 3.458406223327545 1.3612247155610309 -0.05791363795814422 0.8217127921331798 -0.5587771445912835 -0.09592591663988721
1645455897.436515 2.498213295933011 3.4592064637390085 1.3614598730246887 -0.05900109055652172 0.8220667740443569 -0.5583227189699589 -0.09487056591142315
1645455897.4431 2.4912108007049207 3.4591566154686952 1.3611431723809537 -0.06167010448713323 0.821060130740426 -0.5599236243286856 -0.09242390345790759
1645455897.449677 2.484331570806899 3.4592959660085723 1.3612952374747798 -0.06454534601668331 0.8194888891571401 -0.5609699992118671 -0.09789841629051749
1645455897.456309 2.4804317390487474 3.460402331284587 1.3614631865440263 -0.06287764921546217 0.8205465423727488 -0.5608628249912794 -0.09045576410724436
1645455897.4629068 2.4739207350182704 3.45999011859614 1.3614761168756384 -0.06679871724956127 0.819019545886832 -0.562891837882482 -0.08886659802418893
1645455897.4694731 2.4664770315306104 3.4597098508261444 1.3608343595942831 -0.06877720181887939 0.8171432844370798 -0.5647928736848322 -0.09249403876861446
1645455897.476075 2.459948070339338 3.460436033270513 1.3605485837416993 -0.06891844512511293 0.8167980356654765 -0.565697931101814 -0.08987022277349554
1645455897.482671 2.4539679630889375 3.4610700930171028 1.3602639510101107 -0.06876597805398257 0.816527079225433 -0.5663456153059777 -0.08835720910772576
1645455897.489276 2.4485551399478527 3.46118451135876 1.3599705208445187 -0.06928767269023617 0.8158366340079903 -0.5676465893836 -0.08594611139029992
1645455897.495908 2.441844405356235 3.4616853535620296 1.3594205103045172 -0.06988721281367889 0.8146604836250041 -0.5695404474728107 -0.08406742929638876
1645455897.502476 2.4363325054971305 3.4620686519597212 1.3593908984935692 -0.07021911049692374 0.8139297774595062 -0.5707738425272597 -0.0824887941940615
1645455897.50911 2.4306244314748207 3.463103654596952 1.3589127730534347 -0.06925879737486294 0.8138893066430356 -0.5712658018275627 -0.0802644638529924
1645455897.515716 2.4243852848222103 3.4630567908313212 1.358359681095524 -0.07047587651083896 0.8126495635568531 -0.5731751549075478 -0.07812597172610869
1645455897.5223072 2.4183149923294027 3.464631877554064 1.3584387223663679 -0.06944443742228873 0.8129071671082087 -0.5728273804086027 -0.07891628264875421
1645455897.528916 2.4115801802614723 3.4640218333964516 1.3573770877052547 -0.07199456550319117 0.8113908644678406 -0.5750766683266707 -0.075815967600474
1645455897.535511 2.4057528830695714 3.4654850969087065 1.3571767762218203 -0.07111041007627464 0.8117827906076067 -0.5748180046552356 -0.07440332795737921
1645455897.542117 2.3990668768928973 3.4651084961442833 1.3560432620621152 -0.07330254924099987 0.8103519694701201 -0.5769357318792168 -0.07142247994147143
1645455897.548681 2.39375293750128 3.466641542124696 1.3556064438484898 -0.07190871116384588 0.8111183165282785 -0.576119810706639 -0.07072311780747882
1645455897.555321 2.3864663914127706 3.4662254798774677 1.3546234743436996 -0.0752008114838668 0.8098427395476835 -0.5778029978418565 -0.06813849954882428
1645455897.561882 2.3808368088001974 3.4676683134717106 1.3542437158109752 -0.07453269280307291 0.8107350891153042 -0.5766570566342892 -0.06796855226754096
1645455897.56848 2.3736836393012073 3.4673705260304066 1.3531430919601948 -0.07744951835630483 0.8095770811414702 -0.5781446168950338 -0.06584002370879931
1645455897.575084 2.371049968925248 3.468187478035951 1.3517460011131637 -0.07578372323132974 0.811212578242736 -0.5772088533773386 -0.0549591960063224
1645455897.581716 2.3640189388478587 3.468679596964814 1.3509561397957963 -0.07733880532967904 0.8108996583030063 -0.5775708913134169 -0.0535901856841679
1645455897.5882828 2.3540291739303605 3.4671599075673565 1.3492997603840675 -0.08416531926094659 0.8074724997531656 -0.581082730698974 -0.05698077093837819
1645455897.594882 2.3481029368389597 3.467709879610307 1.3484419009442221 -0.08477592740343161 0.8074869394955989 -0.581046475313958 -0.056235745296605404
1645455897.601485 2.3441106986535623 3.469119071286285 1.3477213846908391 -0.08328039272596212 0.8093637078889223 -0.5792984373803101 -0.049068089755114695
1645455897.6081212 2.3373132255613402 3.469831063545476 1.3471100711296027 -0.08563645627167302 0.8098753242430804 -0.5783052233492125 -0.048280613580977655
1645455897.614711 2.3310233129015088 3.4704417667036336 1.3459161269918454 -0.08635467964125149 0.8096024156665328 -0.578696180604062 -0.046873386899480375
1645455897.62129 2.3219022817779784 3.4705681886355197 1.345188332002603 -0.0914525643808111 0.8084796080727651 -0.5789736966294727 -0.05278443087144198
1645455897.627908 2.315780186720748 3.471010294088644 1.3438920507574397 -0.09176419837439967 0.807849456591698 -0.5799768639348466 -0.050843018514545084
1645455897.634491 2.309867882060342 3.471453381650031 1.3427712670745016 -0.09177529882815955 0.8075906528620838 -0.580314738169739 -0.051078610628955495
1645455897.641118 2.303667514528781 3.47202878073814 1.3420713159985482 -0.0945315364055683 0.8077332403950405 -0.5798569194643244 -0.04895238606826119
1645455897.6476889 2.2962824219326747 3.473400329655522 1.3416630783081722 -0.09854336477071134 0.8087175072116256 -0.577961787585054 -0.04716950190266809
1645455897.654284 2.289193384713488 3.474488507856632 1.340944051619571 -0.09957469914196714 0.8086132121570757 -0.5779828251400356 -0.04652945791447457
1645455897.660919 2.283273422964445 3.4768128940469327 1.3410268328572181 -0.09850991142318956 0.8103909766925145 -0.5754161703735314 -0.04957899601023024
1645455897.667479 2.2762773006361754 3.4756022255391135 1.3391571916477438 -0.10376647367972372 0.8078661205698324 -0.5784788589512212 -0.04412071847043584
1645455897.6740868 2.2710431988006 3.4781752112378688 1.3388524019334633 -0.1010240168332348 0.8098846808912129 -0.576386910816491 -0.040726699333608625
1645455897.680715 2.264170573864675 3.4787999086858976 1.3380807198089464 -0.10428964296764516 0.8101757792694948 -0.5755487888185588 -0.03849741709112118
1645455897.687279 2.257152385493206 3.479553844719597 1.3373428235173757 -0.10575042559114069 0.8102330636164906 -0.5752271610162784 -0.03811207806449191
1645455897.693876 2.251382047506865 3.4809613571106954 1.3366614648191364 -0.10453097603451593 0.8110745680062664 -0.5742793950673731 -0.03786922751040413
1645455897.7004821 2.244367636922888 3.4822290847069626 1.3363552748633485 -0.10625249179159375 0.8119985418932527 -0.5727641398726981 -0.036188448953773655
1645455897.7070951 2.2364857043625173 3.481819647329072 1.3351622744811733 -0.11084146931428314 0.8111818641453811 -0.5732826212347442 -0.03232306483975568
1645455897.720373 2.2228739720734296 3.483618411937756 1.3340900771273012 -0.11255997084215828 0.8125362334554175 -0.5711703274023843 -0.029650758109710972
1645455897.733551 2.2092745436470107 3.4848470782980296 1.3328444267496335 -0.11584354895450746 0.8133371365331973 -0.569631951330847 -0.024124731850855414
1645455897.7400908 2.201954459203143 3.4851237759765574 1.3324517316520181 -0.11676282338652393 0.8131030116164578 -0.5697455938219639 -0.024889299933557027
1645455897.746714 2.1929230987498953 3.48585636903804 1.3324821805981066 -0.1190437843463766 0.813640076593591 -0.5682148945590806 -0.03081918343232877
1645455897.7532868 2.1878270341282953 3.4862522586283786 1.3317963000074466 -0.11882913236287972 0.8135741853977445 -0.5687006778621582 -0.023575502644525972
1645455897.759884 2.1807349210139537 3.486959512752898 1.3316862643994887 -0.12064165432047572 0.8145458625166223 -0.5669362182799766 -0.023313801060323505
1645455897.766494 2.172104533876555 3.487320004647239 1.3315506296352795 -0.12147190110386213 0.8137983269071194 -0.5676028595167472 -0.02834491956644607
1645455897.773088 2.1652748754639655 3.4861074692968512 1.3305770162449457 -0.12613521809237066 0.8121958590213613 -0.5691050608573575 -0.02338392007426296
1645455897.786347 2.1511443447327876 3.4872432522650074 1.3306692593242058 -0.12967058861985364 0.8124455275175843 -0.5680903356952515 -0.019767514663175858
1645455897.799558 2.138127946552731 3.4883987465873263 1.3300074768869365 -0.13080519853598294 0.8115639380234305 -0.5691984140226272 -0.016331849899207447
1645455897.812682 2.1317809353619626 3.488072368379246 1.329838320278442 -0.13485484233689982 0.8110398877960545 -0.5691914144513257 -0.00701417954656807
1645455897.8193011 2.125501007078191 3.4888112755412597 1.329695068224109 -0.1352852778442204 0.8112686729694093 -0.5687925114319317 -0.003962297753348155
1645455897.825876 2.1175673344093537 3.488292541820597 1.3295669231407337 -0.13743964956717902 0.8096677368660086 -0.5705052366870225 -0.00847705202877117
1645455897.83249 2.1104053367475024 3.4882028016562385 1.3295399627942532 -0.139451318360959 0.8090126897844911 -0.5709821683071431 -0.005544724775816626
1645455897.8390799 2.1032356322320878 3.489110770124565 1.3303205824502484 -0.14209672612014182 0.8101092633421685 -0.5687823504695154 -0.004210498578781172
1645455897.845689 2.0982511242811928 3.4900541980865176 1.329854244980094 -0.1400617856280963 0.810530464408839 -0.5686973060063558 0.0024551838296026293
1645455897.852281 2.0911274879291324 3.489648125342543 1.3300710741187922 -0.14493620429413415 0.8100898089779173 -0.5680788220801952 0.005833933770447971
1645455897.8588889 2.082493660453622 3.4899732726309525 1.3304354822300222 -0.14529062551264743 0.8095256966749613 -0.5688218931345757 0.00011435754476184275
1645455897.8654778 2.077804818137517 3.49106017231968 1.3306940244756142 -0.1464385302906928 0.8112911144275912 -0.5659648997646889 0.006768036562598954
1645455897.872084 2.0707541919306904 3.4904286196828567 1.3302419248657429 -0.14754522947706908 0.8101992655009976 -0.5672348087162291 0.007198330438646097
1645455897.878751 2.0646740806110846 3.490274775470391 1.3297500778633893 -0.14934874677014623 0.8100152995433251 -0.5669771709179735 0.010326301631421848
1645455897.885288 2.055516277811392 3.489279106768027 1.3298087461720194 -0.1524668001157561 0.8087622063119984 -0.5680015389583778 0.005604616207072926
1645455897.891882 2.0490640528824646 3.4891081505935313 1.329647727733895 -0.15450121131946024 0.8084668960708643 -0.5678604224555357 0.006691814121255725
1645455897.898477 2.04199497471637 3.488982635175029 1.3297588232133362 -0.15610479825386903 0.8088051394290116 -0.5669447927104633 0.006222685481609052
1645455897.905123 2.0352708495284846 3.4882368038702896 1.3288389229744932 -0.15748357441907915 0.8076456233926571 -0.5681643839331119 0.009812702334374557
1645455897.9116778 2.0289254325582773 3.4890106147744087 1.3294852030380517 -0.15907028305289542 0.8098302757177535 -0.5645940910006805 0.010230674505430103
1645455897.918282 2.023137680052603 3.4888533356001052 1.329070040045002 -0.15908643552282956 0.8102262495883547 -0.5639073876696296 0.015263664621795549
1645455897.924918 2.015480398832172 3.487459548381529 1.3281672309700996 -0.16225479044230104 0.8080445591585529 -0.566137098006294 0.015024802083663524
1645455897.931479 2.009306959760675 3.488771333661653 1.329046217371836 -0.16180397380098388 0.8108931027329214 -0.5621388121334836 0.016473855536600124
1645455897.9380841 2.0019930670840425 3.4866186282039937 1.3275847315747535 -0.16464657574622654 0.8082290348800076 -0.5650843151043378 0.01834778098228873
1645455897.944682 1.9954225662918375 3.486236086871857 1.327403276622928 -0.16728222835495274 0.8082655986882953 -0.564172485526884 0.020793359316559557
1645455897.951278 1.9884533357556022 3.486177441128884 1.3273502199021894 -0.16812908905679308 0.8088889928466437 -0.56297009190284 0.022259284996220534
1645455897.957879 1.9819251745337094 3.484981558168503 1.3265306510388157 -0.17020878203840925 0.8076960251985188 -0.5639644372702385 0.024491025648658293
1645455897.9645178 1.9752096544849937 3.4844127086372483 1.326357152866787 -0.17181338764390902 0.8080306557363992 -0.5629507485266185 0.025547248128617972
1645455897.971126 1.9681525694660484 3.483342652772964 1.3261140151915887 -0.17465694795897266 0.8073926003877608 -0.5628618079813331 0.02825441698402224
1645455897.977691 1.9618159839614433 3.482157905556102 1.3249075018976533 -0.17423544257979848 0.8064367049653235 -0.5643104167263119 0.029243593721448004
1645455897.984282 1.954964262451222 3.4821240146376904 1.3253106041100493 -0.17560931508483651 0.8079149042241331 -0.561733364438569 0.029834450710707585
1645455897.990916 1.9479919288985368 3.480859739057178 1.3246380455822628 -0.1762883822093609 0.8074164339556228 -0.5621661031679743 0.031144265223501198
1645455897.997479 1.941268468010144 3.480252237724098 1.3245153299613075 -0.17762760096922836 0.8081105982946041 -0.5606550017768416 0.03273006959413764
1645455898.004118 1.934545521030707 3.479300753939277 1.3241145261570864 -0.17934212087859383 0.8079491319210765 -0.5602248291823364 0.03467477185703944
1645455898.0107 1.9275804192298176 3.4779174816341367 1.3234565371752065 -0.17985924821448693 0.8074192632681181 -0.5607607168781659 0.03566217798708258
1645455898.0172732 1.9211220849689223 3.476417178688337 1.3224852602971038 -0.18104291604185896 0.8066338247254013 -0.5614080936687288 0.03722722381808279
1645455898.023881 1.914405385837608 3.4750991844962185 1.3218487401059684 -0.18238853214975004 0.8059491552340307 -0.561838295896415 0.038957581785443014
1645455898.030508 1.907424462566556 3.4742785197055746 1.3215573982828746 -0.1831834682092212 0.8064154840625432 -0.5608469497298909 0.03985179133376055
1645455898.037117 1.9003686163540408 3.473227253691692 1.3213261799261442 -0.18528700800128906 0.8066110408336775 -0.5597695084201079 0.04129208118854054
1645455898.043693 1.8939291517273418 3.4712721333615364 1.3200340835396203 -0.18649838995723764 0.8048259579054666 -0.5617990365629343 0.043069206013722744
1645455898.050282 1.886944112215619 3.4700458160854066 1.319468902629724 -0.18733329403970053 0.804699725707637 -0.5616209663979894 0.04411425809917333
1645455898.056878 1.880039758922043 3.4688430241300083 1.3190365202428007 -0.18904718711432883 0.8047537391679804 -0.5608819583631978 0.04520623035276494
1645455898.0635 1.8734749961533999 3.4673524403527307 1.3180655345892909 -0.18969824963724413 0.803922658349469 -0.561713578347187 0.04690815995017697
1645455898.070086 1.8663229026785533 3.4659352462413904 1.317621961424559 -0.1916989575560545 0.8037653165595225 -0.5611818418105535 0.04782628551909512
1645455898.076698 1.8596096223368357 3.4641885541099633 1.3165960767759552 -0.19297251787358474 0.8024784273696692 -0.5624689536720228 0.04917569782162934
1645455898.083288 1.8528957323104203 3.462997697242839 1.3158064542360877 -0.19310110058042965 0.8024869596650844 -0.5622643345638478 0.05084340947047866
1645455898.089889 1.8458779606989046 3.4612860283083364 1.3151017819461077 -0.1945665956792386 0.8017630069947643 -0.5627248501228963 0.051577656652321974
1645455898.0964758 1.8391211560939118 3.459787335174464 1.314270286653421 -0.1952913013488526 0.8012620898441192 -0.5630803075445163 0.052730800688583934
1645455898.103074 1.832085031366092 3.457799439816288 1.3133998970928742 -0.19699543065150907 0.8001684115350644 -0.5639479665624911 0.053717764310755214
1645455898.1096718 1.82530076911625 3.456277163003518 1.312626748753473 -0.1978406908900489 0.7998226380567718 -0.5640477398410745 0.05470406169806367
1645455898.11632 1.8183656238867956 3.4544968705971515 1.3117632531824004 -0.1988927356756033 0.7990449458397739 -0.5646375867854846 0.0561501178973933
1645455898.122876 1.811263656800976 3.4526315976563504 1.3109315340983434 -0.20041590636654782 0.7983559256206398 -0.5649935970266662 0.05694820815732262
1645455898.1294951 1.8043890936028522 3.4515329016269556 1.310404928091078 -0.20094992897231365 0.7988947882240613 -0.5639289373103462 0.058051653325607806
1645455898.136084 1.7973675042420376 3.4493430289438227 1.3094929387402292 -0.20275952798705987 0.7978173148237805 -0.5646269719793982 0.05976689172926783
1645455898.14272 1.7903039054023333 3.448038828076284 1.3089127556571405 -0.20325688728026026 0.7978612504310421 -0.5643484341579651 0.06012070797771419
1645455898.149281 1.7834404553311014 3.445865127591189 1.3075815701661178 -0.20375159040941854 0.7961059930466566 -0.5664671701589787 0.061766306518312566
1645455898.1559181 1.7762973981480799 3.442847323051474 1.3066357147818068 -0.20715430542085542 0.7946585746675658 -0.566915019474234 0.06489826991357721
1645455898.162473 1.769132396494712 3.441856184655601 1.306132358978426 -0.20634208292914777 0.7945999296486973 -0.5674799356562292 0.06324561138631016
1645455898.169108 1.7620470937655295 3.4400414448914542 1.305468980705542 -0.20722411015600206 0.7941188691962082 -0.5677518461428114 0.063959510816024
1645455898.175709 1.754807515933708 3.43771556765284 1.304434310287324 -0.20840001986291473 0.7926383348099226 -0.569245168416336 0.06521827535486213
1645455898.182307 1.7479570107814477 3.43603994325406 1.3037386228839443 -0.208741741116255 0.7925104849481641 -0.5692190256670266 0.06590368828409647
1645455898.188873 1.740838854370756 3.4335664506170374 1.3027215320200645 -0.20993163583501245 0.7910141310674027 -0.570659396131174 0.06762244569371977
1645455898.19552 1.7335501332895156 3.4318371029330685 1.3023592721850452 -0.2112817502813796 0.7915127337254213 -0.5693808006334006 0.06835724070855988
1645455898.202084 1.726564332804202 3.429761794670273 1.3012696345987629 -0.2113595172200098 0.7900854319959388 -0.5711682244337496 0.06970370754198284
1645455898.208679 1.719363267227733 3.4274635126619253 1.3003814555748072 -0.21235989885762316 0.7893576677034072 -0.5716550314616933 0.07090737305312533
1645455898.215275 1.7122395924248468 3.4258661930950165 1.3002137168334396 -0.2130469800781983 0.7904434287435401 -0.5697937139987713 0.07172788061700017
1645455898.221877 1.7051571683861322 3.422392377440186 1.298771882506252 -0.21568206376574678 0.7884328933452351 -0.5710240888543568 0.07606506329666368
1645455898.2284951 1.6977846469181521 3.4211470891470754 1.2986219700459212 -0.21528977338857327 0.7894815447732774 -0.5698774542966362 0.07488978011138281
1645455898.235084 1.690953383834004 3.417651438502497 1.2970495943161768 -0.21692045166112361 0.7871597962479943 -0.5720230271021375 0.07819346901667822
1645455898.241709 1.6837714072296206 3.414966781104145 1.296244769830608 -0.21863892641724303 0.7863907134561948 -0.5721888622964019 0.07991346620387593
1645455898.24828 1.676536022958489 3.412680336855954 1.2957441837549362 -0.2202487377321402 0.7864172619589844 -0.5714000599786498 0.08086987576605895
1645455898.254873 1.6692516051509878 3.4111300221447602 1.2958215975360177 -0.22148732946527075 0.7880648936451088 -0.5686770912338223 0.08064143954301176
1645455898.261499 1.6624839438377363 3.4079826430478373 1.2952687898737256 -0.22353438729856723 0.786730219437298 -0.5694897645822694 0.08227361057006838
1645455898.268072 1.6548397895590052 3.4056432786350905 1.2944423720761928 -0.22550138354091961 0.7859732516567242 -0.569822540944556 0.0818354238937668
1645455898.274712 1.6475453276593799 3.4037248086664738 1.294586495573498 -0.22776608168073398 0.7871558091115124 -0.5673092526710608 0.08165867297522253
1645455898.2812748 1.6402381678261189 3.401002446137375 1.2941245424024128 -0.23053254441242663 0.7862154638841666 -0.5674143442236672 0.08222244952995571
1645455898.2879019 1.632986548115944 3.3988456712547666 1.2940040420414352 -0.23229448129262037 0.7862842641690185 -0.5667035395662874 0.0815046578788547
1645455898.294473 1.6259141541197109 3.396122394090198 1.293719779670734 -0.23457252036566625 0.7859042205775378 -0.5662864851149795 0.08154446323532111
1645455898.301122 1.6186602988754155 3.393488164148611 1.2933667850436974 -0.23671105405522833 0.784981627635688 -0.5665929182936236 0.08212050213623304
1645455898.30768 1.6114662694844917 3.3912236981061636 1.2932315951810136 -0.23821546310980757 0.7849818672815497 -0.5659725068578536 0.08204612816982967
1645455898.3142788 1.6044101788024445 3.388042156084452 1.292522918636697 -0.23978760407318567 0.783455107213669 -0.5673032356716048 0.08286517838651869
1645455898.327515 1.5901630037940218 3.382779165905313 1.2922532098736603 -0.24280873196336583 0.7832693527856066 -0.5659312851890288 0.08517285620506099
1645455898.334076 1.5838115744637826 3.3807312978336217 1.2922566541626492 -0.24303099526523292 0.7843314004776379 -0.5638495216186911 0.08850703077837477
1645455898.340678 1.5760415092959532 3.377492416407188 1.2921789710104552 -0.24543888110788006 0.7838055883746523 -0.5636087916091818 0.08805268164596197
1645455898.3473122 1.569707475449041 3.3752629353844124 1.292311319949023 -0.24583633274696817 0.7848130927203313 -0.5615176489003391 0.09127121163493057
1645455898.360515 1.554943093208525 3.369218570579628 1.2926572945978465 -0.2501276259000766 0.7850495393298699 -0.5593201708324903 0.09107095071627616
1645455898.367104 1.5484515572509998 3.36673795083924 1.292925240803742 -0.25045704130207574 0.7857901936092031 -0.5579936705350097 0.09191137481480295
1645455898.3737018 1.5413392781632143 3.3645397707735594 1.293767046112641 -0.25213832022883476 0.7874783153693281 -0.5548983824179906 0.09160539156731422
1645455898.3869178 1.527636014599167 3.3587463222344227 1.2944002057983783 -0.2555913899862171 0.7873400429051778 -0.553592965370137 0.09112141689620404
1645455898.393478 1.520590400710553 3.356207347223313 1.2950901341762524 -0.257514383677754 0.7878899953108822 -0.552102141403598 0.08999170683372595
1645455898.4001122 1.5135371061186158 3.352994001815402 1.2954950866993564 -0.26032533475185937 0.7872038970885908 -0.5519057267203379 0.08910890120336132
1645455898.4066792 1.5070316364964451 3.350069006912228 1.2960387894854888 -0.2619976442588033 0.7871928485474867 -0.5511810279153554 0.08879027091525406
1645455898.413277 1.4998502921909862 3.347521614700198 1.297003260932929 -0.2648008562166913 0.7875450068921911 -0.5495365819610222 0.08753574191611489
1645455898.420028 1.4935198148621156 3.344005532573181 1.2970169771634108 -0.2667794158797552 0.7856739076241481 -0.5511461548802946 0.08821998307095319
1645455898.426513 1.4866302543238816 3.341185666807774 1.2977855738599844 -0.26962352332642875 0.7851667954124533 -0.550447392005382 0.0884506304209356
1645455898.4396749 1.4801867811066451 3.338068120289175 1.298261175631116 -0.27186827504311 0.784302745370327 -0.5504842908565014 0.08901392840868733
1645455898.44632 1.4665896882591989 3.332970376028164 1.3002296699935765 -0.27704065901334424 0.7844822107794707 -0.5473703089954131 0.09067235579957252
1645455898.452875 1.460204823871619 3.330134280601027 1.3009148258779264 -0.2782848444705508 0.784197077580003 -0.546945416858754 0.09188457103181001
1645455898.4660769 1.4536938605466527 3.327381353099936 1.3016586557745229 -0.27980188209277007 0.7837781725892302 -0.546553518697303 0.09317473629914012
1645455898.472703 1.4472272271824296 3.3243634050949455 1.3021944727006434 -0.28123916676625743 0.7831072868134048 -0.5465070892645725 0.09474747375939549
1645455898.479311 1.4409657555375 3.3220303157176567 1.3029682401651508 -0.2815215471955263 0.7832721927806298 -0.5459699493331409 0.09563831808149084
1645455898.48592 1.4343033411462325 3.318720995435019 1.303458605266959 -0.283172166214009 0.7823636014959707 -0.546010733989743 0.09794173375299292
1645455898.492479 1.4278355873658721 3.3159240285936713 1.3041817985606894 -0.28416673710504636 0.7819963596677839 -0.5457625794583136 0.09936676419039567
1645455898.4990861 1.4215862090206879 3.3130800547143457 1.304838163578119 -0.2844971824583324 0.7816408314731121 -0.5457934666441873 0.10103489959994073
1645455898.5056808 1.4147027844604319 3.3113807417274645 1.306353686477907 -0.28506001201508685 0.7831650253317447 -0.543324840922065 0.10095066540813893
1645455898.512286 1.4087647606007043 3.3074418979689804 1.306061509858055 -0.2858366220441715 0.7809126711748311 -0.5455916097493013 0.10393369099381351
1645455898.518882 1.40214929206896 3.30444540525126 1.3066444690645505 -0.28697107640574504 0.7802912723980544 -0.5455315957446779 0.10577334150211734
1645455898.525516 1.3954902758089718 3.3023188619256767 1.3079698943721016 -0.28773256888054777 0.7809337850174278 -0.5441276895044995 0.10619337457162874
1645455898.5321212 1.3892018468401408 3.2987998884842464 1.3079193546935763 -0.2886914347928988 0.7790818359365249 -0.5456908143009352 0.10913236717994765
1645455898.538718 1.383113296452664 3.295362232899204 1.307763085095036 -0.2895925208997046 0.7772826671598231 -0.5472789456706739 0.11159371467097629
1645455898.545281 1.376035671681225 3.293248598717896 1.3090155533891585 -0.2908175922382132 0.7779746457172138 -0.5455705805076856 0.11195052787697325
1645455898.5519109 1.3694980632927969 3.2905394631417213 1.309617293389737 -0.29142344460557695 0.7776183556766249 -0.5454653560564626 0.11335428067310106
1645455898.55852 1.3635657257181921 3.2872728985259836 1.3092162631852462 -0.29156892113549276 0.7759172709182608 -0.5474951428573448 0.11484159636185033
1645455898.565092 1.356681898182358 3.284563891155743 1.3099782858099143 -0.2935494620323993 0.7759305671614968 -0.5459825692538259 0.11688916665853921
1645455898.57168 1.3506259595993602 3.2812867612390875 1.3097893784508747 -0.2942220460085012 0.774795422312282 -0.54683828072563 0.11871363487494305
1645455898.578281 1.3439525476240342 3.278525544335577 1.3100777668834773 -0.2952737737433242 0.7744121989309072 -0.546520020902593 0.12006078647983692
1645455898.584876 1.337461483390987 3.276073684696272 1.3100874600835786 -0.2957345464851443 0.7738015759817126 -0.5468657026201 0.1212835375206307
1645455898.5914721 1.3308781211792475 3.2726566795940455 1.310028331584555 -0.29777601463879705 0.7726318679130446 -0.5468257240692871 0.12389775563482093
1645455898.598121 1.324722156542338 3.2692736406097764 1.3094689943939712 -0.2986379711931955 0.7712848328224654 -0.5477697774074565 0.12602746508843662
1645455898.604671 1.31825408547282 3.2663225831165197 1.3093508545093875 -0.29970346958876887 0.7708058442191571 -0.5475604821852036 0.12733138540056063
1645455898.611285 1.3116732553730546 3.2637479454807914 1.3094361084128812 -0.300469205723741 0.7709893702454574 -0.546671355141523 0.1282328446567169
1645455898.6178718 1.3058469365854508 3.2598707229522703 1.3082252261730336 -0.301424363256949 0.7683620822142836 -0.5491300175579713 0.13122071050984235
1645455898.624484 1.2986742179276412 3.257666394230452 1.3088167849604768 -0.30306601540454176 0.7698528387692901 -0.5461670754951234 0.131067603939134
1645455898.631078 1.292685840326423 3.2541649748860557 1.3078052844401966 -0.30393746917393805 0.7678462451350341 -0.5480238193884679 0.1330549657009584
1645455898.637679 1.286100400644302 3.2510071159064315 1.3073406776604384 -0.30572459676016944 0.7670138877500006 -0.5478818193454315 0.1343401548009591
1645455898.64428 1.2794605238400087 3.2483041218629927 1.3074565828751092 -0.30732743349089436 0.7681097341171488 -0.5455357261746646 0.1339688022786598
1645455898.650881 1.273380795450962 3.2438312685200814 1.3057795328173512 -0.31037535530158195 0.7645332452394826 -0.5479993581728451 0.1373037999422349
1645455898.657483 1.2668183973611717 3.2407803399252595 1.3052471652154327 -0.3123632728189112 0.7637916463300272 -0.5477123249234911 0.13806627344748248
1645455898.664085 1.2596976239346567 3.2385419613211646 1.3054296730063264 -0.31448302096110564 0.7644174718458977 -0.5457802795349667 0.13744025073204197
1645455898.670678 1.2536020084437354 3.2345957096910554 1.3040714356958183 -0.3169099417234329 0.7619734190002124 -0.5472735887374314 0.1394840661977536
1645455898.67728 1.2467225273726135 3.231714706143154 1.3037361029846568 -0.31934014362311425 0.7614652609943258 -0.5464492383695837 0.13994759901235818
1645455898.6838799 1.2401651131969278 3.2283652589391476 1.302953182282792 -0.32171569647113846 0.7600949596410768 -0.5467573880432388 0.14075014904490632
1645455898.690518 1.2334926053146031 3.2252118717100284 1.30228151540055 -0.323984632392767 0.7590740326221299 -0.5466196859335013 0.14158771435042888
1645455898.697113 1.226687544028771 3.222019985903142 1.3016784414824927 -0.3263375270976252 0.7580916497100999 -0.5464448125198269 0.1421215284065385
1645455898.7037141 1.2199581806104511 3.2188848194869406 1.301031039514043 -0.328434121349414 0.7571872048799269 -0.5462834290400859 0.14273251256756408
1645455898.7103128 1.2130896155493887 3.2157053599440713 1.3005181283894376 -0.3307898064086499 0.7564254673115679 -0.5457301636248851 0.14344616290861378
1645455898.716921 1.206334248563397 3.212505660740818 1.2998820733330607 -0.33266183893791584 0.7556618153513955 -0.5454821537800444 0.14408379563932386
1645455898.723518 1.1991803762288016 3.2103604619595134 1.2998673813647583 -0.3335648222502129 0.7564456822620029 -0.5442090277931011 0.1426904415372332
1645455898.7300851 1.1926581145157038 3.205981663785083 1.298685533987209 -0.33658054240514673 0.7542815837233167 -0.5443950276980803 0.14630949374539268
1645455898.736711 1.1856873592526174 3.202681010019666 1.2981503897588573 -0.3385393192781916 0.7537430436115136 -0.5436334503265071 0.1473934050626579
1645455898.74332 1.1788033690176094 3.1992423612390732 1.2975806196937516 -0.34016284745310466 0.7532037257204035 -0.543194348217848 0.14803003012349478
1645455898.756522 1.164892829403661 3.1924040793691764 1.2965923033659785 -0.34346364140130803 0.75219999429057 -0.5416502455876566 0.15113731732267977
1645455898.763115 1.1580198520851679 3.188845181470238 1.296083367241646 -0.34498466489121205 0.7515538330228912 -0.541147966856604 0.15267907332718153
1645455898.769718 1.1506832843438244 3.1859000699503386 1.2961417663006816 -0.34618459065664203 0.7520548828244785 -0.5395983845914168 0.15297984611183643
1645455898.776284 1.143843621799826 3.1825373548674163 1.2957186722320857 -0.3470237383014736 0.751491152368961 -0.5396631531612682 0.15361916820387644
1645455898.7828789 1.1369182011085306 3.1784875563905914 1.295383813079189 -0.3490562772947061 0.7504200163899386 -0.5393411974147096 0.1553711137075147
1645455898.7894762 1.1300276926643509 3.1746187082813235 1.2949640671267564 -0.35054550901771225 0.7492269620289823 -0.5396610093684111 0.15666014289286773
1645455898.7960808 1.1225893580117838 3.1724508293039784 1.2957132823219195 -0.3527430265008399 0.7503560132345257 -0.535836933052824 0.1594257385735311
1645455898.8026729 1.1160175085579076 3.1670126166860615 1.294630155278071 -0.35474277885335587 0.7471331028721355 -0.5390490219987492 0.15929665988464065
1645455898.8092859 1.1091757935264135 3.163143687793754 1.2945635918375438 -0.3567554559239022 0.746089635529084 -0.5388268934179024 0.16043994417883672
1645455898.815902 1.1020539971900911 3.1601644064437884 1.2948792151060287 -0.3575778980869913 0.7461408538158452 -0.538526000747753 0.15937756566612551
1645455898.822478 1.0957950023255576 3.155474814603244 1.294322740390079 -0.35983134138387274 0.7440667847428427 -0.5389003245626418 0.16270237643726254
1645455898.855554 1.0629819714766813 3.1360745776042873 1.2939902581625309 -0.3669840166606405 0.739579494348876 -0.5368007296191399 0.17375115817198997
1645455898.86208 1.0562038589724867 3.133173247134308 1.2945789839186188 -0.3672824534670253 0.7407279735916432 -0.5349194828164399 0.17402986731473563
1645455898.868685 1.0500680129054192 3.1280981528041294 1.2939593761936599 -0.3695322476205235 0.7383178461588887 -0.5350348956536194 0.17908076748555862
1645455898.8752792 1.043832571388354 3.124347160432343 1.2940749688233832 -0.3701977391069829 0.7382603250338914 -0.5339133039679024 0.18127747568463964
1645455898.8819032 1.0378358698288497 3.1196125721691548 1.2936807274335052 -0.37194460004894164 0.7366262805041778 -0.5337393308186694 0.18482649746547994
1645455898.888482 1.0313479451880039 3.1155033491145705 1.2938934706131249 -0.37384608283361076 0.7363131442170827 -0.5322147951918349 0.1866254843932244
1645455898.895075 1.0250170987756795 3.11125427929629 1.2940155586302153 -0.3759448458853671 0.7357755600772065 -0.53071564124076 0.1887864208946121
1645455898.9016771 1.0185369814977725 3.1076123540825753 1.294508310547017 -0.3775525210921133 0.7362859145155238 -0.5288098081315806 0.18893629403736972
1645455898.908315 1.0129965229550906 3.104288398978812 1.2947255251652352 -0.3775426778642994 0.7369140399829798 -0.5276080524446355 0.18986460351323645
1645455898.914884 1.0073452376085528 3.0991593942829567 1.2944128422282888 -0.3804120705310128 0.7349586938354985 -0.5273650086893095 0.1923749239714956
1645455898.921473 1.001125898891147 3.0951701215455065 1.2949356910535756 -0.382539799512722 0.7353595464796872 -0.5255284864692503 0.19164828239977222
1645455898.928077 0.9943285846480181 3.0922854861534153 1.2960358936038012 -0.3846884121630261 0.7362347827219644 -0.5232055245079329 0.1903384727962987
1645455898.934686 0.9884785274301411 3.0874469889127893 1.2959766687398213 -0.38786928366563167 0.7344789198438517 -0.5230045973361579 0.19121693155573563
1645455898.941278 0.9823049037990672 3.083114197637111 1.2967594713674004 -0.39066464147015656 0.7346214091863519 -0.5210783167658783 0.19023535566785807
1645455898.947883 0.9763044485810255 3.078889015641637 1.296976988869778 -0.39353859756532555 0.7330819824499532 -0.5207228590217384 0.1912209944425261
1645455898.9545338 0.9712202785649704 3.075325393619885 1.2971235957014746 -0.3933375180362015 0.7334922986162586 -0.5205385259961979 0.19056198734091787
1645455898.961118 0.9642017069728328 3.0716280657621065 1.298753846096961 -0.39912776290535357 0.7336250618395472 -0.5145269549999117 0.1943010346108648
1645455898.9677079 0.9593872737358562 3.0670740523490205 1.2980897746389601 -0.3979874135445734 0.7321466083680607 -0.5188795991573847 0.19060669174434414
1645455898.974278 0.9536493143365401 3.0626367526808185 1.298395049864025 -0.40030589298349206 0.7310119337784289 -0.5183833499402982 0.19145497212241475
1645455898.980878 0.9474286923792088 3.0594244152410455 1.2997897407731875 -0.4020125917198195 0.7322472205683743 -0.5157712941005983 0.1902089789048469
1645455898.987478 0.9425192482134536 3.0546981585189057 1.2993096340111705 -0.40313745411151847 0.7301683245033438 -0.5170395062731826 0.19236455140680148
1645455898.9940789 0.93633616448425 3.0500423948494446 1.300027801566863 -0.40595721287646264 0.7291540497144149 -0.5155089381044275 0.19437910164556027
1645455899.000716 0.9305872392245214 3.0468862130542544 1.3010946787708624 -0.40613283635869013 0.730151251123294 -0.5142061871650448 0.19371853631153862
1645455899.0072792 0.9264960458695163 3.0409657648835293 1.299831583154532 -0.40748587059266095 0.7262050662565531 -0.5165161624009169 0.1994796323399092
1645455899.013938 0.9204262759210655 3.0367446304497583 1.3006208470119578 -0.40873451065104327 0.7260068506545232 -0.5154605793504456 0.20037495054309246
1645455899.027125 0.9094398106187574 3.0287263607213575 1.3018044078136748 -0.40951613847913976 0.7256778958643917 -0.5141825721491412 0.20323384144635903
1645455899.033685 0.9045961843201045 3.023857462143648 1.3015311173194632 -0.40974746936950124 0.7238187395674462 -0.5154268716873618 0.20622361186784574
1645455899.040274 0.8999721476706576 3.019417667356536 1.3013724379910168 -0.40937203014342427 0.7225576046097496 -0.5164614629614499 0.20878747014828247
1645455899.046883 0.8940274857768539 3.0151591766821673 1.3021766602519298 -0.410375458795778 0.7224535616137783 -0.5153544366621563 0.20991008261289093
1645455899.05349 0.8889989577724975 3.0103316409256426 1.3021486156157283 -0.4110326136357997 0.7208879540315422 -0.5159812486285186 0.2124515657082916
1645455899.0600908 0.883680976102942 3.006100139585406 1.3025614940444397 -0.41145810837203806 0.7206032604828195 -0.515481864184548 0.21380174298388072
1645455899.0666811 0.8790425421238441 3.001491170742547 1.3022879305510586 -0.4115196874660906 0.7193115077294263 -0.5162138740210938 0.2162528487719642
1645455899.079957 0.8677134438506344 2.9937682901764204 1.3036878774218157 -0.4122782881809121 0.7204258464370376 -0.5138302682362664 0.2167747321310849
1645455899.0931299 0.8578072659590286 2.983121342657776 1.3033133823350471 -0.41540224756165994 0.7169651320259134 -0.5137951609752838 0.2222973606969081
1645455899.106347 0.8481240046201912 2.9744211560886042 1.3031925561751208 -0.4159910908893818 0.7160532700196248 -0.5136464247105916 0.22446835057163397
1645455899.119529 0.8375874404617009 2.9650904143061103 1.30345253240892 -0.4187080706017534 0.7148051981122404 -0.5119148402101773 0.22733204184661687
1645455899.132682 0.8326746012697652 2.9604176554366086 1.3033415923063332 -0.41998554551582656 0.7137684571688513 -0.5117646571833402 0.22856787606542173
1645455899.139292 0.8276236391268245 2.9560546529333105 1.3034040421982764 -0.42107791707321346 0.7133617428506556 -0.5111605371311063 0.22917882241550763
1645455899.1458828 0.822889464712966 2.950678923957868 1.3030164915946958 -0.42328575363822774 0.7113560645550171 -0.5110626150376681 0.23155191180226817
1645455899.152488 0.8180237301605968 2.9460422060704943 1.302931426938368 -0.4247566193420158 0.710614081269326 -0.5104386990883443 0.23251106468555238
1645455899.159084 0.8132523642187102 2.941397580866511 1.302633772019077 -0.4258969633137471 0.7096767062371655 -0.5103693315175566 0.23343847599468628
1645455899.165687 0.8082185797708034 2.93663684958702 1.3026295324944037 -0.42769967902058775 0.7089341976986758 -0.5096452020658874 0.23398000355038973
1645455899.1722822 0.8031079180698649 2.932102079284651 1.30263176447351 -0.4287490293686228 0.708847398487487 -0.5089477255887556 0.2338406974915149
1645455899.178884 0.7985583044368032 2.9268734857354235 1.3021027622476773 -0.4308487302435737 0.7070701940890836 -0.5088004323657631 0.23567520507833506
1645455899.185482 0.7935562183431321 2.921835186698675 1.3019059206966541 -0.4324867265134704 0.7062793722135384 -0.508236444973125 0.2362624454458245
1645455899.1920729 0.7887274029832753 2.91677671978328 1.301586059231692 -0.4341398549380823 0.7053454408393535 -0.5077196771712967 0.23713019066687172
1645455899.198687 0.7840546646309643 2.9114468297502514 1.3011255188835915 -0.43633874383513743 0.7038719021151221 -0.5072579848808939 0.23845708388985523
1645455899.205276 0.7790876513367119 2.906401652505322 1.3008691882622159 -0.43780614156764464 0.703151580337739 -0.507004313692522 0.23843203576008548
1645455899.2118862 0.7742182833316806 2.9011997239836407 1.3004836800665514 -0.4393028937218008 0.702246264457762 -0.5067176367604581 0.23895607848854117
1645455899.218518 0.769475260927939 2.8958091341073575 1.2999721245384699 -0.44147673831843753 0.7003016603192702 -0.5072459611365392 0.23953496426691864
1645455899.225098 0.7647238326222102 2.890741954516414 1.299747407151503 -0.44325894538538646 0.7001168086294673 -0.505508280524742 0.24045564803805125
1645455899.231714 0.7598458298306294 2.8855251167858964 1.2994704516858528 -0.44471356178408156 0.6993827935372545 -0.505270677702628 0.24040530609575583
1645455899.238316 0.7550221342097898 2.8801469516193587 1.299072018544742 -0.4463405519522424 0.6985101363369534 -0.5050001717169443 0.2404955690866709
1645455899.244879 0.7506493074261094 2.8744057708007658 1.298380436255339 -0.4482881618478323 0.6967260392134685 -0.505205683645353 0.24161406051768153
1645455899.2515252 0.7461789986627427 2.8688519324647386 1.2978688472222364 -0.44982958866577377 0.6955230776848238 -0.5054381615819108 0.24172883851590476
1645455899.258087 0.7407360399652436 2.8644924490541888 1.298105539520345 -0.45063808710817843 0.6966355906788189 -0.5042005154619594 0.23959462172912624
1645455899.264683 0.7362795581113387 2.8576831153156768 1.2973915496076196 -0.45361034323652216 0.69410204421871 -0.504100604561455 0.24154133518661872
1645455899.2713192 0.7318385161740637 2.851969605346088 1.296901794572258 -0.455636889772949 0.6926867978868019 -0.5038359144818582 0.2423406315043913
1645455899.2778828 0.727335904559765 2.846015062376985 1.2963704885105027 -0.4576449462580057 0.6908416906590041 -0.504393436634692 0.2426638053443515
1645455899.2844732 0.7229284355969535 2.8403650230667563 1.2958212290745894 -0.45905950785586364 0.690118766390793 -0.5034941407447199 0.2439133108221097
1645455899.291074 0.7185062718308459 2.8340898250151008 1.2953784638159844 -0.4614067370268474 0.6883469346460436 -0.5031039099206395 0.24529241884671726
1645455899.297673 0.7132756005615108 2.8288650374894826 1.2956043123950631 -0.4627322633477487 0.6887924719201274 -0.5020446888770481 0.24370979132605858
1645455899.304272 0.7088769451737532 2.8229837370404565 1.295313436081424 -0.46468088499513444 0.6875457642327255 -0.5015625361164439 0.2445141258456777
1645455899.310903 0.704679345710262 2.817057492336153 1.2947291672198773 -0.46595995355038816 0.6861109885858663 -0.5017888429838429 0.2456431967275566
1645455899.317548 0.7002144394957355 2.8109730652438842 1.2945879228849062 -0.46821142112286934 0.6845572548406054 -0.5015406158440355 0.24620319777477964
1645455899.324138 0.6957790962020489 2.8051357180258005 1.2943903395785576 -0.4697113202523594 0.683562439898086 -0.5013222403082729 0.24655472693618644
1645455899.330743 0.691324162171392 2.799016859188596 1.2942609639455551 -0.47184851349716894 0.6819136540411396 -0.5012910188352859 0.2471025916008784
1645455899.337307 0.6873213686407633 2.7925178770652628 1.2939618945115101 -0.47420120458746634 0.6794304653361273 -0.5016559136258748 0.24869344515236033
1645455899.343894 0.6825633839341225 2.786996841381526 1.294061253269725 -0.4749666812751322 0.6791824857694334 -0.5017579044123794 0.2477022693859251
1645455899.3505201 0.6780413048043978 2.780921263276729 1.2940784242992907 -0.47677487150979747 0.6777474382268445 -0.5018787731851151 0.24791414912781318
1645455899.357087 0.6740234084862321 2.774669795895067 1.2937926500828765 -0.4786524879017678 0.6756099263089111 -0.5022249566552573 0.24942472052342307
1645455899.363709 0.6693373620876198 2.768818062826553 1.2940063695276351 -0.4796055378749333 0.6749285752137884 -0.5022962093010003 0.2492951984858109
1645455899.3703082 0.6650559983006126 2.7629050155652877 1.2939900985528952 -0.4805675576508744 0.6739641055905482 -0.5021099444412996 0.2504243361670811
1645455899.376873 0.6597673313489146 2.757875876320563 1.2951624324852384 -0.48199284696417255 0.6753309496392181 -0.499827807558011 0.2485613888357736
1645455899.3834722 0.6562778140532376 2.7515744769297616 1.2943781341497664 -0.48293075207284053 0.6726543768738326 -0.5008747465693559 0.25186907647651136
1645455899.390062 0.6522894540359017 2.7447639084679953 1.2941656861496935 -0.48483996492506165 0.6707289695495393 -0.5005303614140524 0.25401147285658965
1645455899.396686 0.648627021751252 2.7384345488089603 1.2939323051486826 -0.486649772119831 0.6685983983520305 -0.5004634039978113 0.25628916549045827
1645455899.403284 0.6429121729120932 2.733044182947117 1.2955518820101881 -0.4894097877470467 0.6702111555165299 -0.4960790349889154 0.2553434362408422
1645455899.4098911 0.6385376751561278 2.7274353349234004 1.2961258483267655 -0.49119410623334264 0.6702731112009952 -0.4940932575421528 0.25560466198909904
1645455899.416487 0.636048754086149 2.7207224167590316 1.2945516861793402 -0.49182716805521387 0.6666474367409009 -0.49614939059087043 0.25985102904292534
1645455899.423101 0.632200541755312 2.7144452743092486 1.2947981281708338 -0.49434133747259273 0.6650525968847331 -0.4951301710327197 0.2611080379809184
1645455899.429687 0.6282775358132657 2.7085542863663923 1.2951317589803542 -0.49590972074829437 0.664408222282707 -0.49418989739090313 0.2615553532103248
1645455899.4362922 0.6239448558339076 2.7028878236025986 1.2955905711216549 -0.4976559789825208 0.6643643431646292 -0.4926100309334365 0.26133029740915575
1645455899.4428852 0.6198202574883651 2.6968857254335816 1.2960878377913323 -0.49966893898651027 0.6636226066830904 -0.4914311264998027 0.261593278512045
1645455899.4494889 0.6163865326569316 2.690203146058837 1.2962591086089825 -0.5025259020205755 0.6610408917211866 -0.4912069679467359 0.26307400580315865
1645455899.4561229 0.611897097190477 2.6844065677469904 1.2970355260696835 -0.5038349013708608 0.6610955634139111 -0.490742332369681 0.2612941523222428
1645455899.462692 0.6077256306360059 2.678726189595716 1.2976057721519045 -0.5051185963504964 0.6610545673015976 -0.48971560013225673 0.2608452602648366
1645455899.469289 0.6043521341467096 2.6722511682825636 1.2976979996351274 -0.5064813550173272 0.6586555726111383 -0.4911549913208989 0.2615643199375879
1645455899.4758909 0.6002654811887905 2.666486691307274 1.2985018229946297 -0.5078787636313125 0.6590504678447132 -0.48943085961144606 0.26109123137370316
1645455899.482486 0.5963612985992957 2.6604525596298827 1.2991025258156013 -0.5090940311222906 0.6586304699152873 -0.48874186824113963 0.26107506926949614
1645455899.4891 0.5922352697403662 2.655794148387368 1.2997924913962704 -0.5088651079173648 0.6602369729703982 -0.48696001443731257 0.2607930624593526
1645455899.4957209 0.5892973212501172 2.6480196035242796 1.2996915803930842 -0.5108624552690483 0.6562894118805476 -0.48906371026321727 0.2629069529889506
1645455899.502316 0.5851776043986849 2.6424806656369304 1.300649348144729 -0.5119746156073091 0.6576290123799426 -0.48597052558824194 0.2631318135078411
1645455899.508945 0.5815438240009349 2.6367949916268905 1.3010165823493849 -0.5121313884872185 0.6578234352887585 -0.4845077463477039 0.2650313820294482
1645455899.515511 0.5780282313211709 2.6307653182453477 1.3014696075363015 -0.5130333727662914 0.6573091132776216 -0.4833096272856607 0.2667449498298609
1645455899.522125 0.5744440474324046 2.624675025303407 1.302013684786463 -0.5141315219641321 0.656759804728231 -0.4820619105109453 0.2682373859128612
1645455899.528694 0.5715404865782421 2.6182622553024775 1.3019359161554673 -0.5144930309356657 0.654741846599899 -0.4828167564799492 0.2711043527819046
1645455899.535278 0.5676241732090617 2.6126452169390673 1.3028026980728593 -0.5151323257299287 0.6558056000076502 -0.47992377994433383 0.2724526465543218
1645455899.5418859 0.5643387842259985 2.606600669880682 1.3031358958876156 -0.5156227737739341 0.6552159119787404 -0.4790141406201654 0.2745366338439739
1645455899.548482 0.5609385456270091 2.6006314034384572 1.3036765610688763 -0.516183945383085 0.6548252603459058 -0.47800692273192386 0.27616467478543383
1645455899.5550878 0.5575481012349857 2.59445134141356 1.3041155986881807 -0.5168098568735604 0.6540832579722965 -0.4775664950188986 0.2775111913137926
1645455899.561712 0.5541511869194227 2.5883010233539157 1.3045994929964606 -0.5176855603216206 0.6533358495822063 -0.4768642323833287 0.27884408101226515
1645455899.5683048 0.5508250554001323 2.5821879235998306 1.3050645386575885 -0.5185006880141141 0.6525714880270449 -0.4762868978695411 0.280103430545399
1645455899.5749109 0.5474752395170498 2.5758741945887276 1.3054885557027613 -0.5196778591717502 0.6514032549230394 -0.4758167956685599 0.2814368109913431
1645455899.5814888 0.544340727438081 2.56945624184281 1.3057677576482971 -0.5207576846061687 0.6498244297066513 -0.4759022246362897 0.28294216693210905
1645455899.588094 0.5408188034958048 2.563021852116067 1.3062654514945624 -0.5223534724488067 0.6485605065951193 -0.47547239606153524 0.2836225295557308
1645455899.594688 0.537840166135996 2.556762319800694 1.3064092754957513 -0.5231171129043826 0.6471626335569477 -0.4756673632940683 0.2850774977850305
1645455899.601287 0.5345548974889538 2.550653590041346 1.3067593102095194 -0.5242800565732961 0.6462151829043676 -0.47490080623219744 0.2863655184588219
1645455899.607897 0.5314446996932547 2.5441394033176152 1.3068725754893544 -0.5255566542201197 0.6448986725438645 -0.4742837377807235 0.28801110482024406
1645455899.6145222 0.5283402454300465 2.537628102491129 1.3070199426798566 -0.5265629958603271 0.6436071700685841 -0.4740667063115934 0.2894158802774429
1645455899.6211011 0.5249043024290607 2.5311940925819387 1.3073418395118155 -0.5272294113938438 0.6427905876310874 -0.4742971161261724 0.28963984182478353
1645455899.627684 0.5220721098632447 2.524541946222484 1.307309896839347 -0.5282530688192817 0.6411091534019934 -0.4742833098474614 0.2915178732757323
1645455899.6342962 0.5187080223426088 2.518306412723947 1.3074410303160793 -0.528926552361324 0.6405440021075937 -0.47378619957238655 0.2923461901529672
1645455899.640884 0.513863326694013 2.511726813046267 1.309040951740074 -0.5319517602993366 0.6414028349377704 -0.46995134247332476 0.29116144964119867
1645455899.6475048 0.5108785422502718 2.5055864278188507 1.3086110223458456 -0.5319731855457802 0.6409203890183383 -0.46932765590872505 0.29318381773299435
1645455899.65412 0.5092706725946536 2.4988566493744426 1.306894366205726 -0.5311012703365091 0.6378372059620495 -0.471844241584117 0.29741841288929566
1645455899.660692 0.5062129908684834 2.4922510226102124 1.3064378857760401 -0.5316236346436718 0.6367023502672158 -0.47166639208315786 0.29919357230206783
1645455899.6673129 0.504011932115695 2.484980689181966 1.305509556783815 -0.5327544114549577 0.6336826273983961 -0.47227483981150303 0.30261387343704005
1645455899.673895 0.5002302318904965 2.4790268365051715 1.3059332325905146 -0.5336722431993259 0.6343107631956955 -0.47112350115223467 0.30147304210101133
1645455899.680521 0.49665023054818286 2.472932325108974 1.3058130039234082 -0.534190773499192 0.6345286461965371 -0.4702780090125846 0.301416414053296
1645455899.687121 0.4934751209830462 2.466326142843844 1.3055077893472429 -0.5352837718910193 0.6335503753394249 -0.4698903847463113 0.3021387840196086
1645455899.700382 0.48713862568747573 2.4526255622318662 1.3050449689525707 -0.5380064559683494 0.6306649395189197 -0.4706298512329172 0.30218858001341997
1645455899.706891 0.4837693279992258 2.445919585789445 1.3049505424062064 -0.5398829225145018 0.6298640318092081 -0.4693673611787044 0.3024757750341468
1645455899.7134862 0.480747390985352 2.4391829087831933 1.3044869581149272 -0.5413253902647102 0.6284781436704048 -0.4689268348231447 0.30346209491204074
1645455899.720105 0.4776252140232577 2.4325095106754864 1.303946623471072 -0.5425619015374731 0.627312667144722 -0.46863358432132113 0.3041175905128064
1645455899.726689 0.4744938408086287 2.425695818052444 1.3033849277986325 -0.5439221858374088 0.6261635018066034 -0.46810561186471933 0.3048682921571486
1645455899.733288 0.47039449895418933 2.41938119825106 1.3039338872466575 -0.5459483073373477 0.6267954167177907 -0.46596262057064436 0.3032265738742688
1645455899.739896 0.4686200856277625 2.4119307454721377 1.3021117064056642 -0.546504741190452 0.6231403221918332 -0.4677589886140091 0.30696870458147235
1645455899.746484 0.4656881866265963 2.404834988564636 1.3015562854975748 -0.5478775079450796 0.621169087402413 -0.46832231693787424 0.3076574036117436
1645455899.759721 0.4609150153295746 2.398987755963467 1.3025209359966778 -0.5499922930645621 0.6234458589928316 -0.46501876081356786 0.3042711056319206
1645455899.766289 0.45799426180746583 2.391815537439895 1.3016794511008465 -0.5512587882532548 0.6215921357327658 -0.46491644053301967 0.30592351671341306
1645455899.772948 0.4529579949610951 2.37738828979837 1.2994298386380865 -0.5533733243132432 0.6169069882327527 -0.4659911801192736 0.309928230190042
1645455899.7794838 0.4493663831733581 2.3703182229324673 1.2993136096613962 -0.5555589862822088 0.6159461125031133 -0.46508169730876137 0.3092947608148639
1645455899.792701 0.44601771205030133 2.3635806092656697 1.2991977375881467 -0.556718015448969 0.6153533651572373 -0.46489371015272823 0.308672442103515
1645455899.7993228 0.44237809951504126 2.356782076241492 1.2989482877220198 -0.5586382635741607 0.615145456366351 -0.46295029464971577 0.3085383372890324
1645455899.805896 0.439953172515704 2.34926007128756 1.2975834274235065 -0.55968204651572 0.6124721400464423 -0.4634954198880861 0.3111356506971248
1645455899.81249 0.43681420274547494 2.34212276279986 1.2970102829685601 -0.5613076179527448 0.6113782243851259 -0.4624112211492847 0.3119709339330495
1645455899.8191202 0.432551696502701 2.3359161117006337 1.2976994935969741 -0.562952442226483 0.6128996028701066 -0.46059277210446914 0.3086949664356116
1645455899.825695 0.4296997380855291 2.3287402311547365 1.2970782566976213 -0.5637424570023848 0.6116794286016284 -0.46062191885593523 0.309628425340991
1645455899.8322828 0.42712909694123724 2.321185372066886 1.2960659558865286 -0.5650870319368214 0.6089400138421535 -0.4602466628178719 0.31311543681426085
1645455899.8388932 0.42406794423973065 2.313453945036389 1.2956547795898157 -0.566698406717503 0.6069251177452019 -0.46114623922383247 0.3127914652952941
1645455899.845505 0.4216976325870643 2.3051805450818192 1.2943167027139517 -0.5683368518857141 0.6045141601022357 -0.4609294243570897 0.314800686689815
1645455899.852087 0.4186103045058389 2.2978237467300535 1.2938976469198986 -0.5695790196919388 0.6036559829723142 -0.4600713072184605 0.31545716011247077
1645455899.858686 0.4159988437260098 2.291182420526471 1.2929007452674188 -0.5695377830801683 0.6033264790680274 -0.4581516184132946 0.3189366225212703
1645455899.865283 0.4126881516415074 2.2829837842971585 1.2932479468871376 -0.5719154462342735 0.6011764420015199 -0.4595401090352983 0.31673673352851617
1645455899.8719208 0.4088706987158152 2.276359644354145 1.2935859930459168 -0.5727425915121006 0.6023962398926297 -0.45846077853490846 0.314480501234444
1645455899.878489 0.40648103933682317 2.2682800679037416 1.2924345595645255 -0.574029284744594 0.5999356144934199 -0.4578687455022069 0.3176845712637466
1645455899.8851461 0.4037058678492783 2.2609449386964737 1.2918102472392532 -0.5750892749964365 0.5990771932689346 -0.4567497555046508 0.31899549091629037
1645455899.891697 0.4006307138166399 2.2536959211431 1.2917696597501556 -0.5761723944670435 0.5987122094115407 -0.45564758704920283 0.31930231416179866
1645455899.89829 0.39743436155699774 2.246524504068555 1.2923213437223406 -0.5777701843417655 0.5981145527180008 -0.45484788926752806 0.3186747704543143
1645455899.904928 0.39526084990041943 2.2389560990032806 1.2915200246746588 -0.5782580171921615 0.595896669030782 -0.45510082281786485 0.3215707259563888
1645455899.911485 0.3923782995151358 2.231262318669167 1.2918857593653033 -0.5800152608066794 0.5945583300466503 -0.45471810518661565 0.32142448030418636
1645455899.918123 0.388903945598404 2.225073495097164 1.293064415509978 -0.5808421363028183 0.5961294063828134 -0.45299132402242104 0.3194536408942128
1645455899.9247181 0.38617529586495497 2.217607521048983 1.2931261918065478 -0.5824630333120097 0.5946101875630813 -0.45171698567191504 0.32113373977558246
1645455899.9313228 0.38496364317560816 2.209146055995798 1.2916700149669111 -0.5835421349583402 0.5902959248967067 -0.45205503078893067 0.32661154690036204
1645455899.937886 0.3820835324354903 2.201872716263499 1.292439974131256 -0.5848223284329997 0.5896696122813281 -0.4512805062877802 0.3265241795995406
1645455899.944501 0.3796506633748628 2.1943817184993453 1.2927319823905128 -0.58611344813685 0.5879458126219114 -0.45120780217023176 0.32741686313361723
1645455899.951092 0.3776600093579783 2.1874776884533373 1.2925279974731527 -0.5859582052918056 0.5874026146712046 -0.450040184328572 0.33026442496476427
1645455899.957691 0.37526486699602635 2.1794397504260132 1.2929840230674 0.5884488268924115 -0.5848546485589738 0.4498306548278689 -0.3306433841838155
1645455899.96432 0.3733897410167785 2.1718139185982217 1.2932531281635855 0.5897734377515075 -0.5829506310581634 0.449411515050844 -0.33221185412235044
1645455899.970918 0.3708801311490596 2.164526300875637 1.293717782940948 0.5918306870086828 -0.582313789574331 0.4473852222126675 -0.3324051487619081
1645455899.9774752 0.3690442064498989 2.1569470191602624 1.294091451411892 0.5934166797286586 -0.5805123440430506 0.4466091339341757 -0.33376945644090567
1645455899.9841092 0.36499523845333137 2.1505378621159057 1.2958540700952268 0.595605176195601 -0.5829767374757406 0.44313101593786225 -0.33019264811447485
1645455899.9906769 0.3627827627779564 2.143074280474819 1.2966180813549493 0.597705704632738 -0.581986305847807 0.44148250046093007 -0.33035227694115704
1645455899.997278 0.3601270531751273 2.135495571929433 1.2978840871432604 0.6002978111061562 -0.5818795497959128 0.439161237465125 -0.3289313460038284
1645455900.00388 0.3583202930692648 2.128099965992598 1.2982407223429935 0.601723319308613 -0.5810577990659026 0.4380836687093633 -0.32921595485372124
1645455900.010475 0.35730633561915637 2.1210624286384756 1.2975818020793808 0.6013925945339034 -0.5795956279291107 0.43889509316806746 -0.3313103389060475
1645455900.0171 0.35531725755408183 2.1135776429975324 1.2982390380420608 0.6032233139586682 -0.5788086437124386 0.43783329580384683 -0.3307625089078173
1645455900.023684 0.35189042124834224 2.107172016676928 1.3006526299419476 0.6048716668031675 -0.5822209342882253 0.43383459683304315 -0.327011073377723
1645455900.030277 0.35064542882138294 2.0992245099688316 1.3009782980920654 0.6070035675848611 -0.5794616601896475 0.4338035035570615 -0.3280015088151347
1645455900.036892 0.3495002153050455 2.0920453185836565 1.300596993461123 0.6067456123619102 -0.5783863195994484 0.43444553729926183 -0.329523592303284
1645455900.0434828 0.3480652005430869 2.0847522842044266 1.3016683773990754 0.6089749954692298 -0.5771610725344261 0.4330697653091515 -0.32937024418903027
1645455900.0500748 0.346284082560895 2.0775990466195866 1.3019155020795805 0.6094890097395158 -0.5761801925517973 0.4329371565003943 -0.33030978643999154
1645455900.056675 0.34439224085547404 2.0705696592843568 1.303271558762675 0.6114214422431542 -0.5763660475015367 0.4303956581227251 -0.32973514504233203
1645455900.063276 0.342965178236571 2.0630976343641576 1.304189639906514 0.6127687385532495 -0.574574753925589 0.4301017716518603 -0.33074217996209665
1645455900.069955 0.34057973083600235 2.0564290787647983 1.3055756954291065 0.6136383928476166 -0.5756196054040634 0.42760056393055357 -0.3305561756863982
1645455900.0764842 0.34106675176133683 2.048944659407194 1.3042738592708234 0.6129339158146841 -0.5719057700240386 0.4302846271575865 -0.3347991973879482
1645455900.083076 0.33918967832175084 2.0416499587353387 1.3055220045162197 0.6144096641568881 -0.5718260609090101 0.4285859122322791 -0.3344091115814307
1645455900.089679 0.33827192407352064 2.0346355263158715 1.3054951624689786 0.6139737005073372 -0.5706216799608346 0.4286397105296327 -0.33718647946324565
1645455900.09628 0.3357083926596937 2.0274670299791953 1.3075451701703302 0.6158916590739992 -0.5715799295806624 0.4259426837043877 -0.33547929079524613
1645455900.102879 0.335389499404134 2.020768033959513 1.3072286819101542 0.6155174536376502 -0.5702763667799909 0.4255709427843364 -0.3388394632584796
1645455900.109478 0.3335019620120354 2.01362597224733 1.3085216337988865 0.616149886007508 -0.5708987893520985 0.42400587831222825 -0.33860382302214287
1645455900.116117 0.3327190085005402 2.0066088083755242 1.3088343010616623 0.6162728152240552 -0.5700372323114692 0.4232144614718078 -0.34081450696687066
1645455900.1227179 0.3321373392624807 1.9992853596007962 1.3086830506814278 0.6166560687253896 -0.5684897182241307 0.4225734903054683 -0.343490884144598
1645455900.129314 0.33051568233728945 1.9923817139905489 1.3096996111744172 0.6170691716107476 -0.5689571931759607 0.42109135493117283 -0.3437951472376724
1645455900.135913 0.3299904990276213 1.9854762283716123 1.3095436532772418 0.6165506689679076 -0.5685288487165053 0.42049493329165555 -0.3461557578395283
1645455900.142484 0.3298876867443823 1.9778685358361772 1.3090063893706139 0.6173574031739367 -0.5661545919453831 0.41952844419891505 -0.3497632662474282
1645455900.1491048 0.3286296576508507 1.9708585876671991 1.309866622738828 0.6177608018089006 -0.566288707399083 0.4188305406501788 -0.34967031610406735
1645455900.155724 0.3269733589479624 1.9635403580903803 1.3109331173810463 0.6189525969097077 -0.5666730743048554 0.4177072343891778 -0.3482808876535566
1645455900.162313 0.3261260220923504 1.956147955747926 1.311303989367064 0.6202947597490258 -0.5658604629971165 0.41598918477286057 -0.3492692457528233
1645455900.168884 0.3263081369687483 1.9490421221036052 1.3104603969416562 0.620198246630284 -0.5641798687517996 0.41602436124834125 -0.3521058478293668
1645455900.175471 0.32734871185291514 1.9413271076161385 1.3090275138487706 0.6199644307801747 -0.5604565789606536 0.41751278776770295 -0.3566724943012186
1645455900.18208 0.3255947765006126 1.934604351324041 1.310227169796218 0.6217874558439344 -0.5618275015584133 0.41425121249083585 -0.35514194231933477
1645455900.188681 0.32455958527065354 1.927181220648775 1.3108506363054766 0.6227154336450512 -0.5610839007212094 0.4150437906593649 -0.3537636122986581
1645455900.195287 0.3245679900670735 1.9200778528922529 1.3101614053319226 0.6229765561791224 -0.5599763434860979 0.41356718051064423 -0.35677520266653784
1645455900.2018828 0.32303179804152665 1.9126959301926723 1.3101595973420765 0.6233363820195191 -0.5596839119139884 0.4141393417297239 -0.35594097263049135
1645455900.2084942 0.3222442973573111 1.905167159126062 1.3100999778213311 0.6243210843470901 -0.5584784370541213 0.41414404005648003 -0.3561029595161266
1645455900.2151198 0.3218165951751135 1.8980634127442382 1.309852025331099 0.6245831455147179 -0.5578960223907705 0.4138207292809362 -0.35693123834067547
1645455900.221697 0.32135429772590446 1.8906196532159736 1.3096725087466028 0.625674731247751 -0.5566000982034596 0.4137857044143665 -0.3570832049882997
1645455900.228286 0.3212544115677522 1.883003008765655 1.3088952107483545 0.6267329882489976 -0.5546856004621452 0.4135673047206611 -0.35845689132872716
1645455900.234895 0.3208267751829128 1.8755946416554599 1.3086116383821422 0.627540429657654 -0.5538124540131417 0.4131734258811398 -0.3588482162722082
1645455900.241483 0.32062477574698733 1.867841461427639 1.3082896317978412 0.6294634616446292 -0.5520624754674163 0.41266547086231775 -0.35876136815622167
1645455900.2481 0.3202988589664988 1.8606331397814713 1.307611780899133 0.6301945227968064 -0.5514233069788465 0.41192210904044935 -0.359314717646034
1645455900.254687 0.32042013949054726 1.85326396174928 1.306694245224021 0.6306354121765668 -0.5499455244397166 0.41206477670806474 -0.3606399250419603
1645455900.2612941 0.3197741931786727 1.8461870466486008 1.306218175488341 0.6318224095678 -0.5501853839204138 0.41019626414187543 -0.36032661081926953
1645455900.267914 0.3198791775669032 1.8382954020611024 1.3054509629038453 0.6332112906489255 -0.5479278776827942 0.41052458687055676 -0.3609539918611544
1645455900.274528 0.32032490612725184 1.8306620074736202 1.3042336800168783 0.6343397593165891 -0.5458101433025001 0.409573463140488 -0.36325424866383665
1645455900.281118 0.3199237927511883 1.823643665740428 1.3034165529079995 0.6346063260622044 -0.5458516357251189 0.40889173324351163 -0.36349419007197176
1645455900.287696 0.32012465026700815 1.815746235373861 1.3027343185117852 0.6360200186689244 -0.5438413135732252 0.4092257612420206 -0.3636606442307659
1645455900.2942898 0.32035448931148164 1.8075990023611501 1.3022229090693116 0.6379574654167706 -0.5415034658045921 0.4092469267190751 -0.36373194524406477
1645455900.3009138 0.3210294504211627 1.7998087408892578 1.3006783771927513 0.6381920153663891 -0.538689658443186 0.4106259802193955 -0.365937774528259
1645455900.30749 0.32136722666111905 1.79249222704157 1.2995239047669358 0.6391259610209749 -0.5375250635784975 0.4090821342721557 -0.36774476712697324
1645455900.314097 0.3215823778163765 1.784912201431255 1.2984172287838551 0.6394824607913716 -0.5356628634160226 0.40985906436394787 -0.3689752444210681
1645455900.320688 0.3230555198365208 1.776620931411945 1.2973484011683905 0.6411738927748766 -0.5321036861178643 0.4109134303841507 -0.37001556373334427
1645455900.327306 0.32210966079131687 1.7688334974180777 1.2971108277674468 0.6422252046554733 -0.5313373773405372 0.41058732501281686 -0.36965533386371424
1645455900.333886 0.3211808152514576 1.7618692145828165 1.2972355357452896 0.6433753443091841 -0.5329720186288747 0.4087676670606065 -0.36731140309821125
1645455900.340503 0.3223608750633825 1.753937031197106 1.2958540862513994 0.6441009180728282 -0.5302241305128967 0.40873865991938924 -0.37003873386511915
1645455900.347126 0.324571606025123 1.745358932703632 1.2937920435133086 0.6443586702532831 -0.5248959344816629 0.4114372165483866 -0.3741727930130431
1645455900.353688 0.32469791176222906 1.7375941789839424 1.293132036890075 0.6452283954824227 -0.5244763233341829 0.41031959113090605 -0.37448947843533553
1645455900.360287 0.32507711958238394 1.729494977469855 1.292857024985368 0.6458710520618367 -0.522797445704019 0.4121504321660646 -0.3737180040972123
1645455900.373513 0.3255665451602193 1.7137629921397095 1.292195519259363 0.6474420026713099 -0.5214773121521785 0.4116925885632086 -0.3733484834140094
1645455900.380097 0.3256066259199947 1.7062240818334409 1.2915346622916994 0.6474701307512677 -0.5221919485824696 0.4105819202050299 -0.3735240144835688
1645455900.386675 0.32736412242341667 1.6979112138313186 1.2898768762163322 0.6467555710742497 -0.5191373400042759 0.41220445298249536 -0.3772143814243928
1645455900.393286 0.328376568309568 1.689425546718636 1.2894905047675937 0.6473303137821543 -0.5163700651657748 0.4143046250484261 -0.37772585806763276
1645455900.399877 0.32918307198104035 1.6810343168161632 1.2888510434581186 0.6478830934947503 -0.5147611868355025 0.41439122752662416 -0.3788771187021715
1645455900.4064791 0.3293819336194811 1.673357048493237 1.28896465496718 0.6483103016676366 -0.5149196033004189 0.4140126949621696 -0.3783446260587412
1645455900.413079 0.33049641052601764 1.6653583798574294 1.2881602993399606 0.6482719646207575 -0.5131679844253663 0.4139450482133631 -0.3808557772214868
1645455900.4263492 0.33156412867585927 1.6497417020760379 1.2878856433703714 0.6496268527122974 -0.5121282663843353 0.41241324988269035 -0.3816077810334779
1645455900.432877 0.3322716352491251 1.641632282708648 1.2879075883795723 0.6507835886170938 -0.5111658923221795 0.4116484564753779 -0.3817529089374976
1645455900.439476 0.3342812920858123 1.6334766125182623 1.2865024164028032 0.6513030105822891 -0.507949587036145 0.4097104145175392 -0.38720610402068567
1645455900.4527109 0.3360104286676109 1.6253855458323343 1.285812330588037 0.6520803162712283 -0.5056875066061884 0.40930250058910916 -0.3892846143926564
1645455900.4593039 0.3366699873707212 1.6175694978325024 1.2860504821386316 0.6533566197136391 -0.5050393898461865 0.40791226691268745 -0.3894452006434846
1645455900.4659111 0.3373937338111541 1.6099960348781541 1.2859624531729195 0.6548751379066865 -0.5052931223278833 0.4050681165619975 -0.38953413901246897
1645455900.472476 0.33751045709262995 1.601736237556934 1.2878749884033196 0.6585008803844725 -0.5044650990950138 0.403826535041628 -0.38576587991106265
1645455900.479075 0.3405312433082712 1.5940016168571864 1.2856680181741265 0.6586764192248491 -0.5007514852633005 0.4012084985775121 -0.39296920125800366
1645455900.485672 0.34170121681233223 1.5862991195778948 1.2858983701662765 0.6602132585478877 -0.5002117866519609 0.39981560076508155 -0.39249683413611997
1645455900.49228 0.3425049444218088 1.5783665031506227 1.286075699075313 0.6615651825960738 -0.49858498887280095 0.39882079612044996 -0.39330146130631405
1645455900.498868 0.34500570609024206 1.5699850363139038 1.286031996349488 0.6644032452996055 -0.4948635320711967 0.3971829011486894 -0.39487190067820493
1645455900.505472 0.34433190722381835 1.5631293123029542 1.2874546419900206 0.6664174545771426 -0.49708759269953173 0.3937664065718442 -0.39209609598069267
1645455900.512067 0.3476808861915336 1.554401067651795 1.2867045140770825 0.6684815804531955 -0.49181086132030044 0.39464863595803945 -0.3943433186877458
1645455900.51868 0.34897402924760645 1.5460016901771776 1.2871808273930676 0.6711862511326342 -0.48972556814939894 0.3946604656714655 -0.3923271445332996
1645455900.525279 0.34958770885643975 1.53918312285743 1.2880028931489438 0.6725201902648877 -0.4905238474207259 0.3915383986467363 -0.39217384302380254
1645455900.531893 0.35132904616318156 1.5307411862390288 1.288430140226511 0.6749005134177811 -0.4877292308822676 0.39247619956265767 -0.39062965767877533
1645455900.538477 0.34983072104500246 1.5227204051955023 1.291696155400655 0.6794313772879799 -0.4900243436961589 0.3896797452988278 -0.38262059161953876
1645455900.545086 0.35362164393094353 1.5155514359505058 1.2900904893176321 0.6791730664699158 -0.48573524590456113 0.38950590173557637 -0.38867714628775435
1645455900.55171 0.35491087996948883 1.507178309237645 1.2911124690733708 0.6818465025230663 -0.48390021812838396 0.38980408461959665 -0.3859771057796495
1645455900.558315 0.35395666178145246 1.499537997533931 1.2939439909164145 0.6855431075787435 -0.4859370715790236 0.3860036509331696 -0.3806527672867353
1645455900.5649111 0.35481244059047795 1.4925125875631087 1.2952722443153315 0.6870697873507211 -0.4861423951901452 0.38392277452255147 -0.3797415326854841
1645455900.5715141 0.35823352579858725 1.4846103914451385 1.2942489494594354 0.6872426184529564 -0.48155377728061316 0.38639408396698005 -0.3827568994536022
1645455900.578075 0.3600734968636363 1.4772617917410533 1.2949071341828189 0.6880656181589312 -0.47995367743705547 0.38635603837112464 -0.38332600957141355
1645455900.584679 0.36144559917183905 1.4696467531109558 1.2959682697879775 0.6898208742253332 -0.47812830667377837 0.3844941997439072 -0.38432331006114917
1645455900.591309 0.3625130674842775 1.4631873738723775 1.2969777231710724 0.6902545319517859 -0.4782976686024783 0.38197244081695947 -0.385845433344548
1645455900.5979142 0.36411293441354575 1.455422756201938 1.298036089102233 0.6912289053095044 -0.47611652940511956 0.3826639835918158 -0.38611348256967243
1645455900.604473 0.36561823942485555 1.4486403541653197 1.2991637739350699 0.6915660670346763 -0.4753004480053912 0.38134246941078626 -0.3878188490109423
1645455900.6110752 0.3672206977631797 1.4406705396166364 1.299938262691011 0.6927689120078202 -0.47341919804563243 0.3807668492909276 -0.3885381313769007
1645455900.617673 0.36865011867146197 1.4340327424375223 1.3008159328504427 0.6925781986154441 -0.47283172716361 0.3799505386444319 -0.3903878967452493
1645455900.6243122 0.37122964522252055 1.4262356512800205 1.3014702197031474 0.6927864206689349 -0.46933244405975055 0.38004276414148436 -0.394133341026533
1645455900.630912 0.3727310742037445 1.4190890765802697 1.3023937297811872 0.6933535621338374 -0.4684112662372262 0.37866381620374195 -0.3955566482457839
1645455900.637484 0.3746024133380077 1.411595167089568 1.3032244374417457 0.6935337929126931 -0.4667755331494945 0.378440255487246 -0.39738387939794595
1645455900.644084 0.3759052576843321 1.4049442868347257 1.3040770449794192 0.6929367316638982 -0.46700561641009325 0.37722158313601034 -0.39930922122869794
1645455900.6507158 0.37796910142994233 1.398038886149224 1.3045690183606464 0.69237293708331 -0.465932475281243 0.376206454601574 -0.402485889644666
1645455900.6573 0.38024615338875467 1.39038397049719 1.3050071927836457 0.692503620961381 -0.46363852038814113 0.37595369977822124 -0.40513775418565845
1645455900.6638799 0.3821100423115237 1.3835717494886672 1.3055438478346124 0.6916614639123665 -0.46311832565826183 0.37637945875298184 -0.4067728283315903
1645455900.670471 0.38398347883588074 1.376577562428627 1.3060791760977457 0.691622568071116 -0.4624999341764815 0.3744982695198018 -0.40927117952088643
1645455900.677079 0.3856421755905256 1.3697800569943372 1.3066475229146122 0.6915401389716639 -0.46225345624807185 0.37286526485198895 -0.41117522589812394
1645455900.683674 0.3875112631045724 1.362687889613746 1.3070785083413 0.691845194507301 -0.461694643984097 0.3711926773609214 -0.41280020563132824
1645455900.6902761 0.3899856076394853 1.3554833640732133 1.3072136487256096 0.6918096607146191 -0.45973867335391483 0.370956325397844 -0.415247747845009
1645455900.696836 0.3919747130728499 1.348561418622921 1.3074124831574214 0.6921685858580334 -0.4586494535829609 0.3692136174867094 -0.41740185810038166
1645455900.70347 0.3935636085334775 1.3422393088113467 1.307711080689523 0.691993578369923 -0.45911547789687734 0.368238028483161 -0.41804086169844235
1645455900.7100658 0.3959930596387014 1.335229267131509 1.3077069137689925 0.6922694676482386 -0.4565783993165546 0.36753536473651405 -0.42097094248008177
1645455900.716668 0.39818414375718947 1.327992432694907 1.3078746534144248 0.693178668258215 -0.4545703374285559 0.3663227548416107 -0.42270139739074925
1645455900.7232692 0.40033666220641373 1.3209818676750915 1.307901078555616 0.6940166819815894 -0.4525943508374766 0.36553896434356353 -0.42412274396655186
1645455900.7298791 0.40259129160145163 1.3140629561264052 1.3079963015544531 0.6943062845669843 -0.45130758661507625 0.3652369162956959 -0.4252785789704041
1645455900.736507 0.40407605041478095 1.3071269002761012 1.308088321196771 0.6955439901896044 -0.45051460691329254 0.36390984404485394 -0.42523454478098766
1645455900.743078 0.4062351167738802 1.3008141645192264 1.3075250319732905 0.6953771493184354 -0.4489499441710002 0.3645050331843412 -0.42665013894512904
1645455900.749675 0.40869258537548303 1.2932792358020115 1.307689828149283 0.697011561463329 -0.44601381199738616 0.36345019708246973 -0.4279604573469467
1645455900.756275 0.41074028347419844 1.286623260151304 1.3076064990877108 0.697218585912712 -0.4449169583772307 0.3631156575773917 -0.42904765891362007
1645455900.7628942 0.4127015645025722 1.2799149211487677 1.3071619101594556 0.6980558347628889 -0.44333567248954386 0.3619674890148759 -0.4302913134279887
1645455900.7694771 0.41526652541302067 1.2726753973712313 1.3067965275000895 0.6991609565892856 -0.43954194836125043 0.36184939921629433 -0.43248298023298876
1645455900.7760708 0.417390157171476 1.265972322868475 1.3065200612625445 0.6998116258513238 -0.4379903200841914 0.36101167318675953 -0.43370319394304846
1645455900.782675 0.41930289680035226 1.2594198561741259 1.306150771515147 0.7002756346252097 -0.4373768464097597 0.35958156104942723 -0.4347600576842877
1645455900.789273 0.42153959160595245 1.2522588198874343 1.3059177698732374 0.7017576012204068 -0.43527446279363763 0.3588829482448815 -0.4350576333233454
1645455900.795903 0.4236096125785203 1.245659836286868 1.3054732533833993 0.7019647552530909 -0.4342124448758274 0.35762451866514994 -0.4368173288708941
1645455900.8024719 0.42530870729820736 1.2391011812275372 1.3049236665907362 0.7021964986649208 -0.4327742072745375 0.3566824424482785 -0.4386386053836915
1645455900.809091 0.4278426482961928 1.2330865364495782 1.3044842948208326 0.7022518841111443 -0.4318261437262865 0.3544929289630937 -0.4412514122859591
1645455900.815674 0.4301670532124143 1.2249825498005131 1.3040275213651589 0.7039954687010895 -0.42850360678077953 0.3546614989453954 -0.44157658203249384
1645455900.822276 0.4324912000145962 1.2177152196884689 1.3036904804744336 0.7048985002601118 -0.4262175536472356 0.35450260452383403 -0.44247515823950173
1645455900.828907 0.43445519026873963 1.2114234398017425 1.3030299143527306 0.7047973229997894 -0.4257075282023649 0.35305560999384306 -0.4442805163050471
1645455900.835478 0.43696309182495263 1.2042805867742548 1.3025192570345976 0.7054473824137981 -0.4231679094067859 0.352616735619401 -0.44602011824038135
1645455900.842106 0.43895064380990856 1.1975898893437167 1.301851343598714 0.7057779410458079 -0.4215789643119314 0.3519270199126216 -0.44754414266468096
1645455900.8486788 0.44119586961673773 1.1919196190075683 1.301227200123779 0.7051240746236329 -0.4212389551504898 0.3503448682207996 -0.4501287872523735
1645455900.855309 0.44375962479616804 1.1836390803283727 1.3008218454889633 0.7072517267522683 -0.41704187624785105 0.3511800268836371 -0.45004798212654307
1645455900.861896 0.44630767352827416 1.1765024521886738 1.3002595512349433 0.7083829845892088 -0.41445236535482144 0.35065675334230967 -0.4510680552846961
1645455900.868487 0.4477920990692368 1.1698135725542382 1.29976774229965 0.7091978346813759 -0.41394087388941075 0.3490897844713424 -0.4514723511314258
1645455900.875077 0.4500514432687134 1.162819122277798 1.299093635545041 0.7101311560760658 -0.41162926976915815 0.34818981470217086 -0.45281174339738256
1645455900.8816772 0.45285995197325624 1.1555360183899845 1.298580681640796 0.7113513469046784 -0.40855976668571514 0.3480368668872166 -0.4537930981347849
1645455900.8882759 0.45506950797089596 1.1485217449871057 1.2980390604223118 0.712495269911896 -0.4067305505839071 0.34706274506715307 -0.4543872400632363
1645455900.894877 0.45784049032527424 1.141393339009068 1.2974488882805186 0.7138637235151296 -0.40399275846960103 0.3458500220298116 -0.45560490938486353
1645455900.901484 0.45930198971067043 1.134511436199044 1.297106057112192 0.7153201727250281 -0.40405533523702397 0.3437682230175777 -0.4548399667494342
1645455900.9080791 0.4619748705731473 1.1282967388873026 1.2963102739810093 0.7156172762174097 -0.40243036512476854 0.34186773311211305 -0.4572394000052602
1645455900.91468 0.46535245397627856 1.1193650518626206 1.2960010875049643 0.7184232035222932 -0.3975262789697732 0.34215855683679597 -0.45691140049262924
1645455900.921237 0.4677006443910832 1.112547175587684 1.2954615809325287 0.719482369057501 -0.39655543314462394 0.34044230990128754 -0.4573701479421538
1645455900.934547 0.47249416752539947 1.0979561988100845 1.2945172640954263 0.7222561052843941 -0.3938986688421317 0.33693512997518027 -0.4578911230326214
1645455900.9410932 0.4747235178508645 1.090449390138969 1.2950549184954914 0.7246723517834991 -0.3927028814165012 0.3360090997361131 -0.4557761826182198
1645455900.947673 0.4771849166333284 1.0835020927059011 1.2944660755548516 0.7253926449735555 -0.39211093203089864 0.3342724940508004 -0.4564165928471025
1645455900.954283 0.48113773278707417 1.0759601312707767 1.2931713493538022 0.7256154440916008 -0.388653781720799 0.3334470447028509 -0.45961211098545107
1645455900.960879 0.48282087483711394 1.0686214467395732 1.293879755018387 0.7280843328155574 -0.3889132105815993 0.3318559588917891 -0.45663008918453035
1645455900.967516 0.48682637193981265 1.0613142492302892 1.292406804324275 0.7278735734352437 -0.3855307071432014 0.33112427326614485 -0.46035054302782336
1645455900.974087 0.4885686775326177 1.0540883285935703 1.2931781651104617 0.7303476242128438 -0.3855927215150978 0.32944451668982005 -0.457576865494885
1645455900.98068 0.4912815089376485 1.0468683858910321 1.2930109392524194 0.7320087105217599 -0.3840368640448129 0.3277271739500693 -0.4574642450226664
1645455900.9872792 0.4940651962721137 1.0395375344989963 1.29285525637089 0.7337715404351071 -0.3819723509225982 0.32581069556137854 -0.45773750715411604
1645455900.993877 0.49693602869304254 1.0325381106270637 1.2925758645133647 0.7352680581923787 -0.37978372486352613 0.3237101192325659 -0.4586465857033789
1645455901.00048 0.4993768492654919 1.0268429541435873 1.2922898026037548 0.7353670254639155 -0.37956454991254557 0.321570721644277 -0.46017171398370105
1645455901.007083 0.5024797651023164 1.0187726385847893 1.2925361164553157 0.7381252822303102 -0.3756251830012281 0.320741473167378 -0.4595664814124495
1645455901.013684 0.5054525598162616 1.0112489739202648 1.2923276370458543 0.74003780515954 -0.37304644925026476 0.3193075833323897 -0.4595896996621636
1645455901.0202858 0.5087071450799456 1.004008174822783 1.2923546059625841 0.7422248580558772 -0.3692868567232025 0.31782272472645073 -0.46012829611698675
1645455901.026871 0.511625735139303 0.9971656364528998 1.2922047514376356 0.74348492972535 -0.3670221316637683 0.315998136688697 -0.4611611549803503
1645455901.03349 0.5146100599453053 0.9898510991338499 1.2926563564000055 0.7459122720675498 -0.3641254264339222 0.3145167984273189 -0.4605502642218862
1645455901.040114 0.5174336747130818 0.983074006378036 1.292701854601697 0.7473795919053102 -0.3622958014713423 0.31266995680485665 -0.460871746476996
1645455901.053313 0.5228050220290896 0.9694520860577726 1.2929817250320932 0.7496794866672585 -0.3594190823242026 0.3095123452417475 -0.4615196153541881
1645455901.059916 0.526736919658097 0.9628127044501076 1.2927009830785738 0.7509393011084748 -0.3556561994424287 0.3068585082442277 -0.4641510788411429
1645455901.073092 0.5301419779669039 0.9559468572039516 1.2927269580311906 0.7519790898316336 -0.35284904760758745 0.30560306392196157 -0.46543675615822516
1645455901.0797398 0.5361803118246642 0.9432127619573267 1.2931260145609054 0.7548646729413611 -0.34938842004387727 0.300736719113412 -0.46654477822023316
1645455901.092879 0.5393179413458618 0.9365371218441261 1.293627927519029 0.7568455758313873 -0.3469850148360144 0.29857833838953013 -0.46651570447877455
1645455901.09954 0.5459686389627948 0.9236302803242541 1.2942019285030268 0.7594121320719392 -0.3424344282894394 0.29530102000282354 -0.4677915855849599
1645455901.112681 0.5491250703883682 0.9171326070056167 1.2947265338587433 0.7611087542718035 -0.34028989822328126 0.2937674901339866 -0.46756441771081014
1645455901.119286 0.5527460425696944 0.9104244192710373 1.295062035824837 0.7617057523040666 -0.3378572452920354 0.29434519421893385 -0.46799290299916463
1645455901.1258812 0.5561582579905299 0.9045095197865206 1.2952333500716078 0.7626062325637349 -0.3358657713690286 0.2920916607253652 -0.469369800578967
1645455901.1324759 0.559488273929368 0.8982004351628828 1.2956568484919737 0.7636412570217364 -0.3340377939082646 0.29069304211570934 -0.46985961197891
1645455901.13907 0.5628731632941502 0.8916976329324882 1.2963625957553817 0.7652077465952124 -0.3320547716951678 0.28964305730656253 -0.46936483805845614
1645455901.1456761 0.5675939812365163 0.8853957503588858 1.2957117661814428 0.7647235543280936 -0.32840865113099116 0.28870720494964436 -0.4732794856593457
1645455901.152272 0.5708621891782414 0.8795142609706259 1.2961740931331134 0.765243092049797 -0.3275956854374973 0.28800914608428796 -0.47342828249377866
1645455901.1588778 0.5736022598526551 0.8731196861616228 1.2975454638166941 0.7670333206697779 -0.32716232230002856 0.2865696445518004 -0.4717012740936126
1645455901.165519 0.5778618055961613 0.8671829151860242 1.2971334478550443 0.7663455720078454 -0.32517988004765036 0.2856318113123297 -0.4747489049672741
1645455901.172092 0.5814568017086013 0.8612041837077911 1.2975421950704276 0.7667159324179814 -0.3240250718358586 0.28451243178126606 -0.47561185588989197
1645455901.178686 0.5844485977995331 0.8549651177879548 1.298603085062643 0.7678683777193324 -0.3237447172453936 0.2832494771008544 -0.4746967311908814
1645455901.185289 0.5886385466123527 0.8489963953204436 1.29859734806614 0.7679917741368948 -0.32200313005082837 0.2808302024121903 -0.47711282494708557
1645455901.191882 0.592667437379089 0.8432539899451568 1.2986426330415612 0.7678572296846456 -0.3208031970754562 0.27961003146464203 -0.4788513335757268
1645455901.198542 0.5954926627981456 0.8373288589115737 1.2997208462387078 0.7686884444290871 -0.3213154252515296 0.2768770778894775 -0.47876221611504294
1645455901.205127 0.5992870010363333 0.831720287908314 1.2998243242507372 0.7684056596790383 -0.3208710812425769 0.27498508939244243 -0.4806009707714106
1645455901.2116952 0.6035291137531631 0.8256954896793931 1.2999832652624275 0.7687281468172071 -0.31914751012966597 0.2729867576007386 -0.4823689336203836
1645455901.2183192 0.6069289720764205 0.8199674123014558 1.3005817074140864 0.7690621135083674 -0.3192918451620647 0.27125427923708506 -0.48271818136376454
1645455901.224891 0.6105437392041395 0.8142220394388141 1.301019058120957 0.770078633945916 -0.3186448521447518 0.26845047776551767 -0.4830925282894719
1645455901.231531 0.6145906440601344 0.8090003487012221 1.300850200355001 0.769976962406122 -0.3174027261060068 0.2650655887745254 -0.48593289843001963
1645455901.2380958 0.6185712464937348 0.8027965463805322 1.3013490633815192 0.7712917979268915 -0.3158723245787443 0.26343221359596486 -0.48573315394232314
1645455901.2447202 0.622794766909471 0.797293271509227 1.3013005287118466 0.7714912064818691 -0.3148250012053123 0.2623582835247991 -0.48667692323638795
1645455901.251332 0.6271505941051472 0.7919993371440857 1.3009483093790364 0.7710683696710102 -0.31309836998378565 0.2613153025697749 -0.48901645796637183
1645455901.2579079 0.630857971990666 0.7858535142931851 1.3015476538642319 0.7732786565073577 -0.31181185013385737 0.2594649572006536 -0.4873306023712029
1645455901.2645278 0.635107912485518 0.7801401898016286 1.3015908090861714 0.7741715138669494 -0.3099862069148189 0.25775415632953824 -0.48798515606660975
1645455901.271085 0.639597731157542 0.7749312635058833 1.301348610726143 0.7745518082926407 -0.30811640707261934 0.25804041146401874 -0.48841425574960884
1645455901.277697 0.6438233761424915 0.76949271615075 1.3010480039414012 0.7747033388480412 -0.30608375634474694 0.25623328291189756 -0.4903995050017097
1645455901.2842932 0.647860601332611 0.7638049639455422 1.3012545649567955 0.776259120728057 -0.304514402804215 0.25587505254107507 -0.48910172707233496
1645455901.290895 0.652053694018055 0.757666968643539 1.3015721439967116 0.7787817664435739 -0.3012679783016527 0.2538290615188854 -0.4881670527610028
1645455901.297516 0.6566260437973559 0.7525014925208233 1.301109429500408 0.7789144215373246 -0.2994583946204903 0.25436676346130616 -0.48878836461380804
1645455901.3041 0.6608485958514142 0.746897148970995 1.3009992951680462 0.7797983012175213 -0.2975442436708388 0.25324424871052387 -0.48913097486168045
1645455901.310729 0.6655380443731916 0.7415018162025004 1.3005583232792477 0.7806312490784517 -0.29419355296096306 0.25127708439056473 -0.49084072744934526
1645455901.317292 0.669450765564811 0.7360249752189374 1.3004768001136224 0.7815062384994165 -0.29341414565091917 0.2514850633750498 -0.4898071779648736
1645455901.3239129 0.6739058745884824 0.7308850888521905 1.2999037513280183 0.7816236153250457 -0.29163463215070234 0.2510609649226776 -0.4908990634870782
1645455901.330492 0.6780376969550667 0.7256357151219435 1.2996902837550486 0.78228364446995 -0.29046178068421336 0.25018259034136947 -0.49099154404936673
1645455901.337093 0.6824393097713591 0.7198236349495473 1.2991843583294993 0.7824896561275252 -0.28873254664115117 0.2501845168705195 -0.49168171558087265
1645455901.343694 0.6875576715921672 0.7153625056804751 1.297830873695883 0.7818197764452441 -0.285660274002506 0.24784820566288532 -0.4957086382799675
1645455901.350323 0.6911406614662052 0.7096921468180096 1.2983212145538132 0.7833755331143527 -0.2849451363866154 0.24722785839806583 -0.4939706136163271
1645455901.356894 0.6957484544127767 0.7036637117535365 1.2977449187694199 0.7841870211945421 -0.28199559269394403 0.24626836919923153 -0.4948542796873495
1645455901.36348 0.7001057454705184 0.6983794789729422 1.297306371736 0.7846619007679457 -0.28010640368141027 0.24384162232215756 -0.4963738641159472
1645455901.3701289 0.7053272777669931 0.6939436219772148 1.2957963719845405 0.7827706181611925 -0.2785599571703391 0.24447930022769698 -0.4999038863667062
1645455901.37669 0.7089647160918615 0.6878481576085196 1.2965372130805972 0.7848458110984894 -0.2779038094494029 0.2435108019425872 -0.49748235586310685
1645455901.383281 0.7132865532205005 0.6823369269861435 1.2955358134615877 0.783951935915898 -0.2774435467307211 0.2447347886213062 -0.49854683734313865
1645455901.389915 0.7185234837469621 0.6764344740040429 1.2946130595226208 -0.7840659993868786 0.27421592076142914 -0.24290784316130606 0.5010402653146138
1645455901.396481 0.7233157919536909 0.6724440986691813 1.2939719723488172 -0.7837917381320723 0.2732914151399345 -0.24176283212726782 0.5025260361505113
1645455901.403074 0.7277468769612335 0.6660363740382806 1.293770057816991 -0.7847837807491906 0.27171454478225043 -0.24239897192440393 0.5015255655810241
1645455901.4096808 0.7337640858305002 0.6604965041904335 1.2923405817200753 -0.7849720971058299 0.2669726891690622 -0.2390893616581097 0.5053514959175984
1645455901.4162738 0.7375918202587282 0.6567613084995367 1.29138311823665 -0.7833178827406642 0.26868858321934214 -0.23895428012464298 0.5070699792148199
1645455901.422925 0.7424719332165559 0.6500727849747083 1.2909391284188203 -0.7843510697981193 0.26620762611480725 -0.23790766534714522 0.5072735396962641
1645455901.429473 0.7479385904350879 0.6456442378753455 1.2900038165105856 -0.7845405187322195 0.2637851152662733 -0.23531670594328827 0.509449902071309
1645455901.436102 0.7521975563807126 0.640606882885749 1.2895670028089186 -0.7846584148128112 0.2641446674271276 -0.23462061987510824 0.5094030176042353
1645455901.442671 0.7575443885530992 0.63536864190548 1.2884917560733378 -0.7845819545683377 0.2613578968895479 -0.23370201173332286 0.5113765274706803
1645455901.449287 0.762303274585424 0.6292515833892035 1.2882841623318617 -0.7866147835634926 0.25849463130086864 -0.2330591655202814 0.5100004536219936
1645455901.455883 0.7670029150285919 0.6238587153607313 1.2877919583034059 -0.786799146666481 0.25762547880446957 -0.23407769882551807 0.509689416078708
1645455901.462484 0.7713782719605565 0.6177990133288701 1.2888586255561103 -0.789703464832139 0.25694664882127694 -0.23368149734623814 0.5057065871141783
1645455901.4690838 0.7767424956559761 0.6141070045518372 1.2865669579146581 -0.7875565534246176 0.2557060104942191 -0.2319860672784313 0.5104421299443713
1645455901.4756842 0.7821681428543068 0.6084324845166846 1.2861295685815943 -0.7884951717280277 0.2523321440937779 -0.23212921399496547 0.5106067469396716
1645455901.4822779 0.7871862161349089 0.6020976077332614 1.2861861613077672 -0.7900704114234554 0.2507939596053103 -0.23285940226469032 0.5085932021508947
1645455901.488908 0.7848748920100558 0.5949925420587399 1.2901726462168563 0.79541396997735 -0.2617271265391331 0.23547343624018327 -0.49332289650552325
1645455901.495492 0.7985024889652446 0.5926536798971416 1.2842107997136947 -0.7905160783323253 0.2447628035958683 -0.23097386184641852 0.5116894568924832
1645455901.502121 0.8039854091194546 0.5865092232723391 1.284264243882877 -0.7925249018661595 0.24183863438581543 -0.23140856238041776 0.5097723295765507
1645455901.508716 0.8082782624263969 0.5821452877182371 1.2841683095391536 -0.7931845753407772 0.24201629960975937 -0.2301455877976117 0.5092336396924014
1645455901.515327 0.8145995880352159 0.5758156925710031 1.2840058886788237 -0.7949709290331537 0.23774331281006883 -0.23083262830763465 0.5081486564108039
1645455901.521882 0.8194922265066531 0.5710539516543318 1.2836046779965637 -0.7956136082524262 0.23644998418214672 -0.2275987340117726 0.5092038940776248
1645455901.5285199 0.8172405648401821 0.5621905415831396 1.2892909183425774 0.8027006904184572 -0.24808397251281877 0.2340747503502369 -0.4892184503433469
1645455901.5351171 0.8309857165935862 0.5607420831075094 1.282640296215912 -0.7960671725474687 0.23233377413715228 -0.22795066101517497 0.5102314191004493
1645455901.54169 0.8354919088393531 0.5542763928667854 1.283694501702558 -0.7983126752600853 0.2329039609853991 -0.22843363384810156 0.5062312453357226
1645455901.5482829 0.8401593891869609 0.5487057500932653 1.284346681652659 -0.7999322397158345 0.2328994552870612 -0.22939852225409563 0.5032317044113482
1645455901.5548842 0.8476873128406635 0.5437880038142187 1.2836504406202625 -0.8001795886506448 0.22745351212234707 -0.22695333563289855 0.5064279454386758
1645455901.561478 0.8531565740924222 0.5391132431674752 1.2830958780117412 -0.8000093295321367 0.22709090153111486 -0.22612505273693134 0.5072296432175613
1645455901.5681229 0.8564285562936829 0.5331940016075749 1.2846351176535455 -0.802290458899009 0.23041936024603538 -0.2256739738807795 0.5023022849254042
1645455901.57472 0.8649360217752347 0.5298327612868756 1.28200605545967 -0.7990987235551434 0.22433734729257776 -0.22300673575095548 0.511254857618842
1645455901.5812852 0.8685634086598809 0.5228391417264234 1.2848080770234638 -0.8037375992670324 0.2262661968990572 -0.22284437285990916 0.5031393851185405
1645455901.587919 0.8739355113849986 0.5173775289955361 1.2852881578123458 -0.8049020378033905 0.22554364653086714 -0.22134071657195103 0.5022653013460813
1645455901.594482 0.8804274213189055 0.5135311282941563 1.2847108306898791 -0.8046988357163337 0.22207506715970815 -0.21914844747751117 0.5050898833472696
1645455901.6011012 0.8854757015427196 0.5072507191518104 1.285902770559339 -0.8063149594556875 0.22249851943877322 -0.22000109451798525 0.5019457190435432
1645455901.614366 0.8984452934533008 0.49774173951061096 1.286397755122283 -0.8073405317534335 0.2157351815379749 -0.21653613776460012 0.5047486467977234
1645455901.6208901 0.9018959695442776 0.4921692278263524 1.2876142377322672 -0.8081627235499517 0.21908830812949134 -0.21768188384370482 0.5014851545521141
1645455901.627518 0.9097607446227092 0.48808589550875703 1.2869022566136545 -0.8076012309435683 0.2125690032193859 -0.21512345193944485 0.5062766714844105
1645455901.63409 0.9151650801943977 0.48275972193760225 1.2877401398290989 -0.8083243448942903 0.21134093021927114 -0.21538777610578227 0.5055238586273958
1645455901.640682 0.9187130492015367 0.4770125873968263 1.2890961022081866 -0.8094306020281375 0.21444384972442965 -0.21531924751690093 0.502467062007817
1645455901.647296 0.9263325330800951 0.473437671062572 1.288471077241731 -0.8081466256183575 0.20834713382816497 -0.2133292253378034 0.5079179948286177
1645455901.653887 0.9296566146469329 0.46799890349016815 1.2893308509018684 -0.8075481767799403 0.21242384371743195 -0.21504897098281825 0.5064539615523185
1645455901.660494 0.9348444727805317 0.46241300985133793 1.2909139038665187 -0.8097593678358971 0.21084514723671532 -0.21371941599974076 0.5041404928539418
1645455901.6670752 0.9427659106433813 0.4589851616979095 1.2905013968322754 -0.8082716108230856 0.20567026092454152 -0.2117701467529473 0.5094601863906406
1645455901.673676 0.9456749541519441 0.45306867044596094 1.291855492449184 -0.8093937609771582 0.2086922962252187 -0.2120930452591146 0.506305565753613
1645455901.6802838 0.9529234058926617 0.44938959021537883 1.2915691094033084 -0.8085061134333152 0.20371936230603546 -0.20979537690261887 0.5106875098224981
1645455901.686891 0.9583574134606909 0.4448026772007868 1.2921892944641598 -0.8086670127510734 0.2026344000513372 -0.20784742770424713 0.5116599553006611
1645455901.6934762 0.9613529539440774 0.4392535625856057 1.293662010753822 -0.8101056126951255 0.20583872007598217 -0.20774203487183135 0.5081359542039114
1645455901.700077 0.9689279783339926 0.4357113693346387 1.2929929499244688 -0.809191804346963 0.19937153056814222 -0.20364748814587377 0.5137966149374116
1645455901.706688 0.9717565506826665 0.4304628456469374 1.294423977943115 -0.8099187202280733 0.203732350811868 -0.20451294929469505 0.5105866201612158
1645455901.713312 0.9769430770298582 0.42601222012010315 1.2948542634749969 -0.8099241711401209 0.20268914819319678 -0.20294566251572665 0.5116174823037348
1645455901.719887 0.982871032749661 0.4220064930186071 1.295682985209708 -0.8108145003933414 0.1998210656106633 -0.199920971166661 0.5125256082152194
1645455901.726474 0.9874516107740312 0.4167172585538822 1.2962984081240065 -0.8111824569325587 0.20026885922043033 -0.1994345990810069 0.5119576452521789
1645455901.733081 0.9928666579330347 0.4131975646094205 1.2959016115270474 -0.8095432773339525 0.19870901201108343 -0.19775567280981898 0.5157970768160451
1645455901.746345 1.00392584082701 0.403941828259335 1.2973373504088832 -0.8113728893295952 0.19493025518283075 -0.19509496664807854 0.515377294199655
1645455901.7528808 1.0094081951795433 0.39937010554452906 1.2979202605141587 -0.8115942613809899 0.19364466334832314 -0.19470447660846377 0.5156608276512119
1645455901.759474 1.0148876798017643 0.39488386946364373 1.2984763560119577 -0.8119143539844048 0.19250384005988566 -0.19415873449210885 0.5157900301957234
1645455901.772678 1.0206801952769315 0.39156342033954494 1.2976110221084194 -0.8100822799412722 0.19110828494342785 -0.19253419975639968 0.5197831072449816
1645455901.7792718 1.0253930141074918 0.38614183854725836 1.299420488901739 -0.8127119110318709 0.19120977863653923 -0.19226344411579707 0.5157252310137017
1645455901.785876 1.0312559997008701 0.3831750740124204 1.2983860757696932 -0.809834612813877 0.19013465637248983 -0.19235973873188558 0.5205900028264985
1645455901.7924669 1.0367818251365701 0.3782977697613583 1.2986604305459264 -0.8103090255725707 0.18853608213446538 -0.19201442009704012 0.5205606565545445
1645455901.799078 1.0428629517307688 0.37434749802433975 1.299065946616641 -0.8110437343689955 0.18591454013201514 -0.19005049383111514 0.5210797851696808
1645455901.805702 1.0479451705306881 0.3700566647636198 1.299144643892653 -0.8113727960051659 0.18518029700643723 -0.1882401532796604 0.521486074258811
1645455901.812307 1.0534398444309654 0.3654406559221366 1.2995943195632902 -0.8128316492877778 0.1828855127578938 -0.18522956362735488 0.521101872833033
1645455901.818895 1.0590988044766827 0.3610707124602166 1.2992327150176812 -0.812183308482547 0.1818074079842121 -0.18564385384331414 0.5223411166291119
1645455901.825505 1.0646806182419286 0.3573533611664657 1.2989942946988422 -0.8122117252382657 0.1800409483777681 -0.1831028827119999 0.5238035344966372
1645455901.8321002 1.0712040224262673 0.35310980555675753 1.2988964253221231 -0.813100364743625 0.1755644878476426 -0.17914611199650257 0.5253104677200331
1645455901.838702 1.075290697087327 0.3483518112775304 1.2992677816081843 -0.813633202803312 0.17725262998410582 -0.17902802717248162 0.5239570323799961
1645455901.84528 1.0803696072076834 0.3432830594416052 1.2996099707313313 -0.8152671063414849 0.1761493918480953 -0.17652069069487256 0.5226384873626643
1645455901.8518798 1.0863107505472156 0.3387992454065579 1.2994072123835667 -0.8157553668292256 0.17339497107536125 -0.17446954089873437 0.5234857290478269
1645455901.858473 1.0930821117002942 0.3356978621356351 1.2981188710804852 -0.8142298931558771 0.16973514071657697 -0.1715971033726141 0.5279902953031238
1645455901.865124 1.0965050316602771 0.33023768782998997 1.2989486247399962 -0.8160099273351195 0.1726137254412702 -0.17171336818188926 0.5242579883859776
1645455901.871677 1.1019076185172532 0.32582636779975294 1.2983479583803974 -0.8153091600404774 0.17226885295874103 -0.1713261764947331 0.5255866717487173
1645455901.8782752 1.1078822674447333 0.32146194880030554 1.2980946134704627 -0.8157624612454913 0.1694637852844816 -0.17055979434097954 0.5260442834155914
1645455901.8848698 1.1136568133074376 0.31729529311357235 1.297424585069458 -0.8152720683533362 0.16790828482793724 -0.16948861033259002 0.5276469493284227
1645455901.8915148 1.1191708426422633 0.31319235923936894 1.296282262282317 -0.8139666465083858 0.16686488158219506 -0.16973417187847845 0.529909806448429
1645455901.898078 1.1241393569093099 0.30830620448042745 1.2967247786818286 -0.8160624496672043 0.16619575575153034 -0.16811083229255877 0.5274083009403862
1645455901.904719 1.1302931693373384 0.30415620964129503 1.2957120884342923 -0.81513333057493 0.16390163606481511 -0.16751185732743734 0.5297482084556892
1645455901.911309 1.1359376442396096 0.29892423157146175 1.2962052578925096 -0.8174986109906176 0.16193981106738536 -0.1658017242665539 0.5272389158118234
1645455901.9179242 1.1423809415021202 0.2947919860368876 1.2952170276028354 -0.8173978019457911 0.15843782564268363 -0.16380488891418213 0.5290801656607154
1645455901.924515 1.1473850282023954 0.2906299793297268 1.2942070884225163 -0.8162570520575322 0.15874242102939545 -0.1637359046065584 0.5307686608965532
1645455901.931083 1.1529460000546465 0.28555532484540014 1.2944350113679721 -0.8183886083533646 0.15686238603613656 -0.16162595167344976 0.5286879652518481
1645455901.9376771 1.15813069666039 0.28104391762992875 1.2938232836215038 -0.818414606039453 0.1565887164526433 -0.16027942680896062 0.5291385882524716
1645455901.944302 1.1642343242140791 0.2767887595321319 1.2927323497311616 -0.8177496930724623 0.1543525604614112 -0.15860061530082384 0.5313248482566739
1645455901.950876 1.1697597448725587 0.27198153596199587 1.2924830278705117 -0.8184447831772741 0.15355917007959183 -0.15705744398722576 0.5309427895494817
1645455901.9574752 1.175829492881605 0.2668943324542886 1.2925696014199328 -0.8204959137367969 0.15100485355055052 -0.1541932835335816 0.5293467496691423
1645455901.9640698 1.180899683304918 0.2620989094486508 1.2926294722569747 -0.8213092143643933 0.1508725029473907 -0.15284501474921788 0.5285135401393887
1645455901.9707258 1.1885258860028864 0.25852447268581547 1.2909150247724852 -0.8193582232066658 0.14606427893528634 -0.15201574918746352 0.5331117723353961
1645455901.9772968 1.1929442023244479 0.25265310399020857 1.2913949911645553 -0.8217270792208169 0.14649968188788084 -0.15102335418178356 0.5296167669468436
1645455901.9839182 1.1991127964465482 0.2483503616273196 1.2912136535542103 -0.821869570375577 0.1442993929328774 -0.15031533445232717 0.5302009516542855
1645455901.990477 1.2065267227439764 0.2439940728656609 1.2901719398084333 -0.8210749607088875 0.1399405027922943 -0.14989943827081945 0.5327121478009734
1645455901.997097 1.210464169872246 0.23848526575599469 1.2908308728533233 -0.8225794935230754 0.14187386289905907 -0.1510741217532129 0.5295385263482962
1645455902.0036778 1.2170532971739847 0.2339109484424664 1.290435192982296 -0.823034410072217 0.13807457003990203 -0.15001731796046153 0.5301359213552072
1645455902.01028 1.2222710915296802 0.22949498720624553 1.2900394788816951 -0.8225876494886274 0.13843230123168573 -0.14999522615923702 0.5307420717556834
1645455902.016881 1.2313195572857623 0.225226018312367 1.289920776225229 -0.822789337639867 0.12985820823092653 -0.14911213925760927 0.5328412805342931
1645455902.0234802 1.236385863879583 0.22045374878292695 1.2895354196016318 -0.8226153114931558 0.13001373571219116 -0.1500084771410706 0.5328203099113301
1645455902.030095 1.241737831430597 0.21514261848547445 1.2901527706607354 -0.8239913373505824 0.12915350007666077 -0.14930985144701844 0.5310968021437965
1645455902.0366862 1.2497279254612912 0.2112161670288713 1.289647699045537 -0.8231499145935355 0.12421624696565228 -0.14819932127241606 0.5338829546925646
1645455902.043275 1.2541855503050845 0.20567154835437343 1.2905289755098384 -0.8251640380820918 0.12539512253330676 -0.14736471090844802 0.530719862061461
1645455902.0498838 1.2604511928279492 0.20107466956734263 1.2904406411317035 -0.8248646130012484 0.12362141681142313 -0.14678656346500635 0.531760583434497
1645455902.0564759 1.2673250437065828 0.19682289713013434 1.290457877985641 -0.8242293208285172 0.12163082174373628 -0.14703720592329442 0.5331338124500794
1645455902.063083 1.2747188246989851 0.19266907134931982 1.2905511700337684 -0.8243664753079891 0.11799522854498952 -0.14590908919447035 0.534047982687924
1645455902.069675 1.2798423095605667 0.1873508405960307 1.2913680597454313 -0.8253591253322139 0.11826763417201462 -0.14425129970781267 0.5329037034140462
1645455902.0762858 1.287783719351401 0.18360703645710913 1.2913093814021679 -0.8245686415834005 0.1140165386234355 -0.14280568312329084 0.5354370701768204
1645455902.0829172 1.2920622710273872 0.1785290802299879 1.291914872138887 -0.8251588684814191 0.11641942531294895 -0.1426357670951898 0.5340543494127349
1645455902.089487 1.2999369274782036 0.17495261161451078 1.2918861725407933 -0.8239480611271832 0.11295460547488746 -0.14194714814218043 0.5368439998651919
1645455902.096076 1.3066892712796556 0.17123340785400668 1.2913156933644068 -0.8221633599498064 0.11076280033666577 -0.1408799886976577 0.5403069485207718
1645455902.102725 1.3119409387400371 0.16598672068230516 1.2925395723052209 -0.8240426084539602 0.11058310894199398 -0.1391516165188795 0.5379233041923746
1645455902.10928 1.3189990488049992 0.16229457828774282 1.2923255301653673 -0.8226398291404755 0.10748519527628313 -0.1379720820938524 0.5409934615284816
1645455902.1159308 1.324851362985958 0.15730548935766525 1.293766114989014 -0.8251010248988551 0.10616072739546244 -0.13462629980695023 0.5383433802877541
1645455902.122524 1.3310936388289971 0.15356400600174666 1.2938744154266197 -0.8244782976396599 0.10423122681693076 -0.13222094724001018 0.5402670746142769
1645455902.129117 1.3378212581190674 0.14967563458910138 1.2941736578985168 -0.8247420778309814 0.10138837417637518 -0.1301563374774682 0.5409065249981388
1645455902.135712 1.3455205214518813 0.14647335161930553 1.2940706919864042 -0.8232461889999705 0.0965673268906945 -0.12786678449643799 0.5446008485199008
1645455902.142323 1.351373011360961 0.14223576511734612 1.2950287268308152 -0.8246736086814269 0.09525813020246189 -0.1265686707517159 0.5429727885181921
1645455902.148872 1.3573461752121645 0.13860111901539973 1.2954392729959467 -0.8257940796764567 0.09286855817711395 -0.12246408928637582 0.5426248495911467
1645455902.155485 1.3646254627059966 0.13465594202763218 1.2961656229324177 -0.826092332834535 0.08945093858845697 -0.12217713260941646 0.5428096269862568
1645455902.162109 1.3712466917375183 0.13106795267073068 1.296617722666122 -0.8264048860316717 0.08666276986485034 -0.12114790961565888 0.5430168051074581
1645455902.168709 1.3775689794708477 0.1275960702035759 1.2972223605899895 -0.8272712470620511 0.08416884062216057 -0.11929776372597653 0.5424992588553877
1645455902.175318 1.3843205679887967 0.12369613762789619 1.2980773958466336 -0.828417669954995 0.08138074005257682 -0.11857945146118284 0.5413316036758138
1645455902.181921 1.3901670666651322 0.12064103994720132 1.2984869400439047 -0.8293475186500673 0.07912757129347686 -0.11551180683557132 0.5409048931627739
1645455902.188514 1.394735019282719 0.11777855681094235 1.298844337713848 -0.8294834375930312 0.08087594640580952 -0.1190793397819574 0.5396629611239839
1645455902.1950788 1.4026100293863706 0.11369533383050956 1.2997436350425042 -0.8304837556235459 0.07698260117573955 -0.1180612066567623 0.538916997473346
1645455902.201683 1.4090600276533745 0.11025919945858509 1.3003611723413624 -0.8313770352546239 0.07500915017321759 -0.1174091091931405 0.5379595678146468
1645455902.20828 1.415526904864756 0.10712891716876269 1.3008359465373225 -0.8320445461097679 0.0728592387881275 -0.1161403272594625 0.5374984391829164
1645455902.214918 1.422912301255623 0.10405792926302482 1.3009960391759732 -0.8325213030951559 0.0689721212521812 -0.11204345844203224 0.538142286234968
1645455902.221521 1.429219773393374 0.10056555210584844 1.3019618013442342 -0.8338291965268337 0.06725390259525713 -0.11124283660946621 0.5364982489476892
1645455902.2281148 1.436347503246727 0.0975897198517379 1.302545982273686 -0.833977115108584 0.06477194875741306 -0.11100189293259653 0.5366237752652433
1645455902.234689 1.4427664275025764 0.09446412484303726 1.303150551549112 -0.8351817480524948 0.061870114240405914 -0.10746516055278986 0.5358120266883916
1645455902.2412748 1.4498669236391937 0.09144714530210643 1.3037796962488852 -0.8353170163673096 0.059690771920147094 -0.10729586038961685 0.535882232915849
1645455902.24788 1.4559723694171955 0.08898733521555566 1.3039117664475093 -0.835766457783778 0.057507072250113804 -0.10321376293235417 0.5362220104247486
1645455902.2544792 1.4609520882511222 0.08672680324801799 1.3043369398220575 -0.8358427143833116 0.05908200196931484 -0.10438306887049983 0.5357051293805762
1645455902.261141 1.4693045750625382 0.08399504382587161 1.3044865842000355 -0.8359990143962096 0.053146470043323325 -0.09794795154618774 0.5372961053674888
1645455902.26767 1.4759890191834542 0.08099908302792147 1.305239982610716 -0.8365931777920668 0.05194182979225468 -0.09821491970720324 0.5364396032424822
1645455902.2742789 1.4820981552399701 0.07932516393963379 1.3050174797709908 -0.8367281190473576 0.048227720361387866 -0.09164287136162098 0.5377373236843799
1645455902.280873 1.4893823096805316 0.076514302305565 1.3056138214367365 -0.8366832578225274 0.04754914902760913 -0.09317573738228806 0.5376041531683937
1645455902.287482 1.4957651839848485 0.0738111935943821 1.3061555903948094 -0.8371554258182369 0.04670245408098869 -0.09206358692452898 0.5371347515193036
1645455902.294114 1.5028754925180412 0.07141997658396618 1.3063767402968869 -0.8373405566091844 0.04402301797289583 -0.08994607374368642 0.537431058207984
1645455902.300697 1.5091322753856358 0.06921129407333493 1.3065711794904125 -0.8374666332553922 0.04313590643763192 -0.08884773586467255 0.5374892319208172
1645455902.307274 1.5157305197856188 0.06711447935784476 1.306811232044585 -0.8370443416358345 0.04212557546697671 -0.08803483667204828 0.5383602908981806
1645455902.3138812 1.5207092844025047 0.06585617422187365 1.30701674231476 -0.8367668534830225 0.04351947716288907 -0.0844391522697512 0.5392559139744479
1645455902.3205178 1.527378002002638 0.06358410582978649 1.307313159237804 -0.8370924565763936 0.04153928511424722 -0.08283880555456855 0.5391550617032755
1645455902.3270788 1.534050738415546 0.05978168732297362 1.3081301148215965 -0.839083240693666 0.03893740406849616 -0.08554393028799208 0.5358219125852579
1645455902.3337228 1.541709173017687 0.05871214873039926 1.3074739830028572 -0.8378733663133389 0.0348400372375707 -0.08284864838513796 0.5384144338356859
1645455902.3403242 1.5462716208948961 0.055742330745856744 1.3081739171083504 -0.8394720404606917 0.03635720829136737 -0.0840938236289893 0.5356236014519447
1645455902.346907 1.5557998116363756 0.05501451068249194 1.3076129264607466 -0.8378919270336028 0.028795408377731774 -0.08003284837020405 0.5391681943645498
1645455902.353503 1.5595553156987905 0.0517050352360795 1.3085507895461725 -0.8398966706339349 0.03305491826098995 -0.08288107202188932 0.5353609805084949
1645455902.360088 1.562617218022935 0.050697030341108895 1.3089120276784807 -0.8401781505165272 0.03649176810054411 -0.0794260742023237 0.5352198836740781
1645455902.366674 1.5725233382392232 0.048713022903641684 1.3080161232730192 -0.8395541169400816 0.027319367138640714 -0.07940500658636754 0.5367467159338309
1645455902.37328 1.5799641796631083 0.04781772954445493 1.3078738516548003 -0.8389287060888051 0.022085305531289123 -0.07779235133029996 0.5381997371843746
1645455902.3799129 1.5884217601195012 0.047534324790747456 1.3066735122502708 -0.8371811112780264 0.017121879927729816 -0.07404253962952295 0.541619902534725
1645455902.386506 1.5945012102734648 0.04517538714114869 1.3074036887711482 -0.8384755018597501 0.01579673437941186 -0.07459691270678147 0.5395778994319219
1645455902.3930829 1.6016409527892055 0.04396259205338282 1.3066068335812155 -0.8366857277378086 0.013249422800717177 -0.07401338036264439 0.5424970640036623
1645455902.399688 1.6090457667454119 0.042447111847761954 1.3067602299094807 -0.8372495767418352 0.010059013352719567 -0.07231930739230567 0.5419238299911446
1645455902.4062731 1.6134010234292646 0.03830298574299679 1.3081832377918583 -0.8409027711366542 0.013310496449179672 -0.0740839574283358 0.5359259894957104
1645455902.412918 1.6194607551291922 0.03779535063964065 1.3070919171059645 -0.8391739316469226 0.012440277194260062 -0.07561286792471147 0.538437333912932
1645455902.419519 1.6271449893888605 0.039980901867251006 1.3034030601940079 -0.834582674649628 0.007782846109737558 -0.06791703157132126 0.5466242015025562
1645455902.432725 1.6331634232227128 0.03537729437281267 1.3060567975890611 -0.8384232877304871 0.009053983924914848 -0.07395957570575784 0.5399019062608528
1645455902.43929 1.6422552450216736 0.035600295885302335 1.3044117830181288 -0.8367290075952852 0.002813351443395308 -0.06811680448298991 0.5433564988485152
1645455902.445931 1.6487809976392387 0.033660110720806796 1.3046842507779242 -0.8367469596226029 0.002680797815613371 -0.07119004668452711 0.5429355710897842
1645455902.4525309 1.6519871202820733 0.03076080067918055 1.3046353704430291 -0.8389106774112913 0.009567060287729086 -0.0722350659897024 0.5393690561831406
1645455902.459116 1.6609645963683124 0.030667674286625507 1.3040948298588209 -0.8370233857491431 0.003824686625590744 -0.07323947498948097 0.5422294864739765
1645455902.4656909 1.6656044775961951 0.027940816050470135 1.303700639728773 -0.8386549277448929 0.008370046894587306 -0.07196787958605741 0.5398224131855803
1645455902.472287 1.6731536742749875 0.02955043790091358 1.3018217293950107 -0.8359121038039362 0.0028945760198508938 -0.0686097576859339 0.5445502392046667
1645455902.478892 1.6796140482454298 0.02563286515211538 1.3028323408672773 -0.8386364397717485 0.004994134457503926 -0.0710233576917604 0.5400178945544237
1645455902.485516 1.6880577351124684 0.024938724211629792 1.3023404636992322 -0.8376245417710033 0.00032208002380644746 -0.07106560214285883 0.5416036147527096
1645455902.492091 1.693637541140808 0.023084317859056236 1.301868188507241 -0.8385972883978529 0.0019331694768896274 -0.06986615008992904 0.5402491469448476
1645455902.498682 1.7029357950327029 0.02493961154774313 1.3003032188447776 -0.8352597644638708 -0.0066130990662702956 -0.06847300832880153 0.5455349847777967
1645455902.505294 1.7116178885303426 0.027274515820169154 1.2955026041940263 -0.8291646008439146 -0.010979652646093404 -0.05989789535211306 0.555677373834673
1645455902.5118778 1.7153706507420678 0.022557145686860347 1.2986272612500935 -0.8355981475171224 -0.007594452615764744 -0.06437370774437129 0.5455033226253391
1645455902.518487 1.7242326702439963 0.025799608105467206 1.2938933270103792 -0.8281430140574989 -0.011400836466389678 -0.05919960861143305 0.5572651236773662
1645455902.525127 1.7286534628885681 0.014785621393627352 1.3077560898352927 -0.8510834858196988 -0.010271200276110903 -0.06753974208478042 0.5205665156545963
1645455902.531722 1.7371728640881852 0.023104088291230396 1.2943411753818805 -0.8309705540832548 -0.012444423911814046 -0.06296540197002262 0.5526013169822969
1645455902.538272 1.747050890087864 0.021961228830576662 1.2951999250551136 -0.8318885108600133 -0.022898613112052477 -0.06008302317505594 0.5512048951673045
1645455902.544867 1.76802719010203 0.04225160939566411 1.2792242733659447 -0.8008627392453913 -0.058907856987692436 -0.027200617686725284 0.5953221526279205
1645455902.551479 1.7611788274735203 0.01968525265865642 1.2939088702597044 -0.8315924214918843 -0.023904738057042577 -0.058338064442929306 0.551795990412297
1645455902.55809 1.765805497573215 0.021478857896062686 1.291999201021236 -0.8285566228249676 -0.020225547717209424 -0.05747626724989967 0.5565798356422356
1645455902.564688 1.7737696251225485 0.014597491853095362 1.2959184092367524 -0.8362721593504611 -0.021791302261787507 -0.06329812183879702 0.5442123193431768
1645455902.571291 1.7823229381727486 0.0203960372149129 1.291347922405432 -0.8282656020452671 -0.02707428219827094 -0.06674894331934726 0.5556864073485125
1645455902.5778828 1.7882719562578804 0.018672030048828087 1.29110224190474 -0.8291250014250603 -0.026680348580271174 -0.05599573165964138 0.5556112803551694
1645455902.584524 1.7956325052213842 0.01857960406468695 1.2909220826063035 -0.8291717551810627 -0.028741580529594583 -0.05640758405046424 0.5553970863583988
1645455902.591085 1.8030509893711626 0.014938495013053096 1.2929447653149353 -0.8329352596596298 -0.028811137000904347 -0.05663134294615603 0.549710202826829
1645455902.5976892 1.813527939365738 0.014189778667129282 1.2933241727264473 -0.8333603071500738 -0.03703640495337579 -0.05530766188211645 0.5487072359769631
1645455902.6043122 1.8188293429857685 0.013794907546929955 1.2929833667275494 -0.8334134579723 -0.034839321524438124 -0.05484379959602167 0.5488169223894138
1645455902.6109152 1.8261589767312751 0.014844647013210865 1.2915001000663477 -0.8310964603843974 -0.037088366107828064 -0.05330492300463789 0.5523236175732374
1645455902.617502 1.8432525431534135 0.044198164355896685 1.2719614704526228 -0.7907550538878766 -0.07292403393746917 -0.013064786371432867 0.607632678591396
1645455902.624097 1.8406291797742342 0.012752296499187382 1.2926600132380095 -0.8328459383823895 -0.040216733525502445 -0.05196878606811602 0.5495899545355696
1645455902.630681 1.8474766592651677 0.012096652459886725 1.2938092160037564 -0.833957183121107 -0.04239660727914826 -0.05168102467847094 0.5477652370853928
1645455902.6372852 1.864199557900255 0.0431944567264321 1.2722426599482934 -0.7904955489425642 -0.07780246358694036 -0.009475055052117138 0.6074318932435144
1645455902.6438882 1.860989013579824 0.009501850715841142 1.2952149464384821 -0.8361541551183337 -0.043381236326670854 -0.048281181618178105 0.54464003101
1645455902.650542 1.8690372470648362 0.010559496088566073 1.2946386474199765 -0.8347591109181188 -0.04735880595134037 -0.04828814751333938 0.5464450929075597
1645455902.657116 1.87573635634149 0.012011785360371674 1.2940019688280582 -0.8332383315713477 -0.049494019682223084 -0.046803258905222245 0.5487015976075229
1645455902.663727 1.8830055698677421 0.009137648633027587 1.296086286279836 -0.8360830302624026 -0.049944910502126176 -0.046960356529522386 0.544302355486693
1645455902.676922 1.8902213734429791 0.010437369514927297 1.2955997808638968 -0.8342723006824969 -0.05278606512589884 -0.044633819492839615 0.5470016520793932
1645455902.683489 1.8973288598176268 0.009927739740967514 1.2960696374199803 -0.8348464356707573 -0.05465228370608859 -0.04389498471775143 0.5460014350088804
1645455902.690134 1.9034940434735765 0.0007434202364609566 1.30263131658965 -0.8465212565307964 -0.03842272371617069 -0.058213007042485033 0.5277654439675562
1645455902.696681 1.918339577086927 0.01108257977758581 1.2964278579618507 -0.8330077241729765 -0.060985344973411515 -0.03898870077907041 0.5485056232277382
1645455902.703292 1.9244806530314198 0.01136218588964727 1.2974413452855516 -0.8334543029028073 -0.0616481882394844 -0.03897801676880718 0.5477535113092066
1645455902.709919 1.931860999170574 0.00873956199495056 1.2995396792633915 -0.8358164643984619 -0.06258783695566598 -0.03940307380410969 0.5440043611309453
1645455902.7164989 1.9384406896580348 0.008289573048360227 1.3004082518492597 -0.8361874859593574 -0.06291612943327819 -0.038733604069641527 0.5434439471466014
1645455902.736371 1.95848426550323 0.009178387081478875 1.302581741723674 -0.8329316592047407 -0.06856898320385768 -0.03422217998629112 0.5480433950862322
1645455902.742893 1.9652990624570714 0.008946915868250721 1.3033027844300265 -0.8326032308058364 -0.0693602700246074 -0.03526508283499426 0.548376625264566
1645455902.749493 1.971844680048981 0.008556453531707309 1.3040156674671255 -0.8324305385148698 -0.06973333632447563 -0.0343672653767846 0.5486485958631482
1645455902.756093 1.9785646399832415 0.009002330129458405 1.3042210962298744 -0.8309228321156193 -0.07076813561710507 -0.03254663425229614 0.550907918330729
1645455902.7626932 1.9850844856402992 0.00836055199121545 1.305442597867041 -0.8313350587414464 -0.07122536871349916 -0.031553785010804844 0.5502844449914361
1645455902.769286 1.9917099556664328 0.008555522086065526 1.3060086215811402 -0.8303632764839199 -0.07232944201304468 -0.02934688498117783 0.5517279038191638
1645455902.775883 1.9982949873078466 0.009219684810176682 1.3062814640517912 -0.828392836200683 -0.07319628349903162 -0.026450808616833934 0.5547140523645474
1645455902.7824798 2.005013295613274 0.008444017139609211 1.3074668128643971 -0.8294660306778849 -0.07302699052312893 -0.025408406496740005 0.5531793152075052
1645455902.795767 2.018336046449338 0.008815981915838572 1.3084843389522318 -0.8280995079195768 -0.0737029617408104 -0.020482272174482046 0.5553371541242174
1645455902.802316 2.0249886403205664 0.008995099195626077 1.3089347764001502 -0.8275362902782621 -0.07392093150525406 -0.017817952837958825 0.5562386527660819
1645455902.8154838 2.0316790449311526 0.00889345779271175 1.3094522992605158 -0.8272401750075724 -0.07409637887604108 -0.015903985509411946 0.5567137307714277
1645455902.822083 2.038272619124135 0.00964311601168577 1.3099278520431648 -0.8259697794104794 -0.07479169786607728 -0.01294862729856205 0.5585803072539312
1645455902.828717 2.044820855466541 0.010264746604992964 1.309828222603554 -0.8250144412679566 -0.07512086707758998 -0.009680232312738023 0.560012449997263
1645455902.841881 2.0516096197764817 0.00864751154331761 1.3115275820560606 -0.8270519922246771 -0.07418089798542743 -0.012373087397404984 0.557071589678206
1645455902.848489 2.0583901213941598 0.00863328168791308 1.3121542672872302 -0.8273548234148969 -0.07461455066305578 -0.011197567220607786 0.5565887459559663
1645455902.855144 2.0776376395841645 0.00838217236546586 1.3133165367175648 -0.8275359890136669 -0.075315279842566 -0.0076233672612961365 0.5562853427397676
1645455902.86187 2.0856802204376157 0.01040518593627443 1.3128840559484785 -0.8249869741021947 -0.08024156835309879 -0.006168171077531707 0.5593918484845953
1645455902.8682802 2.0913320179635413 0.008238595179930891 1.3134250690116676 -0.8275502662133513 -0.07690573948633622 -0.006300006923995196 0.5560630918451274
1645455902.874889 2.099635145388317 0.011887535600689808 1.312313110504476 -0.8234286727752905 -0.08430329737260243 -0.0019525837992192983 0.5611186105191533
1645455902.88814 2.1134048901902145 0.012605552182360369 1.3130111209257993 -0.8231672959097683 -0.08751673754301212 -0.0008446884743622161 0.5610128999467415
1645455902.894687 2.1203122598596487 0.0122107159419311 1.3133658893692222 -0.8238682761745086 -0.08849751938316155 -0.0008908627604631999 0.5598286619767786
1645455902.901288 2.12720359147309 0.013105711738747111 1.3132679370479918 -0.8231137161574409 -0.09001527794767776 0.0007057909946285499 0.5606963028012844
1645455902.907875 2.1332520592881887 0.011132890453250152 1.3139343186838122 -0.825656702784658 -0.0878664749244033 -9.206042710622129e-05 0.5572881272357569
1645455902.921088 2.1409478826508095 0.013482143612857003 1.3131726745344567 -0.822655109809663 -0.0925688692640691 0.002065303212296938 0.5609501692451447
1645455902.927716 2.14781858937462 0.014691472547692486 1.3126815785595731 -0.8213613948094508 -0.09444992893219256 0.004407914050547229 0.5625164958649965
1645455902.94752 2.1548607000058473 0.015568587895915087 1.3123203135168702 -0.8204035639483668 -0.09631477457170541 0.005706707599759121 0.5635853694947839
1645455902.954178 2.1756256794301847 0.016639577286595014 1.3117285130040686 -0.8191810960729804 -0.0999845138326659 0.008025074207306276 0.564695187156933
1645455902.960726 2.1903167005958526 0.021706906392716024 1.308752938012723 -0.8127469522090234 -0.10708609672232648 0.01475654164069536 0.5725006306633893
1645455902.973923 2.203926754812271 0.021932838908159696 1.308478062874849 -0.8132492377507443 -0.1087366847889013 0.017908072759937225 0.5713851131576303
1645455902.987156 2.2189260725435607 0.024082518924811863 1.3068098434530655 -0.810166850042861 -0.11356631359422595 0.02139662127376168 0.574694854369427
1645455903.0002859 2.224906736363994 0.024047985926589854 1.3069037177264857 -0.8109910116476604 -0.11301932853641972 0.023482527499618922 0.5735577978015755
1645455903.006918 2.2327909643142023 0.02410783187087276 1.307023212533576 -0.8112658832513694 -0.11615159949172817 0.02600453472888344 0.5724334197465928
1645455903.013481 2.239802174144993 0.025656134391469215 1.3061586082582277 -0.8095555683003227 -0.11820785326417739 0.025703964756966752 0.5744438069648988
1645455903.0201259 2.2547189392900657 0.027500565678916816 1.3053303785046193 -0.8081024807225714 -0.12376680340275124 0.030754811217072336 0.5750704109030573
1645455903.033328 2.2678874309534263 0.02957222527210404 1.3043720935857528 -0.8068330163333053 -0.12644879377934423 0.03352837727185425 0.5761134528745108
1645455903.039882 2.275357324174573 0.029625988413706256 1.3043583843990918 -0.8074917381612762 -0.12878034521220177 0.03396501781764392 0.5746467183436352
1645455903.046484 2.2819077052595214 0.031028143121220153 1.3038706146906764 -0.8063686341438214 -0.130144304925348 0.03608171867264262 0.5757862782675969
1645455903.059763 2.2965040849350973 0.033058962238518536 1.303246340441946 -0.8056065549980991 -0.1356718470810863 0.03862244591283592 0.5754122339007276
1645455903.0728781 2.304151999202827 0.03384164084244101 1.303291608309134 -0.8056344183084613 -0.13869632011321453 0.03861618714283956 0.5746519109771765
1645455903.079487 2.3116261902825195 0.034022680748530265 1.3033349704884445 -0.8068845224204045 -0.14167500061514185 0.039667723182387496 0.5720940854574161
1645455903.086119 2.318909118880975 0.03516105772208489 1.3031378887987484 -0.8065333999426317 -0.14454021236623774 0.040428375754616726 0.5718192539692373
1645455903.0927172 2.3266209006471885 0.03685172317383867 1.3030189468896056 -0.8054907602579354 -0.14819862495483593 0.03931804162151474 0.57242951185059
1645455903.099286 2.333628788704845 0.038588777023222665 1.3029133697726734 -0.8042466615945906 -0.15166415755436036 0.04252086885457317 0.5730417769366589
1645455903.1059258 2.3404533150605915 0.039736186455868155 1.3026600981528547 -0.8036994849745676 -0.15297529740043106 0.042813684043273625 0.5734390713209121
1645455903.112514 2.348211480718657 0.0406201779499297 1.3029622636037632 -0.8045121971326211 -0.15655183292892647 0.0427456131918605 0.5713352596301058
1645455903.119122 2.3555962815289253 0.04125726499013466 1.3030602277050205 -0.8050194959516644 -0.1591998722121333 0.04412439367477746 0.5697821498668114
1645455903.125718 2.362855641693703 0.04305392913019175 1.3031966880123929 -0.8036591091373013 -0.16199682553385497 0.044749642735503234 0.5708643762476444
1645455903.132318 2.3699999996273418 0.045179157023701705 1.3026553890254404 -0.8014828907444635 -0.16489671279154883 0.04811681570576932 0.5728164234812357
1645455903.1388779 2.3773406778388506 0.045528373468849304 1.303112397920597 -0.8030537526828008 -0.16665587557624212 0.04791944492585592 0.5701175151256714
1645455903.14549 2.3848789623181577 0.047053509101850924 1.3027760290197161 -0.8019023448664881 -0.16943777230419163 0.05041591727909989 0.5707024459544195
1645455903.1520882 2.3918925700789893 0.0483482537164141 1.3032911765951387 -0.8019280964887806 -0.1717060311591137 0.052734688642218 0.5697781774692661
1645455903.15869 2.3990663546073003 0.0495606758182177 1.3035105442390735 -0.8015554797412644 -0.17365053053704582 0.05493656066926606 0.569505042115442
1645455903.1652842 2.406582557854932 0.051217616987796116 1.3034432274952845 -0.8001391480912501 -0.17581800742534914 0.05638274558038044 0.5706889963335197
1645455903.171911 2.412920840973982 0.05168469330795386 1.3041820866253515 -0.8007757830229522 -0.17561407924780242 0.05931166752330475 0.5695608102806838
1645455903.178497 2.419941843900546 0.05347146269553077 1.3040924691441864 -0.7995346230546692 -0.17745651118077307 0.06254157955663336 0.5703873727039077
1645455903.1850991 2.4270453616833185 0.05406503212762642 1.3048697301012777 -0.8005714834713739 -0.17850933543597072 0.06412166069695553 0.5684257029717135
1645455903.191692 2.434237094425314 0.05563670871644677 1.3050291201648478 -0.7998436835002497 -0.18015697804338024 0.06635517403438687 0.5686740394933352
1645455903.198279 2.441251890370994 0.05737304840803485 1.3051430892496279 -0.7988755725219985 -0.18166697265777823 0.06875614733953851 0.5692689180560723
1645455903.204907 2.448154378402015 0.05923224469676709 1.3045328212665768 -0.7971635690233839 -0.18303793741285002 0.07290782449851341 0.5707114381225148
1645455903.211485 2.4549361417198243 0.061078581118786945 1.304401558651737 -0.7962253141604583 -0.18455450881520089 0.07629217995649021 0.571090194558649
1645455903.2181098 2.4620106744641324 0.062029572920592024 1.305596334114184 -0.7975292237423574 -0.18632283596679086 0.07674670748272436 0.5686303129718108
1645455903.22468 2.469211796942242 0.0630109623956872 1.3063019975745827 -0.7986358636565302 -0.18835124259078975 0.0770938567712763 0.5663574083930789
1645455903.231313 2.4760414137873488 0.06477192013845444 1.3067776506876025 -0.7989511547748409 -0.19017813586401003 0.07890775551484236 0.5650508489546725
1645455903.2378838 2.482335709457468 0.06508282887037532 1.3076333448357091 -0.8005591986656064 -0.19023291721695534 0.07979146359338428 0.5626271357665554
1645455903.244478 2.4896520699328035 0.06941499668440737 1.3064479205944781 -0.7962990273018993 -0.1950965652709439 0.08348688786033556 0.5664581116237447
1645455903.251084 2.4960358276180177 0.07077979134638408 1.3069781394454338 -0.7969056240255643 -0.19584630362207023 0.08403556770721363 0.5652638651523143
1645455903.257719 2.5028665848840204 0.07298458944342875 1.3072913361571497 -0.7968023540762625 -0.19863426373669799 0.0851413712537462 0.5642704091169449
1645455903.264284 2.5095166051491877 0.07415749854580037 1.3080988135320648 -0.7980622107074508 -0.1998179581376754 0.08582613841011408 0.5619635240386033
1645455903.270884 2.516022200108905 0.07669933883802256 1.308194378409354 -0.7969954368598241 -0.20239724254682206 0.08797509515842508 0.5622220337656518
1645455903.277484 2.522687917278467 0.07950935601170056 1.3084228644430336 -0.7957221928450424 -0.2053013655351788 0.09022333961848747 0.5626160879559297
1645455903.284121 2.528846985687402 0.08154334924068492 1.3087876460684262 -0.7943842650805435 -0.2062722720837153 0.09068826221796576 0.5640749666937712
1645455903.290713 2.5354695648058345 0.08330627420942546 1.3096554057979306 -0.7958075775531575 -0.20917455027902093 0.09451956532292431 0.5603587047402194
1645455903.29728 2.5421296432324234 0.08489599832683678 1.3104624433132115 -0.7969307671703563 -0.21057348753332533 0.09496897181898802 0.5581582766853346
1645455903.3038862 2.5483037079145925 0.0878334727072661 1.3105667278173336 -0.7954344608562494 -0.21295795833735368 0.09868302879912878 0.5587435285289216
1645455903.310525 2.554942616398408 0.09002462289133001 1.3110019264144352 -0.7958140798981829 -0.21521788931402433 0.10094907978740021 0.5569292444784939
1645455903.317104 2.5612945343995954 0.09163984276018464 1.3120080342719043 -0.7962330817769818 -0.216352245293815 0.10071360388773642 0.5559325940045433
1645455903.323689 2.5674962480765062 0.09497362698774231 1.3118474241134104 -0.7936899317109735 -0.21836408286338455 0.10219207335438274 0.5585066942852377
1645455903.330323 2.5738468982933793 0.09709308922072904 1.3125346191162548 -0.7950661927414174 -0.22045482326572563 0.10629085473597248 0.5549516868356172
1645455903.336917 2.580198536219251 0.09901863768662036 1.3135624176292162 -0.7952889297951792 -0.22170745340672834 0.10570751318717943 0.5542443513602352
1645455903.343495 2.5862003771380535 0.10276224932002626 1.3135486334309012 -0.7928166882477189 -0.22426077995376276 0.10899024046511041 0.5561199789688059
1645455903.3500822 2.593035001160689 0.10528953805977381 1.3141195911176191 -0.7928736025446979 -0.22658224503738325 0.1097739634328 0.5549425160324009
1645455903.3567219 2.5991738148935024 0.107117882185293 1.3147105183803725 -0.7932164056203317 -0.22740277937602518 0.11006337426070412 0.5540590641485756
1645455903.3633149 2.6054067927487075 0.10997454093058578 1.314998472544593 -0.7924236532346044 -0.22959217792283296 0.11168693508043595 0.553965559313305
1645455903.369926 2.611585146620404 0.11300103835875916 1.315349790202098 -0.7913369905699363 -0.231845562594968 0.11218628297149998 0.5544792775854431
1645455903.376498 2.617811275426115 0.11554523071154513 1.3158683764659198 -0.7912740726504609 -0.23398813447545808 0.11253690616967127 0.5535972762877512
1645455903.389778 2.6302749256160314 0.12050333790194483 1.31661271903257 -0.7909130734606175 -0.23731198118265612 0.11441971160358423 0.5523109388988884
1645455903.396288 2.6361204024987868 0.12463933321586951 1.315849665611292 -0.786777780086002 -0.23993810059993062 0.11606278770702268 0.5567221414596991
1645455903.4028852 2.6425610475747314 0.12612226622218892 1.3170246783675696 -0.7894397212379581 -0.24127867845665135 0.11631435778939371 0.5523043228873381
1645455903.409488 2.648576071692858 0.12979317164809123 1.3166889788602543 -0.7863946261808128 -0.2433395150406195 0.11575752185502218 0.5558498458337503
1645455903.4161239 2.655247391308228 0.1309723783493379 1.3176940854372394 -0.7891743418596865 -0.24435999131620195 0.11611463191457053 0.5513702282110989
1645455903.4226828 2.6614818501572874 0.13419847338415897 1.317954400561376 -0.7883055853772079 -0.2466412539948629 0.11700162314590871 0.5514096520321604
1645455903.442505 2.667262389249758 0.13706248195440707 1.3176530349263749 -0.7873660501619938 -0.24764800944256152 0.11921002405386238 0.5518276262394195
1645455903.462393 2.6973518662276987 0.1527287508797946 1.316331397227028 -0.7832525460075843 -0.25433943200898984 0.12721158492479612 0.5528504667147327
1645455903.4688761 2.7035663153945384 0.1550297996035246 1.3163224616776636 -0.7831461331709954 -0.2545594141746339 0.12802369056398963 0.5527125655259596
1645455903.482131 2.715285121259437 0.16172412581384105 1.3155523621725023 -0.7811499851964537 -0.2570183523554476 0.13186884103464938 0.553494657717564
1645455903.495312 2.727264565727232 0.16927957667576607 1.3140852359525317 -0.7784573786716075 -0.260694188169656 0.13587924823616562 0.5545981069508481
1645455903.515152 2.739592353399476 0.17271609618226447 1.3158150698874942 -0.7824410146788963 -0.2613915447524629 0.13375930609057546 0.5491524820445419
1645455903.5216799 2.7454111684119766 0.17975787918025837 1.3125643673388594 -0.7757704313161403 -0.26548812534471306 0.14071490524264696 0.5548830667256044
1645455903.528314 2.751333773506046 0.18267600166956374 1.312363296983202 -0.7758021902608111 -0.26577268891027034 0.14030037190373054 0.5548073382026348
1645455903.534911 2.757056208303462 0.18701481625867053 1.3114737428649363 -0.7741948960917726 -0.26876051754333696 0.14270985170172112 0.554998788133417
1645455903.541569 2.7689508192005032 0.19464545012550932 1.3102617955131663 -0.7721641475580469 -0.27220952906431806 0.14518228038181455 0.5555052744335224
1645455903.567935 2.7765161383066284 0.19518064165075347 1.3126498982023995 -0.7772095830676733 -0.2737022841454227 0.13950780005317218 0.5491533384449746
1645455903.574646 2.799543341780106 0.21328628691972495 1.308535944220571 -0.7688101491866235 -0.2849889520249966 0.14848221160210723 0.5528695097241301
1645455903.594381 2.811140321351397 0.22271377875400145 1.3061310034095235 -0.7634620930254414 -0.2905740008983996 0.1518413209891163 0.5564494795651727
1645455903.6009989 2.822807572774625 0.23033846749705716 1.3063539886545628 -0.7645794551775885 -0.2953034809116094 0.1513058730518012 0.5525578889184748
1645455903.614099 2.8296230072608437 0.2335388457700692 1.306529799051607 -0.7650811762334163 -0.29812124149151 0.1502364004662482 0.5506388243333973
1645455903.6207192 2.834845998569678 0.23879829876503544 1.3056188041006749 -0.762998782119124 -0.30038428042796794 0.1507333478220049 0.5521605713946482
1645455903.6338801 2.84147143435961 0.23948973294952863 1.3073570259682772 -0.7681575516173719 -0.2989838438897221 0.14449788020773552 0.5474145303176887
1645455903.640564 2.857955180610577 0.25629326082433856 1.3040038471613329 -0.7588700438997482 -0.3095612341224063 0.15390464313545588 0.551906609297656
1645455903.660275 2.8638148661652023 0.2607447968292718 1.3037699297764398 -0.7586099459622359 -0.311588199029847 0.15445685898388287 0.5509686408898816
1645455903.6669528 2.8750125459679454 0.2695407337087766 1.303419561630109 -0.7579681247480264 -0.314092384727289 0.15344097535380363 0.5507138946180977
1645455903.67348 2.880749205745924 0.2739835506830368 1.3031366122120869 -0.7566778692769918 -0.31586711475081264 0.15486397265860802 0.5510746820859327
1645455903.68017 2.8920366374188973 0.28266194115209364 1.3026467285066523 -0.756166848284887 -0.3189115831903033 0.15642883265103671 0.5495785436840123
1645455903.693346 2.9028104708076214 0.29195618559918174 1.3016126227099478 -0.7536367151495692 -0.3205799421077368 0.15678873988919262 0.5519754865392015
1645455903.706501 2.9091754972182606 0.29603586657627795 1.3021830880150915 -0.7535551115034389 -0.3251024706939601 0.16109113116695126 0.5481899747703937
1645455903.713127 2.919977759800119 0.30524576174218976 1.301606542869723 -0.7514548589136205 -0.3276729616902283 0.16316982927626042 0.5489272253099489
1645455903.719732 2.924597065926245 0.31106661654888257 1.3007740525392726 -0.7485565627716549 -0.3279914307861136 0.16525553505910842 0.5520641444364642
1645455903.72632 2.9301494999678708 0.31593016044803446 1.3004627510240665 -0.7471640472922415 -0.3299314268734469 0.16736342906270082 0.5521596071471323
1645455903.739522 2.9365328801146706 0.3197082018812399 1.301550059424543 -0.7488593533458686 -0.333657137318136 0.17047516999860243 0.5466446715985719
1645455903.7461278 2.9412631467030983 0.3251421650151506 1.3007258579731777 -0.7474532275575119 -0.3333512916539744 0.17041715076655575 0.5487696832170996
1645455903.7658849 2.9466165190651847 0.3294906156500258 1.3007821416419199 -0.7469589103531109 -0.3348844340793121 0.1747046987374031 0.5471586627027182
1645455903.772568 2.9630973895331603 0.3443709168572278 1.300582917296388 -0.7460844785875406 -0.33844089124356347 0.17976767810303126 0.544517107536689
1645455903.779082 2.9682581913720987 0.3492076737537835 1.3002797656156453 -0.7463392058499752 -0.33804099784173525 0.17878815014376642 0.5447386496937493
1645455903.79232 2.9735947633943356 0.35414533927698344 1.3002174751912938 -0.7458835474319073 -0.33916538716999906 0.18158536780256307 0.5437377556316063
1645455903.798941 2.9841487985824644 0.3641986028064361 1.299941601570137 -0.7461448567145199 -0.34016220521948726 0.18073874382661553 0.5430383480445552
1645455903.805485 2.989593778583393 0.36906313065321017 1.300603538976261 -0.7469683972781025 -0.341863379590758 0.18010121850374167 0.5410458823140657
1645455903.8121011 2.9949239321383785 0.37481565741705647 1.3002311038965313 -0.7450090574494842 -0.3438558826250031 0.18112597767508454 0.5421416132068568
1645455903.825336 3.0062763925169564 0.38209371868424596 1.3021681658283413 -0.7497672360883932 -0.34553426784380703 0.1790928302610276 0.5351452415739271
1645455903.831854 3.0108516851780123 0.38904015765995553 1.3012781347612727 -0.7464049281412717 -0.3481923607151045 0.18004970542834844 0.5377948394427493
1645455903.8385248 3.0160624066916775 0.394210695046993 1.301585307120073 -0.7453476538224173 -0.35113212202545696 0.18257562837694208 0.5364967338545895
1645455903.845123 3.021901294871973 0.39859247285032856 1.3021391954043533 -0.7455897480943804 -0.3536586915927328 0.18314530421139708 0.5343021595905716
1645455903.871518 3.0265559073265886 0.4043019074834538 1.3022381274973531 -0.7444215953735231 -0.3549630801365176 0.1822550006107461 0.5353692832029463
1645455903.8781471 3.041799957960981 0.4191224095436001 1.3024778028089636 -0.742425665052873 -0.35915722636087416 0.1851611217155393 0.5343454300180507
1645455903.884683 3.0469052239002683 0.42376207168965085 1.3030058205140262 -0.7432163928900354 -0.36000940083747895 0.1856271312051272 0.5325077930765276
1645455903.891328 3.0571925944558234 0.43396126369213744 1.3037130815703566 -0.7416645669376478 -0.3632995947368401 0.1882219964690459 0.5315251611612511
1645455903.897917 3.06194059362873 0.43920123207122486 1.303564583758741 -0.7407276711848826 -0.3638296344423397 0.18964082751168373 0.5319646247703779
1645455903.9045 3.067210039043947 0.4439329645450919 1.3035857377842872 -0.7405210509642449 -0.3645559140933413 0.19144284862751781 0.5311088788591617
1645455903.911086 3.0721764395669218 0.44961011935335915 1.3039075057671217 -0.739238321369733 -0.36572773860351576 0.19218573128459412 0.5318214244077974
1645455903.9177248 3.0767761157847757 0.45466516464763196 1.303319374501878 -0.7380990863056127 -0.3655245282942949 0.1952029670373703 0.5324440933072706
1645455903.9242811 3.0816173763756427 0.459631221601427 1.30291109923417 -0.7373599188558664 -0.36479994510428704 0.19689138541152643 0.5333427556131218
1645455903.930887 3.0868751112300545 0.46492907938948574 1.3028766035067683 -0.7366513585883607 -0.36683420582560183 0.19968806460943014 0.5318849118631727
1645455903.93748 3.090979647273828 0.46953692925013163 1.3021846099900691 -0.7364731101671378 -0.36461309635021605 0.2017661961407977 0.5328738821683668
1645455903.944126 3.0961399366195246 0.4747900122883053 1.302098462981045 -0.7360303356558101 -0.3659861600148677 0.20425640640651557 0.5315939521094654
1645455903.9506838 3.1018665088257324 0.4797313094403457 1.3022448748836035 -0.7355482340112777 -0.3685470478701935 0.20669041284016176 0.5295472947603626
1645455903.9572868 3.1061892436534078 0.4843449320516937 1.301747882462085 -0.7359373806624744 -0.3664639766806523 0.20724783642492364 0.5302341201281892
1645455903.963886 3.1112726307652863 0.4905051728136585 1.3007679283289661 -0.7328025693934769 -0.3700195978013967 0.21295916661652659 0.5298431873622551
1645455903.970488 3.116411087044158 0.4956024294915019 1.3004239746956165 -0.7322910409982514 -0.37105290159956206 0.2148788975712934 0.5290519550468032
1645455903.983715 3.120423629374117 0.4999249057761954 1.3000953658148524 -0.7332073243144462 -0.3694203847879224 0.21547372201892162 0.5286834793063282
1645455903.9903622 3.130073308726174 0.5105549472927823 1.298528863209884 -0.730803133013504 -0.37191137548536507 0.21998984765419416 0.5284057873714224
1645455903.99689 3.135750880713763 0.5153042954937436 1.2989230641517697 -0.7314660615027389 -0.373616741722332 0.21915668746540076 0.5266287001592831
1645455904.003526 3.141617166414539 0.5200145812365449 1.2990505744314675 -0.7313562606238811 -0.37576433312375723 0.21932547559782792 0.5251808162824719
1645455904.010081 3.1444335954329636 0.5266525233945588 1.296209726520161 -0.7266207235622921 -0.3755383955587378 0.22404911783699957 0.5299005248873934
1645455904.016712 3.1495543706929827 0.5323467874872305 1.295460495271534 -0.7245771125815257 -0.3779712061943227 0.2261986622921032 0.5300561026212293
1645455904.023299 3.153724249733442 0.5370480002133025 1.2943336463092212 -0.7243427632747544 -0.3778855722659019 0.2286275936404258 0.5293947741668568
1645455904.0299149 3.158796332812233 0.5421515141063663 1.2939521225852466 -0.7239776269221925 -0.3796797456863526 0.22930645663858146 0.5283158530515815
1645455904.0364878 3.1639699427206645 0.5473073701421644 1.2932885155030378 -0.7230047411361272 -0.3817773773841185 0.23063923587697646 0.5275558637134968
1645455904.043075 3.168575712366691 0.5525076384726623 1.292585754422376 -0.7226349717645306 -0.38249270363723664 0.23144572303600783 0.5271909831034567
1645455904.049752 3.173403973462957 0.5580448864173855 1.2917822855771102 -0.7210049666420336 -0.3835978340159725 0.23222625408004757 0.5282753047009127
1645455904.056287 3.1786530492118796 0.5633716837025474 1.2910838200257293 -0.7198837043092188 -0.3862479793037475 0.23444471991481036 0.526891826981165
1645455904.062913 3.183261738155191 0.568653092001399 1.289974573068294 -0.718795557462789 -0.3870909993317466 0.23588907675529286 0.5271140455396489
1645455904.0695019 3.1877822838609355 0.5741268239804602 1.2892795990599824 -0.7183127525780993 -0.387871583558254 0.23691657094076146 0.5267373820086231
1645455904.076143 3.193068721616382 0.5797893880972236 1.2887498328391418 -0.7168290812930891 -0.39116717259206196 0.2391161655209328 0.5253257421122177
1645455904.08271 3.197687303332844 0.5850032991647376 1.2879327348262422 -0.7160047217810803 -0.3918445846246622 0.2408663819110122 0.5251456577800596
1645455904.0892942 3.2038775033492213 0.5901133122675672 1.2889089662596727 -0.7168228167543532 -0.3947525392591579 0.23805388924035112 0.5231301847480091
1645455904.095881 3.208825885240166 0.5953074473312876 1.2881542143027376 -0.7161874734980698 -0.3971887122671723 0.24099523686144295 0.5208044780107117
1645455904.1025128 3.212660142163817 0.6012163188353623 1.2866283759327861 -0.7137129422860479 -0.3973371815640007 0.24322019110550833 0.5230491565291522
1645455904.1091032 3.2175789412410127 0.6070024058841705 1.2864078966203656 -0.712610417613897 -0.39967017091272994 0.24346678181539533 0.5226600482629822
1645455904.115689 3.2216285466927723 0.612779682120793 1.2849578961018322 -0.7103860315302739 -0.400017100095006 0.244234747940841 0.5250588811957645
1645455904.1222882 3.226475373162944 0.6188045220381413 1.2843241393409883 -0.7089969080667452 -0.4028782195668651 0.24603234109094618 0.5239083384413195
1645455904.1288881 3.231668298838231 0.6258112365554593 1.2842044048094456 -0.7055878456017242 -0.40698434680621476 0.24551715673288477 0.5255761743527602
1645455904.135482 3.2373086069159305 0.6295479915022549 1.2848510535253523 -0.7091319065855389 -0.40837022049005217 0.2446819727352102 0.520092048270185
1645455904.1420832 3.2409821279038495 0.6356426214324812 1.2839901496442507 -0.7071387684010748 -0.40929333446042243 0.24553771852896858 0.5216745433167566
1645455904.161946 3.256128631537319 0.6526015047287326 1.2841339694944534 -0.704066034988745 -0.4160715690475207 0.2447267502191354 0.5208490416840038
1645455904.1684961 3.2599413330879483 0.6588124808307354 1.2837117995129748 -0.7020021528930829 -0.4177342666044859 0.2452898076251186 0.522037563599513
1645455904.175096 3.265194018844084 0.6643804139033391 1.2839370998948771 -0.7012683073026715 -0.4198171502953567 0.24633023024786552 0.5208617235570286
1645455904.181681 3.270407296893981 0.6701560298827416 1.2843623771079686 -0.6998404443100947 -0.4221987266274458 0.2458755067158336 0.5210720469723328
1645455904.188295 3.276306139409609 0.6751725328816359 1.2856540617333867 -0.7011306022638986 -0.4259713964458163 0.24466563576836994 0.5168194926490303
1645455904.194883 3.280492297754521 0.6822218852250729 1.2855802985647478 -0.697431842919144 -0.4289020074004851 0.24580793225251032 0.518854198071232
1645455904.208123 3.284512529391008 0.6888437883917858 1.2852209578188893 -0.69351125155271 -0.43050610941095324 0.2482039603302757 0.5216327911773854
1645455904.214723 3.2882723969590733 0.6945877143931904 1.284752289301768 -0.6921062932099561 -0.43117837805248915 0.2505695663545385 0.5218125331143969
1645455904.221427 3.298621444681983 0.7054804310993159 1.2867130940746911 -0.6919655175582509 -0.4364516822689222 0.2520269206911289 0.5168900703958571
1645455904.241183 3.307926944578347 0.7165039107465794 1.2879984589180546 -0.6909511967104413 -0.4398397110905877 0.2548507518156281 0.5139824578922343
1645455904.247781 3.3165681100583932 0.7277623311569843 1.2889167801546608 -0.6895093676417372 -0.44235006150030204 0.2593666774608496 0.5114992173940583
1645455904.2609322 3.325401027587233 0.7381240705937118 1.2898983673729822 -0.6899136171747461 -0.446210646641342 0.26304273532835104 0.5056905847219004
1645455904.287282 3.3264646903417323 0.7453403219250694 1.2874645441476804 -0.6832057276458057 -0.44547118693157106 0.27038759737668977 0.5115418524922827
1645455904.293996 3.3429452939861797 0.7691581862514221 1.2905785183213812 -0.6812379856153604 -0.45534531484669993 0.2734251778378876 0.5037988387287775
1645455904.3070982 3.3485467719516255 0.7735236504433467 1.2933893595379242 0.6863290831816278 0.4584349789736777 -0.2698999390614863 -0.49592681030969504
1645455904.313727 3.355783970841053 0.7861096459609637 1.2945984332633338 0.6839232335408368 0.46232211171666604 -0.26994530528602023 -0.49561736735325257
1645455904.326935 3.3629804858767915 0.798384074945943 1.2957152132144034 0.6816624402160973 0.46687902871822995 -0.26984341865023154 -0.49451439159061383
1645455904.333514 3.3659456846589406 0.8054364922891837 1.2965577488669968 0.6788129466965135 0.4709661860672501 -0.2712418011718403 -0.4937928616043868
1645455904.340083 3.3702418566043173 0.8101381022288893 1.29741216265224 0.6806376034962265 0.4714020916243042 -0.2702083664981348 -0.4914261982716
1645455904.35329 3.372833952433854 0.8176229182898753 1.2979943748648464 0.6763386302108677 0.47557778284763946 -0.2716724156708279 -0.49252963237257347
1645455904.366522 3.3771914595214954 0.823676635970296 1.2992703666304717 0.6749910236515239 0.4803049637116753 -0.27156607129508903 -0.4898425526384438
1645455904.386394 3.3895407507394766 0.8472036739018702 1.3006037586639438 0.6692725475421285 0.4845071735118287 -0.27794359256108525 -0.48997347927193347
1645455904.3929129 3.3922357236132914 0.8529243671349098 1.3017491838008894 0.6700733752172218 0.4840418517219977 -0.2780103877912093 -0.48930050538527947
1645455904.399519 3.3952652005641664 0.8587151516201592 1.3022621500112108 0.6692126753172517 0.48511456903423533 -0.27955624245254734 -0.4885347249433405
1645455904.412687 3.398923728131204 0.8648794628758749 1.3028685285662298 0.6674072920455455 0.4878695401914006 -0.2814145954456697 -0.48719213754612917
1645455904.425889 3.4015118311203074 0.8706657084742175 1.302738119753282 0.6651955769414591 0.4887632384258873 -0.2850773363610221 -0.4871918858494129
1645455904.4325309 3.407179060439959 0.8819974559270948 1.3043894084148626 0.6659388666118786 0.48907872367825633 -0.28696012363931733 -0.48474824464356464
1645455904.439082 3.4102523760072225 0.8884253970906497 1.30471661923462 0.6632448406800016 0.49230419337493786 -0.2897089493196026 -0.48354045046487387
1645455904.44572 3.4122136080888956 0.8935424072472248 1.305004425122756 0.6640566734645931 0.48980684552291637 -0.29009660204533594 -0.48472824608442466
1645455904.452353 3.4162568336453822 0.9058069644233435 1.304936290568487 0.6608972996746595 0.4901548565981286 -0.29391609566058463 -0.4863907234035508
1645455904.45892 3.4217279937659417 0.9101181434433482 1.3067145933401925 0.6652492633104903 0.49136303236554313 -0.29116736446587055 -0.4808607712959564
1645455904.465487 3.421304656697154 0.9179835229314764 1.3056967832997604 0.6582874123385221 0.4931872770653373 -0.29601986388856705 -0.48558814708772363
1645455904.4787278 3.4275013023313257 0.9278891793232921 1.3066198846380923 0.6610078064461539 0.49445395750425847 -0.2972334892158566 -0.47982903979325997
1645455904.4852748 3.431626624923829 0.9342843393555808 1.3073308254366447 0.6597295088952424 0.4971000122105109 -0.2942265245517391 -0.48070663072941816
1645455904.49189 3.433800086469971 0.939898089109343 1.307990259255446 0.6600568474586137 0.49787875759450484 -0.29456061790776333 -0.4792445553325175
1645455904.4985092 3.435659706263566 0.9456823826689578 1.3080046848651896 0.6587390260487742 0.4991186130082408 -0.2959630290249763 -0.47890413301305756
1645455904.505095 3.436703486422649 0.9516660036201386 1.3058795477261211 0.6550289574724177 0.500183031163971 -0.2996820001171432 -0.4805666578706459
1645455904.51168 3.4401079753664825 0.9586979185065738 1.3069262903739534 0.6522776981645844 0.5066668554185739 -0.3020394160462404 -0.47601920612653614
1645455904.5182998 3.442397756132162 0.9639196958659828 1.3077002805985198 0.6533022412256566 0.505773465978286 -0.3006153910467522 -0.4764654946226274
1645455904.524891 3.4462088382419336 0.9697176883164164 1.3083311580247716 0.6529391703541026 0.5095378929408384 -0.2993101171987568 -0.4737663925181035
1645455904.531561 3.4454417014747745 0.9755502131008212 1.3060380240932368 0.649243912920881 0.5064791474613657 -0.3040290618160182 -0.47908985988607267
1645455904.538097 3.4499441548103413 0.9816201028396038 1.3075860141942237 0.649450367988239 0.5107541969514566 -0.30214788119434516 -0.4754479288525858
1645455904.551379 3.4528943965239565 0.9946578149205356 1.3067830436805907 0.6454047259994042 0.5134962205956767 -0.30505942577142375 -0.47614371355305257
1645455904.557903 3.455093755444626 1.0009774064049588 1.3057183920577842 0.6424596946201426 0.515098033028572 -0.3077144927780753 -0.4766874136362398
1645455904.5645351 3.4573496054829684 1.00719097484472 1.3058507296938653 0.6416677174861173 0.5163468618359008 -0.3078965307396288 -0.4762852950506105
1645455904.571111 3.459708769101896 1.0134527713497254 1.30558874705408 0.6404613524722523 0.5178919827441382 -0.3083741993805709 -0.47592245872663297
1645455904.577703 3.4628376273157535 1.019951764556602 1.30587667911158 0.6388090904822148 0.5219925943163422 -0.30930985520140236 -0.4730472738691857
1645455904.584318 3.465827187583862 1.0253761848841685 1.3062286485468324 0.6397382967094017 0.521671554419345 -0.30748966300626096 -0.47333245173391253
1645455904.590917 3.467547103536827 1.0322169960244232 1.3051651176191965 0.6362078740565805 0.5243330327205561 -0.3108884651028754 -0.4729294763317424
1645455904.604077 3.4687676184043372 1.038403991683988 1.304499922510481 0.6352851770856266 0.5232567548380839 -0.3120996510161914 -0.4745614509185025
1645455904.610712 3.4730518751308233 1.0513695233723181 1.3037105962171025 0.632036286863464 0.5255996125902873 -0.314135484322265 -0.4749671223700817
1645455904.623917 3.476850589377154 1.064718753303346 1.3028823565208194 0.6284192251087246 0.5280614612451231 -0.317114293682712 -0.47505627859881516
1645455904.6305122 3.4789633712486503 1.0712802006952884 1.3024247311260873 0.6267800423417723 0.5292061818859737 -0.3182948708793084 -0.4751586197567685
1645455904.637093 3.481087936440965 1.0777671920328529 1.302631011492919 0.6268191234099741 0.5300366448750109 -0.3178646656286538 -0.4744689237996689
1645455904.643718 3.484023987244007 1.0840686631417153 1.3025239876539725 0.6268804328604229 0.5291836709851407 -0.31552136934424013 -0.4768977942538982
1645455904.6502929 3.4851126741049225 1.0907531675402162 1.3009963914281728 0.6228456793360745 0.5318748007541089 -0.3211051826066716 -0.47546124728192596
1645455904.6568818 3.4875913030147907 1.097076602478032 1.3007478568366067 0.6222673604949088 0.5328152992950455 -0.32117316486750697 -0.47511961878317355
1645455904.6634822 3.4899899828835124 1.103337470945512 1.3005540390533676 0.6219754469367778 0.5335255600387417 -0.3205413861355865 -0.4751313624744725
1645455904.670112 3.492456810949618 1.1102650931600044 1.3002886051046343 0.620350176465866 0.5361451717307301 -0.3212069538367605 -0.47385631149962854
1645455904.676682 3.4939778664022 1.1168046250603179 1.2997227833164602 0.6193663765394715 0.5360936048585768 -0.32167180114630967 -0.4748851192050044
1645455904.683278 3.4958426780047027 1.1234059129910912 1.2988608777159525 0.6176362597412853 0.5374160396848208 -0.323093817249506 -0.4746781681071632
1645455904.689878 3.4976848547207453 1.1298654024107824 1.2985726321259101 0.6170711164622263 0.5381873800670272 -0.32286921099967436 -0.47469214328602766
1645455904.703081 3.4998514542722825 1.136656038197482 1.2982036843627698 0.6158676533380589 0.5401750870459547 -0.32288832695611785 -0.4739838102388135
1645455904.709707 3.5039761093089483 1.1504167380863248 1.297665273592607 0.613342020003413 0.5436769819004714 -0.32313598771850716 -0.47308527092549646
1645455904.716288 3.507005410241706 1.157763682458528 1.2980251749664697 0.6119245895768877 0.5476830925423397 -0.32296457238358084 -0.4704093409499336
1645455904.7228749 3.510254695171029 1.1644030730236274 1.2988767119529017 0.6135862364560692 0.548147681461703 -0.31822613879774325 -0.4709330237538103
1645455904.7294898 3.5116859173875654 1.1718016508294617 1.2982976743063552 0.6113015277956079 0.5498848682251073 -0.32028521932521126 -0.4704827329908773
1645455904.736081 3.5119390705942966 1.1778802324898532 1.2968409274450092 0.6094062943899083 0.5478714454396953 -0.32502120452931715 -0.47203989591910384
1645455904.742694 3.5162296454033264 1.1850868619355412 1.298273896852211 0.6105569435950952 0.5514751755403737 -0.31955898961133106 -0.4700818826545001
1645455904.749283 3.5180870517782727 1.1923387064226902 1.2977260226883602 0.6078386212534351 0.5529078654365578 -0.3222292055047624 -0.4700989187232041
1645455904.755924 3.5199656995010686 1.1990425915287273 1.2977045559245879 0.6077535506069935 0.5529034017363458 -0.322933759085501 -0.46973061644145164
1645455904.762481 3.520440972651646 1.2058070699911465 1.296512389288183 0.6049139132647957 0.5537635614899175 -0.32865609616054253 -0.4684120084936967
1645455904.769094 3.52290929723643 1.2125342198225548 1.2967412435094685 0.6051843594643448 0.5546869030248276 -0.32667356450262935 -0.4683571329699437
1645455904.775672 3.5253041261208558 1.219691511243805 1.297127651103772 0.6044669080430722 0.5565267699965979 -0.3274799435561157 -0.4665342740167414
1645455904.782275 3.5279316609685862 1.2264457186561 1.297723394920841 0.6045816181926843 0.5577917535708308 -0.32702364803103817 -0.4651930883225542
1645455904.7888699 3.5287406168463527 1.2332636368922278 1.296357114328098 0.6017829844085603 0.5575283275181679 -0.33085207656469384 -0.4664291248199096
1645455904.795504 3.5303751029354484 1.2399821105153823 1.2962763972299558 0.6006831460390261 0.5582951145833369 -0.3320054598729835 -0.4661097554570887
1645455904.8021061 3.5324987927731577 1.24663538476543 1.2964990402855716 0.6001638958308807 0.559505699543132 -0.3323854146731976 -0.46505503539723836
1645455904.808675 3.5345727094229034 1.253334157262544 1.2967971669962743 0.5996551054688763 0.5604298258526635 -0.33224698336870884 -0.46469734882572755
1645455904.815292 3.5362626732548894 1.2602679777850934 1.2967192080824272 0.5983428173732938 0.5614615881465115 -0.3333133664849589 -0.4643797382124419
1645455904.821933 3.5409824342406595 1.2651768424758532 1.2990515856065319 0.6029902784843403 0.5628038040980747 -0.32715304348819235 -0.46111296155927867
1645455904.835188 3.5434522038682994 1.279217628365474 1.298676441783002 0.5986360022341332 0.5651330021275977 -0.32988928283732644 -0.46198735573083843
1645455904.84173 3.54631349864498 1.2854832871844684 1.299542270936216 0.5989789328816344 0.5666432673991629 -0.3284675159147052 -0.460704110904358
1645455904.848303 3.5471014569458976 1.2924566119994347 1.2991167613063166 0.5965818773239796 0.5676565075329565 -0.33043713508426553 -0.46115831787841316
1645455904.854893 3.548582327227281 1.2992260196224072 1.2993482548023778 0.5948949135890303 0.5691126662304132 -0.3308998471007235 -0.4612112873624255
1645455904.861537 3.5493890778714214 1.3039565168961662 1.2989059796965279 0.5968737799629698 0.5653320891917963 -0.3318070866503362 -0.462650000791954
1645455904.868097 3.5524008088453662 1.311816117682928 1.2997803324433632 0.5941201416754412 0.5712933591041346 -0.3312731454310484 -0.45924171196086794
1645455904.8746948 3.5542958840495578 1.3186267677154744 1.3000849557856067 0.5935997391891022 0.5716034580282504 -0.33166258699121287 -0.4592476002541988
1645455904.881283 3.5565658386643175 1.324282268405101 1.3004464090502923 0.5947992289460068 0.5714481201716748 -0.3317618056494134 -0.4578151171461392
1645455904.8878841 3.5578714278108334 1.331803842097799 1.300672336920691 0.5925407121600706 0.5727964976775041 -0.33301211188975155 -0.45815094829124764
1645455904.894485 3.5594348055503846 1.3393961014477582 1.3009070838644459 0.5905350009188065 0.5744314538202523 -0.33518820725382686 -0.45710533793195157
1645455904.901085 3.561027910261133 1.3463183749447765 1.3012922151537665 0.5888308395292814 0.5758148139838674 -0.3368459497213903 -0.4563441724427175
1645455904.9076831 3.55997822487829 1.3515712557753894 1.2991375989788496 0.5866088762291751 0.5731616089236937 -0.3435985108767636 -0.4575101641353587
1645455904.9143062 3.5662060406761666 1.3568643833264507 1.3032047975591114 0.594371669126451 0.5743114820946111 -0.33327759821024155 -0.45366748163144804
1645455904.920886 3.566059000032541 1.3647733173185417 1.3020648958117453 0.5901192105508706 0.5749246371854815 -0.3387364944368916 -0.45439867454809374
1645455904.927495 3.567502922241962 1.3697882139655262 1.301463813948336 0.5913324675789456 0.5719475981478862 -0.34051934155360847 -0.45524504684685124
1645455904.93412 3.570179394078334 1.3758117420033205 1.3033519316127546 0.5931493385016332 0.5746293073306081 -0.3385180066643056 -0.4509769785692022
1645455904.940688 3.569384315419366 1.3830148037247247 1.301503550033653 0.5892106123189456 0.5726704441279249 -0.34477805034978687 -0.45388018404453506
1645455904.947306 3.569874748912916 1.3894932913659848 1.3013502840864746 0.5872428018927692 0.5731332140135075 -0.34877516147389626 -0.45279103508867047
1645455904.953921 3.5725208007656906 1.3956044492202135 1.3018017947774876 0.5888231967879912 0.5732901007958228 -0.34779878031509376 -0.45128852282774246
1645455904.9604852 3.5749245673562373 1.4013878083877567 1.3026807647048213 0.5905991378064012 0.5732986098135391 -0.34691981021539947 -0.44963047567156317
1645455904.967131 3.573599165570276 1.4103919398780265 1.3010022875144676 0.5843468846715655 0.5732798058236196 -0.35359754784057223 -0.4526117055215508
1645455904.973684 3.577800116710512 1.416432341872108 1.3035188056893998 0.5878415436946315 0.5755757476083304 -0.34921163218967866 -0.44855963170346586
1645455904.980318 3.5795157276122747 1.4228290190100168 1.3043808302977884 0.5878135360049146 0.577595024993607 -0.348654830661556 -0.44642879776029404
1645455904.986913 3.581491295283713 1.4277633805492866 1.3050975004362377 0.5904404650274804 0.5764543425415587 -0.34618381919209146 -0.44635959998896774
1645455904.993479 3.5840762007224543 1.4354353756081015 1.3062028698405372 0.5903994855369669 0.5807476899825053 -0.3454611905361289 -0.4413805036238086
1645455905.000084 3.5866706400003388 1.4410756208480502 1.3077397635149868 0.5938535976178007 0.5795936324690019 -0.34318701134432134 -0.4400357016383715
1645455905.006716 3.5861439522397096 1.4493597472560609 1.306251390282811 0.5873518351575376 0.5812437255571545 -0.3496174954221944 -0.44152091936270627
1645455905.0132868 3.5880245007297678 1.4546203884391264 1.3063731265912377 0.5897021663067176 0.5802915288195125 -0.3479253833156963 -0.44097685428184835
1645455905.019916 3.5891239279203755 1.4634740597611502 1.3064748267544066 0.5861841904305194 0.5824167297987222 -0.3493510621748556 -0.44173775136538945
1645455905.026485 3.588992479111002 1.470103960501838 1.305344294577962 0.5837305843500872 0.5797684239376693 -0.3535938116490746 -0.4450821519169978
1645455905.033092 3.589872597119256 1.475798726967027 1.3050405787167612 0.5832456398107626 0.5796008504532182 -0.35562942663452785 -0.4443137523300433
1645455905.039687 3.590600475109293 1.4831313074424255 1.3047089659209261 0.5810571701333761 0.580496058574719 -0.358450142522717 -0.4437453948617564
1645455905.046326 3.5919371569648244 1.4887140749943257 1.3040398047689576 0.5818103039237777 0.5780551600959072 -0.3600235442719701 -0.44467028828031346
1645455905.0529048 3.5947871761452603 1.4952396060871997 1.3052749373333652 0.582153797282865 0.5826497459105333 -0.35823033529654963 -0.4396440707572586
1645455905.0660899 3.594519286088121 1.5019777655469353 1.3035793509882005 0.5794904293918047 0.5794567170854704 -0.3630966452623653 -0.4433747851207725
1645455905.0726972 3.5978424929344324 1.5086996604475185 1.3050996759003834 0.5810194517097024 0.5847060430987151 -0.35955562263632646 -0.43732667133170505
1645455905.079293 3.596287076450651 1.5132045957894862 1.3018500912336723 0.5791717796104645 0.5774069102774005 -0.3643108977463912 -0.4454642783630647
1645455905.0858839 3.6013123924642008 1.519217857119446 1.3048058780240162 0.5842547798321598 0.5838830965028257 -0.35651002974785634 -0.43660860778883814
1645455905.0925288 3.5971900859081223 1.529691965807336 1.3011005526080859 0.5713350720597626 0.5852075672558517 -0.3694450814935813 -0.4411556907573106
1645455905.099116 3.60163420456855 1.535519697959562 1.302155659301816 0.5749949787961254 0.5853258472279192 -0.36349345598822835 -0.44118761944619367
1645455905.105692 3.599884725889784 1.5431878526422125 1.300170089633274 0.5693186934973942 0.5866593975312995 -0.370957752620277 -0.4405644048149165
1645455905.112324 3.601356962935063 1.549744307615555 1.2994803630622969 0.5682400117594447 0.5871723399393075 -0.37111881150346804 -0.4411376293830298
1645455905.125537 3.6041987279595546 1.5633544514883675 1.2985497429408857 0.5670142132145427 0.5883845816949147 -0.3725650534258868 -0.4398789563488659
1645455905.132104 3.611331011064473 1.5669799345093862 1.301692431725987 0.5775834164240693 0.5899067807948171 -0.35996284258949357 -0.43455005417208054
1645455905.138685 3.6097603789657273 1.5768088467253825 1.2989004017740817 0.5690704812429165 0.5898825091113137 -0.36851949949612434 -0.43862325940843416
1645455905.145293 3.611682212576054 1.5831454584815947 1.2985339894664667 0.5696940371435701 0.5901686733041708 -0.36806850770081334 -0.4378068438840097
1645455905.151923 3.60909145202817 1.590664574477269 1.2957395158783505 0.5628583131308545 0.5935373974135923 -0.3779945941065202 -0.43361684084232693
1645455905.1584902 3.6139795879460737 1.5954756603874705 1.2967024660369422 0.5687267426307411 0.5897365306184574 -0.37176754266910433 -0.4365194724410875
1645455905.165097 3.6152828117397835 1.6043419362439777 1.296186595274639 0.5658878619518964 0.5930042889452989 -0.372842622923063 -0.4348618190467372
1645455905.171687 3.616652552596724 1.6114953539828618 1.295460660647377 0.5637754644471855 0.5946820098101776 -0.3749013982254668 -0.4335425696320722
1645455905.178292 3.6150561181106284 1.6183260117099665 1.2930355755540066 0.5598096775344169 0.5935428672506005 -0.381966653152923 -0.43407493811778813
1645455905.184916 3.621211556228293 1.6228469170381221 1.2952878083209156 0.5688419940612839 0.5962733856939494 -0.3715087323932138 -0.42761870110204064
1645455905.19151 3.622568946507461 1.631865836399884 1.2945739942548011 0.5654318857841083 0.599482233298443 -0.3729250648380979 -0.4264204852536281
1645455905.198127 3.622157480037719 1.6394803046657775 1.2926295518738118 0.5609076260808551 0.5982748877177824 -0.3762242393493966 -0.43116666724029284
1645455905.204709 3.62065999079231 1.6463132378141134 1.2902533351520908 0.5566612487582607 0.5971045606872756 -0.38382034447634306 -0.4315970008210984
1645455905.211336 3.625035482866816 1.6537613764203922 1.2916133232048423 0.5588389065397383 0.6009891203863638 -0.3777639315655431 -0.42872510437013195
1645455905.217891 3.6269396490305814 1.6602757358685298 1.291349057898894 0.5602691912241217 0.6009565388348139 -0.37497290400140965 -0.4293536532160165
1645455905.2244859 3.6278578543305104 1.667991341298084 1.2906856330365375 0.557357848872415 0.6030014157700062 -0.3768074101877728 -0.4286692608416632
1645455905.231115 3.6298653239941943 1.675076395036265 1.2904636922763189 0.557036907288328 0.6049208879055531 -0.37445324321307794 -0.4284449149174966
1645455905.2377129 3.6315571042641115 1.6804005417288777 1.2901427539390407 0.5597672591746374 0.6039523635042475 -0.3712211534854462 -0.4290649192005074
1645455905.2443168 3.6324431679123363 1.689371855605105 1.289446766023291 0.5559729552628575 0.606831887426983 -0.3724041475662581 -0.4289101067957203
1645455905.250879 3.6333003501983776 1.6972886355860397 1.2888540216343345 0.553667267415308 0.608777313845982 -0.37252775741080835 -0.42902838187269493
1645455905.2574809 3.634591122260374 1.7046807727804618 1.2884454896811073 0.5524941554516842 0.6103640502413887 -0.37237379786230085 -0.4284194799430779
1645455905.264076 3.6376611120577143 1.7116484096876134 1.29044125936638 0.5542324345022049 0.6160652915429096 -0.3672017230248786 -0.42243627855568133
1645455905.2707 3.6401215817909804 1.7180994867130563 1.2900090123810644 0.5566357635334751 0.6156444715388355 -0.36424229758024934 -0.42245198170258297
1645455905.277278 3.6378574156319896 1.726107964948493 1.2873497141093218 0.5504218888829172 0.615792093541891 -0.37259014921895967 -0.42309822346459947
1645455905.283874 3.63871185031271 1.7335556115904052 1.286914788863599 0.5487532333673302 0.6167288772225471 -0.372890995122003 -0.42363586620401017
1645455905.2905111 3.643205148231972 1.7387502358986993 1.2887852640837336 0.5549560430052142 0.6171810749159644 -0.365995457189372 -0.4209017678428877
1645455905.2971141 3.644320763014839 1.7459627571247018 1.288641154399347 0.5539338868503149 0.618242030929734 -0.36666957875511186 -0.4201036937304602
1645455905.303675 3.6451896592032194 1.7532466918078493 1.288392912840951 0.5525338127951399 0.6192077401490842 -0.367952694861732 -0.4194026189251591
1645455905.310267 3.647173989760371 1.7601119249323138 1.2890214363730754 0.5529615417165232 0.6204394737899925 -0.36694856577417634 -0.4178956861031185
1645455905.316874 3.647404491030139 1.7676730627186503 1.2883242219372075 0.5502105600906517 0.6211859885471626 -0.3701014810077813 -0.4176371848991222
1645455905.323467 3.6478955149286962 1.7750731137402773 1.287867906754757 0.5481408991737867 0.621646351007639 -0.3724928486197849 -0.41754768545151705
1645455905.330091 3.6484746191285002 1.784267839024093 1.2878973963548788 0.5436016217623786 0.6244676847520464 -0.3743190640592971 -0.41763883420931425
1645455905.336673 3.6497670540015625 1.789557251213945 1.2879353694617464 0.5454982081009906 0.6229684657817479 -0.3753899213306198 -0.41644212790803964
1645455905.3432891 3.6518010495071715 1.7961938567490887 1.2888617214521478 0.54645734527775 0.623566899293491 -0.37415318090917166 -0.4154006807272156
1645455905.3498828 3.652829493457643 1.803317591672184 1.289094953786266 0.5457123647418565 0.62400658683872 -0.37513488068745315 -0.4148340656797847
1645455905.35649 3.6536359508017937 1.8103984782568316 1.2892066126174802 0.5450552690335283 0.6242270050948033 -0.37620752172217226 -0.41439467338033414
1645455905.363127 3.653052544034261 1.8179865560024204 1.2881024781088706 0.5419240509402639 0.6241830613954094 -0.3808720694265912 -0.414306632162114
1645455905.3697422 3.6538650624183218 1.8249640041464459 1.2882768042978858 0.5414702903410273 0.6245887620508823 -0.38159706142330835 -0.4136207647561134
1645455905.376323 3.6542151660720004 1.832265093322767 1.2883206818403845 0.5396467411018597 0.6256061829608656 -0.38262309516038173 -0.4135184411668274
1645455905.38292 3.6554461452866356 1.8402454973347413 1.2889656109536296 0.5388134964324851 0.6277436944063671 -0.38237882663004774 -0.41158704583545075
1645455905.3894882 3.65606453905913 1.8472794505286319 1.289280665497724 0.5379792131678539 0.6291337231718626 -0.38249227768519617 -0.4104490801031343
1645455905.3961012 3.656268512452907 1.8545439708782683 1.2892979524329777 0.5361655248422668 0.6307703221300032 -0.3838163581641409 -0.4090721331610362
1645455905.402723 3.657334252006169 1.8610349156002637 1.289924984545215 0.5364006516492705 0.6320942116359828 -0.38284832559405274 -0.40762486602392595
1645455905.4092999 3.6565533879366314 1.868270571117069 1.289370749597904 0.5324131963427614 0.6325678568191135 -0.38501904956030714 -0.41006598009638395
1645455905.4158862 3.6580603910126865 1.873684808327865 1.2900993092564839 0.5352225190331922 0.6338399235169142 -0.38414984915383465 -0.40523119388985723
1645455905.422498 3.6588736105511193 1.8805658769912905 1.2911737155490652 0.5338953807242326 0.6355135414165659 -0.38211423710795245 -0.4062838226748075
1645455905.42909 3.6594566318445656 1.8872048323570807 1.291696023285597 0.533431058741966 0.6368221176235652 -0.3814888692191111 -0.40543151848647857
1645455905.4357069 3.6593767647635267 1.8937919215500048 1.291684633261014 0.5322243317371433 0.6378084752227581 -0.3827887893452838 -0.4042399817027257
1645455905.442283 3.659500589272332 1.9005119174810596 1.291983657589161 0.5311433595389236 0.6389170633772809 -0.3830937049415681 -0.40362175091423286
1645455905.4488971 3.660945941146981 1.9066201714718873 1.2930184161273008 0.5334488477214648 0.6404957595912725 -0.3813673617810147 -0.39969500403724456
1645455905.45548 3.657783044763665 1.9155874577724379 1.291344552202835 0.5244489247265329 0.6414837116788547 -0.3878133849233906 -0.40379740930796026
1645455905.462153 3.657943921094893 1.9220700779225888 1.2917380714635116 0.523776746727899 0.6423332371053591 -0.38779923093198104 -0.40333270855954567
1645455905.468726 3.6580402651673456 1.9284900539769592 1.292146882194801 0.5230209189111739 0.6431181691510361 -0.3880096424123471 -0.40286014618569926
1645455905.475306 3.6586809471824413 1.934598300543885 1.2930077376364535 0.5233901544555619 0.6438432287213526 -0.38666176680954806 -0.4025182391943613
1645455905.481907 3.6595152684050998 1.9406905048438006 1.2938614014488279 0.5247094636939555 0.6454037572670175 -0.38636151285763665 -0.39857044409167497
1645455905.488511 3.6577026878933356 1.9474934147810803 1.293054019764623 0.5200895468760965 0.6451260171270946 -0.39035958372908336 -0.4011711343984697
1645455905.495126 3.657545752108078 1.9537946517239915 1.2934208323701448 0.519230902175215 0.6459048846554292 -0.391327311842872 -0.4000859353260077
1645455905.501701 3.656523203121813 1.960208426178459 1.2931893863757697 0.5169424621801153 0.6463966402340292 -0.3941710182906357 -0.39946299498570476
1645455905.508351 3.657772657867434 1.9657921238175535 1.2942675428875863 0.5198311826255552 0.6474190246694318 -0.39321645688068146 -0.3949741349844211
1645455905.514981 3.6576494601265592 1.9723346725366953 1.2951466202903188 0.5179745235101489 0.6482276673392957 -0.3928650306546181 -0.3964341000206735
1645455905.521535 3.6573373996122065 1.9785903832570244 1.2955961631616675 0.5173577260436286 0.6487718086516583 -0.393806618917004 -0.39541378520209747
1645455905.528138 3.657140259196935 1.984648874121367 1.2960368719345114 0.517007422825585 0.6490857154750201 -0.39464439899038856 -0.3945205078866787
1645455905.534745 3.6569187415824413 1.9907114518037359 1.2964628065045507 0.5166632500122663 0.6493846767901451 -0.3953547935393731 -0.39376748976599885
1645455905.541336 3.6562464650905135 1.9968128438680066 1.2966669718348 0.5155954349664938 0.6493295132874258 -0.3970697417545542 -0.3935324785937719
1645455905.54794 3.6562423732720086 2.0028888612475337 1.2974013526901693 0.5155741252832363 0.6503617835829124 -0.39710256171230346 -0.3918189321876552
1645455905.554521 3.6555070706259603 2.008825830328651 1.2974333421080604 0.5145563615124413 0.64991608108747 -0.3990640731622847 -0.391903483000125
1645455905.561152 3.6554673124500296 2.014836072443666 1.2980655284234288 0.5142686095494841 0.6508996556183776 -0.3990805071192869 -0.39063007932266636
1645455905.567752 3.6558756605270277 2.019457095728114 1.2989481978112898 0.5161373809227138 0.6503020234636033 -0.3982053251545568 -0.3900532868093944
1645455905.574344 3.654425035378333 2.0266792729389653 1.2987347562682299 0.5124050056487027 0.6517590596630024 -0.40081671331969193 -0.3898676196972665
1645455905.5809731 3.653737874619861 2.0327034225456524 1.2988771180371148 0.5108752201748162 0.6522537807492432 -0.4020213968738924 -0.3898075027734705
1645455905.587522 3.6541430695348347 2.03831057473035 1.2999884281501333 0.5114745440727321 0.6529907705738551 -0.4002752585434431 -0.38958456174365363
1645455905.600759 3.6522689955602967 2.0502138704792285 1.2998993988683762 0.5080104929472081 0.653953794957212 -0.40395805021090075 -0.38869944336999485
1645455905.607317 3.653020603371542 2.055685513297489 1.3009398033851245 0.5100973455364164 0.6554701763834672 -0.4025497265466945 -0.3848543785045769
1645455905.613881 3.6517481096869484 2.0616602729007587 1.3011836352149246 0.5077210009293283 0.6560969169691236 -0.4037092905916859 -0.38571308823085637
1645455905.620501 3.649868979410329 2.0679922272521334 1.3007626567736694 0.5035810557112237 0.6561298627089419 -0.4057641848865853 -0.3889148684463962
1645455905.6271229 3.6501632713753556 2.073377997820967 1.301217099983774 0.5045786482316599 0.6563951601551316 -0.4047507017655318 -0.38822963430376867
1645455905.6336992 3.6523248426550348 2.077228806553466 1.3033060771481777 0.5107078709837296 0.6577517508710863 -0.4001056587833901 -0.38269467351554265
1645455905.6403131 3.6501969442065385 2.0844008531494227 1.3023682030522212 0.5061157156623532 0.6587126000805205 -0.40379426101480265 -0.3832680440523203
1645455905.646871 3.648988684115691 2.0897357253131865 1.3021302924846998 0.5049191204537633 0.6590650835701942 -0.4053596466644538 -0.382587325711041
1645455905.653502 3.6481646571695183 2.0964191546723683 1.302328924795651 0.5027790000478536 0.6607194573030868 -0.40568139762449046 -0.38221103227678815
1645455905.660074 3.6467737801495783 2.1025000508837213 1.302635926747332 0.5002661242052919 0.6619070349580424 -0.40609199406108765 -0.38301673627150723
1645455905.666715 3.644140400598382 2.1073439935218143 1.3012189755447976 0.49781388344117283 0.6608647965864891 -0.4107524197661483 -0.3830419129317573
1645455905.673276 3.643291168623781 2.1132747583603337 1.3013192481512608 0.4966883971141838 0.6616743054138823 -0.4109248292591368 -0.3829205789025068
1645455905.679919 3.641833870382811 2.1198121036523707 1.3007208694367511 0.49464606287424184 0.6625452983639554 -0.4130254639814467 -0.38179644292835596
1645455905.686511 3.640897514110455 2.1256503717791735 1.3006820779002388 0.49362448930405145 0.6630712395237366 -0.4133456925830514 -0.38185912130281807
1645455905.693138 3.6381596022217844 2.131830606660774 1.29944667266196 0.4887890883581053 0.6613436997554694 -0.4159197566881926 -0.3882268358125232
1645455905.699713 3.642389709574839 2.1359426194176763 1.3027979173383715 0.49809973060645796 0.6644418818371203 -0.4064157164185254 -0.38110304266014267
1645455905.712885 3.640010946768304 2.1432519737039866 1.301932304098419 0.49330432013480013 0.6656838618915069 -0.40943726732827235 -0.381937906828432
1645455905.719488 3.638833411605386 2.1491121330234964 1.3017811937865131 0.49197496294430443 0.6663490365224364 -0.4098935872141557 -0.3820031622164683
1645455905.7260811 3.635555317078239 2.155405036267108 1.3001698959770795 0.48616495043257785 0.6645901164602865 -0.4134422174529166 -0.38862412606188557
1645455905.732685 3.6366470184280995 2.160680217840153 1.301549081917294 0.4898581069499352 0.6675514907336614 -0.4103089180557054 -0.38217828984698565
1645455905.73928 3.6339320847556085 2.1658316942560463 1.3001426357239565 0.4871018842261393 0.6669065779545524 -0.41440864669935085 -0.3824034362305833
1645455905.745881 3.6320122641483983 2.17244238561916 1.2995279015305685 0.48438842448452846 0.667898958706711 -0.41560860499148966 -0.38281570949856153
1645455905.7524748 3.6317904238751617 2.1781410660474743 1.3003095231259878 0.48427051882363326 0.669879453433414 -0.414025200655802 -0.38121692836001786
1645455905.759084 3.6289618189135884 2.1840067089372828 1.2991881534201222 0.48115906824006244 0.6698523308775537 -0.41637111314165115 -0.38264678873868974
1645455905.765676 3.6274367550220217 2.189570630882519 1.2985396579460393 0.4801326357132549 0.6703731262530953 -0.4170160214001578 -0.3823215394706678
1645455905.772322 3.6277589857317785 2.1965822481269406 1.29948243428809 0.4810807250287752 0.6727516002716014 -0.4131313089158086 -0.3811675982410062
1645455905.778881 3.6263522705313846 2.202538743979435 1.2993409338350441 0.48009697597548484 0.6738131324657207 -0.4127406792510402 -0.38095598694274035
1645455905.7854831 3.625145009213197 2.208291091364616 1.299127961980801 0.4797565758097622 0.6745775498429024 -0.41154441091954375 -0.38132603490634115
1645455905.792087 3.6218883708399487 2.213905045304173 1.2976212023408382 0.47563099208303194 0.6754021319380383 -0.416622354611853 -0.379516201423435
1645455905.798694 3.6199162447481394 2.219292499255448 1.2970038615150765 0.47459248754378613 0.6756052830883763 -0.41618481635417487 -0.38093215674939324
1645455905.805276 3.617803787553416 2.2263879909648456 1.2969535883835668 0.47155392586606865 0.6779053053054158 -0.4165168617391701 -0.3802559391250996
1645455905.811884 3.615765896642539 2.232357837231842 1.2961479009994747 0.469566596584851 0.6785447332014304 -0.41722436068608393 -0.38079885242032446
1645455905.818527 3.6152753314825876 2.2381441028905367 1.2963312244565768 0.4706854020873836 0.6797414642115714 -0.4156051638617083 -0.37904982660294073
1645455905.825096 3.611522502648901 2.2439790691457104 1.2940718349838087 0.4658546749770688 0.6775605668465571 -0.42099560389388613 -0.38295349766350284
1645455905.8317142 3.6105752815542225 2.2495662976863864 1.2944914552776623 0.4662242657006572 0.6793587104894089 -0.4187483709856886 -0.38178018317231915
1645455905.8384929 3.6095287040249158 2.2555744757739555 1.2944455196292892 0.46573778984289227 0.6795485320471975 -0.4182497510149026 -0.38258187561218776
1645455905.844917 3.607702015603324 2.261351427647803 1.2944094850274026 0.4647542530281313 0.6811470713222938 -0.4169575892273608 -0.38234551070350986
1645455905.8514822 3.6064542663358434 2.26746298264708 1.2948599660162632 0.4646453671862029 0.6833433952092044 -0.4152162210009154 -0.38044918420038887
1645455905.8580768 3.6045998123268177 2.273331446396065 1.2942888981593321 0.46419011063525917 0.6836588743482863 -0.4162076247163225 -0.3793533511815187
1645455905.8647199 3.6007601774407476 2.2795444021400852 1.292386790669049 0.460107736713254 0.6815766874985049 -0.4215354415298077 -0.3821800565033599
1645455905.87131 3.6025281442063495 2.2859028752794432 1.2947731632497017 0.46463669807531055 0.6850249416070916 -0.4133458365711458 -0.3794712391227912
1645455905.8778381 3.6036462472814788 2.2902943011023345 1.2965346011804886 0.4700214380492828 0.6855332401672032 -0.4073619684295908 -0.378391232830036
1645455905.8844721 3.599314005944129 2.2975291851685133 1.294716697262992 0.4642096984664561 0.685473643127645 -0.4127577044896134 -0.37982345997890654
1645455905.891083 3.5980382201330516 2.303187451476023 1.2950080277899674 0.4645188692052884 0.6859229381701178 -0.4125415158154791 -0.3788681576390416
1645455905.897682 3.5940288429545717 2.308561869658748 1.2934433328167187 0.46013392204015324 0.6857590373558233 -0.41897444495356695 -0.3774538091697657
1645455905.9042811 3.5908671859619945 2.3148118074166963 1.2927093026960426 0.45692947700950187 0.6835217950151545 -0.42133914079077794 -0.38273534821208555
1645455905.910872 3.5891160927249945 2.3203815442507967 1.2930140012437241 0.4561880329571896 0.6847821468595324 -0.42064865773033283 -0.3821258985759848
1645455905.917475 3.587285633313153 2.3260924700278096 1.2930246253862088 0.4549271810446492 0.6855269144783728 -0.4218196168805814 -0.3810012432416981
1645455905.924072 3.588480562047079 2.330996402396075 1.2949558075712915 0.45888369569960935 0.6870108523183243 -0.4177176316765618 -0.37809180083611366
1645455905.930712 3.5835688517269717 2.337153282174362 1.2931276308508257 0.4524336370654679 0.6868131608527864 -0.4242343876500916 -0.37896742053033977
1645455905.9372742 3.582705716184381 2.342313689685943 1.2930416250684473 0.45399335331828183 0.6862313593668286 -0.4247305457297751 -0.3775979356614752
1645455905.943915 3.5819993856018333 2.3479998180181836 1.2942477547381326 0.45423008483993094 0.68978367331689 -0.4222940480831773 -0.37355166298327824
1645455905.950505 3.579716485778215 2.3542301077857433 1.2943502304351897 0.4519199993895155 0.6909894480606331 -0.423013497551263 -0.37331101889252394
1645455905.957079 3.5768178695313617 2.3598133775502044 1.2935594496412592 0.4494105304961401 0.6893153519077748 -0.4263494740982983 -0.37563307511234045
1645455905.9636679 3.574881426944529 2.365470452502101 1.293669197649618 0.44841413817493947 0.6899229601309071 -0.4267749863200939 -0.3752250045317936
1645455905.9703832 3.574394916336193 2.3708375224580647 1.2950555246767435 0.44922702203108295 0.6926191740557514 -0.42413867997442856 -0.37226305863543757
1645455905.976875 3.571047037172243 2.3761106321610246 1.293713001841364 0.44663397686746914 0.6916147075364056 -0.4282598372905426 -0.372532265688596
1645455905.983474 3.569458632543914 2.3825445892863515 1.2946380038739598 0.4460997824829036 0.6923619381114132 -0.42586000415932734 -0.37453003794545464
1645455905.9900951 3.567223761761093 2.3877599715262527 1.2945047200448034 0.44474506961420485 0.6934567143280039 -0.42719031302974897 -0.37259586687876634
1645455905.996681 3.5640427038602054 2.3938058263943485 1.2943851258390264 0.4415744279813039 0.6948670051423996 -0.4290944791479203 -0.3715499302198313
1645455906.0033028 3.5623890035925925 2.3993768812747716 1.2948111506043993 0.44123932708765545 0.6955180083092828 -0.42810429606198647 -0.37187206673578843
1645455906.009873 3.5614985532693604 2.4043432645948157 1.295003005690499 0.4428524665841692 0.6952263819062522 -0.4272683425525989 -0.3714611409775451
1645455906.01649 3.5597993792797284 2.410646063809722 1.2956934337858022 0.4424030117068282 0.6955434194011016 -0.42551323624621634 -0.3734125931257489
1645455906.023097 3.558061247505619 2.4163278244865123 1.296067629560992 0.44179007560294764 0.6964290955773926 -0.425275596231712 -0.3727577351577358
1645455906.02968 3.554986935358239 2.4228767722771827 1.2965732848474696 0.43679248466688103 0.6994969612787844 -0.42701059196601676 -0.370915023579543
1645455906.036285 3.5546002685922926 2.4280343730302745 1.2969816981394144 0.4395304678428467 0.699149435387413 -0.4255573223888372 -0.37000495802609507
1645455906.042871 3.5515681934010854 2.4321614735364503 1.2962026311262933 0.43765588062881733 0.6993057178424885 -0.4283512861248046 -0.36870537611254023
1645455906.049546 3.5532512807667667 2.4375996933354784 1.2987587671717664 0.4433577779703343 0.7002360591701213 -0.42139410203969935 -0.36814390434957267
1645455906.056075 3.548204190726246 2.4428865421503763 1.296734993973059 0.43703777975168695 0.698818556067471 -0.43014236892286256 -0.3682767670747734
1645455906.0626838 3.549127488520988 2.448210210647684 1.2988943789498657 0.44120316132632664 0.7005420408196072 -0.4244203580572972 -0.3666709367390886
1645455906.069278 3.5477409627771346 2.4550754810352813 1.2997427956128644 0.43958416329997513 0.7032554471236118 -0.4225843331930996 -0.3655401959685242
1645455906.075891 3.5413372211141554 2.459570945446881 1.2967340961876788 0.43224656647222387 0.7006029050126277 -0.4340806810677444 -0.36591258104671437
1645455906.082496 3.5435361045196023 2.4655143359646017 1.2996617413175648 0.4386384560440954 0.7026888868256159 -0.4247709885616024 -0.36523121876610093
1645455906.08909 3.537249982621195 2.4700559129201882 1.2965653162974857 0.4304891084753971 0.700638874941943 -0.43792174981213583 -0.36332965500993575
1645455906.0957062 3.5371850128360847 2.475833749385773 1.2977287311075072 0.43389868265130926 0.7003980692155714 -0.43404945886088814 -0.36438316496287626
1645455906.1023202 3.5348864993763756 2.479526793395957 1.2968633525208824 0.4327110554245966 0.6995558832519655 -0.4394869693030693 -0.36087880927416544
1645455906.108896 3.5316413090116816 2.4861015111360043 1.2968875777145392 0.42912913426852073 0.700971457284109 -0.43962651137817427 -0.3622366114389135
1645455906.115492 3.5316678433019866 2.4916051635035807 1.297917249635604 0.4321233512861218 0.7006706722920752 -0.43670211922284846 -0.3627959013567935
1645455906.122088 3.5298791669886507 2.49205245170114 1.2972439158815712 0.4384833938230245 0.6947611470040719 -0.44051914958396793 -0.36191398383740037
1645455906.128712 3.527851897356527 2.501335730123756 1.297851006818009 0.4320370661239833 0.6998831031676018 -0.43948873658228077 -0.3610496812553608
1645455906.135277 3.525857043078939 2.506912039567469 1.297802962893123 0.4309020299901864 0.7003483079822732 -0.43986592011300013 -0.36104468453649907
1645455906.148505 3.521416364318553 2.512709857933472 1.2963175932527162 0.4363974519063061 0.6927828466598456 -0.44614882946003387 -0.36133091865278755
1645455906.155114 3.520280680040093 2.5222271561098726 1.2977945692329904 0.43009990917284974 0.7004905325139797 -0.44269578672915944 -0.3582556465268759
1645455906.16167 3.516425977293708 2.526367914186393 1.2963862466162392 0.4267811631619508 0.699446280174876 -0.4486513325966992 -0.3568533431088513
1645455906.168305 3.5148746013253644 2.53115316216478 1.2962958174151147 0.4272489421851608 0.6992825247816624 -0.44934198386401286 -0.3557438994472195
1645455906.174869 3.5118302052789696 2.5370631609216265 1.2962276066154224 0.42404839027552427 0.7005495461789558 -0.45125580453106456 -0.3546562698204145
1645455906.181515 3.511872878515994 2.5415738835520325 1.2962316539251297 0.42858632569220656 0.6997111855111562 -0.4499127058296977 -0.35255662239365126
1645455906.188069 3.512664839233833 2.54510799903798 1.2977589446543543 0.43508476738266766 0.6992646558105191 -0.4450935570516425 -0.35159853108952704
1645455906.19467 3.5079764801987867 2.5514926859758713 1.2958481917796836 0.428281448120848 0.7001894327792788 -0.45026778292642283 -0.35152288735431375
1645455906.201279 3.507955947225278 2.5556346463537962 1.297022289710831 0.4306271533218255 0.7023259011770114 -0.44785957454488695 -0.3474477957306057
1645455906.207872 3.5057475777820333 2.5610015134646096 1.296762632866107 0.4295019444146925 0.7031564953386324 -0.4477890434366013 -0.34725155626743615
1645455906.214474 3.502300245215868 2.5662188878806877 1.2952882060124646 0.42748023120033546 0.7022220580774704 -0.4518410836871799 -0.3463872146472145
1645455906.227682 3.499923253132389 2.569419049730147 1.294250112876539 0.42869952688783325 0.6999506100609165 -0.45394510078377026 -0.3467265153510732
1645455906.234272 3.4978622863250166 2.575667070318297 1.294377390568601 0.42616487042282364 0.7026838490145427 -0.4530352505943731 -0.3455106256058342
1645455906.240872 3.4983540391694246 2.580607307707339 1.2959938158018864 0.4290895527075871 0.7051106454519196 -0.447334073473002 -0.3443733168772857
1645455906.2474701 3.4941133483541904 2.5855370452156152 1.2941588264537227 0.4239812803146737 0.7051238936035518 -0.452573114113362 -0.34382747470637476
1645455906.254139 3.4910262383309236 2.5954329708955672 1.2941003973900784 0.42278295500594765 0.708331185447457 -0.45122296031228937 -0.34046871339016366
1645455906.260675 3.487264218085183 2.5998657822957987 1.292685249764255 0.4192243802618904 0.7078216707767488 -0.45545149360868814 -0.3402983036826503
1645455906.267277 3.48480524648284 2.6024694161242046 1.2916520357047734 0.4212339691066387 0.7050450855245292 -0.45700565763665524 -0.3414949033465118
1645455906.273866 3.4849838341152455 2.6094355709234396 1.293307310258176 0.41986633021489383 0.713038880032795 -0.45063961237650313 -0.33497961664696496
1645455906.280477 3.4821383363142475 2.613724083419648 1.292434799718695 0.4163675855524298 0.7121402085491583 -0.4537240313944901 -0.3370881779563862
1645455906.28707 3.4788808580532216 2.618168539975462 1.2907544357362957 0.4156728476291726 0.7103367290328573 -0.4571285866415524 -0.3371511041075217
1645455906.293675 3.4781845913687484 2.6234321403623007 1.2920715531013516 0.41604455623814623 0.7153565642200127 -0.45309039429517917 -0.33148243675975436
1645455906.3002722 3.4759370996320937 2.6278910525546757 1.2913432081654188 0.4149410762246764 0.7157114676381334 -0.45397034502395794 -0.330895064864091
1645455906.306881 3.4722162757082238 2.6314701619038945 1.2898692827189506 0.4116442046360084 0.7152235041437053 -0.45866489709498226 -0.3295913744093966
1645455906.3201852 3.4674774579765715 2.641881768246323 1.2888877166202564 0.4083481626303806 0.7156540954293816 -0.45920497087747325 -0.33199609596920604
1645455906.326706 3.4653866914350018 2.6461452212565812 1.2879225667102951 0.40881770970888404 0.7148259352541625 -0.4611943390317113 -0.3304411485929648
1645455906.33329 3.463708434821884 2.651060993509212 1.2878309594216457 0.4083160331563593 0.7164455048789486 -0.4603707256025111 -0.3286978235965934
1645455906.339892 3.4599956385629342 2.6554683172233426 1.2867179256882468 0.4052961479547366 0.7171787802084709 -0.4632411262867983 -0.32679788026743173
1645455906.3531609 3.4596422952944375 2.665099575851839 1.2880824549885235 0.41042025837406104 0.7216392108190258 -0.45441024129839774 -0.3229596920659846
1645455906.359699 3.453635713642161 2.669187583912353 1.2846704311724502 0.4024011045346925 0.7198701609943383 -0.46560101063606596 -0.3210538302995076
1645455906.372992 3.4526482190828793 2.67975201237354 1.2854572263904307 0.4035308193613137 0.7256172169889613 -0.4586077140968839 -0.3167350431665295
1645455906.386131 3.4511900141814866 2.6841383286115845 1.2852898467398681 0.40338423662012995 0.7266956949050829 -0.4574892005892768 -0.3160661422650176
1645455906.392724 3.4457844331386154 2.6877969392107586 1.2818512377148041 0.3971168135271943 0.7234278651424989 -0.46716963394740196 -0.3173365863685154
1645455906.405971 3.4428445690613407 2.697984529060068 1.28187909614764 0.3968234617132371 0.7285625685149181 -0.4624062800651999 -0.3129020867682221
1645455906.4124942 3.4411136289313426 2.7022138903866626 1.2818757359272666 0.3956824057666764 0.7301424836211503 -0.4614805984313434 -0.31202991988732404
1645455906.4190888 3.438173812242478 2.7048904712566983 1.2800620306772368 0.39716887415704916 0.7249826178268458 -0.46329800097031604 -0.3193927075944544
1645455906.4257019 3.4352084659524604 2.711392917241193 1.2794927503929872 0.3904546345223217 0.7315339970917678 -0.4652744862353096 -0.3097134899075724
1645455906.43233 3.431999736595595 2.7156940809871113 1.2777221571728627 0.38760273834681536 0.7294959559801962 -0.4689444628128752 -0.3125547428188264
1645455906.438905 3.4317032395331752 2.7207275527878494 1.2783286340851274 0.3896491668541927 0.7310766078652997 -0.464700815179384 -0.3126551971292989
1645455906.44549 3.4292103321004666 2.7253824987810504 1.2776192324005013 0.38779500509071335 0.7318445303410757 -0.46533061738887854 -0.3122269195218666
1645455906.452095 3.4260790526296203 2.7298054032900274 1.2767262737975194 0.38464508405911835 0.7328937410790192 -0.46743914291068306 -0.3105080117593092
1645455906.4587 3.4241667559251265 2.734555423206897 1.2758714123646224 0.384390315951038 0.7330834406143808 -0.46773093788221454 -0.30993564012849373
1645455906.46529 3.420275195624374 2.7387105695217318 1.2746095500485608 0.37978686017092916 0.733492724617027 -0.47166607645485814 -0.3086763544085786
1645455906.4718878 3.41851304785605 2.7411986999450035 1.2741004191586487 0.38342327993740566 0.7306641202638183 -0.4719553410234081 -0.3104420662987683
1645455906.478518 3.4162259980269782 2.7478744872375835 1.2738856189811476 0.37743570305628316 0.7349362636112731 -0.47285093788066257 -0.30630470019499423
1645455906.485095 3.4140662387766643 2.7524357947724503 1.2735819350035706 0.3757130314142195 0.7358509925838773 -0.47357056318252144 -0.3051123372295179
1645455906.491723 3.410604046557255 2.756553624211696 1.2721232011073547 0.3720730843710589 0.7353423496437711 -0.47785658750899684 -0.3041150183789028
1645455906.4982731 3.4086419547721394 2.7610901476415775 1.2718685013933315 0.3705991870762802 0.7361227804063014 -0.4785624540880996 -0.3029142816226949
1645455906.504917 3.4080843713253226 2.7661236915900664 1.272461730088641 0.37194319809079635 0.7373667783317237 -0.47591080486190374 -0.30241857003384753
1645455906.511473 3.4038017765557522 2.7699170657027663 1.2709220181548047 0.36628025461042035 0.7374962708360626 -0.48186381256733635 -0.29957452733844747
1645455906.518081 3.402505742104569 2.774603083589671 1.2713573563171352 0.36589549945450095 0.7385487631754205 -0.4803486109650081 -0.29988500632873993
1645455906.524717 3.400242722116544 2.779196302532913 1.2712100036653948 0.3640770149077095 0.7395791386353511 -0.48087085244607225 -0.29871974287304304
1645455906.5312781 3.397863833400179 2.7836220502639897 1.2705749874840915 0.3624820212820402 0.7397958965599024 -0.48247475960180447 -0.2975340764492084
1645455906.537906 3.396566282872158 2.7878554470819936 1.270745051951 0.3635173620679143 0.7404188352920729 -0.4806828416789689 -0.29762174863599566
1645455906.5445068 3.394740212981997 2.792343281979567 1.2705603157458591 0.36335503475867603 0.7412031035535117 -0.48034423434312773 -0.2964120439221024
1645455906.5511072 3.392192274695538 2.7966680828770882 1.2700867329518628 0.3620346315569081 0.7414768952793601 -0.48134958782286874 -0.29571117459474766
1645455906.557708 3.390151430621014 2.80107579632023 1.269918861272503 0.36171122611282325 0.7425206026486113 -0.4810682927942574 -0.2939406032819308
1645455906.5642722 3.387495837258863 2.803162845804338 1.2688778727548273 0.36445704913157306 0.7396841241302309 -0.4826927474511937 -0.2950352432420584
1645455906.5709062 3.3849113234174864 2.809085720962843 1.2688551837571787 0.35954217636729774 0.7438755120866161 -0.48263539026058894 -0.29058791358500685
1645455906.577493 3.383023472769607 2.813068718742154 1.268680690768499 0.3597724310906309 0.7446646779866711 -0.4820776540162086 -0.28920409380506945
1645455906.5841112 3.380764724501255 2.817133137921754 1.2684362040264177 0.3588086050143848 0.7457698915328839 -0.4822210320647306 -0.2873083949898928
1645455906.59067 3.378440325267287 2.8212487531935926 1.2681794456555977 0.357902744030401 0.7468401555451787 -0.4822632733570639 -0.2855820979636542
1645455906.597277 3.3758096087634106 2.8249158023735093 1.26756462148456 0.35618964125682573 0.7473700705300101 -0.4836492660740499 -0.28398929500238945
1645455906.603898 3.372739819246868 2.8277311494536286 1.2667909989383568 0.35670977003499693 0.7453142491215969 -0.4846834886025631 -0.2869605604302047
1645455906.610511 3.3703876736320737 2.831526291719422 1.2664842624947046 0.3553683030075988 0.7464476140764676 -0.4849549617157837 -0.28521505396233676
1645455906.617107 3.368601658847977 2.836284685749998 1.266591016851165 0.35207357644867315 0.7496975798995078 -0.48481682855574876 -0.280980387863839
1645455906.6237068 3.367244633767689 2.840448627194308 1.2672956381306955 0.3523891283159868 0.7532190186139519 -0.4817352543015564 -0.2764303584692339
1645455906.630309 3.3641746779725916 2.843121061233892 1.2664234228468072 0.35280288012467204 0.7513013140247414 -0.48279473995991445 -0.2792585395487683
1645455906.63691 3.3618073180001735 2.847374409691742 1.266367368211423 0.34893604525293387 0.7544373674597239 -0.4833063507407414 -0.2747407785442619
1645455906.6435049 3.35968989920548 2.8508769944635897 1.265891073601472 0.3486169571409252 0.7544029074912777 -0.4833261781810033 -0.2752050879565071
1645455906.6500769 3.3573311076975236 2.854462638747733 1.2654774019762993 0.3475890293405148 0.7551965246435042 -0.48320819779898483 -0.27453515641953635
1645455906.656706 3.354541706389786 2.857723329106348 1.2648706272580856 0.34624826294048044 0.7554691821492959 -0.4838079954968906 -0.2744228555264295
1645455906.6632771 3.351446793598509 2.8605118982611106 1.2640643500607172 0.34500459198131694 0.7553546449362346 -0.4847658314090007 -0.27461404612208945
1645455906.669903 3.3492246986302336 2.8639801523915356 1.263588585515005 0.3442542122873284 0.7558823412268015 -0.48486451327718466 -0.27392872817439945
1645455906.676497 3.3451923832295796 2.866761207660747 1.2618432617692887 0.340413650757654 0.7540773345086044 -0.4895962535063163 -0.27528353066643124
1645455906.6830668 3.342772836920562 2.869965471813851 1.261146202724697 0.33990565723848354 0.7545446435349725 -0.489887028441629 -0.27411094453964413
1645455906.6896791 3.34148144214449 2.873647369251205 1.2617715338188966 0.34119656216118543 0.7581265586570269 -0.4860883650946019 -0.26934495272531067
1645455906.69627 3.338827081981925 2.8765898948219397 1.2612722489197445 0.34096775867304274 0.758927295555755 -0.4859410698466701 -0.2676400287064903
1645455906.7028859 3.3348207462069674 2.878652037906093 1.2589356520837813 0.3386907412803699 0.7554628850321705 -0.4913845130071041 -0.2703798759954079
1645455906.709475 3.331996763761777 2.8815352171157973 1.2581818697993727 0.3381607339761294 0.7559592963077627 -0.49164549028732657 -0.26917876246682465
1645455906.716078 3.3304947688547175 2.8850001898538493 1.2589227943320362 0.3393696235119752 0.7602178028932629 -0.4877048503066445 -0.2627559988898582
1645455906.7227101 3.327748260351558 2.8877324060359535 1.258180032379872 0.33896636141408465 0.760723367251081 -0.4882583340478507 -0.26077798700147237
1645455906.729284 3.3246110998246885 2.8901226409817338 1.257092466358012 0.3388145493100644 0.7602948675965613 -0.4893595019752925 -0.26016007326505214
1645455906.735879 3.3190205185517834 2.8908495278025135 1.2534993484128758 0.33657615236936356 0.753849311023675 -0.4960187131192068 -0.26905897321833494
1645455906.742495 3.3180205863702517 2.894426554711661 1.254737849054423 0.33902397307932075 0.7586758229768791 -0.49036223009609126 -0.2627132509101223
1645455906.749088 3.31505323069071 2.8969097505529366 1.2539602789183135 0.33861829108510955 0.7591729625994836 -0.4905410825991553 -0.26146348339007386
1645455906.75569 3.3117071672181924 2.899090774739572 1.2527865864365912 0.33779813402825987 0.7590351955737376 -0.4919883223335822 -0.2602019719288436
1645455906.7688918 3.308569872983967 2.90152040686006 1.251992919437902 0.33733790771886785 0.759477348518502 -0.4921740143444674 -0.25915565258687284
1645455906.7755132 3.301902049712251 2.905854291240259 1.249973685344525 0.3357280010071821 0.7599102907918857 -0.49376059844660414 -0.2569496426537195
1645455906.782092 3.2988966248023894 2.9081311509017964 1.249264575561711 0.33531415625869126 0.7608827294184844 -0.49342052695559435 -0.2552600601594797
1645455906.7886772 3.2939963228396465 2.9094281673613733 1.2467904392424243 0.33204354393069935 0.757966206758703 -0.4987552564260902 -0.2578315454868405
1645455906.795295 3.292264312316158 2.9125196926047154 1.2472688262368583 0.33353615439316064 0.7621355814848763 -0.4941785820830303 -0.2523690460366221
1645455906.8019168 3.288765256036591 2.9142936472658834 1.2464306166640025 0.332873985215944 0.7627419832332021 -0.49405840507904286 -0.251645499636603
1645455906.808515 3.2852289270628763 2.9161214032930283 1.2453203192356428 0.33205287398088196 0.7632662156342721 -0.4946838285296329 -0.2499062121121636
1645455906.81508 3.2816941118217335 2.9178436425028225 1.2442118334415229 0.3312673351294499 0.7638395953604583 -0.49509229112490644 -0.24838333613755673
1645455906.821718 3.2781468867298487 2.9196290572446824 1.2433252289678847 0.3303985018181052 0.7642828787427325 -0.4952362331881412 -0.24788951638554177
1645455906.8282812 3.274371162453681 2.92103425972626 1.241868304637248 0.329434622282939 0.7645805894193469 -0.49639680729953395 -0.24592510936595832
1645455906.8348851 3.271021159948963 2.922743042457595 1.2410999025755818 0.3288296510189612 0.7654196753623249 -0.4960364178855055 -0.2448494367613995
1645455906.841481 3.2674824494732713 2.924355752160551 1.2401889301237803 0.3280097959868226 0.7658927796201039 -0.4960578147537527 -0.2444259726530643
1645455906.84808 3.263807886320468 2.925847720203302 1.2391205604938647 0.32682869437729795 0.7664671215475991 -0.49665580149920785 -0.24298919583119744
1645455906.854719 3.260079096970936 2.927132284760711 1.2379548916633625 0.32577446446711145 0.7666318758033143 -0.49752701482547385 -0.24210131264645632
1645455906.861284 3.256442525086756 2.9284238819318764 1.2370321127515997 0.3247300106443197 0.7669507883410851 -0.4979414932814568 -0.24164178426006927
1645455906.867885 3.252634859976488 2.9296332512154724 1.2356986537612387 0.3232672646210901 0.7672042852602587 -0.4992449217098186 -0.24010409771841826
1645455906.874478 3.247412432643337 2.92990771609038 1.233082003131666 0.31979160837197745 0.7638682736205471 -0.5051130682541072 -0.24310284181380587
1645455906.8810902 3.2453973233271665 2.93209432520509 1.2336839592789548 0.3214036309305592 0.7678127915474657 -0.500287145133684 -0.23848599855232722
1645455906.88768 3.241411250052653 2.933206932592656 1.232383626308486 0.31985564618215107 0.7678707724781253 -0.5018964309993356 -0.23699448712269314
1645455906.8942862 3.2360059277075828 2.933208970332764 1.2295064879908701 0.31653888994799917 0.7644124506960772 -0.5082268519420812 -0.23912719831076548
1645455906.900876 3.2337806062229566 2.934925253466407 1.2300183900897161 0.31885445113849664 0.7680687051155595 -0.5033440296905408 -0.23462036380221324
1645455906.907486 3.2297919825525425 2.9356008697822786 1.2287264330288037 0.3182034603571061 0.767913528614984 -0.5047903943959202 -0.23289836692877733
1645455906.914112 3.2240206612638618 2.9354947066253714 1.2256394321427584 0.31453855317203355 0.7638713107249369 -0.5118213298776121 -0.23580636450859702
1645455906.9206898 3.2224368082264454 2.9375075832087907 1.2264599253245574 0.3179104405435654 0.76829961452844 -0.505789494970528 -0.22983748161689055
1645455906.9272761 3.2180013784856536 2.9379243539642683 1.225099247806513 0.3170757818389591 0.7680629210467711 -0.5070248607217235 -0.2290582589958619
1645455906.933918 3.213050026256528 2.9379323997696485 1.222457089721464 0.3149346459448427 0.7644934552520785 -0.5125702528441287 -0.2315972322060658
1645455906.947123 3.204983730650332 2.9390009449560734 1.2198898277788706 0.3143801039973645 0.7640417879319202 -0.5142751812734515 -0.23005633288955274
1645455906.953679 3.2030143262550226 2.9412093759182323 1.2207740115016916 0.314635761681967 0.7695543237210063 -0.5103678410244423 -0.21980615770002132
1645455906.9603179 3.196681083482593 2.940104777948976 1.217997943851865 0.31221663081991025 0.7660298769537458 -0.5138764555334242 -0.2272654247864442
1645455906.966918 3.1929662647349293 2.9408029016448873 1.2167309909232662 0.3118547427840722 0.7661526736287491 -0.514611610202005 -0.22567938392097078
1645455906.97349 3.1896124684504263 2.9419953444049822 1.2165161548306285 0.3102442028426104 0.7691876823267566 -0.5143776696856753 -0.21797717139585257
1645455906.980129 3.184954580283036 2.941481373738518 1.2141883912166878 0.31133587003255125 0.7668605018126825 -0.5151015462611785 -0.22285630949938984
1645455906.9867148 3.1802344231507957 2.940220120273179 1.2114049055142548 0.3120546686417875 0.7635206929170889 -0.5195662396614311 -0.22295412732334627
1645455906.993286 3.176940089641635 2.941904448942622 1.2115942683530339 0.3109999626912828 0.7673939683103855 -0.5157840794273428 -0.2198906258294183
1645455906.999878 3.1722466066358006 2.9405947326563844 1.208959353180577 0.31173997259221414 0.7638781485439755 -0.5203533779187197 -0.22031871629938887
1645455907.006497 3.169138473520869 2.9415519606506138 1.2087632901208818 0.3132796707997208 0.767424954022857 -0.5167515800770583 -0.21420125194612308
1645455907.0131211 3.1651017034088005 2.943176738294753 1.2083949244641952 0.307763954161989 0.770407181897897 -0.5177723832545799 -0.20896289111771454
1645455907.019708 3.1603322631312194 2.941151136087675 1.205889700353814 0.3104624225067765 0.7670935793712973 -0.5182402423273429 -0.21588693236419415
1645455907.026315 3.1581761768536896 2.942809760436965 1.2063568512167124 0.3111906870159995 0.7718712471758431 -0.5157732794406849 -0.2033535760946418
1645455907.0394812 3.1523594436373794 2.9416533224529235 1.2040724745953375 0.3092922089680188 0.7693791562173878 -0.5167549990877719 -0.21297392284814806
1645455907.046106 3.1490723635835423 2.942648133418956 1.203693289604841 0.30689024260890935 0.7727825821265477 -0.5162804543587117 -0.20513301618610924
1645455907.0526788 3.1450271692199325 2.9415596319568356 1.2020043527233717 0.3092876455195303 0.771120782961806 -0.5153061416084557 -0.2101738656763895
1645455907.0593128 3.139678481651652 2.9408496848917176 1.2005772752014545 0.3076953664135936 0.7723858274826034 -0.5147982987283141 -0.20910763485522224
1645455907.0659158 3.1359033637347653 2.9402455093840802 1.1990282325348574 0.3085331446191731 0.7705989824632292 -0.5162619831654633 -0.21084985622610636
1645455907.0724711 3.1324237582081436 2.9411777485580073 1.1993388896032202 0.3064938795001227 0.7746828580730364 -0.5128678789684494 -0.20710886681721674
1645455907.079116 3.127310834911065 2.939335595945373 1.1961139963030696 0.305859281015872 0.7695697773647578 -0.5193768621582178 -0.21085476897523647
1645455907.085687 3.12626865835998 2.9396127186967678 1.1971461795808953 0.31072018521599604 0.7745718576893602 -0.5111284534288274 -0.20552060913950784
1645455907.092313 3.1196074917875256 2.9389581027535217 1.1948288337040043 0.3062691555372488 0.772568670493579 -0.5153458500027241 -0.20917723293698445
1645455907.0989041 3.1156076802938526 2.938626298854498 1.193888597594566 0.30592183083824365 0.7730384892000071 -0.51509770781116 -0.20856005634257768
1645455907.105477 3.1116305894648866 2.9390176183791623 1.193613033000904 0.30298395731527217 0.7753187755111548 -0.5141624919821948 -0.20668342693939207
1645455907.1120691 3.107122041536686 2.937550897548213 1.1912585123900299 0.30332744651277993 0.7719800835597204 -0.5184666763465544 -0.20792096756764492
1645455907.118677 3.1050685690596387 2.9386010364024147 1.192539812290843 0.30638326976694585 0.7774146851411438 -0.5106997185638004 -0.2023390584189323
1645455907.1252742 3.100512579479697 2.9384478968580505 1.1922862257826423 0.3046757057608306 0.7791280205116115 -0.508731626755979 -0.20328300133493302
1645455907.1318882 3.0954938594527537 2.936140833357178 1.1888153708434857 0.3043209655039811 0.773548927556035 -0.5162706877560078 -0.2060945638390374
1645455907.1384802 3.093101810294671 2.9374461468026953 1.190218998229952 0.30532678899455606 0.7783766179452628 -0.5107535434473426 -0.20008951443530426
1645455907.145108 3.0890561365996945 2.936582607685279 1.1887570695291154 0.30512550451029724 0.7777013532873963 -0.5123485178407072 -0.19894131968370687
1645455907.151691 3.0834120777916794 2.9349587556462033 1.1861707656806675 0.3025394268305014 0.774068670087892 -0.5179452566539126 -0.20253366131429948
1645455907.158318 3.08077215060886 2.934562097508338 1.1864969462522676 0.3057464940868494 0.7773185059574733 -0.5130918417930289 -0.19756365937501977
1645455907.164929 3.0762727011250983 2.9336373082741805 1.184537589921907 0.30487574013630053 0.774110598056585 -0.517007576742325 -0.20126189070231282
1645455907.171507 3.0741422186242167 2.9331763092362646 1.1850566465641355 0.30837209142277766 0.7770055691980713 -0.5123443795983267 -0.19665151732363437
1645455907.178097 3.070127046425338 2.932740154067606 1.1840827235302658 0.30748053001867287 0.7768719110694332 -0.5136894444485819 -0.19506024486033977
1645455907.1847 3.0653793332129906 2.9328003114996424 1.1829155934459366 0.30212911825131245 0.7768244672861909 -0.5191050762032419 -0.18918574413773312
1645455907.191295 3.0612080893534452 2.9309028605704635 1.18237937819355 0.30669810646431145 0.7772334510344199 -0.5143589230499239 -0.19307755392905127
1645455907.197896 3.0580570579541786 2.9315506917520646 1.1824933971770677 0.30776782480719617 0.7788796652974487 -0.5119523188304744 -0.1911278259014654
1645455907.204494 3.054222480080808 2.9309258724136904 1.1819390475673037 0.3073337574452253 0.7793798935375057 -0.5119660148405819 -0.18974542030731495
1645455907.2110999 3.0482697913348233 2.9284992220660997 1.1790689417431581 0.30236027461530457 0.7761404100689944 -0.5190346082026912 -0.1917993430021717
1645455907.2176871 3.0466367995737555 2.929602693023404 1.180715806095895 0.3060932140625354 0.7803284240917785 -0.5119142183251645 -0.18798375795750347
1645455907.2242932 3.0412436652522468 2.9279407042192274 1.1785275175080778 0.30271597754263313 0.7768710339055965 -0.5178654536810078 -0.19144037136386613
1645455907.230887 3.0361555535439826 2.9260107043347117 1.1768197932778433 0.30084495458993116 0.7744427461515152 -0.5220793071071929 -0.19277853164165007
1645455907.237498 3.0340842943274495 2.927048736418711 1.1788625055049917 0.3027690324451048 0.7795490915799441 -0.5150710558659122 -0.1879774328717516
1645455907.2441049 3.029839240638447 2.925868852428367 1.1783269509361207 0.30249840757615726 0.7799072258744975 -0.5144444479263384 -0.1886424161150068
1645455907.250696 3.0259887637424416 2.924934631048954 1.1777608772947799 0.3013333560717099 0.7794890901453234 -0.5155803985622825 -0.1891332836225736
1645455907.257302 3.020812358151991 2.922988246811822 1.1752775725926483 0.29727663061561305 0.7747224530102026 -0.5231191807226498 -0.19436470792348443
1645455907.263896 3.019028443880658 2.9255507991134135 1.1781645623532293 0.29527520230309845 0.7825151348718727 -0.5173768687863479 -0.18111708938178625
1645455907.270496 3.0154489115560725 2.9246273257335895 1.1782553870848098 0.2962717736873917 0.7834227884311702 -0.5151231552463498 -0.18198769230900866
1645455907.277119 3.01088929856071 2.9216312541134526 1.1760166811855637 0.29665944225200713 0.7794012146439927 -0.5183009194930233 -0.18944839367429736
1645455907.283699 3.0073699281339152 2.9211711327836185 1.1759623541787882 0.29664982101964865 0.7785370052169118 -0.5194862735306072 -0.1897699145931551
1645455907.29031 3.002291815903977 2.91907126548727 1.1742953345970093 0.29535382488566536 0.7754792807570214 -0.5235093790490241 -0.1932240656160845
1645455907.2969139 2.999884856533498 2.9190234068749428 1.175103037999627 0.2959878231049844 0.7786692948562731 -0.5201415062775154 -0.18846153651561634
1645455907.3034759 2.9963221055294045 2.918051938111747 1.1748159377077028 0.295907339122121 0.7783703655053494 -0.5210205827786171 -0.18739151089861536
1645455907.310085 2.992710551773688 2.917092126491898 1.1745487503401775 0.2957757572902188 0.7778889801951326 -0.5220076558867385 -0.18685034214892537
1645455907.3166971 2.9891558647355536 2.9159341133625207 1.1745571570359579 0.2965068335209656 0.7775275943541939 -0.5222981627309224 -0.1863834090646767
1645455907.3233018 2.985612591322605 2.9147239078551155 1.1741422548497642 0.29636600031523536 0.7766612684574383 -0.5237989063046843 -0.18600742291987948
1645455907.3299048 2.9820582688006105 2.914073292328545 1.174203914135742 0.29646878624094086 0.7767962772009609 -0.5237758542090203 -0.18534355702587776
1645455907.336502 2.9786123829569258 2.9131345222214446 1.1738010107410723 0.2944999864590002 0.7767649609763607 -0.5251930187936659 -0.1846018118951958
1645455907.3430772 2.973740429670375 2.9106861134299806 1.1717342173896559 0.2918765136734565 0.7707273367822385 -0.5339291022881457 -0.1889623966446717
1645455907.349671 2.9717510743668214 2.9111000380350096 1.1738849010762127 0.2944230111151102 0.7760434671215506 -0.5262732190175706 -0.18468271021670368
1645455907.3562748 2.9670905509555046 2.908994627620521 1.172205973414947 0.29147996225000766 0.7719189710035511 -0.5325171203449232 -0.18869453634941055
1645455907.362908 2.9650252499735594 2.9090711541460648 1.1736776341675697 0.2930022524184879 0.7754483869895796 -0.5280152284520111 -0.1844694366716464
1645455907.3695118 2.960816311161257 2.9078928713324097 1.1730365444336575 0.29154851064655307 0.7745726833555724 -0.5300364222978193 -0.18465539344129697
1645455907.3760698 2.958116930975421 2.9067814384598 1.173304214465062 0.2907931499005227 0.7745615119157296 -0.5307845506749485 -0.18374215421472392
1645455907.382758 2.9546374274331577 2.9057525161881195 1.1731794769412076 0.28931379089686005 0.7742214106445393 -0.5320625626329478 -0.18381448004485101
1645455907.3892741 2.951253825119924 2.9044600851881723 1.1724537043465428 0.2866842222394221 0.7729783455193315 -0.5359247930778533 -0.18193642397229443
1645455907.395883 2.9495903002844446 2.9045000476387486 1.1738139488680681 0.28871386355651874 0.7743144859202382 -0.532501323821448 -0.1830937566748301
1645455907.402476 2.9448737645838903 2.902068201548973 1.1724270059844462 0.2860190805282151 0.7712554776682425 -0.537142252277682 -0.18664371693854728
1645455907.409086 2.9416600075791175 2.900946521071487 1.17167830300263 0.28399321711492637 0.7691745328763929 -0.5409946076950422 -0.1871972473993509
1645455907.4156768 2.9405102022303056 2.9014250123016097 1.1737811264616456 0.2861303484560297 0.7736824788663615 -0.5350808532919378 -0.18229896082337319
1645455907.4222982 2.936910443131248 2.9003159046882683 1.1733818403706264 0.283992854678157 0.7730212040137634 -0.5372385817821562 -0.18210044928032845
1645455907.428876 2.934186320004268 2.8992919996183546 1.1735684391785486 0.2832577685000182 0.7733153140209612 -0.5376120162438007 -0.18089051212816515
1645455907.435481 2.9311536664187496 2.8985247995759464 1.1736292880302281 0.2818503365481915 0.7733102180230114 -0.5384243923725426 -0.18069436076877013
1645455907.455272 2.9284305694094126 2.8973813005267153 1.174098792132879 0.2822096403847575 0.7742794890817739 -0.5369623036001974 -0.18033321705592084
1645455907.4619288 2.9229089024185315 2.8958088686119283 1.1738285274975424 0.27950230826809547 0.7726051408148757 -0.5409301699342747 -0.17987190016012908
1645455907.475162 2.9143044475214253 2.8934636143606283 1.1739357330002984 0.27652704270352046 0.7716465242952943 -0.5436824515262255 -0.18028704498971232
1645455907.481675 2.9117838477062694 2.8926198785062534 1.1739728338701516 0.2761378977408294 0.7713802178586804 -0.5443639095862309 -0.17996655254234925
1645455907.488278 2.908920632197178 2.8917025141049617 1.1738393434497705 0.2750915500855438 0.770805476992471 -0.5457680195992727 -0.1797788339062335
1645455907.494876 2.906869231867325 2.8912749914225255 1.1743414026009913 0.2754410162586267 0.7714158933404405 -0.5448271171344127 -0.1794791949270742
1645455907.501475 2.9037384745770725 2.8901674859589446 1.1738742074807393 0.27398471989078493 0.7701130365165252 -0.5471961451835063 -0.18009515335985607
1645455907.508074 2.9015385181883264 2.889999275105157 1.1742864194764018 0.27383080936563975 0.7712366258407405 -0.5461648431886907 -0.17864578200419537
1645455907.514674 2.898099563478517 2.888543950066088 1.1734427222341126 0.27196228826214214 0.7692300439172233 -0.5498932398107553 -0.17871394959329354
1645455907.521277 2.8959271233430806 2.8883687460717398 1.1737780285457458 0.27206475548751824 0.7702252522281318 -0.5489512840584142 -0.17716069923974556
1645455907.5279 2.8936062985496505 2.887897356420623 1.1739093751496839 0.2720070723247358 0.7703275935597453 -0.5491472736008939 -0.1761942244428238
1645455907.5345159 2.8914416269148147 2.8875808500474536 1.1742427667851054 0.27188778852035406 0.7707145928610893 -0.5487129583898253 -0.17603897099593294
1645455907.541108 2.8892528954032284 2.885698409164031 1.17368070857064 0.2720336324652529 0.7688143594492324 -0.5518750457533823 -0.1742288565500894
1645455907.547712 2.887425901353635 2.8854791203582266 1.1739950218873987 0.27253383250728963 0.7689378649810393 -0.5513085868863031 -0.174694860046472
1645455907.554268 2.884281821627876 2.8846871445563638 1.1735981939805817 0.2704101835369381 0.768256200929993 -0.553422973911538 -0.1743081606193802
1645455907.560875 2.8821378982871715 2.8844388092719235 1.1738388144680791 0.27001477922587386 0.76869013102724 -0.5532123347141344 -0.1736755559919032
1645455907.567471 2.879666555387318 2.8840934112270045 1.1738495567492502 0.2689609813488277 0.7685925561057101 -0.5537635574145444 -0.17398558293496044
1645455907.574101 2.8772613107799447 2.883545811911652 1.1736907882255228 0.26815164047755136 0.7680071640678188 -0.5549284122564602 -0.17410840734115993
1645455907.5807092 2.875199951397793 2.8835136693073875 1.1739416310547839 0.26728025076354583 0.7688227460684294 -0.5545319671854049 -0.1731090555179395
1645455907.587313 2.8730820356957314 2.8831947382720555 1.1741741926470515 0.2668075499130869 0.7690273399635511 -0.5544635938410433 -0.17314849617321143
1645455907.5939069 2.870856500967706 2.882986880955022 1.1742410172046178 0.265992449320193 0.7691889755941504 -0.5548328020516372 -0.1725006821451774
1645455907.600512 2.8684520899134696 2.88273212214777 1.1741340743548851 0.2649427693930665 0.7690870890635483 -0.5558944633221573 -0.17114707137489124
1645455907.6070888 2.8661008384086863 2.8824824041260935 1.1741859962517718 0.26415391115617387 0.7690202456153146 -0.5565155788278205 -0.17064752312721698
1645455907.613676 2.8639074459644895 2.882337580852991 1.174254466124147 0.2635672950798911 0.769030837660556 -0.5570271109844199 -0.1698358934800452
1645455907.6203039 2.8615600523156806 2.88195716234499 1.1744459265904479 0.2640873085212278 0.769865982293029 -0.5559438534838191 -0.16879064691289242
1645455907.633502 2.856936546738671 2.881650522409733 1.1741717282852593 0.261791514892823 0.767933425054423 -0.5599793201310531 -0.16782790002401393
1645455907.6401122 2.8549505941343236 2.881526780239103 1.1742644438426293 0.2617106962776476 0.7676627742739383 -0.5605105247778215 -0.16741835359923588
1645455907.646678 2.8504121310097754 2.8806118737068034 1.173417895523112 0.2562875385422921 0.7660458871928079 -0.5654623432922485 -0.16656025122829846
1645455907.653276 2.85033356868188 2.8814033746226024 1.1744387825890032 0.25975701274494745 0.7673224436552952 -0.5620993076936859 -0.16669286737974967
1645455907.659879 2.848450602463297 2.8818106549226674 1.174924693053093 0.25917932210661104 0.7683314029564744 -0.5613911430849448 -0.16532549258570498
1645455907.673116 2.8444379059041784 2.882161188612778 1.1757229829525093 0.2578090528548073 0.7691595023471545 -0.5607679888317425 -0.16573178751322512
1645455907.6863098 2.8384402051377466 2.8816247903415384 1.174322333730471 0.249595816961064 0.767669654569151 -0.5668458089431645 -0.16453161934341087
1645455907.692914 2.838262082921347 2.882700978540667 1.1753499427278171 0.2526493596224768 0.7692892595397828 -0.5632414131175857 -0.1646846896796518
1645455907.699475 2.8344806573934997 2.881113634150846 1.1744977516027146 0.24854257894090304 0.7673776718292001 -0.5682153421500995 -0.16275446921394174
1645455907.706081 2.8325051246526263 2.881293858018187 1.174812916473853 0.24814678544178395 0.7677971283659004 -0.5678945227405946 -0.1624996399952263
1645455907.712673 2.8313852901323195 2.8833581726349204 1.1759891625256693 0.24976162612007918 0.7705127307289975 -0.5633375757503851 -0.16303265734683264
1645455907.719285 2.8300641358755985 2.882738381541892 1.1766678962752013 0.25188761008843435 0.7716807813687206 -0.5610830749027383 -0.16200861599725028
1645455907.725896 2.8274850233984514 2.8823449605641103 1.1763514634380872 0.25102544085174816 0.7709313882672723 -0.5625639195724949 -0.16177904266471405
1645455907.7324858 2.823866865974665 2.883654756008545 1.176614712580265 0.24695580857224975 0.7723803604332609 -0.562605134164084 -0.16098589657386397
1645455907.739071 2.8215996123352127 2.883834797256459 1.176848079905398 0.2459491771754775 0.7725608259245071 -0.5628506908817479 -0.16080259332808758
1645455907.745677 2.8191363312473596 2.883872455838468 1.17689785261166 0.24470768574254878 0.7725847378623492 -0.5636357712238844 -0.15982895626815388
1645455907.752272 2.816309482086443 2.883921806185983 1.1765274405732593 0.24157572634727392 0.7718624417107682 -0.5668599018195288 -0.15664923347898144
1645455907.75888 2.8144432234584853 2.8845005283281617 1.1774963337337225 0.2426747694044482 0.773519549993833 -0.5638333036688433 -0.15769614269273277
1645455907.765478 2.811168757900034 2.8831925138642327 1.176667035977479 0.2386316312738895 0.7702740639142944 -0.5702978413879546 -0.1565017039717099
1645455907.772087 2.808740455550129 2.883561745466043 1.176999577322384 0.2376800902606187 0.7706042660114032 -0.5702785284459256 -0.15639452322973332
1645455907.778723 2.808422077808808 2.88621070084673 1.1789397047688528 0.24088996267653384 0.7743732852931885 -0.5636365148484165 -0.1569443147103792
1645455907.7852921 2.8045448870500067 2.8858051051545885 1.1783939594820794 0.2390851298714939 0.7740736051395457 -0.5651623285802595 -0.15569035816650978
1645455907.791934 2.8031585711152505 2.887421876344846 1.179661332236261 0.23820290578898484 0.7750754816657494 -0.5641310417606349 -0.15579834737531417
1645455907.798528 2.7994270885913033 2.8865555436196497 1.1788265055306337 0.23665767358278322 0.7743983084932535 -0.565800803567487 -0.15546530586782534
1645455907.8183591 2.7931196055520884 2.888200336044979 1.1803903996536393 0.23477664252218028 0.7767319600441219 -0.5635773333671584 -0.15474999603213965
1645455907.824896 2.789683835338327 2.888312095254807 1.179939709254488 0.23182225077290877 0.7760814353457522 -0.5660607510336839 -0.15339773812239513
1645455907.831486 2.786606069990304 2.8889245965577546 1.1802090608460447 0.22954729054788278 0.7764927176154721 -0.566328393577184 -0.15374931064444422
1645455907.838122 2.7854440102290132 2.89007214715914 1.1813723379360568 0.23020832460963173 0.7787552896707315 -0.5633922330995654 -0.15209572910632313
1645455907.844695 2.782483075618973 2.890021130935488 1.181006817326874 0.22820571530703243 0.7781400276514815 -0.5653931640472277 -0.15083239465351925
1645455907.8579001 2.7801814240059595 2.8906048890007 1.1812687654332095 0.22754920046744187 0.778747928273765 -0.5651457711920181 -0.14960910532430066
1645455907.864568 2.7764784288212745 2.8919290159141022 1.1823093343007214 0.22785174822131737 0.7801843350478224 -0.5631014835982497 -0.14937299435647428
1645455907.871103 2.7740452777798135 2.892480463556974 1.1825800967634965 0.22690213672996717 0.7805809179178909 -0.5630701456320962 -0.14886386311401217
1645455907.877696 2.770668856245939 2.892954509906292 1.1822240070714196 0.22417440314597908 0.7802945222049061 -0.5649092805992564 -0.14752421997285103
1645455907.8843021 2.7687937101104514 2.8939808796103623 1.1830596028836484 0.22419410688785793 0.7817726755203229 -0.5629593019690817 -0.14712207801012897
1645455907.890906 2.7651100830340054 2.894366854603376 1.1828905838133037 0.22113644477941632 0.7816591806673505 -0.5644312623171641 -0.14671243618347377
1645455907.897495 2.7614305288793344 2.8947663630183214 1.182706611615541 0.21816682595824236 0.7815588740390925 -0.5659088105149997 -0.14599920705360572
1645455907.9106822 2.760594917065261 2.8955021608713793 1.1831575969141164 0.2199613112755234 0.7824257281202969 -0.5642985975676612 -0.14489193603765252
1645455907.923896 2.756912963738097 2.89594819919434 1.1831470454414028 0.21668743686819986 0.7827342715044694 -0.5653888562939553 -0.14390501907469047
1645455907.93057 2.7502709244352617 2.8979469869661623 1.1843331539755226 0.21423354875323072 0.7851843008482732 -0.5632776780000388 -0.14250415859487892
1645455907.9370959 2.748567005130309 2.899036755244141 1.1846897529028688 0.2151260344338581 0.7860402483774058 -0.561923829609544 -0.1417840834307103
1645455907.9436831 2.7459744329501405 2.8992915998827344 1.184975665248789 0.21235452822754566 0.7867504015875286 -0.5623099229871534 -0.14048663235361986
1645455907.9502678 2.7434610258803214 2.9002047186882574 1.1852497880118638 0.21092088885021051 0.7873408889125114 -0.5620876581290418 -0.140227513258721
1645455907.970073 2.7412115809274153 2.9008109897749126 1.1856039703965051 0.2095106514259289 0.7879533283100688 -0.5619179596613437 -0.13958025778589217
1645455907.976701 2.7370033903612683 2.9026165328013214 1.1864178791377065 0.20727985524391226 0.789800365354196 -0.5605972640918452 -0.1377706218643712
1645455907.983285 2.734824008077522 2.9034998924738984 1.1869016142068873 0.2062311275465525 0.7906836150009934 -0.5599360658232225 -0.1369647455830668
1645455907.989874 2.732963621080042 2.9047577050824036 1.1874583296381058 0.20680559859160452 0.7915386864290139 -0.55851660283428 -0.1369552725926998
1645455907.996476 2.730426564342188 2.905252544536132 1.1878183628831842 0.20451087421502814 0.7919788407321485 -0.5589295387162855 -0.1361697103507352
1645455908.0031419 2.7255615076072055 2.906934481767321 1.1888868093510083 0.20170764687063772 0.7930478520332954 -0.5582670090144206 -0.13684543422885898
1645455908.0096729 2.7230583480794337 2.9078106440852762 1.1894385948199988 0.2005371148276853 0.7934682831637366 -0.5580368573010248 -0.13706715622770874
1645455908.016274 2.7213786307525565 2.908727527590129 1.1900724446265114 0.20072263845926558 0.7941775323735942 -0.5572742699244831 -0.13578456498360175
1645455908.022916 2.7190685954826903 2.9092045693223962 1.1907138058578752 0.19961411929839998 0.7945101912179683 -0.5571534864312228 -0.13596813615789602
1645455908.036128 2.714896212468879 2.910964235656037 1.1919347476698952 0.198263949705981 0.795276102518126 -0.5570709454694633 -0.13378672964885163
1645455908.0426729 2.7125360419026237 2.911779671531802 1.1926086383633465 0.19707461979279675 0.7956007606424077 -0.557154781838855 -0.1332635145350474
1645455908.055873 2.7115093621415265 2.9128243662998092 1.1935151310261145 0.1985206376798594 0.7962025040718756 -0.5559546863473431 -0.13253339842973885
1645455908.0691001 2.7090238064252494 2.913307551146638 1.1940978679402088 0.19726050950914276 0.796040200312606 -0.5570527587740399 -0.13076737806777647
1645455908.075768 2.702444967304096 2.9161976558086593 1.1963807164933924 0.19525913359987007 0.7962736565186476 -0.5575732786343259 -0.13012980138518482
1645455908.0822668 2.700886427258293 2.9168526674956605 1.1972419526129623 0.19537244954119487 0.7963134545052757 -0.5577228791959292 -0.12907075195200296
1645455908.088872 2.698428457169537 2.9185812657960155 1.1983183632099375 0.19377969740859385 0.7969496593447405 -0.5567945009853663 -0.13152998179753017
1645455908.095474 2.696485663694111 2.919141942004724 1.199115870163675 0.19328571712385736 0.7973501133908333 -0.5570424630985484 -0.12875063121492214
1645455908.108713 2.692366396950772 2.920863213818618 1.200880883045882 0.19124550857614062 0.7976589707919535 -0.5573214655099606 -0.1286767586216893
1645455908.115274 2.6900972681540463 2.9222307760020474 1.2019538148217799 0.19117336477103256 0.7982639961813095 -0.5562128814027364 -0.1298235412199342
1645455908.121911 2.6877878488286884 2.922936119643281 1.2028673232089684 0.18930402555191309 0.7987831948535787 -0.5562966791054843 -0.12900774890852157
1645455908.128473 2.6866230800946145 2.9238697679762913 1.2039305440443127 0.19055649793955293 0.7990361205370914 -0.555438984373196 -0.12929282145680837
1645455908.135075 2.6845217499331016 2.924695586852413 1.2048657696807485 0.1893836554282683 0.7995798977063803 -0.5555628430275231 -0.12710367845103684
1645455908.1416771 2.68273365132057 2.9252167702131335 1.205612227292814 0.19002442608521386 0.7988856890081204 -0.55664964188477 -0.125750310695894
1645455908.154869 2.6809489656487973 2.9262095186925445 1.2068152997892163 0.18898425278623443 0.799633679865833 -0.5560150136772133 -0.12537072557251977
1645455908.161474 2.6791128998896183 2.9270013095968723 1.2078052170579872 0.18863627499943583 0.7996831009827886 -0.5561281314781091 -0.1250775092936086
1645455908.174708 2.6768916043792856 2.92818147462826 1.2088553710074572 0.18731011613758064 0.8000853153008824 -0.5559986060089196 -0.12507415519663118
1645455908.18131 2.671329374978573 2.9303040825798075 1.211805536669546 0.18485963530509078 0.7996783573553762 -0.5577086798811481 -0.1237014768879137
1645455908.187913 2.6691823529259193 2.9316240315470528 1.2131239002182257 0.18347260811473326 0.8002762803442793 -0.5570454791959353 -0.12488236677368934
1645455908.194478 2.6679820218421013 2.932393395466248 1.2142427476809248 0.18335751018035448 0.8003727169252374 -0.5572094416071952 -0.12369630677083988
1645455908.201098 2.666185366607882 2.9332484081509747 1.2153391843753827 0.18239003429837103 0.8006230023150608 -0.5572025473351484 -0.1235378641889273
1645455908.214418 2.6624389563732587 2.935181605786537 1.217449885945979 0.18015121174953083 0.8012157628442379 -0.5571424754234726 -0.12325053659088113
1645455908.227485 2.660892218693294 2.935815098395133 1.2181171453083617 0.1803966248920701 0.8011709241001211 -0.5576697515035849 -0.12077359155464554
1645455908.234109 2.658021276065777 2.9373597511738807 1.2205013737748673 0.18036995450756363 0.8013553459794052 -0.5575213314556791 -0.1202740987420222
1645455908.247299 2.6558526870525605 2.9369765347300496 1.220465559008514 0.17872706603324376 0.8002606916552365 -0.5602782154036716 -0.11716384432278386
1645455908.2539158 2.654966131316701 2.9391589315834525 1.222670309852467 0.18044295088294068 0.8020893953538517 -0.5566056822561426 -0.1195100766087638
1645455908.260489 2.653220201022907 2.9402001519778773 1.2237750448348643 0.17976002763600404 0.8025219195431166 -0.5563699772851668 -0.11873053529362255
1645455908.2737741 2.6485551518493105 2.9426062146363896 1.226870129913332 0.17887649266425695 0.802695317438658 -0.5564144540821913 -0.11868435818430813
1645455908.280289 2.646556818749223 2.943652037834229 1.2277266840199403 0.17791353628154552 0.8029559325893318 -0.5565689580985465 -0.11763989043127311
1645455908.293488 2.6449110512071705 2.944169426435783 1.228709169451068 0.17684983187403178 0.8029955077620903 -0.5569916568366847 -0.11697112158350971
1645455908.3000782 2.6433598227717203 2.9447531570093055 1.2295613517913768 0.17654457891671627 0.80292564989633 -0.5573273493513942 -0.11631095565979784
1645455908.306701 2.6414514181436393 2.9453168420117284 1.230333077233857 0.17565841206672694 0.8026181964165578 -0.5581342513719489 -0.11590468576354601
1645455908.313282 2.6392564450986966 2.945653248216955 1.230541207390672 0.17278458822815523 0.8006728948717579 -0.5620085956168616 -0.1149536034451437
1645455908.319934 2.6376614516098726 2.9466761623153785 1.2315730742484847 0.17235567715807418 0.8011585665279872 -0.5617652658817329 -0.11339248318096916
1645455908.326524 2.6359483918444635 2.946366996354307 1.231966513818487 0.17289283824473048 0.8015403612873256 -0.5617075597825455 -0.11011503190979338
1645455908.3331 2.634631955890325 2.9478937865096086 1.2335535111270965 0.17397851459583805 0.8020166725733988 -0.5601660373167993 -0.11275786277201459
1645455908.3397171 2.63304911037367 2.948516334513352 1.2343950068922374 0.17358600726963164 0.8019193243719838 -0.560559919518278 -0.1120957570025661
1645455908.346328 2.6312667425503315 2.94848546007364 1.2344477822957538 0.1718286550366812 0.801365939868022 -0.5626708494057293 -0.10811405140741143
1645455908.352921 2.629982673524553 2.9500899366756625 1.2361445441133818 0.1723405704749374 0.8023405033678801 -0.5606225217068848 -0.11068163978128888
1645455908.359526 2.6286979607349337 2.9508084587712635 1.2370134516845623 0.1722344195932782 0.8027766216524024 -0.5600633307991921 -0.11051539369943003
1645455908.366087 2.6271622611380736 2.950002455952727 1.2368511460752711 0.17029548638979938 0.801659599780699 -0.562867536209072 -0.10733620112851117
1645455908.372724 2.6265090453725035 2.9524511686685884 1.238410478131527 0.17141103615126044 0.8024443920821028 -0.5609891318375867 -0.10950821572397493
1645455908.3792808 2.623825978219898 2.952257223263123 1.2384120567417274 0.1673300736485382 0.8012001022670803 -0.5638608737903685 -0.110179637606034
1645455908.385888 2.6224592118689305 2.953035167993555 1.2396859627615637 0.16784327592720458 0.8028480209655453 -0.5613382359509173 -0.11028447098250709
1645455908.3925078 2.622110726184645 2.954666874211806 1.2406759565467902 0.1683166859225968 0.8035889030953258 -0.5605343010177728 -0.10823705695249963
1645455908.3991418 2.620232150316569 2.9547562537085796 1.2413227998042242 0.16725498225705862 0.80428197246231 -0.5598507758885642 -0.10827272819589714
1645455908.405678 2.619842749463354 2.955271407496981 1.242061713766204 0.16941844736949524 0.8043077224531899 -0.5590147844167702 -0.10903456969509212
1645455908.4122891 2.6184526020306174 2.955882588450553 1.2426744355460566 0.168839317632744 0.8045219579955741 -0.5589805825101968 -0.10852648276111945
1645455908.418881 2.616474247349699 2.9562727450932944 1.243173634411684 0.16700175634626452 0.8046696592013942 -0.5597311105933704 -0.10638532392075718
1645455908.4254951 2.6163168732960997 2.956573883992065 1.24286642345524 0.1663139960679939 0.8038626909411303 -0.5620172785314616 -0.101393259328649
1645455908.4321191 2.61364443745113 2.958257671369954 1.2442406170534408 0.16564674313640082 0.8048065866422554 -0.5600059753456837 -0.10602085627417632
1645455908.438726 2.6131297616209004 2.958935143597708 1.2449142540535187 0.1668024013101526 0.805149286099659 -0.5591174987997054 -0.10629576848272035
1645455908.445282 2.6118659773971062 2.958739618002038 1.2454405298558602 0.1675238236028571 0.8053099383384696 -0.5584381726708131 -0.10750846737352258
1645455908.451908 2.6098719194332385 2.959210132490465 1.245912479692581 0.16538471681088496 0.8056515326319431 -0.5587843554436587 -0.10645718174754891
1645455908.458519 2.6105973127298507 2.9601025321331917 1.2469387133909522 0.16771401017794457 0.806954944736386 -0.5564355029868552 -0.10523711863711901
1645455908.4651022 2.607814351233088 2.9603866060350597 1.2472226507666404 0.16432954773164538 0.8065964246253282 -0.5579332998636007 -0.10539462562157861
1645455908.47169 2.606338815293528 2.9616873793445104 1.247911936283093 0.16370518349065344 0.8073327208645735 -0.5568917855364827 -0.1062338019479248
1645455908.4782872 2.6057878909172287 2.960975457234698 1.248465117228885 0.1650449476170669 0.8056384679838491 -0.55866948876348 -0.10767926631168956
1645455908.4848902 2.604351561174919 2.962973514615456 1.2490166978584782 0.16149034886736963 0.8071749104094806 -0.557750305509323 -0.10631899274016454
1645455908.4914858 2.603606450400157 2.9628083824871556 1.2493604457147247 0.16156078575630844 0.8070264108419235 -0.5578364656424702 -0.10688571226793163
1645455908.504698 2.60303365091889 2.964561903901389 1.2507469889729022 0.15806214598152982 0.8094330517063453 -0.5565814266105681 -0.10025562734915233
1645455908.5179 2.6013830478083793 2.9653926974824873 1.2518182996480733 0.15479792906740228 0.8106977900650916 -0.5551949764508287 -0.10278532303062021
1645455908.524547 2.601116530009776 2.965967187949075 1.2526647772186077 0.15946528176917674 0.8098903660777903 -0.5538601406738217 -0.10902730031394839
1645455908.5311291 2.5965911344453305 2.9641540961464816 1.2516874796226536 0.15010891599882473 0.8060274250919576 -0.562868848967476 -0.10471556957287444
1645455908.5575528 2.595197434849114 2.968012930497188 1.255760027220294 0.15199356352922871 0.8092601329892158 -0.556695450823741 -0.10993522907045969
1645455908.564123 2.595231779307227 2.9680401988689087 1.2563445525876922 0.15251728552259222 0.808348428648078 -0.5581143369869382 -0.10871648376078767
1645455908.570836 2.594607726103858 2.9691603032160696 1.2573458283745746 0.1488039130786036 0.8090761677027192 -0.5588357258826275 -0.10466789885287575
1645455908.577368 2.593486048529665 2.9705992301374224 1.2589886315344465 0.1517549789398669 0.8091432797150493 -0.5569728517466354 -0.10971974303012598
1645455908.58389 2.59241637193438 2.970618458650103 1.2594051669651836 0.15060982583050073 0.808423294572709 -0.5584229356938972 -0.10923311384535801
1645455908.590514 2.5932516814246913 2.9723706742090688 1.2609933210494537 0.1497514429597779 0.8106711462847823 -0.5567603410104804 -0.10200149974778452
1645455908.597095 2.591803029325365 2.972244468961036 1.2611697394286394 0.15109029742724545 0.8092367855684277 -0.5571019786653318 -0.10929100334269252
1645455908.60368 2.59340051251578 2.9742838194515357 1.2630573541731234 0.15067517195608865 0.8115159554087339 -0.5553132135161166 -0.10181200388596312
1645455908.6103098 2.5911081356397587 2.973892785376019 1.2630243190300077 0.14764661464622159 0.8102695381128496 -0.558180257990982 -0.10048952176753932
1645455908.6168818 2.590639212707222 2.97436695838984 1.2636898192834405 0.14750042409604794 0.8100600842595548 -0.558423937407285 -0.10103756505330458
1645455908.62349 2.589721833249779 2.9745483826478627 1.2644250716075744 0.14432626622948044 0.8096048702859727 -0.5602567126430525 -0.09910542561341552
1645455908.630115 2.589865689355817 2.9755771224763876 1.2655236282268942 0.14516559196227888 0.8100922704180508 -0.5592537542750963 -0.09956055037067611
1645455908.636687 2.5878776025163726 2.9751547654669244 1.2655724380366498 0.14525399292224625 0.808334535159636 -0.5602334162254171 -0.10786413510841676
1645455908.643318 2.589151567068109 2.977076466308264 1.2672253877711592 0.14499240490869378 0.8105671360377708 -0.5584075683530465 -0.10069114511809131
1645455908.649893 2.589877802854325 2.977950686815818 1.2682128464608768 0.14604628353951274 0.8103089909162222 -0.5583773475851461 -0.1014107935895943
1645455908.656485 2.58980889369275 2.9786032110050775 1.2691064761863724 0.1456523310922875 0.8103232015430462 -0.5583559996224884 -0.10197976881259704
1645455908.6631 2.588692385864628 2.9797243480552975 1.2703656238393322 0.14465574087392838 0.8116782024976246 -0.5563196182814726 -0.1037366444317
1645455908.669684 2.587922566990062 2.9791754533044226 1.2702918053204555 0.14427916137347815 0.8093677136040641 -0.5586626965213752 -0.10955829086719591
1645455908.676312 2.5883978381815766 2.9800442763278547 1.2713065178396903 0.1442915513719809 0.8094982116182168 -0.5583900564720923 -0.10996690091379521
1645455908.682879 2.589251729856478 2.9814138833353123 1.272697658072684 0.14155704028018312 0.8111859625393354 -0.558143284634777 -0.10205200346263055
1645455908.689483 2.5891958434630915 2.9818504163130233 1.2734338577121553 0.14131705525006263 0.8114594439839979 -0.5576855381689375 -0.10271068821412555
1645455908.696079 2.58717192061547 2.981336959945904 1.273148522969862 0.14006792430727885 0.8095595848966324 -0.5596609239419599 -0.10850573834483924
1645455908.7026849 2.5891423214352285 2.983149856343469 1.2750377583957107 0.13964188442237002 0.8119457532374618 -0.557709175060818 -0.1010163581422834
1645455908.709276 2.589171960913378 2.9837674252107895 1.275835348313041 0.13926943578436976 0.8123430229182734 -0.5573028719094695 -0.1005780317431343
1645455908.7158751 2.5892419478336937 2.9843663073511584 1.276611329737501 0.13896981124186852 0.812660153329037 -0.5569610631777135 -0.10032367951303861
1645455908.722469 2.5892977976060245 2.9847372859098362 1.277269830233612 0.13967871149624841 0.8129816017719489 -0.5559984287434558 -0.10205933733110303
1645455908.72913 2.5894535029109584 2.9855926353904616 1.2782103637808058 0.13886938930761591 0.8136326430534975 -0.5554860443091849 -0.10075747988428552
1645455908.735703 2.588893510527642 2.9860598709389743 1.2788410319860612 0.13702323862591587 0.8138776624565102 -0.5557206599799771 -0.10000960481473833
1645455908.7422779 2.588710632161923 2.9859916428618507 1.2790564908378041 0.13957598702145496 0.8125426609830827 -0.5553185394859034 -0.10915074172525427
1645455908.74888 2.588863185032514 2.9867295414725668 1.27981197051007 0.13870423023405687 0.8127098556767965 -0.5552856552059097 -0.10918453056667864
1645455908.755487 2.5908503624270125 2.9881640018621503 1.2811566874591136 0.14071033314449513 0.8137475608546322 -0.5531318993635952 -0.10981898606910892
1645455908.762073 2.5906225644926235 2.9882339692957274 1.2815600627039205 0.13962957256221376 0.81408271855555 -0.5529132966591074 -0.10981526188602536
1645455908.768666 2.589396795225246 2.988315840811923 1.2818832497745352 0.1365154820958793 0.8133197170695845 -0.5547678906235923 -0.11003061607891185
1645455908.775274 2.590243495546938 2.9891838497947814 1.2825639071740778 0.13673545017965036 0.8135962916384409 -0.5544456720969175 -0.10933467482055323
1645455908.788512 2.5898077136979136 2.989277146059309 1.283252353742181 0.1348639826694761 0.8138478517700785 -0.5544185881241765 -0.10992268224596141
1645455908.801701 2.591113804715357 2.990416801562796 1.284433668435017 0.13266391048694573 0.8153518533367407 -0.5542670267783758 -0.10192793411194233
1645455908.80831 2.590435896920615 2.990919513592724 1.2858623723164628 0.1294374304677771 0.8139418360232663 -0.5555561478633139 -0.11000730782236816
1645455908.821507 2.592090517861772 2.991943830072564 1.2871083332542697 0.13056148224622427 0.813599500739221 -0.5563091644384931 -0.10737442015761761
1645455908.8347049 2.5924796402606307 2.9923358079763656 1.2877886466136592 0.12994760299305144 0.8137583225268935 -0.5561703594698358 -0.10763429181535554
1645455908.841274 2.592873966241768 2.9928378795001183 1.2885170258990866 0.12908457990725886 0.8139041738478702 -0.5561367780522618 -0.10774341218947879
1645455908.847871 2.5928323132787203 2.9937076746156417 1.2897213236209009 0.1256235106791946 0.8149342435923912 -0.5552796178260192 -0.10846681451206877
1645455908.854475 2.5931991882919787 2.994173186701194 1.2902735743731357 0.12455227423601835 0.8149582088513813 -0.5554485301695854 -0.10865717144423494
1645455908.8611178 2.5946254033357485 2.994734731678224 1.2912506308709293 0.1259875433556813 0.8145897445866062 -0.5558254782927413 -0.10783466439299938
1645455908.88758 2.597088793353003 2.9965087895909392 1.2938100313093304 0.12246175513243843 0.8152550463525293 -0.5558983334088125 -0.10648460261233947
1645455908.9006798 2.5991574041909487 2.9969037210095237 1.2947574882130435 0.1227354603648528 0.8158233761416636 -0.5561215674407637 -0.10048197054098305
1645455908.907336 2.5987328003480914 2.9978346675031564 1.2954617699131534 0.11929298749156812 0.8157889012202073 -0.5559258350560681 -0.10584762863620165
1645455908.920481 2.599209271942571 2.998195575315408 1.2959132149970733 0.11805417358350039 0.8160184191817839 -0.5559799689693402 -0.10518085215818139
1645455908.927128 2.602072668214392 2.999007548034414 1.2973150637377902 0.11756219253989054 0.816985404108509 -0.5559767539862637 -0.09799700890372806
1645455908.933683 2.602736185248419 2.9999244079169847 1.2979192152021688 0.11468688275721677 0.8179808006393153 -0.5557345246038785 -0.09440902814671112
1645455908.940278 2.6030775622777496 2.999459707499023 1.2981434607602755 0.11607441810717324 0.8166131000243453 -0.5567955096053633 -0.09822490541080983
1645455908.953475 2.6025526040742784 3.000140886439437 1.2983619916964777 0.11384307474563063 0.8171375926777326 -0.5558380372081247 -0.10183116403751395
1645455908.960078 2.604869602381367 3.000512086770406 1.2990985292322945 0.11388700028135251 0.817439859181324 -0.5565077662128772 -0.09550146827776104
1645455908.966675 2.6043941271095012 3.001041775229972 1.299142085571051 0.11172857788757462 0.8168296940225961 -0.5570694060012613 -0.0998961308333046
1645455908.993095 2.606120658770655 3.0013445394399336 1.2999396635712996 0.11207269019934674 0.8172670588945655 -0.5572298140502421 -0.09491466344427395
1645455908.9997382 2.608478465022069 3.002466221550406 1.3008979965192182 0.10873805159387706 0.8162893154877895 -0.5596822355492115 -0.09275331054259049
1645455909.0063128 2.6082530266813193 3.003164566250595 1.3011173745607998 0.10522171836401312 0.8154069027845047 -0.5607368315192073 -0.09804986205099457
1645455909.0128808 2.610600568144979 3.0035746531166816 1.301752282346246 0.10576844749325205 0.8158382375421407 -0.5611119038157384 -0.09150973803227135
1645455909.0194728 2.611361015050571 3.003948997934078 1.3019950350857725 0.10504659029826266 0.81577797214721 -0.5614083218960205 -0.0910593235001467
1645455909.0260842 2.612006085488257 3.004712045344889 1.3023029352039768 0.10272748775305342 0.8165500052622998 -0.5611120702994714 -0.0885776344903232
1645455909.0327182 2.6125303793459813 3.0049585434320916 1.3027364855182832 0.10357240677860767 0.8164004068070531 -0.5608290234052216 -0.09073883893100175
1645455909.0392818 2.612143391017909 3.005385957282006 1.3024226437039 0.10149565850641806 0.8155546399688974 -0.5617009425648991 -0.0951888250389686
1645455909.0459142 2.6144411203139386 3.00573582774049 1.3029610207182474 0.1020230694469464 0.8158030571451677 -0.5622467160047144 -0.08907797707028882
1645455909.0524821 2.613700180869211 3.0060485665238144 1.3027485447870317 0.10005915056058542 0.8153285698509242 -0.5623500159175153 -0.09481315704581797
1645455909.059084 2.6176034087726214 3.008380715113028 1.3045512593264308 0.10374913771001085 0.8181605378028278 -0.5585662172405894 -0.08861619019589188
1645455909.065682 2.61838928389888 3.0089247173832585 1.3047899681851445 0.1028223106214571 0.8181754144027535 -0.5588063729875631 -0.08804314831020658
1645455909.072282 2.6177154936033458 3.0075054179092104 1.3035993764174354 0.09862071146713537 0.8152209058845685 -0.5640031264766997 -0.08711429337786085
1645455909.0788841 2.6185713912372686 3.0082096320040868 1.303958976360306 0.0976378519734389 0.815496034101391 -0.563875181644362 -0.08647216689321909
1645455909.085475 2.6195263070481194 3.008973457679969 1.3039385328354984 0.09515217021105454 0.8156066482460538 -0.5646041452847705 -0.08338831563600284
1645455909.0920792 2.6203793353634004 3.0090702970995054 1.3038965937364302 0.09586910178553422 0.8147780786492417 -0.5653207360651037 -0.08577796226023852
1645455909.105331 2.6222213406526973 3.010258942351155 1.3040228216969583 0.09447396831571592 0.8146528501124229 -0.5658215802687122 -0.08521109230861817
1645455909.111878 2.6231266378885185 3.0109415335390373 1.3041036346848807 0.09361473386401609 0.8148129841559014 -0.5658191692076513 -0.08464248114016383
1645455909.118486 2.6240195537381967 3.011561374651629 1.3041237917840636 0.09302074584283469 0.814887726450907 -0.5658469269808014 -0.08439179290745179
1645455909.131724 2.6242613956845147 3.0129980729398915 1.3038317727380098 0.09014609156917877 0.8147928269699668 -0.5656298401226609 -0.08971515738918548
1645455909.14488 2.625289634477443 3.0136935004402114 1.303850240786392 0.08972333432004649 0.8151001315201943 -0.565320779266497 -0.08929449756269625
1645455909.151476 2.6262499657918856 3.0143925881977145 1.3037847407153025 0.08903093202717013 0.8153501782755379 -0.5651143827112074 -0.08901073377905057
1645455909.158085 2.6270646440604013 3.015067901798601 1.3036966189324337 0.08807047973998895 0.8155250079674167 -0.5650429138600034 -0.08881804040102295
1645455909.177973 2.6296938367422347 3.0171315094038085 1.3033300921564839 0.08525257963556633 0.8163171036265019 -0.5644764339095799 -0.08788818035223524
1645455909.197746 2.63319260994764 3.0200981101639894 1.3024019533136983 0.08171897929155705 0.8171099625917689 -0.5639595800819421 -0.08719238603142404
1645455909.2043111 2.635850213233362 3.0210800637040736 1.302390714613474 0.08079659194742841 0.8179754950495931 -0.5641328802587992 -0.07836890604786409
1645455909.210891 2.635118145557463 3.021622585215051 1.3017649750263867 0.08007432331487992 0.8173391360108969 -0.5639355825417214 -0.0867242075193088
1645455909.21748 2.6360945800033346 3.022386126422146 1.301393440134869 0.07943623737702057 0.8174820296745536 -0.5638296853558019 -0.08665271895418125
1645455909.2241962 2.6370372907971817 3.023331675204543 1.3010856197447358 0.0787046992251176 0.817735395200127 -0.5635688152383418 -0.08662662991268813
1645455909.230717 2.6395886885717257 3.0241228801957227 1.3009623408731188 0.07943186749852764 0.8181110563441657 -0.563796487428701 -0.08073408727742325
1645455909.2439198 2.638964064720144 3.0251065780454347 1.3003525885541478 0.07737921249993576 0.8179982807023307 -0.5633744674406322 -0.08660296590754393
1645455909.257087 2.641433768265245 3.025854944332391 1.3001237582755356 0.07784715747726659 0.8181835885958755 -0.5639130938294317 -0.08072820848608436
1645455909.263743 2.6425534983653036 3.028802986465011 1.298488940686315 0.07474570413261176 0.8179896468929547 -0.5637625430885934 -0.08647198122646069
1645455909.270317 2.643404288842104 3.030014691930356 1.298212485482837 0.07435317435297174 0.8185200457814499 -0.5631090143833599 -0.08604863078442936
1645455909.276885 2.6458912631107796 3.0310840212308388 1.2977670733615012 0.07413562891559973 0.8191237012830496 -0.5635493260419592 -0.07714934480766303
1645455909.296693 2.6450667774417727 3.0317569637579207 1.2968227118198243 0.07421806523437106 0.8182885863121634 -0.5636021862127448 -0.08513307345629134
1645455909.303333 2.6506420604274843 3.0324494762683196 1.2953691294379976 0.07556753614368568 0.818114328888972 -0.5661795423067276 -0.06647414267415878
1645455909.309969 2.6487270690233045 3.036733751164927 1.2947917399191111 0.07572568845884921 0.8194344165779426 -0.5621189768157424 -0.08255123270400334
1645455909.316488 2.6489915588246142 3.037175386904718 1.294022299263732 0.0749261316310949 0.819005143328781 -0.562841089349971 -0.08262052142666518
1645455909.323073 2.649263218530522 3.0384579643799694 1.2935958417943323 0.07539072921925859 0.8196834969671123 -0.5615623154572259 -0.08415794773361183
1645455909.329768 2.6520458223632826 3.0396302451187087 1.2931200093136983 0.07465804204897451 0.8196146019495582 -0.5632279356166014 -0.07370184273383854
1645455909.342941 2.651501539542349 3.0418877085116423 1.2917531936970252 0.07387231906733945 0.818973499878533 -0.5630854091149318 -0.08221737344117175
1645455909.3495 2.6520183523653653 3.043129351843975 1.291197161138593 0.07343603832709453 0.8189992125831753 -0.563116564504568 -0.08213871953997062
1645455909.356092 2.6524802754234935 3.044339474271589 1.2906105792988556 0.07283417067746473 0.8189764450667668 -0.5632549418031902 -0.08195261082683832
1645455909.369279 2.652911565548552 3.045626835687438 1.2900454115791586 0.07240140255673286 0.8190416508302772 -0.5632374313655618 -0.08180467993332444
1645455909.375874 2.655066711203077 3.046900155699575 1.2897505486390894 0.07408856986429221 0.8195020774593117 -0.563196917649309 -0.0757367027229334
1645455909.402344 2.658909858739735 3.0511095812966937 1.2870386775479241 0.07448600263952802 0.8195583771641438 -0.5645198228909445 -0.06397550223554932
1645455909.408894 2.655143503710751 3.054007889910527 1.2868278206028987 0.07288715395465843 0.8204414371198195 -0.5612988612774038 -0.08066280309694704
1645455909.415519 2.6555471033380793 3.0557155152420568 1.2864333179086795 0.07328872478031835 0.8209643140755453 -0.5605199364247033 -0.0803949466355979
1645455909.422111 2.6558921615682123 3.0587786181700634 1.2853953047314919 0.07253743653181091 0.8211008999944825 -0.560492100253497 -0.07987383163085549
1645455909.4286752 2.6585789957677775 3.061415292677128 1.2855763718935127 0.07389461613188152 0.8228087126647303 -0.5590504610838348 -0.0706228758638167
1645455909.4352682 2.657311579591466 3.062987959804693 1.2852991559243507 0.07069162350096754 0.8229788240154927 -0.5593031066549082 -0.06991552014407525
1645455909.441876 2.657508268885401 3.064724767876333 1.284906755560822 0.07054197363151488 0.8232137639440666 -0.5589983552958794 -0.06973780145913615
1645455909.46171 2.6580103532871933 3.0642154660739034 1.2830919596885342 0.07373683446085177 0.8199374366529705 -0.5625703186229317 -0.07602437301236738
1645455909.4683058 2.658396988517321 3.0688694903970966 1.2829145888633258 0.0717911689065058 0.8223064864788555 -0.560164786819728 -0.06980738302357117
1645455909.474903 2.6583222180505808 3.072293775790123 1.282062971369211 0.07214170104389268 0.8226184716531468 -0.5597495991450199 -0.06909701327846436
1645455909.481481 2.6563890714994276 3.0737975985027335 1.2812968972353644 0.0722775863840304 0.8220036671095278 -0.55954380708701 -0.07743537327925432
1645455909.501327 2.657810133217246 3.077316914424568 1.2806851284053384 0.07331343569322123 0.8227249562636109 -0.5596054976289994 -0.06775005515449412
1645455909.507891 2.657345844110927 3.0785910757172728 1.2801519488039625 0.07509432561232676 0.8220716281996151 -0.5600309940381837 -0.0701709749679895
1645455909.5145679 2.6570654954127524 3.080852356741963 1.2801113427167339 0.07390841635560619 0.8230344324703823 -0.5591314045639824 -0.06725718814436385
1645455909.521106 2.6549245703639657 3.0820808085608156 1.2791100052372442 0.07408541908719855 0.8217972487419325 -0.559883293796089 -0.07543824933934783
1645455909.5277598 2.65562877820339 3.0851424235122735 1.2784670735719614 0.07602508122135028 0.8215630557191653 -0.5608423021274841 -0.06862826885268031
1645455909.534317 2.655211666610573 3.0867260609626967 1.2780228098474191 0.07633670341423761 0.821372332507577 -0.5611367087423054 -0.06815703382160718
1645455909.54757 2.6544256599536737 3.0883701768641645 1.2776193425927815 0.07601512432094523 0.8212216060861014 -0.5614046030017223 -0.06812667292088503
1645455909.554111 2.653909689260713 3.0900064929848807 1.2772001553859837 0.07621794095900343 0.8210660678702492 -0.5616527956123859 -0.06772786657719732
1645455909.567314 2.6533328375709586 3.09198982917638 1.2769166363144484 0.07463828134821102 0.8215930117193031 -0.5614122644010375 -0.06503772994874892
1645455909.5806952 2.6500688279993425 3.098276026986766 1.2753309770079109 0.07529177286801797 0.821453476841046 -0.5612472980143264 -0.0674270306866067
1645455909.600318 2.6473473409170563 3.100145027197251 1.2747354397700987 0.07297016824848218 0.8216387653816789 -0.5605404245768586 -0.07334247888424612
1645455909.606924 2.6465582134149326 3.101972219481061 1.274462359746564 0.07300716464945751 0.8222025284427732 -0.5596895393468704 -0.07348580939104506
1645455909.613606 2.644474325017655 3.105335671568844 1.273745374289698 0.0722632954801402 0.8227450243069433 -0.5589322446764265 -0.07391200649919433
1645455909.6202009 2.644160223266981 3.1090777720385483 1.2734845623436495 0.07203434656292886 0.8241241889180494 -0.5578643556352525 -0.06646292554275252
1645455909.633346 2.639512485424701 3.112787500766356 1.2728433300770288 0.06992483269450503 0.8242290645163342 -0.5568028575128133 -0.07567780156201286
1645455909.6464791 2.6382773451965003 3.114595623120588 1.2726089743921118 0.06932223955480804 0.8243758241725376 -0.5565499380719604 -0.07648973472716926
1645455909.6530921 2.63753307305863 3.1160470767978996 1.272271492366073 0.0696851740060741 0.824356078480772 -0.5563278086531535 -0.07797435842163418
1645455909.666325 2.636271159138084 3.1180139745580773 1.272348574318638 0.06911506805747995 0.8247999996682804 -0.5556189136072167 -0.07883707987972041
1645455909.672918 2.635518171352919 3.1218019975503557 1.2723535561161907 0.0681674574702223 0.8252083147588384 -0.5561117093193142 -0.07158065704624221
1645455909.6795259 2.6321988094747835 3.1228629872896874 1.2713257328408816 0.06710881644054108 0.8228889430114062 -0.5583246944655252 -0.08138374744555563
1645455909.686089 2.6309950459484215 3.124990349879813 1.2715499987826948 0.066961375666417 0.8233253154738247 -0.5576239803647534 -0.08189437746433682
1645455909.692746 2.6313832599136995 3.1264253589743247 1.271510532558848 0.06828773836128349 0.8228106559949416 -0.5590165930528529 -0.07628533800809278
1645455909.6992798 2.6302879712652345 3.1286361686974122 1.271567557261312 0.06677596311859162 0.8230586803409374 -0.5591816699688655 -0.07369423906660039
1645455909.705886 2.628792244682717 3.130380514718359 1.2714634347265716 0.06628023845287971 0.8225108238666443 -0.5600217433162329 -0.0738790897285745
1645455909.7191281 2.6245565578497745 3.1341218403716593 1.2713324692989074 0.06666305528906233 0.8213757590405102 -0.5604724186274824 -0.08226878515649576
1645455909.725678 2.625156407623582 3.1360536370257504 1.2715367689861594 0.06736045744461125 0.8217956672149647 -0.5610675881394863 -0.07291916746317822
1645455909.7389271 2.620197953960899 3.139102774887544 1.271062042685243 0.06700931148844635 0.8200884292108056 -0.5624578674985118 -0.08127395833448
1645455909.745483 2.618547608112917 3.140271747517328 1.2707865348231333 0.06678294331335673 0.8193612285870607 -0.5635919137669544 -0.08093802678813358
1645455909.7521129 2.6169511563233483 3.141701606782167 1.270656292342586 0.06663671387159119 0.8187721818605616 -0.5645270942465005 -0.08050099096089522
1645455909.758684 2.617618694839309 3.1435679732413204 1.2708174364024147 0.06759874592092124 0.8192071350583825 -0.5650409366410949 -0.07112253751918238
1645455909.765279 2.614281565118689 3.1450405262588013 1.2705244159846425 0.06739176516357995 0.8183187564071516 -0.5652071677254734 -0.07970704660981046
1645455909.7719302 2.6147235314193327 3.146602085461581 1.270670444320448 0.06739011063622061 0.8185911223768095 -0.5660567867662017 -0.07033099896503033
1645455909.778487 2.6136512447062037 3.147059118278304 1.2697055942220175 0.0658693443818229 0.8172246531003009 -0.5686545921437285 -0.06660811662448858
1645455909.78512 2.6117946064025865 3.149997309930969 1.2707681140609532 0.06693400852317323 0.8188560311180413 -0.5658635254098415 -0.06922933132842013
1645455909.7916968 2.6083837373344427 3.151485453911487 1.2704619669313866 0.06620255591443842 0.818182503789928 -0.5658113067368067 -0.07779307909061864
1645455909.798291 2.608888177073155 3.1530889247689875 1.2706349779824184 0.066162155202665 0.8187206135481524 -0.5662059384372514 -0.06877179536682708
1645455909.8049111 2.607452562051498 3.154714426159391 1.270672009762429 0.06574235556267007 0.8189015406807941 -0.5659796576755515 -0.06888268986409084
1645455909.8115048 2.606037879528959 3.154904741481726 1.269716162377823 0.06341752692962889 0.8175376989940351 -0.5684840852787459 -0.06660150192163618
1645455909.818114 2.6043468079752032 3.1576008183145805 1.2705155411360178 0.06479505342912521 0.8189108848667048 -0.5659572698740204 -0.06984642761770243
1645455909.824692 2.602650214726772 3.1591140632413803 1.2704869369367586 0.06437516518699209 0.819167233780115 -0.5655303991688431 -0.0706812959593917
1645455909.8312871 2.5993024043055795 3.160495628556833 1.270255248987763 0.06397491358200726 0.818782542377541 -0.5648711742329967 -0.08014051537763346
1645455909.8379 2.5996963835047135 3.160873817578751 1.2696229009132076 0.06224156172963703 0.8185199507046274 -0.5668560475630734 -0.06946145736799121
1645455909.844509 2.598045329668919 3.1636184006935713 1.2704974621892446 0.06390381417836148 0.8202236158148242 -0.5638398885722343 -0.07234426520895045
1645455909.851122 2.596507566740059 3.165093546767469 1.2704955721705256 0.06400578620154225 0.820604105271054 -0.5632277161744683 -0.07270692585798147
1645455909.857688 2.5949718130518464 3.166030477759408 1.2701448908696424 0.06589955849390744 0.8198599284581256 -0.5636232781466815 -0.07625837924917535
1645455909.864301 2.5935612050622137 3.1677014978065356 1.2701256528462115 0.06448491450666799 0.8204889083938466 -0.5632092907385743 -0.07371932049687704
1645455909.8709261 2.5916198337557326 3.169409770772599 1.270367668046068 0.06368758000623767 0.8211643414654779 -0.5623947362087718 -0.07310792673971839
1645455909.877526 2.590511981170444 3.170654201097181 1.2701204747417807 0.0649545652367008 0.8209120429015434 -0.5625401933958417 -0.0737051376823342
1645455909.88411 2.588806189722707 3.171727024684795 1.2699981255612987 0.06654793889363919 0.8203893263373453 -0.5627702093636365 -0.07630212005671728
1645455909.890691 2.587397106193797 3.1734875944405276 1.2700215781859072 0.06524509260889536 0.8208837235589355 -0.562572727957721 -0.07351532992923551
1645455909.897321 2.5856748681991233 3.174478066286898 1.269645183575496 0.06502152530869973 0.8200553412367085 -0.5637734459322198 -0.0737600178376143
1645455909.917244 2.5791634711422238 3.1784632950544167 1.2692728245796658 0.06511946675606486 0.8197619678551146 -0.5631987931507023 -0.0809721149776159
1645455909.923721 2.579682039918659 3.1797603172465543 1.2693060481705694 0.06577956043178824 0.8202701359986331 -0.5636878967986956 -0.07131265013346386
1645455909.930292 2.577482869304204 3.1813680531165325 1.2698446088786868 0.06356169198451345 0.8215812560904345 -0.5619308231011662 -0.07209369792206995
1645455909.936934 2.576563255298143 3.1822964770804973 1.2689918012999233 0.06599661871110296 0.8205526920531551 -0.5634165677330849 -0.06999352405114051
1645455909.9435022 2.5726028061207926 3.183709425635746 1.269196076226446 0.06392867708584632 0.82109565959229 -0.5614945517009131 -0.08024027080355749
1645455909.9567528 2.5720589967919043 3.1860706944812422 1.2686138854805589 0.06683395566426344 0.8212336159942637 -0.5623373191506345 -0.06989202018517353
1645455909.963295 2.5705188559046923 3.187301270918361 1.26844957833645 0.06691102702633295 0.8214264383117329 -0.561972935734662 -0.07048070409923907
1645455909.969891 2.5691274866895655 3.188494664904137 1.2683132228943081 0.06711464818130293 0.8217305766141753 -0.5614430010445806 -0.07096360851290245
1645455909.976494 2.5677226826265134 3.18939603882206 1.2681622186029697 0.06858758203134536 0.8216633915873488 -0.5609929068041534 -0.07383476496931009
1645455909.9963672 2.5635097098498862 3.1932010658124987 1.2679289663732678 0.06559993834397435 0.8232895298903429 -0.559093972750506 -0.07283214630378185
1645455910.002882 2.5621198814210917 3.194371123801161 1.2678444512824216 0.06508705086590769 0.8237915546933152 -0.5583494646694236 -0.07332539187440963
1645455910.0094788 2.5612056090972097 3.1962056703678146 1.2681559574198353 0.06575629847878987 0.8251709146842313 -0.5561891329936601 -0.07363636678109867
1645455910.016073 2.5596177880260353 3.196395652087353 1.2676910500652183 0.06674003398159464 0.8245604519696411 -0.5565897166627984 -0.07650694379001027
1645455910.0293171 2.556731894546262 3.1985461325367495 1.267323260293579 0.06415837608249149 0.8251803966361175 -0.5562235395449058 -0.07467245241238375
1645455910.04251 2.5545506065671812 3.200960885118149 1.2673177290069502 0.0645562670642543 0.8259333655753036 -0.5550562167123347 -0.07469100804220508
1645455910.049093 2.5537334353197605 3.2021309121919694 1.2675755660671983 0.06733629303190858 0.8269258433304619 -0.5530541860747387 -0.07609297339347501
1645455910.06228 2.5516074773249153 3.2032001325804504 1.2680362694688365 0.06241057843889144 0.8284221435379404 -0.5515608550686314 -0.0748457526689849
1645455910.0689018 2.5507620265904647 3.203326677258561 1.2668552853054122 0.06429981191030643 0.8263093600828846 -0.5546357380570897 -0.07387257466768349
1645455910.0821671 2.5480584973712936 3.2065429861033876 1.266867333751134 0.06536275306426782 0.8268051758478948 -0.5538296317884148 -0.07343873991018762
1645455910.088671 2.5451270396119923 3.2072012630885522 1.266621514942414 0.06492616867517985 0.8261464619839594 -0.5536197784554187 -0.08228826568059014
1645455910.1085382 2.5451594534980035 3.2070804053052195 1.2664737816283331 0.06527581969130172 0.8255959270410089 -0.5551899074949688 -0.07677359193834472
1645455910.115081 2.5422004984393634 3.2094396718844473 1.2677733126789714 0.060946562267726836 0.8285191822053951 -0.5503601283342135 -0.08333546798984695
1645455910.121726 2.542188180864199 3.2118107650523666 1.267659473032881 0.06397241566861829 0.8283404181938889 -0.5515675361596472 -0.07438099660191648
1645455910.1349251 2.5405078364802347 3.2133358357947053 1.2678009391342837 0.06372728544488632 0.8281303930648106 -0.551788038531792 -0.07528899353352705
1645455910.141472 2.5377642764126236 3.213869371266189 1.2676404928178293 0.0631819928656772 0.8272380588430607 -0.5518323940596251 -0.08465126975340839
1645455910.1480808 2.5386736430418884 3.21510674732516 1.2676465838204347 0.06599504490706215 0.8280657619323196 -0.5506461086524626 -0.08209872174865686
1645455910.154666 2.536370326367607 3.2146415524497973 1.2682085825432972 0.06166634157440203 0.8272945803803362 -0.5520162168002459 -0.08401562682706515
1645455910.161278 2.5360978611753127 3.2158475588594815 1.2684509231263854 0.06120825954148198 0.8276916673941631 -0.5519382143653587 -0.08089402782648783
1645455910.1679099 2.535529142065443 3.2169226513451212 1.2686148244643045 0.060111676266486995 0.8283182038138232 -0.5515203168190751 -0.07810549168370401
1645455910.174526 2.532934413355879 3.217272733465847 1.2682208328523865 0.05953940457464677 0.8272880527578865 -0.5518754020535025 -0.08650244487050986
1645455910.187674 2.532635010344955 3.2172020797178407 1.2672705999882399 0.062085391915226655 0.8258056311234991 -0.5540162484697311 -0.08518249587515273
1645455910.20091 2.531605767562396 3.218532365864314 1.2680943304967334 0.05987944084171409 0.8272241306866266 -0.5521342799873936 -0.08521750009771534
1645455910.2075331 2.530280267067889 3.2203817045256136 1.2679765937883571 0.06147856882390848 0.8273589375937861 -0.5520493779961495 -0.08329858064280388
1645455910.220715 2.529792900410846 3.2209045938304346 1.267039397198518 0.06458944274945219 0.8260575089510309 -0.5538128077128635 -0.08214724030456323
1645455910.233938 2.52996191950874 3.2226922822438326 1.2678797815325227 0.06152281418820697 0.8275242067053123 -0.5528790902652572 -0.07578221664432568
1645455910.2470698 2.5299545532940266 3.223483270163241 1.268023801424465 0.06227818580853321 0.8280354047625511 -0.5521098536594602 -0.07518705255251337
1645455910.253731 2.5298438896807 3.2242395504144814 1.2672308164060515 0.0640793377907155 0.8265772326747143 -0.5541815872464202 -0.07447329542734085
1645455910.266881 2.5295830590333854 3.2247876868748206 1.267196143873693 0.06382608960175683 0.8265361664775236 -0.554249874663001 -0.07463824000574369
1645455910.2735412 2.528438346002941 3.225276982928069 1.2678238628921525 0.06056551263678033 0.8277430385788971 -0.5526284558716763 -0.07599124590700178
1645455910.280103 2.52614023139538 3.22622226781979 1.2674302074321135 0.06023715673340332 0.8267701216906405 -0.5527384663429906 -0.08545424167024819
1645455910.286755 2.5260653752647966 3.2272708308132465 1.2675863909631113 0.06048962284649488 0.8270621356320307 -0.5523601533045602 -0.08489450723855468
1645455910.293273 2.5259122870011295 3.227716096812841 1.2674767092258978 0.06067404650068966 0.8267710653363569 -0.5527728441938028 -0.08491198016563145
1645455910.2998688 2.527758433379153 3.2285370014679002 1.2678369061904335 0.061519140641811125 0.8277656443295333 -0.5524855229003479 -0.0760182732324633
1645455910.319712 2.5277776432113512 3.229121695652871 1.2678528132401887 0.06192562181922362 0.827854371108669 -0.5523571810949048 -0.07565382680028487
1645455910.333036 2.527634169778944 3.229742061152952 1.2676479576143485 0.06218029356431915 0.8275852834283931 -0.552791571968501 -0.07521488011231153
1645455910.339499 2.5287504235105036 3.2306025662636237 1.267218231557886 0.06576118567509472 0.8269558916952569 -0.5535899671172279 -0.07319266911796679
1645455910.346221 2.5277505816402535 3.2285958103548977 1.2649795830966484 0.06176345657731348 0.8223930131390361 -0.5610689161367617 -0.07110747436357022
1645455910.3527172 2.527846568737689 3.2290767809337106 1.265016887668397 0.06198812367415942 0.8223598962250455 -0.5610994469258225 -0.07105401644421007
1645455910.359307 2.5282269216258966 3.2299435640415766 1.265431007047831 0.06261297667675852 0.8230415677661659 -0.560034238607422 -0.07101711211801083
1645455910.365928 2.5284148713979806 3.2303574510822988 1.2654004634143141 0.06297265527297136 0.8229474508406672 -0.5601483153772229 -0.07088999148281266
1645455910.372542 2.528540878926421 3.2307811508937294 1.265439275049588 0.06305828776621626 0.8229493848775784 -0.5601401092982777 -0.0708562252584451
1645455910.3790998 2.528820668862107 3.2314166557319335 1.265696800379813 0.06337169373250463 0.8235826621407543 -0.5592281340991495 -0.07042092273919091
1645455910.385741 2.5290934144867045 3.2330291842532155 1.267057627709955 0.06255260404238662 0.8262462851741607 -0.5553238809119826 -0.07084655683668356
1645455910.392364 2.529474987677405 3.2340209271693063 1.2669888857817004 0.06634939355754667 0.8256317605243033 -0.5555428263131731 -0.07281282189857326
1645455910.3989 2.5292059425115077 3.23361738157395 1.2666159996008464 0.06532795940860016 0.8248359848402816 -0.5567981332606936 -0.07316614660303698
1645455910.40558 2.5294071444300634 3.2339022329238634 1.2666192399636054 0.06516772089543937 0.8248502181847913 -0.5567879546266629 -0.07322602304367223
1645455910.412117 2.5296406065723724 3.234202641366151 1.2666580221642059 0.06504389051017172 0.8249195921217495 -0.5566829402765751 -0.07335291739757817
1645455910.4253938 2.5301034884291105 3.2343532551143204 1.2664910181872318 0.06634451970309599 0.8240716561591618 -0.5573378650145581 -0.07667081251736958
1645455910.4319098 2.5303936913745497 3.234673769403992 1.266582966900541 0.06621797672178784 0.824191200655501 -0.5571207666467701 -0.07707197786315795
1645455910.438518 2.5304755705407427 3.236230275798583 1.268101903612118 0.06259973679229223 0.8276092607276511 -0.5526449457990239 -0.07567915128969478
1645455910.4451149 2.5312718618031727 3.2355208821635073 1.267009767649107 0.06656652190744834 0.8250539913485209 -0.555711560229242 -0.07771145183214093
1645455910.451714 2.5314911893553695 3.2358891136761 1.2669815488844685 0.0643001721842326 0.8251449502053574 -0.5561372105146474 -0.07557972123676018
1645455910.458359 2.5320031850735667 3.2359745534908906 1.2671344273936278 0.06632698117931939 0.825145557593082 -0.5555484228500012 -0.07810940421482397
1645455910.464952 2.5323771395897685 3.236211491276942 1.2672101253306118 0.06612082663865027 0.825161091891746 -0.5555269751606147 -0.07827251190070458
1645455910.471503 2.5331443617957015 3.237062109895314 1.2675975700944035 0.06674477531041292 0.8257712561619263 -0.5545316417176 -0.07836596193387191
1645455910.478103 2.533541432796876 3.237639564996183 1.2677654885430694 0.06482229635697208 0.8262516957757919 -0.5543835409695136 -0.07592551311394806
1645455910.4847429 2.5338783382514007 3.2377009143930846 1.2676485382802742 0.06471496670541728 0.82566167120474 -0.5552022795370527 -0.076451308722119
1645455910.491338 2.534520638515183 3.2380857186948053 1.2678187694879701 0.06541982685336428 0.8259740730239518 -0.5546766247462547 -0.07629224666506942
1645455910.4978938 2.5338685755224235 3.2380795174584227 1.2683543474263035 0.06203935256447888 0.8266016083177916 -0.5538730388374684 -0.07813545575956397
1645455910.504492 2.534821671790878 3.237810829060243 1.267593522709647 0.0645190374120426 0.8250351791618581 -0.5561300694884004 -0.0766367277157737
1645455910.517771 2.536118427708614 3.238915876135073 1.2679948982238465 0.06562769243526109 0.8255666552607529 -0.5552354158766918 -0.07645871665064519
1645455910.524321 2.534084434210054 3.23831909156286 1.2673916039076585 0.06436422098222097 0.8239992036533969 -0.5563676444701596 -0.08565746484647849
1645455910.5309 2.5344795479847733 3.2385619131148733 1.267250307617314 0.06420664782203236 0.823065902158804 -0.557637526373972 -0.08648707735998848
1645455910.537516 2.5370865143695895 3.239031263711094 1.2676058827027585 0.06535324251093795 0.8238919676041099 -0.5575227437072152 -0.07809587209287339
1645455910.544109 2.5376381402243195 3.2384095967224082 1.267151907728762 0.06387863319170527 0.8232979297952178 -0.5588223147763556 -0.07627087179714771
1645455910.550726 2.5380040876812178 3.239554486567161 1.2677134522877422 0.06594485266409977 0.823918343114573 -0.5573154498748787 -0.07879667927740251
1645455910.5572941 2.538398794572198 3.239406768891545 1.2675992101923763 0.0676593389115016 0.8231177763564679 -0.5578689450775278 -0.08173842919627003
1645455910.563895 2.5368627343700276 3.2397968272496938 1.2673881962999372 0.06574266979666214 0.822580253455323 -0.5578263917365816 -0.08870700275610081
1645455910.5705018 2.5373353865732002 3.239985373579112 1.2673711847112163 0.06632212259552207 0.8225305813120648 -0.5576262424277787 -0.08998549906000342
1645455910.583745 2.5403258393393724 3.240662729482258 1.2677890248430468 0.06848007216171421 0.8229324324625509 -0.5579175824257862 -0.08258478983463773
1645455910.590295 2.540748240401785 3.2408636201275285 1.2677084798693925 0.06892052702640084 0.8224965728757333 -0.5583890126289502 -0.0833706283841564
1645455910.5969012 2.5408283510482876 3.2406546739364814 1.267292377610806 0.0678544126252883 0.8214105254325746 -0.5600712853099303 -0.08366767539464821
1645455910.603533 2.5417475674678895 3.241470542351318 1.2674398897211323 0.06932356592321151 0.8216119411035174 -0.5595783757668611 -0.08378364084971274
1645455910.610086 2.5422565716179855 3.241703932088955 1.2673738808356763 0.07037158178736211 0.8213998556849462 -0.5596390346876655 -0.08458047732113444
1645455910.616729 2.5422899031957575 3.2417349920579364 1.2671765228884646 0.06975825065326442 0.8205094700036819 -0.5608021170178519 -0.08601496393040493
1645455910.623287 2.5432836580526557 3.242243467264218 1.2671229630167102 0.07187673464823593 0.8207146884894377 -0.5603210966057098 -0.08544582178304073
1645455910.629916 2.543804524463396 3.2425366636001383 1.266987657218092 0.07257949523738341 0.8204774309402307 -0.5605399654304996 -0.0856944240215157
1645455910.636495 2.541442936062122 3.2424855615024715 1.266734595301618 0.06973906731968897 0.8193467537246917 -0.5607862307640616 -0.09656999440371011
1645455910.6431308 2.541984588792432 3.242727135315056 1.2665165629488506 0.07039222605996534 0.8190750634580707 -0.5610370628482294 -0.09694316981051268
1645455910.6562939 2.542569174448785 3.2429608430729746 1.266301528925061 0.07108209184468603 0.8188169529260435 -0.5612564351976368 -0.09734955741044138
1645455910.669489 2.5431105463945705 3.243197829796351 1.2660855691971717 0.07142236521331857 0.8186783762492973 -0.5613029175250386 -0.09799589853735635
1645455910.6761222 2.5450592038674316 3.24389612100671 1.2654431438623315 0.07527727425206499 0.8179943566354712 -0.5618064988418517 -0.09793682282153772
1645455910.689279 2.546451692579393 3.2432118586501835 1.265092989891952 0.07564067523662858 0.8168748556444777 -0.5639360518752038 -0.09470836465494174
1645455910.695949 2.5490687864824295 3.243975625178146 1.2641686769524556 0.07687103803751767 0.8161038336333901 -0.5650595302461521 -0.09366264117300531
1645455910.702475 2.550010607843089 3.243977970514327 1.2638660322359794 0.07880488944608623 0.8154454154879242 -0.5655304402952198 -0.09493935522926014
1645455910.7288692 2.5510252552963344 3.2447224160713954 1.263839574144441 0.08161288710378842 0.8162646842981195 -0.5636576295248786 -0.09664873881709528
1645455910.7355251 2.5511029862813768 3.246345413311697 1.2637972073389694 0.08104784526213366 0.8156145447631233 -0.5634993822343192 -0.10330631884366429
1645455910.7421398 2.5523074309980545 3.247079522541379 1.2632892634745245 0.08264152416072099 0.8151532854609779 -0.5637904516621912 -0.10409328829388027
1645455910.748676 2.553647458639687 3.2462863613351076 1.262019115304609 0.08479592862685982 0.813256287561623 -0.5662875755873891 -0.1036428337053212
1645455910.7552671 2.5542951202505972 3.2478372927854458 1.2626901512964124 0.08529252453218489 0.8153508409530019 -0.5630946502812897 -0.10417386125382498
1645455910.7618759 2.5544012490840124 3.2492924039452644 1.2629527076000362 0.08356889267213875 0.8165194916494471 -0.5621768202578378 -0.10133595960144076
1645455910.768501 2.5562924719022613 3.2487703237160668 1.2618212172315761 0.08608424253228847 0.8148416501026718 -0.5648981114989133 -0.09753103258337263
1645455910.775075 2.5566809547610565 3.248351775907997 1.2610568078778193 0.08726444996423738 0.8127988204640748 -0.5672260949396775 -0.09998569736948404
1645455910.7817101 2.557340169215927 3.2497035573650503 1.2613612792363769 0.08683547088067818 0.8142184736909271 -0.5654938043390545 -0.09861152493448415
1645455910.7883022 2.5578625018194283 3.2503503170875963 1.2616288091891867 0.0912730190646684 0.8139763159994559 -0.5639868408220138 -0.10502487500284417
1645455910.794881 2.558014242733607 3.2516195867450928 1.2618371050364996 0.08786571143900636 0.8147024963534357 -0.5638666905755739 -0.10292429877858951
1645455910.8014789 2.5587204753627435 3.252079410525731 1.261598544315096 0.08838592890750518 0.8142811897651786 -0.56420926670203 -0.10393061486126133
1645455910.8080971 2.5596973827196603 3.251651536843729 1.2610564446925159 0.09163416136819397 0.8124289495955428 -0.5655831730298101 -0.1080631503977703
1645455910.814677 2.5606278766432107 3.252141304629315 1.2608151721667173 0.09288311228213454 0.812385679509949 -0.5651621490412171 -0.10951520748239033
1645455910.8212721 2.561680512885705 3.2532530606224888 1.2606401808222414 0.09196921686358579 0.8130414841215167 -0.5651609538374563 -0.10534657597797513
1645455910.827884 2.56272698243927 3.2517150235636465 1.2595924851877238 0.09792218179425782 0.8092523942028748 -0.5683226980273437 -0.11194066055990441
1645455910.834487 2.5646296814032743 3.2518010858288875 1.259159115873724 0.09534735308058347 0.8100000324128037 -0.5689764526620744 -0.10523412365687469
1645455910.847775 2.5655815231710886 3.2543594065324646 1.259221021539784 0.0944855569249441 0.8119620949883984 -0.5662559272384079 -0.1055644548403437
1645455910.854301 2.5663696297029213 3.253574397474311 1.2585274892980978 0.1024767042686901 0.8084140960233931 -0.5681928598465188 -0.1145497424010269
1645455910.867577 2.5685021215355666 3.2548616942984907 1.257757969745207 0.10181466766222029 0.8086924779316754 -0.568107726022023 -0.11359338563676766
1645455910.88077 2.570801962251051 3.256282241610356 1.25750717285413 0.10540650683528147 0.809022202120911 -0.5670137576380296 -0.11343515815309536
1645455910.887288 2.5710394053442744 3.2569607342322855 1.2574933039670968 0.10432359993698778 0.8090308644104367 -0.5667887925839961 -0.1154802843399372
1645455910.893884 2.5722454178806857 3.259158190628303 1.257962807192695 0.10452614709663571 0.8112117584416021 -0.5632371197188756 -0.11735971671217633
1645455910.900478 2.575079523034947 3.259617525197699 1.2582857764396216 0.10659153002978802 0.8105886660340705 -0.5649498512049526 -0.11142494263957607
1645455910.907084 2.5742378954091674 3.2579031641049023 1.2566529726478892 0.10777919312435037 0.8071014510319965 -0.5688170051327722 -0.1158347935901785
1645455910.9136882 2.5753652336854302 3.258285290640372 1.256324296306494 0.10881405716072436 0.8066748273558615 -0.5691680931018499 -0.1161141298093789
1645455910.9202921 2.5768602359313055 3.259263784243553 1.256006274255221 0.10804768357471066 0.8074610426041757 -0.5685014489172852 -0.11462134699529168
1645455910.9269052 2.5779645515065104 3.259653668085605 1.2556741291891276 0.10840133985817357 0.8068027478432974 -0.56937127197678 -0.11460552200250872
1645455910.9334881 2.5797037992060035 3.2600921593009304 1.2551524122606665 0.11201648297327381 0.8065202123350635 -0.569201332420077 -0.11396003765442228
1645455910.9400861 2.580205067185314 3.260494365991678 1.2550224104269092 0.11067146005007103 0.8064767918758186 -0.5691868370414687 -0.11564144986902782
1645455910.946687 2.582699402777863 3.261525892624866 1.2551853719868575 0.1129291383370138 0.8070030135428258 -0.5677941038195761 -0.11663013409021142
1645455910.95328 2.5806853898653572 3.262615488515075 1.2547062505070972 0.1077460103205069 0.8072808292356591 -0.5681944493748053 -0.11765680288652566
1645455910.959888 2.5836680629685254 3.261646528235574 1.2539198625424386 0.11255535285290603 0.805907557802893 -0.5695053019259757 -0.11622219505405429
1645455910.973106 2.5824944514291386 3.2631905702484363 1.2537756454914977 0.10906849006356885 0.8067185218449562 -0.5683052177010337 -0.11974161862464341
1645455910.979777 2.5879704786099014 3.2628582738375065 1.2526277654820315 0.11714703673407324 0.8056663916364855 -0.5692926224192736 -0.11438421490774277
1645455910.9928901 2.589469839760557 3.2639074429838844 1.2531368077346794 0.11707827197661112 0.8066889304869365 -0.5672256292250468 -0.11747482834158904
1645455910.999495 2.59013944143811 3.263573862469749 1.25186260174404 0.11852300103641865 0.8057860000485834 -0.5687550217440754 -0.11479785183273018
1645455911.006119 2.5911449634236217 3.263823704224958 1.2514435884497206 0.11905322380252033 0.8057412768042789 -0.5686417519479361 -0.11512371798392727
1645455911.012703 2.59239851583954 3.2643189622937 1.2511093903733908 0.1199936537248356 0.8061563212167251 -0.5678732406176787 -0.11503514138201155
1645455911.019286 2.5935295227538635 3.2646102061123035 1.2506008395067296 0.12078095789611748 0.8060275234930097 -0.5677726741751197 -0.1156086886983197
1645455911.025899 2.592574689358389 3.26654838238429 1.2508622292740716 0.11752131380306925 0.8081596400048673 -0.5648908753880575 -0.11817201611190903
1645455911.032485 2.5956319839456525 3.2676414754610548 1.2511499506706258 0.12022309238799042 0.8094619903168787 -0.5627620183490499 -0.11668844988853773
1645455911.039125 2.5968515013521936 3.267987159788301 1.2507778355935946 0.12093543869968892 0.8096193715092769 -0.5623037663415131 -0.11706907427683484
1645455911.045683 2.596522904073932 3.2670597662863288 1.2492477154721855 0.11793594284638986 0.8063485177443385 -0.566749428956349 -0.1211934433511326
1645455911.052285 2.5988579979666997 3.2662367323373616 1.2487603659318147 0.12249569230594781 0.8065321450454532 -0.5661465688774971 -0.11823012113387225
1645455911.058881 2.599887617515919 3.266514643689135 1.2483878545361673 0.12265102602599093 0.8064915478177213 -0.5660462991685554 -0.11882461741276489
1645455911.065481 2.6024114593830574 3.267202411434131 1.2489013473178667 0.1257827974122432 0.8070653091115535 -0.5644876728938735 -0.11906946618697169
1645455911.072103 2.6017922774665667 3.269198954645422 1.2487051053045723 0.12150376112496088 0.808740038466603 -0.5625224390022202 -0.1214268513725958
1645455911.078728 2.6030188373022383 3.267424298406703 1.2473768316696143 0.12320267091953918 0.8062188980411741 -0.5658456867712565 -0.12103900136695137
1645455911.085338 2.601968757382888 3.2691393488993374 1.247448414206332 0.11964369516037542 0.8073782461471868 -0.564269600502918 -0.12419810749455813
1645455911.0918882 2.6059275827527224 3.2683983369064493 1.2470311135877399 0.12496987464532544 0.8057641031047043 -0.5653042314777773 -0.12472951812721648
1645455911.09855 2.607210660722347 3.2689258935044374 1.2468755922390706 0.12586980138546394 0.8062026757092592 -0.5644744897395773 -0.12474845847232095
1645455911.105105 2.607490854716184 3.2687835157074443 1.246124601694806 0.12552376519328992 0.8059015917136276 -0.5654200478352289 -0.12274432976206677
1645455911.1117241 2.608376121622388 3.2688983582890763 1.2455733276448133 0.12588028754179398 0.8051544014422369 -0.5663239570973457 -0.12311500845195471
1645455911.1183171 2.6072955362317964 3.2706720094230435 1.2456454814632498 0.12279894722393103 0.8063807382222274 -0.5647148831222104 -0.12556754709690413
1645455911.124919 2.6105299421889216 3.2694225250531743 1.2448144340975085 0.12761653852320134 0.8045819842461309 -0.5666897410054751 -0.1233862995835726
1645455911.1314769 2.6095076793600103 3.271329550841766 1.2448941056743252 0.12461515232696355 0.8059238960287815 -0.5649256610610582 -0.1257629641944761
1645455911.138106 2.6106775796575334 3.2716072253948285 1.2444811863105614 0.12572838167369146 0.8055286832535321 -0.5651802725836054 -0.12604272212940956
1645455911.144695 2.6140134355569846 3.270560200894763 1.2437944344409924 0.13065882063878023 0.804068911227664 -0.5665934664582515 -0.12398745649235786
1645455911.15131 2.6150515812862323 3.2708076793830623 1.2433748591373204 0.1313907248052459 0.8036008427923748 -0.5670308982312633 -0.12424858620039646
1645455911.15788 2.6161753966757386 3.2711073959698225 1.2429388663836924 0.13235664721345272 0.80318022998182 -0.5673203618229655 -0.12462118482985887
1645455911.164504 2.614832891743521 3.2728478586588152 1.242896099978051 0.12856376376120188 0.8041138427480072 -0.566283113849331 -0.12726078995025936
1645455911.171106 2.617875733711743 3.271268346599294 1.2417023018650952 0.13321932855772103 0.8012982990118437 -0.5694514064149895 -0.12608857451043626
1645455911.177706 2.61908693323246 3.271672520614638 1.2412969816238628 0.13425692799957134 0.8010763816633665 -0.5694493975365562 -0.12640684564508792
1645455911.1843011 2.6197678770823645 3.2722246420353898 1.241064100666498 0.1356632522652334 0.8015922018670113 -0.567968038786492 -0.12828608874635913
1645455911.190908 2.6189522651281694 3.2738560721801573 1.2409376547658661 0.1313873811638997 0.8023138922750704 -0.5677555289282948 -0.12916280662787352
1645455911.197479 2.619528992013415 3.273525723237358 1.2399042075503648 0.1313102712073645 0.8005568478035158 -0.5700417908711437 -0.13007036627138543
1645455911.204074 2.620629870883668 3.2743206444708726 1.2399611625792792 0.13343347644899814 0.8021571626276338 -0.567032255051986 -0.13119990483536823
1645455911.21069 2.6218309792696184 3.2744500677275523 1.2392967385881002 0.13351517096362286 0.8015963177359691 -0.5679919773452864 -0.13039076515447082
1645455911.2172768 2.6227709582269134 3.274645153375882 1.2386866927314837 0.134282977420862 0.801358953076376 -0.5680918743751483 -0.1306259075054328
1645455911.223891 2.6234865848554136 3.27492446540185 1.2381981801826356 0.13552547146440339 0.8015696971833676 -0.5672765499359554 -0.13158944310999554
1645455911.237191 2.624326247532313 3.2750384832132853 1.237540730782439 0.13618537743708142 0.8013073236666046 -0.5674411077870156 -0.13179644994502798
1645455911.243674 2.6279821892049564 3.2733695203747124 1.2362419477443853 0.14068710387472858 0.7989504968628954 -0.570512858713655 -0.12806211973742018
1645455911.250411 2.6259853972854263 3.274809600529473 1.2358218723189922 0.13585640281972858 0.7998082454521738 -0.5700397715076397 -0.13001564229059684
1645455911.256932 2.628210788265434 3.2752554707037747 1.2347357767627183 0.13904629971031665 0.8004518868485245 -0.5679464040532249 -0.13183084776325543
1645455911.2635179 2.628950818836503 3.2751848569257502 1.233841626145003 0.1393977142353088 0.8000339411931836 -0.5683957023991411 -0.13206017081444352
1645455911.270095 2.6296014429122567 3.2754450352873636 1.2332822395872765 0.1395105379484232 0.8005660935341098 -0.5675611240044294 -0.1323053161858975
1645455911.276681 2.6305807846051423 3.275403552239213 1.2326539348248058 0.14021488707624932 0.8006895872671325 -0.5672839327540896 -0.13200191591283494
1645455911.2833002 2.6315031939868954 3.2753238419071584 1.2319112459657338 0.14083099610421862 0.8007392593116962 -0.5671217806677994 -0.13174120338552656
1645455911.2898948 2.6324599803592696 3.2751760495929054 1.2311372508872294 0.1415072186875398 0.8008185816353063 -0.5669161859678131 -0.1314189576214908
1645455911.303091 2.6336432707493054 3.274889810485111 1.2302200056018722 0.14144643498757975 0.8004246619842122 -0.5677796720037916 -0.13015028099629072
1645455911.3230422 2.6376867350060866 3.2748405004377976 1.2282879405189742 0.14456179330244276 0.8011552660996144 -0.5659887837505986 -0.1300324057329128
1645455911.3294961 2.6381484143313143 3.2739694848486423 1.2275867133400158 0.14277421027932954 0.8023665112917698 -0.5661447838929241 -0.12370606491160738
1645455911.336202 2.638016336903968 3.2734669339157345 1.225598475064216 0.14316539279816046 0.8015354401566519 -0.5653627193820725 -0.13194393826454937
1645455911.342731 2.6387140956411232 3.2731572864050755 1.224829518097929 0.14304647609908894 0.8016034878070081 -0.5652934178514895 -0.13195642523110795
1645455911.355984 2.640169627733468 3.2722753161638933 1.2230579653188534 0.14199003730366658 0.8008127053797257 -0.5667935762260599 -0.13146285249501474
1645455911.3625212 2.6397812877819584 3.2718343046368994 1.2222627582653742 0.14144624575768264 0.8011751325062116 -0.5660602721899214 -0.13299147443396064
1645455911.369185 2.6404465532924966 3.2714686894684752 1.2214890063635142 0.1414579802505775 0.801182698465755 -0.5659949365304973 -0.13321130175316037
1645455911.3756878 2.6412467819859393 3.270991050016914 1.2205633718990883 0.14187667499708131 0.8008779673863845 -0.5663025076219363 -0.13329120942682784
1645455911.395595 2.6426069757242634 3.2702606416569155 1.2191402562025468 0.14268742067039483 0.8007342020312577 -0.5659444440805023 -0.13480174108623638
1645455911.402101 2.6433452549256273 3.269946049544584 1.2185494280590918 0.14303477284349045 0.8011981793996912 -0.5652460807604138 -0.13460683537943766
1645455911.4087958 2.645123943008506 3.2697291720111443 1.217698518736086 0.1420696621255786 0.8027419369419526 -0.5647299629056308 -0.12845720004676883
1645455911.4153368 2.6457284429223753 3.2691426649880326 1.2169346221114339 0.1405797755927913 0.8024047725864478 -0.566048646982863 -0.12638211105758992
1645455911.421889 2.6452655187979004 3.2676219544095924 1.215386569056434 0.142146853775965 0.8002376318457808 -0.5668408984461935 -0.13455480928617874
1645455911.428498 2.6459416367211044 3.2665010328500172 1.2145979329515855 0.14376992935379743 0.8001755972589898 -0.5662883182712508 -0.1355225480284313
1645455911.435135 2.6459022918316237 3.2664266289015536 1.2137801114229148 0.14335499282968056 0.7999227622018205 -0.5665662171532876 -0.13629100235445735
1645455911.441705 2.6461980162527254 3.265570654812314 1.2129187154896948 0.1430237518603714 0.7992830502184234 -0.5674181189953431 -0.13684690837272964
1645455911.4482958 2.6462723853723977 3.2650894989054864 1.2123637652143469 0.14214739187649272 0.7993301745093474 -0.5674085102602174 -0.1375229444286025
1645455911.468142 2.646394129982402 3.2643127289745344 1.2115191380974282 0.1415335735965564 0.798845822263281 -0.5680756019639728 -0.13821469900745992
